date,service,environment,request_count,active_users,checkout_conversion_pct,p95_latency_ms,p99_latency_ms,error_rate_pct,uptime_pct,cpu_pct,memory_pct,saturation_pct,deploy_count,incident_count,slo_burn_rate,notes
2018-06-01,checkout-api,prod,337136,13146,79.24,402,772,0.13,99.174,52.39,64.14,28.98,4,0,1.22,watch latency
2018-06-01,cart-service,prod,338482,11319,79.41,471,1005,0.179,99.164,64.51,70.81,63.29,3,0,1.49,cache warmup
2018-06-01,payment-orchestrator,prod,362512,13695,80.9,423,948,0.201,99.16,44.76,54.72,63.45,0,0,1.44,campaign traffic
2018-06-01,order-ledger,prod,164512,7475,80.64,424,806,0.376,98.675,48.15,49.08,37.74,5,1,1.88,cache warmup
2018-06-01,inventory-reservation,prod,186524,7991,80.45,406,882,0.185,99.163,65.84,55.04,51.99,4,0,1.36,cache warmup
2018-06-01,pricing-engine,prod,194321,7647,81.68,422,900,0.231,99.154,66.88,67.45,30.92,2,0,1.52,database pressure
2018-06-01,tax-service,prod,187124,8003,80.12,395,897,0.687,99.063,41.26,50.18,49.9,7,0,2.6,incident review
2018-06-01,loyalty-service,prod,178095,6163,79.39,464,1016,0.195,99.161,66.84,55.01,30.1,6,0,1.52,incident review
2018-06-01,notification-service,prod,200515,6454,80.25,406,751,0.448,99.11,64.15,49.18,31.25,0,0,2.02,campaign traffic
2018-06-01,auth-gateway,prod,174374,5253,78.99,409,900,0.202,99.16,58.86,51.05,43.18,0,0,1.41,normal baseline
2018-06-01,analytics-pipeline,prod,165942,6973,78.97,584,1077,0.056,99.189,54.82,71.26,34.45,7,0,1.44,incident review
2018-06-01,search-recommendations,prod,196822,7523,79.04,480,964,0.475,99.105,46.68,59.63,64.52,7,0,2.25,normal baseline
2018-06-08,checkout-api,prod,325162,12582,79.0,462,1002,0.456,99.109,68.86,69.82,27.15,7,0,2.17,watch latency
2018-06-08,cart-service,prod,296245,9638,78.7,463,994,0.02,99.196,67.86,53.08,53.54,5,0,1.08,database pressure
2018-06-08,payment-orchestrator,prod,299588,9323,81.49,432,924,0.02,99.196,67.41,54.27,43.69,6,0,1.01,release week
2018-06-08,order-ledger,prod,189334,7993,81.88,414,905,0.184,99.163,41.86,50.0,31.83,3,0,1.38,database pressure
2018-06-08,inventory-reservation,prod,201274,7742,79.61,412,789,0.099,99.18,49.55,70.14,30.17,5,0,1.16,release week
2018-06-08,pricing-engine,prod,201358,8395,80.13,479,1025,0.407,99.119,64.63,56.31,56.48,7,0,2.08,campaign traffic
2018-06-08,tax-service,prod,167357,7651,79.96,473,1015,0.47,99.106,64.25,47.52,43.54,1,0,2.23,cache warmup
2018-06-08,loyalty-service,prod,189011,7021,79.14,435,893,0.362,99.128,49.25,53.45,64.43,2,0,1.87,campaign traffic
2018-06-08,notification-service,prod,201756,6604,79.65,413,908,0.028,99.194,50.82,61.74,46.94,5,0,0.99,cache warmup
2018-06-08,auth-gateway,prod,185601,8397,80.03,471,869,0.543,99.091,51.49,57.03,50.25,1,0,2.4,watch latency
2018-06-08,analytics-pipeline,prod,177594,5934,80.36,540,1076,0.611,99.078,59.83,62.66,37.29,1,0,2.73,campaign traffic
2018-06-08,search-recommendations,prod,164217,5918,79.44,542,1170,0.342,99.132,55.8,71.93,30.28,1,0,2.06,incident review
2018-06-15,checkout-api,prod,300927,10121,79.73,467,911,0.425,99.115,50.57,57.16,51.19,6,0,2.1,cache warmup
2018-06-15,cart-service,prod,307965,11883,80.26,419,788,0.165,99.167,48.65,61.27,56.95,3,0,1.34,database pressure
2018-06-15,payment-orchestrator,prod,306181,12650,81.66,456,990,0.371,99.126,62.91,47.29,49.83,4,0,1.94,watch latency
2018-06-15,order-ledger,prod,173712,7874,80.34,461,891,0.126,99.175,54.69,53.02,52.45,3,0,1.34,database pressure
2018-06-15,inventory-reservation,prod,200530,6373,80.63,403,901,0.174,99.165,68.03,54.65,54.03,0,0,1.33,watch latency
2018-06-15,pricing-engine,prod,164750,6851,80.53,415,879,0.452,99.11,57.41,64.83,39.04,0,0,2.05,release week
2018-06-15,tax-service,prod,185915,6185,79.76,446,1002,0.387,99.123,53.22,50.85,40.37,3,0,1.96,incident review
2018-06-15,loyalty-service,prod,178355,5536,81.32,442,837,0.386,98.673,57.43,68.21,41.71,5,1,1.95,watch latency
2018-06-15,notification-service,prod,185797,6829,79.9,432,939,0.428,99.114,65.06,57.84,47.83,6,0,2.03,database pressure
2018-06-15,auth-gateway,prod,182575,6277,80.95,385,810,0.353,99.129,55.94,63.48,40.7,4,0,1.74,database pressure
2018-06-15,analytics-pipeline,prod,179854,6686,78.96,545,1086,0.183,99.163,39.83,46.71,51.33,4,0,1.67,database pressure
2018-06-15,search-recommendations,prod,167968,6157,81.6,581,1116,0.237,99.153,54.17,66.61,57.78,4,0,1.88,database pressure
2018-06-22,checkout-api,prod,294537,11150,80.07,457,937,0.305,99.139,64.21,61.79,64.36,5,0,1.78,database pressure
2018-06-22,cart-service,prod,319008,12346,81.58,405,903,0.332,99.134,38.83,51.34,43.04,1,0,1.73,release week
2018-06-22,payment-orchestrator,prod,358833,12909,81.55,399,899,0.189,99.162,57.71,59.82,63.46,3,0,1.36,incident review
2018-06-22,order-ledger,prod,187416,5952,80.88,438,901,0.258,99.148,45.79,59.13,63.17,4,0,1.62,normal baseline
2018-06-22,inventory-reservation,prod,185899,5423,81.14,425,839,0.278,99.144,63.97,47.31,41.51,7,0,1.64,watch latency
2018-06-22,pricing-engine,prod,172927,6226,78.75,404,812,0.358,99.128,51.35,67.34,59.66,6,0,1.79,database pressure
2018-06-22,tax-service,prod,183291,7777,79.14,448,946,0.062,99.188,48.58,46.37,27.71,6,0,1.15,database pressure
2018-06-22,loyalty-service,prod,163184,5956,79.64,449,889,0.33,99.134,46.54,58.17,64.83,2,0,1.82,incident review
2018-06-22,notification-service,prod,192969,8323,80.42,406,902,0.399,99.12,63.04,52.31,56.37,6,0,1.9,campaign traffic
2018-06-22,auth-gateway,prod,162785,6805,79.1,479,907,0.47,99.106,55.31,52.99,59.3,4,0,2.24,campaign traffic
2018-06-22,analytics-pipeline,prod,176165,6401,79.39,444,872,0.178,99.164,45.11,70.19,55.33,1,0,1.43,incident review
2018-06-22,search-recommendations,prod,183521,5756,81.37,437,917,0.093,99.181,42.72,68.17,36.88,4,0,1.2,database pressure
2018-06-29,checkout-api,prod,344086,11139,78.7,441,931,0.296,99.141,48.61,59.88,27.53,0,0,1.72,campaign traffic
2018-06-29,cart-service,prod,334148,11423,79.78,390,742,0.282,99.144,62.66,49.66,36.73,2,0,1.57,release week
2018-06-29,payment-orchestrator,prod,297160,9566,79.19,478,960,0.455,99.109,41.04,64.7,29.29,6,0,2.2,campaign traffic
2018-06-29,order-ledger,prod,187649,8123,81.56,409,789,0.324,99.135,58.08,62.56,56.29,0,0,1.72,cache warmup
2018-06-29,inventory-reservation,prod,181991,6049,80.57,416,937,0.41,99.118,50.43,59.03,61.32,7,0,1.95,release week
2018-06-29,pricing-engine,prod,200198,7774,79.11,434,820,0.149,98.72,49.09,67.87,37.59,5,1,1.34,release week
2018-06-29,tax-service,prod,199770,7428,81.71,432,896,0.373,99.125,44.08,68.6,61.51,6,0,1.89,cache warmup
2018-06-29,loyalty-service,prod,176476,6980,80.28,449,879,0.497,99.101,66.21,53.81,46.15,5,0,2.24,watch latency
2018-06-29,notification-service,prod,166487,6973,79.88,477,960,0.446,99.111,62.81,47.41,34.08,7,0,2.18,normal baseline
2018-06-29,auth-gateway,prod,172739,6942,79.93,422,836,0.026,99.195,43.21,64.38,52.69,5,0,1.0,database pressure
2018-06-29,analytics-pipeline,prod,172343,6593,78.53,529,1129,0.336,99.133,61.1,52.51,42.37,5,0,2.02,watch latency
2018-06-29,search-recommendations,prod,162654,6000,81.49,523,1040,0.286,99.143,44.22,64.55,55.22,4,0,1.88,release week
2018-07-06,checkout-api,prod,327711,12758,81.79,457,850,0.497,99.101,49.29,59.31,64.45,6,0,2.26,database pressure
2018-07-06,cart-service,prod,343580,12341,81.1,418,951,0.542,99.092,38.34,56.94,31.0,0,0,2.28,watch latency
2018-07-06,payment-orchestrator,prod,351142,14170,81.69,480,948,0.133,99.173,39.73,57.66,32.63,1,0,1.4,release week
2018-07-06,order-ledger,prod,200463,6216,81.24,442,948,0.281,99.144,44.23,47.51,52.1,2,0,1.68,release week
2018-07-06,inventory-reservation,prod,182551,6842,81.55,461,948,0.04,99.192,62.89,55.32,54.82,1,0,1.13,release week
2018-07-06,pricing-engine,prod,187540,6444,80.4,423,853,0.294,99.141,36.32,58.63,48.29,4,0,1.67,incident review
2018-07-06,tax-service,prod,197499,8013,81.67,396,792,0.167,99.167,43.03,57.76,48.3,4,0,1.3,watch latency
2018-07-06,loyalty-service,prod,189073,6500,80.59,477,1005,0.468,98.656,37.93,63.03,47.58,2,1,2.23,normal baseline
2018-07-06,notification-service,prod,180299,6110,81.76,431,950,0.02,99.196,46.26,56.92,63.61,6,0,1.01,watch latency
2018-07-06,auth-gateway,prod,183742,6259,80.31,449,984,0.499,99.1,47.2,63.84,55.95,1,0,2.24,watch latency
2018-07-06,analytics-pipeline,prod,193931,6948,80.25,487,1005,0.151,99.17,49.15,55.62,62.81,7,0,1.46,cache warmup
2018-07-06,search-recommendations,prod,179775,5633,79.31,539,1029,0.02,99.196,43.26,45.9,38.8,2,0,1.25,campaign traffic
2018-07-13,checkout-api,prod,306032,10745,79.46,396,799,0.233,99.153,60.38,63.39,47.95,2,0,1.46,database pressure
2018-07-13,cart-service,prod,293131,11610,81.25,476,907,0.02,99.196,39.74,50.83,41.23,6,0,1.11,normal baseline
2018-07-13,payment-orchestrator,prod,345007,12182,78.81,415,944,0.481,99.104,52.11,48.09,38.52,2,0,2.12,cache warmup
2018-07-13,order-ledger,prod,162613,5273,78.66,473,932,0.206,99.159,40.45,65.7,28.65,2,0,1.57,incident review
2018-07-13,inventory-reservation,prod,190000,8419,80.6,452,862,0.396,99.121,57.4,67.69,33.48,2,0,2.0,incident review
2018-07-13,pricing-engine,prod,182916,6446,78.78,448,934,0.143,99.171,59.3,53.54,43.91,6,0,1.35,campaign traffic
2018-07-13,tax-service,prod,180964,7904,81.31,446,928,0.267,99.147,34.78,68.09,49.02,3,0,1.66,normal baseline
2018-07-13,loyalty-service,prod,172415,6431,80.58,385,858,0.194,99.161,48.54,62.45,57.12,6,0,1.34,database pressure
2018-07-13,notification-service,prod,163079,6968,80.15,429,861,0.206,99.159,47.04,52.18,43.44,2,0,1.47,watch latency
2018-07-13,auth-gateway,prod,193666,6800,80.7,398,740,0.339,99.132,52.15,58.2,51.77,1,0,1.73,watch latency
2018-07-13,analytics-pipeline,prod,196561,7551,79.29,466,1017,0.175,99.165,37.18,50.38,59.25,0,0,1.47,incident review
2018-07-13,search-recommendations,prod,183592,8007,81.69,461,1019,0.217,99.157,63.99,57.61,56.38,1,0,1.57,campaign traffic
2018-07-20,checkout-api,prod,296816,11830,80.73,424,858,0.02,99.196,40.84,50.25,49.64,0,0,0.99,release week
2018-07-20,cart-service,prod,296339,12266,81.33,396,850,0.149,99.17,56.14,46.59,27.83,5,0,1.25,normal baseline
2018-07-20,payment-orchestrator,prod,299437,11788,78.73,444,967,0.558,98.638,48.06,58.14,59.59,6,1,2.38,campaign traffic
2018-07-20,order-ledger,prod,162001,5873,80.25,425,822,0.102,99.18,38.47,45.83,59.5,3,0,1.2,cache warmup
2018-07-20,inventory-reservation,prod,185828,7229,81.28,392,741,0.432,99.114,47.7,55.59,53.66,6,0,1.95,incident review
2018-07-20,pricing-engine,prod,176546,7622,79.7,478,930,0.214,99.157,37.04,66.03,38.66,0,0,1.6,normal baseline
2018-07-20,tax-service,prod,179889,6286,79.82,435,939,0.184,99.163,60.28,57.48,58.77,1,0,1.43,campaign traffic
2018-07-20,loyalty-service,prod,192819,5461,79.07,417,911,0.194,99.161,45.82,67.88,37.52,0,0,1.41,database pressure
2018-07-20,notification-service,prod,177848,5302,81.72,421,794,0.419,99.116,49.67,59.67,49.75,6,0,1.98,normal baseline
2018-07-20,auth-gateway,prod,188437,5380,80.17,431,804,0.212,98.708,34.1,57.49,32.32,2,1,1.49,incident review
2018-07-20,analytics-pipeline,prod,173081,5777,80.01,480,1063,0.227,99.155,61.66,48.36,42.46,2,0,1.63,release week
2018-07-20,search-recommendations,prod,176769,7221,78.85,607,1145,0.331,99.134,44.98,66.4,64.97,6,0,2.18,cache warmup
2018-07-27,checkout-api,prod,339226,10760,81.86,461,982,0.092,99.182,62.23,43.73,47.87,6,0,1.26,database pressure
2018-07-27,cart-service,prod,324487,13096,81.46,385,799,0.304,99.139,47.95,64.53,33.43,4,0,1.62,incident review
2018-07-27,payment-orchestrator,prod,346325,12989,80.07,401,741,0.02,99.196,55.17,54.92,62.69,0,0,0.94,database pressure
2018-07-27,order-ledger,prod,176742,7048,81.58,417,919,0.253,98.699,34.73,59.17,61.85,4,1,1.56,campaign traffic
2018-07-27,inventory-reservation,prod,182303,5532,81.59,387,838,0.26,99.148,39.94,65.29,58.33,5,0,1.51,release week
2018-07-27,pricing-engine,prod,178041,6115,81.83,434,820,0.426,99.115,34.45,59.19,64.73,3,0,2.03,release week
2018-07-27,tax-service,prod,166320,5880,81.46,409,866,0.17,99.166,59.81,44.75,61.9,1,0,1.33,release week
2018-07-27,loyalty-service,prod,165731,6651,81.4,416,884,0.282,99.144,56.54,63.5,36.21,7,0,1.63,campaign traffic
2018-07-27,notification-service,prod,169752,5011,80.63,396,865,0.369,98.676,53.5,62.1,53.33,3,1,1.8,incident review
2018-07-27,auth-gateway,prod,185336,8408,80.36,422,856,0.372,99.126,39.11,57.07,44.41,3,0,1.87,release week
2018-07-27,analytics-pipeline,prod,181912,8224,80.92,552,1052,0.307,99.139,34.3,43.92,43.91,2,0,1.99,campaign traffic
2018-07-27,search-recommendations,prod,194465,8364,80.24,510,1044,0.394,99.121,33.59,64.2,35.24,3,0,2.12,watch latency
2018-08-03,checkout-api,prod,349614,12365,80.39,463,916,0.099,99.18,41.62,50.46,31.75,7,0,1.28,campaign traffic
2018-08-03,cart-service,prod,294109,10577,79.18,400,816,0.187,99.163,45.85,45.15,55.61,3,0,1.36,database pressure
2018-08-03,payment-orchestrator,prod,309002,11766,81.53,462,1018,0.249,99.15,54.72,56.15,60.07,3,0,1.65,incident review
2018-08-03,order-ledger,prod,164891,4656,81.31,442,895,0.26,99.148,48.29,60.72,59.04,4,0,1.63,normal baseline
2018-08-03,inventory-reservation,prod,162289,5677,80.2,387,756,0.397,99.121,51.18,64.13,54.58,3,0,1.85,database pressure
2018-08-03,pricing-engine,prod,198438,7419,81.19,403,841,0.363,99.127,61.72,49.3,35.73,3,0,1.8,database pressure
2018-08-03,tax-service,prod,193196,7246,79.68,442,972,0.02,99.196,58.28,62.52,27.39,1,0,1.03,incident review
2018-08-03,loyalty-service,prod,171756,5250,81.16,460,985,0.434,99.113,44.29,58.37,31.33,5,0,2.11,campaign traffic
2018-08-03,notification-service,prod,189704,7963,81.46,408,756,0.264,99.147,47.83,62.98,31.49,0,0,1.57,normal baseline
2018-08-03,auth-gateway,prod,171252,6857,81.77,471,950,0.6,99.08,57.63,60.49,28.49,4,0,2.55,cache warmup
2018-08-03,analytics-pipeline,prod,192389,7798,80.49,539,1049,0.197,99.161,44.8,58.18,49.74,3,0,1.69,cache warmup
2018-08-03,search-recommendations,prod,197322,5819,81.11,582,1223,0.119,99.176,33.82,47.19,51.16,5,0,1.59,normal baseline
2018-08-10,checkout-api,prod,335658,12834,79.55,412,829,0.392,99.122,56.37,63.77,58.08,6,0,1.9,normal baseline
2018-08-10,cart-service,prod,320837,12641,81.33,399,840,0.129,99.174,49.14,58.47,62.53,0,0,1.21,campaign traffic
2018-08-10,payment-orchestrator,prod,362671,13862,80.04,467,960,0.334,99.133,44.16,62.31,35.63,0,0,1.87,campaign traffic
2018-08-10,order-ledger,prod,178764,7907,80.73,418,801,0.22,99.156,42.55,48.34,58.34,1,0,1.48,campaign traffic
2018-08-10,inventory-reservation,prod,199037,7332,79.41,438,863,0.149,98.72,34.26,42.75,46.59,2,1,1.35,incident review
2018-08-10,pricing-engine,prod,186706,6738,80.3,460,917,0.599,99.08,42.05,64.47,38.98,3,0,2.52,release week
2018-08-10,tax-service,prod,197331,8162,78.86,448,840,0.455,99.109,52.74,43.59,52.44,2,0,2.13,campaign traffic
2018-08-10,loyalty-service,prod,173869,5401,81.4,387,770,0.344,99.131,36.48,41.6,34.31,2,0,1.72,watch latency
2018-08-10,notification-service,prod,197732,6574,80.7,391,842,0.563,99.087,51.23,49.37,57.65,2,0,2.28,watch latency
2018-08-10,auth-gateway,prod,181981,5487,78.57,464,950,0.455,99.109,40.17,58.93,62.3,0,0,2.17,incident review
2018-08-10,analytics-pipeline,prod,192173,6385,80.09,518,1113,0.082,99.184,47.57,55.04,37.14,5,0,1.36,release week
2018-08-10,search-recommendations,prod,178430,5231,79.78,437,841,0.195,99.161,48.49,50.05,50.07,7,0,1.46,release week
2018-08-17,checkout-api,prod,358245,13363,79.33,414,846,0.58,99.084,36.85,45.29,37.85,7,0,2.37,incident review
2018-08-17,cart-service,prod,348276,13580,79.13,471,949,0.335,99.133,31.83,46.54,55.78,6,0,1.88,release week
2018-08-17,payment-orchestrator,prod,353462,11757,81.06,422,823,0.308,99.138,58.6,48.21,52.27,3,0,1.71,watch latency
2018-08-17,order-ledger,prod,198373,6635,81.5,421,879,0.417,99.117,45.66,50.6,60.85,7,0,1.98,campaign traffic
2018-08-17,inventory-reservation,prod,185965,5204,81.7,407,859,0.566,99.087,54.69,60.75,56.12,7,0,2.32,normal baseline
2018-08-17,pricing-engine,prod,186452,8408,79.34,438,950,0.378,99.124,47.89,45.5,50.95,0,0,1.92,cache warmup
2018-08-17,tax-service,prod,187700,7926,81.19,472,1045,0.332,99.134,39.76,49.48,44.21,6,0,1.88,database pressure
2018-08-17,loyalty-service,prod,171171,5564,81.21,415,868,0.493,99.101,42.76,53.63,28.31,4,0,2.15,database pressure
2018-08-17,notification-service,prod,174447,6386,81.11,412,773,0.261,99.148,38.62,63.92,36.3,5,0,1.57,database pressure
2018-08-17,auth-gateway,prod,191235,7115,81.85,395,892,0.481,99.104,40.25,64.19,64.59,2,0,2.08,watch latency
2018-08-17,analytics-pipeline,prod,198797,7444,79.03,532,1123,0.02,99.196,55.82,53.03,53.67,5,0,1.23,release week
2018-08-17,search-recommendations,prod,184319,6917,79.01,504,1036,0.091,99.182,31.63,48.41,62.65,0,0,1.35,cache warmup
2018-08-24,checkout-api,prod,335545,11563,78.85,414,923,0.13,99.174,36.21,47.44,46.93,7,0,1.25,database pressure
2018-08-24,cart-service,prod,301253,10842,79.09,392,841,0.216,99.157,38.42,44.83,36.23,3,0,1.41,campaign traffic
2018-08-24,payment-orchestrator,prod,321436,10426,79.47,445,915,0.203,99.159,38.53,43.4,38.94,5,0,1.5,normal baseline
2018-08-24,order-ledger,prod,191776,6108,81.26,399,891,0.825,99.035,43.03,53.64,56.66,2,0,2.95,incident review
2018-08-24,inventory-reservation,prod,175329,6149,81.68,442,826,0.416,99.117,34.39,45.16,56.33,3,0,2.02,campaign traffic
2018-08-24,pricing-engine,prod,191439,5728,80.68,439,863,0.061,99.188,44.06,50.23,64.8,2,0,1.13,database pressure
2018-08-24,tax-service,prod,169374,7089,79.07,397,909,0.374,99.125,48.14,42.02,30.28,4,0,1.82,database pressure
2018-08-24,loyalty-service,prod,198170,7152,78.63,439,910,0.533,99.093,43.32,54.77,33.6,1,0,2.31,incident review
2018-08-24,notification-service,prod,201515,6593,78.8,412,806,0.029,99.194,30.75,54.47,61.79,4,0,0.99,normal baseline
2018-08-24,auth-gateway,prod,166569,4822,81.87,440,817,0.02,99.196,52.03,64.56,51.02,3,0,1.03,cache warmup
2018-08-24,analytics-pipeline,prod,170616,4909,79.62,533,1069,0.712,98.608,49.95,46.41,63.78,5,1,2.96,incident review
2018-08-24,search-recommendations,prod,183466,5875,78.5,521,1071,0.598,99.08,46.45,52.36,56.44,0,0,2.65,incident review
2018-08-31,checkout-api,prod,324786,11912,80.97,432,920,0.288,99.142,55.13,52.68,64.59,1,0,1.68,release week
2018-08-31,cart-service,prod,338257,12338,80.67,480,936,0.02,99.196,34.96,46.46,40.91,0,0,1.12,database pressure
2018-08-31,payment-orchestrator,prod,344575,11606,81.24,415,840,0.171,99.166,33.28,63.64,29.41,3,0,1.35,cache warmup
2018-08-31,order-ledger,prod,201400,8880,81.27,396,736,0.132,99.174,50.46,41.14,52.12,6,0,1.21,normal baseline
2018-08-31,inventory-reservation,prod,165413,5420,79.0,435,913,0.159,99.168,39.82,46.89,30.54,5,0,1.36,incident review
2018-08-31,pricing-engine,prod,187418,5835,79.78,407,809,0.352,99.13,31.65,50.32,61.09,2,0,1.78,cache warmup
2018-08-31,tax-service,prod,198503,8345,79.19,400,763,0.142,99.172,29.9,40.98,37.58,5,0,1.24,database pressure
2018-08-31,loyalty-service,prod,195024,6162,79.67,467,881,0.057,99.189,34.3,61.7,36.79,2,0,1.18,cache warmup
2018-08-31,notification-service,prod,176189,5074,80.79,468,886,0.159,99.168,45.72,53.13,54.88,4,0,1.44,campaign traffic
2018-08-31,auth-gateway,prod,191815,7076,80.47,461,880,0.237,99.153,54.68,54.04,63.85,6,0,1.62,database pressure
2018-08-31,analytics-pipeline,prod,195159,5862,81.54,553,1133,0.404,99.119,38.06,52.34,51.45,1,0,2.24,database pressure
2018-08-31,search-recommendations,prod,198040,5815,78.54,488,1062,0.594,99.081,56.86,54.3,62.32,2,0,2.57,watch latency
2018-09-07,checkout-api,prod,340695,11954,81.32,457,843,0.146,99.171,40.84,59.69,39.29,7,0,1.38,normal baseline
2018-09-07,cart-service,prod,332244,12166,78.88,400,857,0.038,99.192,50.27,55.93,49.47,7,0,0.98,campaign traffic
2018-09-07,payment-orchestrator,prod,345744,11255,80.55,399,801,0.525,99.095,45.58,52.25,58.46,6,0,2.2,database pressure
2018-09-07,order-ledger,prod,184837,6940,79.04,402,851,0.407,99.119,47.11,65.33,58.82,3,0,1.91,cache warmup
2018-09-07,inventory-reservation,prod,184098,5329,78.87,404,904,0.02,99.196,39.55,49.56,39.74,6,0,0.95,cache warmup
2018-09-07,pricing-engine,prod,194475,5661,81.04,448,1002,0.452,99.11,41.38,43.8,28.07,6,0,2.13,campaign traffic
2018-09-07,tax-service,prod,185492,6997,81.19,463,882,0.363,99.127,33.27,48.39,33.59,5,0,1.94,incident review
2018-09-07,loyalty-service,prod,163749,4401,79.83,425,785,0.418,99.116,57.7,63.59,64.71,3,0,1.99,campaign traffic
2018-09-07,notification-service,prod,174084,4986,80.39,403,770,0.093,99.181,39.66,54.5,47.45,0,0,1.13,incident review
2018-09-07,auth-gateway,prod,189120,7933,81.42,441,901,0.957,99.009,53.39,51.44,27.38,2,0,3.37,watch latency
2018-09-07,analytics-pipeline,prod,200783,6878,81.38,493,1007,0.225,99.155,49.76,39.71,42.06,2,0,1.66,watch latency
2018-09-07,search-recommendations,prod,162760,7562,80.45,458,999,0.308,99.138,33.49,42.8,36.73,7,0,1.79,incident review
2018-09-14,checkout-api,prod,324892,11115,79.65,388,881,0.433,99.113,49.39,60.9,30.22,0,0,1.94,normal baseline
2018-09-14,cart-service,prod,322279,10741,80.21,472,906,0.364,99.127,36.88,56.85,60.03,7,0,1.96,campaign traffic
2018-09-14,payment-orchestrator,prod,305368,12358,81.35,433,862,0.485,99.103,39.67,57.92,38.79,3,0,2.17,incident review
2018-09-14,order-ledger,prod,194948,7299,80.49,458,978,0.152,99.17,54.79,50.3,64.84,4,0,1.4,campaign traffic
2018-09-14,inventory-reservation,prod,168474,7304,79.85,473,1038,0.242,99.152,44.15,45.52,40.62,2,0,1.66,database pressure
2018-09-14,pricing-engine,prod,181836,6758,80.3,436,827,0.121,98.726,37.63,47.95,44.44,0,1,1.27,watch latency
2018-09-14,tax-service,prod,181762,5912,80.6,399,742,0.356,99.129,39.14,46.73,50.56,0,0,1.78,campaign traffic
2018-09-14,loyalty-service,prod,167267,6399,79.84,389,806,0.169,99.166,39.16,63.81,52.73,0,0,1.29,database pressure
2018-09-14,notification-service,prod,172370,5737,79.33,435,851,0.02,99.196,48.7,53.5,29.49,6,0,1.02,normal baseline
2018-09-14,auth-gateway,prod,198447,8395,79.19,396,888,0.368,99.126,58.0,47.14,64.16,1,0,1.8,database pressure
2018-09-14,analytics-pipeline,prod,168936,4768,79.67,550,1182,0.313,99.137,48.7,56.93,48.74,7,0,2.0,campaign traffic
2018-09-14,search-recommendations,prod,171273,7117,81.69,510,951,0.165,99.167,31.29,56.27,50.63,4,0,1.55,cache warmup
2018-09-21,checkout-api,prod,356259,12109,78.92,461,864,0.156,99.169,43.83,51.35,39.37,5,0,1.41,database pressure
2018-09-21,cart-service,prod,331374,13239,81.25,464,966,0.304,99.139,41.34,55.63,34.95,4,0,1.79,watch latency
2018-09-21,payment-orchestrator,prod,357363,11598,79.03,420,813,0.197,99.161,52.83,58.97,38.39,7,0,1.43,database pressure
2018-09-21,order-ledger,prod,184135,6159,80.94,449,864,0.237,99.153,41.14,50.14,29.89,3,0,1.59,release week
2018-09-21,inventory-reservation,prod,173834,6518,79.64,477,1045,0.374,99.125,47.48,45.82,27.8,5,0,1.99,database pressure
2018-09-21,pricing-engine,prod,185116,7596,80.72,425,959,0.02,98.746,45.22,45.39,60.92,0,1,0.99,incident review
2018-09-21,tax-service,prod,164078,5559,79.27,466,987,0.196,99.161,57.2,51.2,30.28,0,0,1.52,incident review
2018-09-21,loyalty-service,prod,200015,8871,79.1,399,895,0.482,99.104,48.36,58.52,43.94,7,0,2.09,release week
2018-09-21,notification-service,prod,182395,6184,80.94,412,899,0.33,99.134,30.88,48.13,64.1,3,0,1.74,release week
2018-09-21,auth-gateway,prod,174098,7257,81.08,441,956,0.539,99.092,40.23,40.53,35.73,1,0,2.33,database pressure
2018-09-21,analytics-pipeline,prod,182033,7814,80.24,548,1071,0.647,99.071,42.08,54.47,40.01,5,0,2.84,database pressure
2018-09-21,search-recommendations,prod,179416,7097,78.98,527,1062,0.285,99.143,44.77,43.42,51.04,4,0,1.88,incident review
2018-09-28,checkout-api,prod,337096,11558,80.43,460,875,0.02,99.196,32.32,40.51,61.5,6,0,1.07,normal baseline
2018-09-28,cart-service,prod,317136,12304,81.65,419,798,0.02,99.196,36.29,48.31,31.36,4,0,0.98,normal baseline
2018-09-28,payment-orchestrator,prod,301525,12093,80.34,478,886,0.192,99.162,54.88,58.59,37.28,1,0,1.54,watch latency
2018-09-28,order-ledger,prod,186869,8198,79.48,413,855,0.463,99.107,41.2,44.37,44.55,1,0,2.08,cache warmup
2018-09-28,inventory-reservation,prod,172483,4820,78.68,455,909,0.095,98.731,51.29,40.6,43.61,4,1,1.25,watch latency
2018-09-28,pricing-engine,prod,194174,6734,78.8,388,760,0.178,99.164,57.38,43.67,27.15,6,0,1.31,normal baseline
2018-09-28,tax-service,prod,198610,6903,80.89,468,937,0.221,99.156,47.29,59.58,57.69,7,0,1.59,watch latency
2018-09-28,loyalty-service,prod,177467,7819,81.78,420,810,0.371,99.126,41.11,59.12,55.94,3,0,1.86,normal baseline
2018-09-28,notification-service,prod,179005,7899,80.58,418,896,0.618,98.626,48.63,47.12,41.46,3,1,2.47,campaign traffic
2018-09-28,auth-gateway,prod,176825,6163,79.0,468,902,0.036,99.193,54.23,60.37,42.51,3,0,1.13,incident review
2018-09-28,analytics-pipeline,prod,173779,4740,78.51,548,1055,0.502,99.1,41.74,62.14,42.14,1,0,2.47,normal baseline
2018-09-28,search-recommendations,prod,190822,7833,79.63,537,1152,0.139,99.172,57.44,55.41,54.0,1,0,1.54,database pressure
2018-10-05,checkout-api,prod,317802,12021,80.81,396,750,0.456,99.109,31.4,51.75,30.22,6,0,2.02,cache warmup
2018-10-05,cart-service,prod,292284,10781,81.59,480,886,0.156,99.169,55.38,49.04,52.64,1,0,1.46,database pressure
2018-10-05,payment-orchestrator,prod,330485,13509,79.67,415,888,0.374,99.125,56.92,62.88,58.87,5,0,1.86,campaign traffic
2018-10-05,order-ledger,prod,173280,7041,80.13,457,880,0.287,99.143,56.91,46.52,30.47,3,0,1.73,watch latency
2018-10-05,inventory-reservation,prod,197785,7097,80.74,418,930,0.343,99.131,51.27,52.24,40.58,3,0,1.79,database pressure
2018-10-05,pricing-engine,prod,183951,6992,81.39,474,1042,0.139,99.172,48.09,58.62,27.62,2,0,1.4,cache warmup
2018-10-05,tax-service,prod,201396,6396,81.06,418,879,0.63,99.074,37.34,48.3,36.92,2,0,2.5,watch latency
2018-10-05,loyalty-service,prod,171692,7119,80.4,420,881,0.308,99.138,42.79,52.36,60.77,6,0,1.7,watch latency
2018-10-05,notification-service,prod,171594,7386,79.19,420,792,0.057,99.189,57.64,53.95,57.45,5,0,1.07,normal baseline
2018-10-05,auth-gateway,prod,173045,5756,78.7,419,883,0.208,99.158,35.73,54.28,37.91,7,0,1.45,normal baseline
2018-10-05,analytics-pipeline,prod,188211,6978,79.39,606,1263,0.319,99.136,29.47,39.66,34.55,3,0,2.15,incident review
2018-10-05,search-recommendations,prod,167710,7299,79.62,496,912,0.02,99.196,48.79,59.12,59.86,6,0,1.15,normal baseline
2018-10-12,checkout-api,prod,316288,11933,78.74,392,803,0.342,99.132,41.48,44.38,50.4,0,0,1.73,campaign traffic
2018-10-12,cart-service,prod,315378,12969,81.9,413,935,0.279,99.144,38.24,64.04,43.89,7,0,1.62,campaign traffic
2018-10-12,payment-orchestrator,prod,336088,12570,79.65,385,811,0.235,99.153,29.64,44.43,52.96,3,0,1.44,incident review
2018-10-12,order-ledger,prod,176670,8035,81.4,468,931,0.287,99.143,44.84,53.09,28.05,6,0,1.76,incident review
2018-10-12,inventory-reservation,prod,169720,6144,81.35,465,921,0.183,99.163,37.62,58.49,46.42,5,0,1.49,cache warmup
2018-10-12,pricing-engine,prod,192506,8509,80.85,476,1044,0.116,99.177,55.37,52.49,29.69,7,0,1.35,incident review
2018-10-12,tax-service,prod,178402,5631,78.7,458,882,0.422,99.116,47.9,49.73,52.83,3,0,2.07,normal baseline
2018-10-12,loyalty-service,prod,197400,7440,80.36,467,1035,0.697,99.061,31.95,55.66,43.61,3,0,2.78,watch latency
2018-10-12,notification-service,prod,164289,7478,81.18,412,904,0.355,99.129,34.52,57.2,36.64,6,0,1.8,campaign traffic
2018-10-12,auth-gateway,prod,195481,7945,79.47,467,990,0.33,99.134,36.21,48.36,31.31,1,0,1.86,release week
2018-10-12,analytics-pipeline,prod,164543,6891,78.86,467,911,0.204,99.159,57.12,47.97,50.77,5,0,1.55,campaign traffic
2018-10-12,search-recommendations,prod,192302,8541,81.27,513,1015,0.526,99.095,51.04,44.54,45.45,6,0,2.45,cache warmup
2018-10-19,checkout-api,prod,300382,10646,80.69,401,767,0.22,99.156,32.6,43.63,28.33,6,0,1.44,database pressure
2018-10-19,cart-service,prod,330325,11441,79.64,396,790,0.435,99.113,53.71,54.07,38.5,7,0,1.97,watch latency
2018-10-19,payment-orchestrator,prod,292863,9921,78.99,453,895,0.581,99.084,35.21,61.23,35.83,2,0,2.46,normal baseline
2018-10-19,order-ledger,prod,194531,8494,81.02,420,952,0.304,99.139,45.68,62.09,27.02,6,0,1.69,campaign traffic
2018-10-19,inventory-reservation,prod,167561,6592,79.78,453,951,0.422,99.116,42.09,58.07,41.82,4,0,2.06,watch latency
2018-10-19,pricing-engine,prod,194169,7303,80.59,400,772,0.495,99.101,44.33,46.66,46.63,2,0,2.13,database pressure
2018-10-19,tax-service,prod,199716,8439,80.46,454,984,0.295,99.141,53.71,62.48,29.38,2,0,1.75,watch latency
2018-10-19,loyalty-service,prod,199362,6552,79.17,439,976,0.02,99.196,47.22,57.02,35.3,0,0,1.03,campaign traffic
2018-10-19,notification-service,prod,197704,8027,79.5,448,914,0.02,99.196,45.17,46.01,47.69,4,0,1.05,incident review
2018-10-19,auth-gateway,prod,173491,5294,79.68,466,919,0.176,99.165,45.7,49.6,60.59,3,0,1.47,incident review
2018-10-19,analytics-pipeline,prod,187177,7579,79.67,517,1041,0.147,99.171,38.86,49.57,58.7,3,0,1.52,database pressure
2018-10-19,search-recommendations,prod,198107,7445,78.67,483,1056,0.02,99.196,52.71,61.23,58.57,2,0,1.12,watch latency
2018-10-26,checkout-api,prod,330382,11697,81.68,476,967,0.15,99.17,29.28,54.24,58.74,3,0,1.43,database pressure
2018-10-26,cart-service,prod,329396,11000,78.72,459,932,0.132,99.174,36.25,44.46,32.21,5,0,1.35,release week
2018-10-26,payment-orchestrator,prod,340299,11185,80.02,439,888,0.02,99.196,47.99,53.13,45.87,0,0,1.03,watch latency
2018-10-26,order-ledger,prod,192622,5954,81.54,475,955,0.808,99.038,30.09,64.17,37.65,3,0,3.08,release week
2018-10-26,inventory-reservation,prod,184628,6867,81.7,415,771,0.02,99.196,52.93,58.83,61.93,7,0,0.97,cache warmup
2018-10-26,pricing-engine,prod,192140,7248,80.83,452,939,0.285,98.693,30.09,41.8,51.28,5,1,1.72,incident review
2018-10-26,tax-service,prod,166665,6839,80.73,470,910,0.209,99.158,55.11,57.26,29.44,3,0,1.57,cache warmup
2018-10-26,loyalty-service,prod,167872,7392,79.61,448,938,0.296,99.141,45.14,57.31,29.7,6,0,1.74,cache warmup
2018-10-26,notification-service,prod,197636,7931,80.05,454,950,0.356,98.679,40.82,52.6,61.13,2,1,1.9,release week
2018-10-26,auth-gateway,prod,168222,7103,78.86,390,857,0.19,99.162,47.66,52.07,59.46,6,0,1.34,campaign traffic
2018-10-26,analytics-pipeline,prod,201803,8759,81.38,463,877,0.372,99.126,46.98,61.74,29.55,7,0,1.96,release week
2018-10-26,search-recommendations,prod,173939,7941,81.63,556,1112,0.244,99.151,47.06,56.29,34.26,7,0,1.85,release week
2018-11-02,checkout-api,prod,525186,20041,78.9,509,1087,0.508,99.098,47.93,49.9,60.41,6,0,2.4,campaign traffic
2018-11-02,cart-service,prod,450830,15662,79.93,511,1081,0.602,99.08,35.94,41.67,60.16,7,0,2.64,cache warmup
2018-11-02,payment-orchestrator,prod,526674,18870,79.4,449,840,0.07,99.186,48.75,65.04,46.85,1,0,1.17,cache warmup
2018-11-02,order-ledger,prod,283757,9157,78.77,461,870,0.02,99.196,30.03,53.7,56.54,6,0,1.07,cache warmup
2018-11-02,inventory-reservation,prod,251289,9262,79.34,436,832,0.331,99.134,33.01,50.1,34.08,0,0,1.8,database pressure
2018-11-02,pricing-engine,prod,282848,11641,79.47,481,1013,0.685,99.063,42.07,49.37,29.85,5,0,2.78,campaign traffic
2018-11-02,tax-service,prod,286695,8785,80.92,482,1000,0.556,99.089,50.97,65.62,50.87,1,0,2.46,cache warmup
2018-11-02,loyalty-service,prod,288261,9494,80.69,475,951,0.116,99.177,34.78,58.97,32.89,0,0,1.35,cache warmup
2018-11-02,notification-service,prod,259093,8413,79.34,489,1043,0.264,99.147,35.25,48.39,63.46,7,0,1.75,campaign traffic
2018-11-02,auth-gateway,prod,286888,12002,81.39,463,856,0.164,99.167,47.1,40.22,36.03,5,0,1.44,normal baseline
2018-11-02,analytics-pipeline,prod,266766,10416,79.02,518,1079,0.036,99.193,33.46,57.12,42.18,6,0,1.24,campaign traffic
2018-11-02,search-recommendations,prod,261733,9366,80.73,506,1101,0.469,99.106,44.98,61.04,36.32,3,0,2.3,campaign traffic
2018-11-09,checkout-api,prod,467761,17596,79.62,465,961,0.359,98.678,49.35,62.15,53.27,5,1,1.93,normal baseline
2018-11-09,cart-service,prod,431396,16850,81.37,441,879,0.241,99.152,43.11,59.54,35.48,2,0,1.58,database pressure
2018-11-09,payment-orchestrator,prod,440489,16961,81.36,446,868,0.233,99.153,49.06,44.43,42.29,7,0,1.57,incident review
2018-11-09,order-ledger,prod,251026,9917,80.04,510,1073,0.264,99.147,54.15,64.11,29.72,5,0,1.79,database pressure
2018-11-09,inventory-reservation,prod,249991,8287,79.7,438,969,0.096,99.181,41.21,44.58,58.65,7,0,1.21,watch latency
2018-11-09,pricing-engine,prod,254896,10094,79.04,438,960,0.104,99.179,55.48,58.08,55.26,5,0,1.23,normal baseline
2018-11-09,tax-service,prod,267917,9255,80.9,461,1022,0.412,99.118,49.08,58.09,49.3,6,0,2.05,incident review
2018-11-09,loyalty-service,prod,272779,10276,79.56,478,1053,0.093,99.181,41.13,60.99,49.99,2,0,1.29,watch latency
2018-11-09,notification-service,prod,269153,9914,79.66,524,1066,0.106,99.179,52.2,54.42,53.6,1,0,1.43,normal baseline
2018-11-09,auth-gateway,prod,249708,8484,81.29,500,1065,0.162,99.168,58.98,49.27,30.64,4,0,1.52,incident review
2018-11-09,analytics-pipeline,prod,243743,10412,78.44,603,1202,0.116,99.177,30.85,64.44,48.74,1,0,1.63,normal baseline
2018-11-09,search-recommendations,prod,251016,8390,81.75,507,1090,0.633,99.073,35.86,61.17,33.91,7,0,2.71,database pressure
2018-11-16,checkout-api,prod,519277,17559,80.12,465,967,0.316,99.137,50.45,47.69,38.14,5,0,1.82,cache warmup
2018-11-16,cart-service,prod,475403,17351,80.06,440,892,0.039,99.192,33.08,57.3,62.69,5,0,1.07,watch latency
2018-11-16,payment-orchestrator,prod,458665,17104,80.57,447,1003,0.031,99.194,36.69,57.31,52.59,7,0,1.07,campaign traffic
2018-11-16,order-ledger,prod,290337,10355,80.81,478,990,0.39,99.122,31.53,62.98,33.35,7,0,2.04,incident review
2018-11-16,inventory-reservation,prod,259667,9682,79.98,499,1069,0.532,99.094,59.4,45.61,62.83,2,0,2.44,cache warmup
2018-11-16,pricing-engine,prod,262789,10413,79.25,517,1109,0.596,99.081,48.52,40.81,48.4,4,0,2.64,campaign traffic
2018-11-16,tax-service,prod,246318,8284,79.79,451,915,0.455,99.109,47.22,44.67,64.84,7,0,2.14,release week
2018-11-16,loyalty-service,prod,238007,7566,80.72,453,838,0.273,99.145,41.41,64.42,46.03,7,0,1.69,normal baseline
2018-11-16,notification-service,prod,246768,8319,79.28,492,1051,0.585,99.083,59.77,64.02,31.22,0,0,2.56,incident review
2018-11-16,auth-gateway,prod,283915,8866,80.49,457,930,0.21,99.158,48.19,53.96,42.9,7,0,1.54,campaign traffic
2018-11-16,analytics-pipeline,prod,253997,8740,79.1,635,1334,0.361,99.128,39.07,50.91,34.23,5,0,2.31,database pressure
2018-11-16,search-recommendations,prod,284811,11299,81.55,598,1181,0.339,99.132,60.27,42.58,36.59,2,0,2.18,database pressure
2018-11-23,checkout-api,prod,493167,19013,80.36,470,949,0.166,99.167,55.35,64.7,50.88,7,0,1.46,campaign traffic
2018-11-23,cart-service,prod,430018,15641,80.55,493,907,0.094,99.181,45.93,60.38,34.12,2,0,1.33,watch latency
2018-11-23,payment-orchestrator,prod,493827,18178,79.16,520,973,0.321,99.136,52.89,52.66,36.51,6,0,1.96,cache warmup
2018-11-23,order-ledger,prod,289528,11815,80.97,436,827,0.128,99.174,55.31,46.45,61.91,5,0,1.29,cache warmup
2018-11-23,inventory-reservation,prod,254517,10132,81.23,465,925,0.573,99.085,57.29,56.87,51.72,2,0,2.47,cache warmup
2018-11-23,pricing-engine,prod,254956,7735,80.89,481,926,0.274,99.145,31.68,51.19,59.88,7,0,1.75,cache warmup
2018-11-23,tax-service,prod,241699,9494,79.03,474,1010,0.147,99.171,44.24,52.64,56.27,7,0,1.42,cache warmup
2018-11-23,loyalty-service,prod,257514,8007,78.94,446,853,0.252,99.15,32.14,65.47,44.21,6,0,1.62,release week
2018-11-23,notification-service,prod,255601,8910,81.29,450,928,0.02,99.196,56.64,64.28,51.12,2,0,1.05,release week
2018-11-23,auth-gateway,prod,288666,10108,78.74,525,1057,0.435,99.113,46.1,52.57,51.25,6,0,2.25,cache warmup
2018-11-23,analytics-pipeline,prod,269231,9659,79.92,526,1064,0.23,99.154,46.63,54.21,56.92,5,0,1.74,normal baseline
2018-11-23,search-recommendations,prod,270496,8293,78.55,604,1124,0.16,99.168,48.77,67.03,63.69,4,0,1.74,cache warmup
2018-11-30,checkout-api,prod,486921,18729,79.24,470,903,0.5,98.65,48.35,64.3,30.88,5,1,2.29,campaign traffic
2018-11-30,cart-service,prod,462672,15213,81.63,496,959,0.456,99.109,41.9,65.94,64.94,7,0,2.24,incident review
2018-11-30,payment-orchestrator,prod,467077,16461,80.62,438,986,0.042,99.192,32.84,65.27,61.5,4,0,1.08,normal baseline
2018-11-30,order-ledger,prod,291360,12099,80.51,502,1005,0.221,99.156,44.85,60.18,62.4,2,0,1.67,cache warmup
2018-11-30,inventory-reservation,prod,238822,9906,79.65,446,957,0.24,98.702,36.06,47.8,45.31,6,1,1.59,campaign traffic
2018-11-30,pricing-engine,prod,266723,10780,79.32,487,967,0.278,99.144,59.26,47.45,40.98,3,0,1.78,incident review
2018-11-30,tax-service,prod,261742,9499,81.26,498,958,0.153,99.169,40.06,52.62,62.29,5,0,1.49,normal baseline
2018-11-30,loyalty-service,prod,244153,8774,79.23,439,830,0.061,99.188,51.78,50.26,38.02,4,0,1.13,cache warmup
2018-11-30,notification-service,prod,272233,8613,80.61,475,1037,0.211,99.158,34.86,45.43,29.99,6,0,1.58,database pressure
2018-11-30,auth-gateway,prod,243526,8960,79.34,464,904,0.389,99.122,34.64,47.56,40.07,3,0,2.0,cache warmup
2018-11-30,analytics-pipeline,prod,238671,9999,80.43,585,1096,0.451,99.11,58.59,56.06,33.07,2,0,2.43,database pressure
2018-11-30,search-recommendations,prod,279342,11140,81.52,572,1197,0.581,99.084,56.53,42.99,36.2,4,0,2.72,cache warmup
2018-12-07,checkout-api,prod,445560,15765,80.29,499,984,0.22,99.156,34.35,59.56,32.43,3,0,1.66,release week
2018-12-07,cart-service,prod,510868,17168,81.62,471,949,0.427,99.115,60.88,53.14,50.31,7,0,2.12,database pressure
2018-12-07,payment-orchestrator,prod,523122,18033,78.95,511,1065,0.394,99.121,59.37,60.87,29.36,1,0,2.12,cache warmup
2018-12-07,order-ledger,prod,283229,11543,80.1,474,903,0.324,99.135,47.45,57.5,31.19,5,0,1.86,database pressure
2018-12-07,inventory-reservation,prod,256809,8741,78.78,473,1001,0.278,99.144,52.01,59.82,61.79,3,0,1.75,campaign traffic
2018-12-07,pricing-engine,prod,288916,11495,78.58,524,1032,0.45,99.11,42.22,48.55,35.94,4,0,2.29,cache warmup
2018-12-07,tax-service,prod,290101,9118,79.08,444,969,0.468,99.106,51.05,52.0,47.49,1,0,2.16,database pressure
2018-12-07,loyalty-service,prod,243646,8115,78.95,493,1030,0.02,99.196,60.13,60.41,48.2,7,0,1.15,release week
2018-12-07,notification-service,prod,272874,9168,78.82,471,1014,0.283,99.143,41.65,60.1,27.15,0,0,1.75,database pressure
2018-12-07,auth-gateway,prod,256310,8152,79.63,469,892,0.187,99.163,34.05,51.66,50.32,1,0,1.51,watch latency
2018-12-07,analytics-pipeline,prod,254685,9345,80.33,485,984,0.02,99.196,36.29,43.82,64.49,7,0,1.13,cache warmup
2018-12-07,search-recommendations,prod,252610,10256,80.3,616,1225,0.357,99.129,54.29,57.28,30.29,2,0,2.26,release week
2018-12-14,checkout-api,prod,461617,17330,80.02,501,999,0.156,99.169,61.35,43.27,56.14,0,0,1.5,cache warmup
2018-12-14,cart-service,prod,513071,18180,80.4,466,960,0.099,99.18,37.4,60.88,57.49,1,0,1.28,incident review
2018-12-14,payment-orchestrator,prod,439082,14587,78.61,507,943,0.497,99.101,46.2,45.5,53.93,4,0,2.37,database pressure
2018-12-14,order-ledger,prod,267900,9428,81.59,430,823,0.389,99.122,43.08,52.62,51.42,2,0,1.93,normal baseline
2018-12-14,inventory-reservation,prod,246939,8735,81.13,485,916,0.2,99.16,39.86,57.48,33.9,6,0,1.58,watch latency
2018-12-14,pricing-engine,prod,281552,10421,81.23,463,1015,0.384,99.123,50.59,44.01,43.85,0,0,1.99,normal baseline
2018-12-14,tax-service,prod,248925,8058,78.78,511,996,0.204,99.159,42.36,58.66,61.59,5,0,1.65,database pressure
2018-12-14,loyalty-service,prod,249024,10576,79.08,511,1060,0.59,99.082,62.11,49.71,62.45,1,0,2.61,incident review
2018-12-14,notification-service,prod,284004,11811,81.26,448,940,0.187,99.163,54.48,61.31,38.87,0,0,1.46,campaign traffic
2018-12-14,auth-gateway,prod,243901,7939,81.26,466,948,0.02,99.196,53.78,45.98,43.56,7,0,1.09,release week
2018-12-14,analytics-pipeline,prod,241398,7769,79.2,515,1081,0.205,99.159,55.23,49.76,55.62,0,0,1.66,campaign traffic
2018-12-14,search-recommendations,prod,287105,8947,79.82,529,1029,0.02,99.196,53.28,53.42,47.44,0,0,1.23,cache warmup
2018-12-21,checkout-api,prod,445333,14745,80.02,474,983,0.02,99.196,40.15,68.9,40.89,4,0,1.1,normal baseline
2018-12-21,cart-service,prod,430561,15257,79.53,444,924,0.52,99.096,35.76,53.79,56.52,7,0,2.29,database pressure
2018-12-21,payment-orchestrator,prod,523114,18584,79.86,476,1020,0.02,99.196,37.9,47.95,42.28,0,0,1.11,watch latency
2018-12-21,order-ledger,prod,243056,7729,81.24,504,1021,0.23,99.154,40.57,61.21,55.17,5,0,1.7,release week
2018-12-21,inventory-reservation,prod,245432,7296,79.02,480,1032,0.49,99.102,46.37,48.04,54.32,7,0,2.29,campaign traffic
2018-12-21,pricing-engine,prod,250062,8349,81.06,487,938,0.225,99.155,50.75,68.1,42.99,7,0,1.65,normal baseline
2018-12-21,tax-service,prod,247649,9320,81.71,477,1007,0.02,99.196,47.29,61.79,35.51,0,0,1.11,cache warmup
2018-12-21,loyalty-service,prod,282829,9005,79.66,450,925,0.314,99.137,50.2,66.42,27.49,7,0,1.78,database pressure
2018-12-21,notification-service,prod,257428,9230,81.74,460,994,0.287,99.143,39.02,54.64,55.24,3,0,1.74,normal baseline
2018-12-21,auth-gateway,prod,280295,8815,80.08,455,989,0.082,99.184,43.16,66.51,34.83,7,0,1.22,database pressure
2018-12-21,analytics-pipeline,prod,279046,10029,79.59,608,1240,0.715,99.057,42.59,50.19,60.69,0,0,3.14,watch latency
2018-12-21,search-recommendations,prod,282597,10985,81.64,526,1075,0.191,99.162,41.3,56.52,56.07,0,0,1.65,normal baseline
2018-12-28,checkout-api,prod,440959,14495,79.86,433,962,0.141,99.172,61.37,60.19,32.72,5,0,1.32,incident review
2018-12-28,cart-service,prod,510348,18233,80.02,450,952,0.568,99.086,65.21,48.25,60.0,5,0,2.42,database pressure
2018-12-28,payment-orchestrator,prod,462152,16618,80.04,441,974,0.227,99.155,52.33,63.15,62.08,2,0,1.55,incident review
2018-12-28,order-ledger,prod,261810,9439,79.52,503,980,0.318,99.136,45.79,53.71,57.43,4,0,1.91,normal baseline
2018-12-28,inventory-reservation,prod,291806,11074,80.77,464,863,0.379,99.124,46.64,65.3,47.1,5,0,1.98,campaign traffic
2018-12-28,pricing-engine,prod,239487,8981,80.53,513,1010,0.349,99.13,64.2,62.98,56.4,3,0,2.01,campaign traffic
2018-12-28,tax-service,prod,261727,9456,78.68,498,1096,0.6,99.08,44.38,57.46,37.31,3,0,2.61,campaign traffic
2018-12-28,loyalty-service,prod,268483,9945,79.81,476,978,0.02,99.196,56.38,70.61,48.82,4,0,1.11,database pressure
2018-12-28,notification-service,prod,261748,8851,79.69,472,1025,0.193,99.161,38.9,68.2,54.38,4,0,1.53,incident review
2018-12-28,auth-gateway,prod,266733,8797,80.91,486,986,0.888,99.022,61.26,47.83,30.7,4,0,3.3,cache warmup
2018-12-28,analytics-pipeline,prod,240562,10139,81.22,539,1156,0.188,99.162,60.84,62.31,37.54,3,0,1.67,cache warmup
2018-12-28,search-recommendations,prod,285671,8768,81.52,630,1308,0.555,99.089,36.44,57.67,39.2,4,0,2.79,incident review
2019-01-04,checkout-api,prod,457489,15663,82.64,442,843,0.254,99.209,49.82,65.78,45.07,7,0,1.62,release week
2019-01-04,cart-service,prod,473374,16641,81.16,366,706,0.196,99.221,48.05,48.32,49.08,0,0,1.3,normal baseline
2019-01-04,payment-orchestrator,prod,480706,16003,80.76,427,918,0.449,99.17,61.39,63.81,59.08,6,0,2.07,release week
2019-01-04,order-ledger,prod,253516,7579,82.4,420,911,0.551,99.15,42.44,59.54,27.17,6,0,2.31,database pressure
2019-01-04,inventory-reservation,prod,250418,9193,83.64,369,720,0.02,99.256,45.96,54.6,61.69,2,0,0.87,database pressure
2019-01-04,pricing-engine,prod,265644,8969,82.36,412,859,0.442,99.172,48.2,51.6,36.69,5,0,2.02,campaign traffic
2019-01-04,tax-service,prod,260993,8533,82.77,397,863,0.414,99.177,55.68,69.36,45.21,2,0,1.92,database pressure
2019-01-04,loyalty-service,prod,273103,8879,80.94,436,892,0.02,99.256,36.6,64.3,51.06,7,0,1.02,normal baseline
2019-01-04,notification-service,prod,245770,10329,83.18,382,723,0.391,99.182,46.55,45.85,63.99,7,0,1.83,watch latency
2019-01-04,auth-gateway,prod,260919,8650,81.22,362,722,0.274,99.205,58.05,70.62,49.44,7,0,1.49,incident review
2019-01-04,analytics-pipeline,prod,261748,10707,81.35,418,854,0.381,99.184,42.15,67.77,32.03,5,0,1.88,campaign traffic
2019-01-04,search-recommendations,prod,268255,9857,80.18,552,1184,0.476,99.165,47.19,70.13,48.07,1,0,2.42,normal baseline
2019-01-11,checkout-api,prod,481528,17023,80.78,394,761,0.333,99.193,51.02,58.65,34.55,4,0,1.71,watch latency
2019-01-11,cart-service,prod,438645,16066,83.65,382,870,0.216,99.217,54.34,55.6,60.49,6,0,1.39,watch latency
2019-01-11,payment-orchestrator,prod,441685,15370,81.49,452,1008,0.212,99.218,60.82,66.84,54.86,7,0,1.54,campaign traffic
2019-01-11,order-ledger,prod,269622,9669,82.03,393,780,0.221,99.216,58.96,70.23,31.54,6,0,1.43,campaign traffic
2019-01-11,inventory-reservation,prod,256613,10286,81.51,381,845,0.021,99.256,60.8,52.29,62.18,3,0,0.9,database pressure
2019-01-11,pricing-engine,prod,237663,8866,82.79,395,870,0.56,99.148,38.53,56.74,46.94,5,0,2.28,campaign traffic
2019-01-11,tax-service,prod,265684,10966,81.5,424,806,0.35,99.19,57.06,61.98,29.03,0,0,1.82,database pressure
2019-01-11,loyalty-service,prod,258203,8533,81.19,371,723,0.145,99.231,60.69,47.19,61.92,5,0,1.19,normal baseline
2019-01-11,notification-service,prod,258702,8017,81.31,409,841,0.301,99.2,43.71,46.85,29.54,4,0,1.66,cache warmup
2019-01-11,auth-gateway,prod,262010,8039,83.66,395,876,0.652,99.13,63.65,57.68,40.81,2,0,2.51,release week
2019-01-11,analytics-pipeline,prod,260777,8115,80.78,446,982,0.432,99.174,43.5,61.32,61.63,7,0,2.07,normal baseline
2019-01-11,search-recommendations,prod,241400,9039,80.64,464,1026,0.326,99.195,63.36,48.75,47.69,1,0,1.85,release week
2019-01-18,checkout-api,prod,461863,17007,82.89,390,819,0.253,99.209,57.07,51.06,46.38,1,0,1.5,normal baseline
2019-01-18,cart-service,prod,434520,14833,82.88,403,792,0.303,99.199,60.76,59.65,27.01,5,0,1.65,database pressure
2019-01-18,payment-orchestrator,prod,436557,17111,81.56,365,746,0.122,99.236,45.82,52.38,55.62,0,0,1.12,incident review
2019-01-18,order-ledger,prod,257173,8366,81.18,418,822,0.437,99.173,54.41,59.41,58.87,0,0,2.02,cache warmup
2019-01-18,inventory-reservation,prod,266629,10370,83.02,382,715,0.126,99.235,61.51,60.56,63.14,4,0,1.16,release week
2019-01-18,pricing-engine,prod,246989,8758,82.6,357,716,0.108,99.238,38.87,64.87,41.3,1,0,1.06,campaign traffic
2019-01-18,tax-service,prod,249946,9556,80.57,414,843,0.445,99.171,53.06,51.92,47.18,2,0,2.03,database pressure
2019-01-18,loyalty-service,prod,253131,8255,81.47,438,882,0.374,99.185,61.02,71.82,59.48,5,0,1.91,campaign traffic
2019-01-18,notification-service,prod,270723,10282,82.88,409,804,0.22,99.216,47.77,65.37,55.84,5,0,1.46,cache warmup
2019-01-18,auth-gateway,prod,276441,9428,83.48,388,724,0.331,99.194,58.17,57.49,54.76,0,0,1.69,watch latency
2019-01-18,analytics-pipeline,prod,238816,8941,81.33,477,891,0.18,99.224,43.42,51.28,64.11,3,0,1.51,database pressure
2019-01-18,search-recommendations,prod,272945,11325,81.12,564,1091,0.169,99.226,56.63,52.11,41.5,4,0,1.68,database pressure
2019-01-25,checkout-api,prod,435691,15862,80.95,397,806,0.425,99.175,39.34,71.05,33.25,0,0,1.94,release week
2019-01-25,cart-service,prod,459640,17266,83.0,389,884,0.296,99.201,39.94,54.51,64.5,0,0,1.6,normal baseline
2019-01-25,payment-orchestrator,prod,460877,16383,83.64,358,707,0.183,99.223,53.31,52.64,37.9,1,0,1.25,cache warmup
2019-01-25,order-ledger,prod,271225,8859,83.67,375,865,0.2,99.22,63.31,51.38,44.4,4,0,1.33,cache warmup
2019-01-25,inventory-reservation,prod,237392,10206,81.98,380,786,0.498,99.16,65.97,50.77,30.75,3,0,2.09,cache warmup
2019-01-25,pricing-engine,prod,251371,9757,82.07,385,847,0.185,99.223,65.95,56.43,45.22,2,0,1.32,incident review
2019-01-25,tax-service,prod,252897,10209,81.96,404,904,0.175,99.225,48.52,65.6,60.45,2,0,1.33,release week
2019-01-25,loyalty-service,prod,240578,9189,82.13,405,875,0.19,99.222,53.44,56.88,37.29,3,0,1.38,watch latency
2019-01-25,notification-service,prod,258759,8372,81.59,390,784,0.468,99.166,41.86,48.35,60.95,0,0,2.04,incident review
2019-01-25,auth-gateway,prod,265644,11104,81.19,365,758,0.388,99.182,49.13,63.01,58.12,4,0,1.78,cache warmup
2019-01-25,analytics-pipeline,prod,267087,8338,82.86,513,957,0.148,99.23,59.47,59.48,57.82,1,0,1.51,release week
2019-01-25,search-recommendations,prod,263301,10990,81.86,562,1146,0.201,99.22,52.2,59.32,52.06,5,0,1.75,database pressure
2019-02-01,checkout-api,prod,434536,16355,82.65,407,882,0.157,99.229,50.56,66.88,59.76,4,0,1.3,incident review
2019-02-01,cart-service,prod,471344,16930,80.95,369,727,0.062,99.248,44.06,48.94,42.64,6,0,0.98,database pressure
2019-02-01,payment-orchestrator,prod,433054,15561,81.79,390,756,0.175,99.225,55.29,61.01,42.99,5,0,1.3,incident review
2019-02-01,order-ledger,prod,264983,10840,81.96,381,731,0.158,99.228,53.76,71.12,42.11,7,0,1.24,database pressure
2019-02-01,inventory-reservation,prod,246907,9248,81.48,441,828,0.351,99.19,68.72,69.51,64.46,6,0,1.86,watch latency
2019-02-01,pricing-engine,prod,263463,8911,82.52,400,917,0.574,99.145,43.67,66.57,30.35,6,0,2.32,database pressure
2019-02-01,tax-service,prod,242295,10200,82.27,444,864,0.518,99.156,63.21,49.64,45.71,4,0,2.28,database pressure
2019-02-01,loyalty-service,prod,271082,11402,83.33,408,825,0.204,99.219,64.7,54.9,51.4,6,0,1.42,incident review
2019-02-01,notification-service,prod,274667,9828,80.89,436,870,0.389,99.182,60.85,60.35,44.6,3,0,1.94,cache warmup
2019-02-01,auth-gateway,prod,265842,9554,82.34,387,788,0.224,99.215,44.12,51.23,43.59,2,0,1.42,database pressure
2019-02-01,analytics-pipeline,prod,257082,10928,80.44,469,976,0.062,99.248,63.2,71.15,58.52,0,0,1.2,database pressure
2019-02-01,search-recommendations,prod,257594,8583,80.74,560,1174,0.23,99.214,64.36,53.42,37.56,7,0,1.82,database pressure
2019-02-08,checkout-api,prod,496323,19511,82.24,432,884,0.139,99.232,59.78,73.53,51.67,3,0,1.31,incident review
2019-02-08,cart-service,prod,452541,17145,83.21,384,727,0.298,99.2,47.8,49.92,41.18,4,0,1.6,incident review
2019-02-08,payment-orchestrator,prod,488781,17237,82.26,377,865,0.285,99.203,62.71,56.62,54.98,1,0,1.55,database pressure
2019-02-08,order-ledger,prod,272328,8644,80.92,376,785,0.02,99.256,48.54,50.26,58.99,0,0,0.89,incident review
2019-02-08,inventory-reservation,prod,274401,9923,82.84,432,848,0.384,99.183,59.05,61.13,54.12,1,0,1.92,watch latency
2019-02-08,pricing-engine,prod,258870,10458,81.29,426,856,0.091,99.242,49.9,61.58,30.31,4,0,1.17,database pressure
2019-02-08,tax-service,prod,261698,9488,80.77,363,688,0.034,99.253,54.01,71.8,35.62,2,0,0.89,campaign traffic
2019-02-08,loyalty-service,prod,256397,8418,81.53,445,944,0.111,99.238,43.7,69.51,57.86,4,0,1.27,watch latency
2019-02-08,notification-service,prod,251147,9167,82.34,427,871,0.288,99.202,51.63,61.18,52.31,3,0,1.67,watch latency
2019-02-08,auth-gateway,prod,237626,7807,82.03,449,983,0.02,99.256,65.36,51.88,45.57,6,0,1.05,watch latency
2019-02-08,analytics-pipeline,prod,247370,7858,82.43,503,990,0.297,99.201,57.97,64.43,36.37,6,0,1.86,campaign traffic
2019-02-08,search-recommendations,prod,239530,8512,83.31,492,1032,0.486,99.163,62.97,58.02,43.04,2,0,2.31,release week
2019-02-15,checkout-api,prod,478701,16619,80.74,363,735,0.155,98.779,63.41,50.81,48.5,2,1,1.19,campaign traffic
2019-02-15,cart-service,prod,476440,16685,81.34,358,782,0.396,99.181,44.14,61.42,36.57,5,0,1.79,campaign traffic
2019-02-15,payment-orchestrator,prod,447737,15923,80.82,382,885,0.304,99.199,49.27,68.19,40.95,1,0,1.61,normal baseline
2019-02-15,order-ledger,prod,266336,10165,81.39,432,895,0.272,99.206,58.12,64.29,60.26,0,0,1.64,database pressure
2019-02-15,inventory-reservation,prod,262195,9000,83.73,362,772,0.384,99.183,66.79,72.74,32.11,5,0,1.76,cache warmup
2019-02-15,pricing-engine,prod,254531,8094,82.2,384,870,0.31,99.198,42.26,72.29,40.36,1,0,1.63,database pressure
2019-02-15,tax-service,prod,249375,8012,81.44,378,769,0.47,99.166,49.84,71.99,42.58,7,0,2.01,incident review
2019-02-15,loyalty-service,prod,261775,8725,81.53,398,804,0.319,99.196,68.12,73.36,55.85,7,0,1.68,normal baseline
2019-02-15,notification-service,prod,238699,7984,80.7,421,950,0.077,99.245,61.18,71.56,63.83,3,0,1.13,incident review
2019-02-15,auth-gateway,prod,249184,10028,81.1,413,844,0.391,99.182,56.38,73.81,28.7,1,0,1.89,normal baseline
2019-02-15,analytics-pipeline,prod,244979,8805,82.15,517,1034,0.225,98.765,42.61,72.02,59.81,7,1,1.71,normal baseline
2019-02-15,search-recommendations,prod,239489,8216,81.93,570,1213,0.479,98.714,56.34,53.34,64.8,2,1,2.47,watch latency
2019-02-22,checkout-api,prod,497044,17638,81.27,361,782,0.438,99.172,55.65,60.8,42.36,2,0,1.9,database pressure
2019-02-22,cart-service,prod,468534,17749,82.3,423,950,0.342,99.192,63.02,61.69,41.9,2,0,1.79,cache warmup
2019-02-22,payment-orchestrator,prod,427795,15113,81.15,443,923,0.271,99.206,47.91,66.74,50.96,0,0,1.66,cache warmup
2019-02-22,order-ledger,prod,238142,9999,83.53,386,803,0.388,99.182,63.63,53.59,55.2,4,0,1.83,database pressure
2019-02-22,inventory-reservation,prod,243908,8589,81.89,375,790,0.31,99.198,47.57,59.24,43.73,7,0,1.61,database pressure
2019-02-22,pricing-engine,prod,271237,10059,81.69,420,804,0.137,99.233,48.97,67.85,48.32,0,0,1.28,watch latency
2019-02-22,tax-service,prod,256055,9261,82.32,448,914,0.301,99.2,54.18,71.24,36.93,6,0,1.75,watch latency
2019-02-22,loyalty-service,prod,239244,8976,82.5,445,962,0.257,99.209,69.63,61.47,51.85,4,0,1.63,cache warmup
2019-02-22,notification-service,prod,251220,10338,81.57,390,789,0.02,99.256,66.75,53.42,45.39,6,0,0.92,normal baseline
2019-02-22,auth-gateway,prod,256678,8627,81.55,366,706,0.176,99.225,58.62,68.66,31.1,5,0,1.25,incident review
2019-02-22,analytics-pipeline,prod,241542,8711,81.29,529,1116,0.157,99.229,59.63,74.79,47.09,2,0,1.57,database pressure
2019-02-22,search-recommendations,prod,259860,8700,82.85,512,1052,0.027,99.255,64.14,58.35,47.59,1,0,1.21,cache warmup
2019-03-01,checkout-api,prod,472482,16922,82.14,368,690,0.398,99.18,65.09,57.25,40.65,2,0,1.81,incident review
2019-03-01,cart-service,prod,442580,15225,81.83,402,872,0.206,99.219,49.66,67.53,61.44,1,0,1.41,database pressure
2019-03-01,payment-orchestrator,prod,493932,18805,81.4,446,844,0.446,99.171,59.45,67.69,53.59,1,0,2.1,campaign traffic
2019-03-01,order-ledger,prod,256392,10332,81.6,431,818,0.369,99.186,63.62,55.32,47.69,6,0,1.88,watch latency
2019-03-01,inventory-reservation,prod,265256,8966,80.66,401,848,0.273,99.205,47.32,58.71,30.87,6,0,1.57,normal baseline
2019-03-01,pricing-engine,prod,242573,10393,82.21,365,789,0.088,99.242,58.62,50.41,43.19,1,0,1.03,campaign traffic
2019-03-01,tax-service,prod,254413,8512,83.25,393,872,0.451,99.17,61.53,63.83,64.33,7,0,2.0,watch latency
2019-03-01,loyalty-service,prod,252033,9666,83.01,382,868,0.351,99.19,45.2,74.23,44.62,0,0,1.73,normal baseline
2019-03-01,notification-service,prod,237159,7348,83.65,372,810,0.31,99.198,48.46,61.7,63.0,0,0,1.6,incident review
2019-03-01,auth-gateway,prod,269040,9059,82.01,424,937,0.34,98.742,64.57,72.55,58.26,5,1,1.79,cache warmup
2019-03-01,analytics-pipeline,prod,238836,9275,80.32,528,1020,0.278,99.204,47.13,53.06,50.76,6,0,1.87,incident review
2019-03-01,search-recommendations,prod,240545,8175,82.61,504,966,0.386,99.183,62.41,71.12,46.43,2,0,2.09,database pressure
2019-03-08,checkout-api,prod,478416,15775,82.28,431,805,0.177,99.225,69.9,61.99,60.53,6,0,1.4,cache warmup
2019-03-08,cart-service,prod,481230,18671,80.52,412,900,0.211,99.218,47.81,57.57,60.84,1,0,1.44,campaign traffic
2019-03-08,payment-orchestrator,prod,475124,17723,83.37,436,855,0.027,99.255,72.5,66.23,55.04,2,0,1.04,cache warmup
2019-03-08,order-ledger,prod,275387,8478,81.07,411,809,0.408,99.178,49.77,73.57,40.65,7,0,1.93,watch latency
2019-03-08,inventory-reservation,prod,249057,9312,80.45,407,823,0.505,99.159,48.18,65.99,39.84,5,0,2.17,normal baseline
2019-03-08,pricing-engine,prod,267775,8087,83.58,440,914,0.188,99.222,63.13,63.75,60.61,2,0,1.45,watch latency
2019-03-08,tax-service,prod,265992,10440,80.32,448,998,0.436,99.173,66.71,60.74,51.72,1,0,2.08,cache warmup
2019-03-08,loyalty-service,prod,251216,10467,82.03,405,912,0.444,99.171,63.24,65.21,51.53,3,0,2.01,campaign traffic
2019-03-08,notification-service,prod,258751,7827,81.3,443,823,0.262,99.208,62.93,53.53,36.86,5,0,1.64,watch latency
2019-03-08,auth-gateway,prod,253335,9088,81.13,397,798,0.277,99.205,43.62,52.62,32.25,3,0,1.57,normal baseline
2019-03-08,analytics-pipeline,prod,249710,9284,81.22,400,853,0.248,99.21,44.63,66.13,58.3,3,0,1.51,campaign traffic
2019-03-08,search-recommendations,prod,274070,11389,83.06,464,887,0.697,99.121,61.01,67.59,61.23,5,0,2.77,cache warmup
2019-03-15,checkout-api,prod,432727,14917,81.19,393,764,0.19,99.222,57.99,54.0,64.92,6,0,1.35,release week
2019-03-15,cart-service,prod,479831,16028,82.98,413,901,0.078,99.244,47.49,63.9,31.29,3,0,1.11,watch latency
2019-03-15,payment-orchestrator,prod,468246,17866,82.6,405,830,0.502,99.16,61.12,67.39,48.39,5,0,2.15,release week
2019-03-15,order-ledger,prod,265778,10512,83.24,415,872,0.472,99.166,57.88,74.67,51.99,0,0,2.1,incident review
2019-03-15,inventory-reservation,prod,276195,8994,81.21,437,965,0.02,99.256,64.96,62.29,35.04,0,0,1.02,watch latency
2019-03-15,pricing-engine,prod,244023,8097,82.88,431,948,0.259,99.208,70.63,63.8,37.17,3,0,1.61,normal baseline
2019-03-15,tax-service,prod,258174,10900,82.25,380,884,0.107,99.239,59.45,52.57,41.73,7,0,1.11,watch latency
2019-03-15,loyalty-service,prod,250453,9371,82.5,377,716,0.878,99.084,59.22,63.52,51.0,4,0,3.03,database pressure
2019-03-15,notification-service,prod,248813,10351,82.1,375,841,0.11,99.238,60.61,52.45,58.8,1,0,1.11,watch latency
2019-03-15,auth-gateway,prod,257483,9873,83.63,372,741,0.586,99.143,47.32,56.1,51.86,4,0,2.29,cache warmup
2019-03-15,analytics-pipeline,prod,272033,10452,83.09,551,1120,0.261,99.208,61.18,57.46,57.47,5,0,1.88,campaign traffic
2019-03-15,search-recommendations,prod,248987,9768,80.6,495,1067,0.488,99.162,52.82,58.9,55.89,0,0,2.32,cache warmup
2019-03-22,checkout-api,prod,480420,15766,83.58,381,797,0.559,99.148,50.78,74.13,56.76,7,0,2.24,incident review
2019-03-22,cart-service,prod,453997,15713,81.92,376,696,0.436,99.173,73.05,55.87,48.89,0,0,1.92,database pressure
2019-03-22,payment-orchestrator,prod,427190,13904,83.49,425,963,0.255,99.209,73.35,67.93,44.06,2,0,1.58,cache warmup
2019-03-22,order-ledger,prod,248400,9987,81.01,360,701,0.106,99.239,67.01,66.87,43.3,5,0,1.06,cache warmup
2019-03-22,inventory-reservation,prod,271720,9172,82.62,396,742,0.09,98.792,61.82,68.58,30.62,7,1,1.11,watch latency
2019-03-22,pricing-engine,prod,260109,10744,82.94,394,809,0.292,99.202,48.42,66.48,53.03,5,0,1.61,cache warmup
2019-03-22,tax-service,prod,251453,9607,83.24,390,788,0.251,99.21,49.08,76.64,60.63,4,0,1.5,normal baseline
2019-03-22,loyalty-service,prod,240843,10154,83.45,409,784,0.278,99.204,69.21,59.04,39.12,5,0,1.6,incident review
2019-03-22,notification-service,prod,270709,9995,83.09,373,758,0.331,99.194,64.79,60.68,40.95,6,0,1.66,database pressure
2019-03-22,auth-gateway,prod,261298,8962,80.61,389,874,0.338,99.192,50.38,74.2,37.72,5,0,1.71,database pressure
2019-03-22,analytics-pipeline,prod,255012,10804,80.22,539,1157,0.464,99.167,66.27,70.83,60.82,4,0,2.36,watch latency
2019-03-22,search-recommendations,prod,267459,8645,82.1,546,1101,0.534,99.153,46.93,70.88,52.21,2,0,2.55,campaign traffic
2019-03-29,checkout-api,prod,471312,16402,82.13,364,725,0.283,99.203,59.33,56.24,59.25,7,0,1.52,cache warmup
2019-03-29,cart-service,prod,432030,14531,83.26,377,866,0.388,99.182,44.78,56.74,37.04,6,0,1.81,cache warmup
2019-03-29,payment-orchestrator,prod,435699,14509,81.6,377,781,0.632,98.684,50.2,62.21,57.86,3,1,2.42,database pressure
2019-03-29,order-ledger,prod,250164,9794,82.38,442,964,0.209,99.218,67.89,75.09,63.27,7,0,1.51,release week
2019-03-29,inventory-reservation,prod,239418,10339,82.43,448,917,0.813,99.097,53.98,51.3,56.16,2,0,3.03,cache warmup
2019-03-29,pricing-engine,prod,245080,9304,81.27,428,959,0.251,99.21,50.35,75.86,43.15,1,0,1.58,watch latency
2019-03-29,tax-service,prod,257127,10903,83.35,373,842,0.34,99.192,54.42,70.14,59.13,7,0,1.68,release week
2019-03-29,loyalty-service,prod,245463,7441,83.17,408,884,0.048,99.25,55.42,71.19,52.2,5,0,1.03,incident review
2019-03-29,notification-service,prod,270456,10125,81.95,448,894,0.02,99.256,49.73,56.69,44.09,1,0,1.05,database pressure
2019-03-29,auth-gateway,prod,274930,11237,81.95,412,810,0.252,99.21,67.37,70.68,43.79,5,0,1.55,watch latency
2019-03-29,analytics-pipeline,prod,251260,8926,82.86,518,1063,0.17,99.226,45.36,70.55,62.77,1,0,1.58,cache warmup
2019-03-29,search-recommendations,prod,263081,9511,81.03,519,1097,0.268,99.206,61.3,64.99,52.21,3,0,1.82,database pressure
2019-04-05,checkout-api,prod,451123,15911,81.2,373,830,0.322,99.196,72.79,64.26,54.42,4,0,1.64,cache warmup
2019-04-05,cart-service,prod,429363,14398,81.07,414,848,0.34,99.192,50.89,57.66,63.24,5,0,1.77,release week
2019-04-05,payment-orchestrator,prod,497853,18613,80.76,416,873,0.301,99.2,67.39,68.32,62.16,0,0,1.68,incident review
2019-04-05,order-ledger,prod,265422,10229,83.36,440,950,0.37,99.186,66.71,59.94,45.37,0,0,1.9,normal baseline
2019-04-05,inventory-reservation,prod,246536,7957,81.21,429,850,0.343,99.191,44.89,63.58,33.28,2,0,1.81,campaign traffic
2019-04-05,pricing-engine,prod,258076,9875,82.9,432,909,0.522,99.156,56.63,54.55,46.71,3,0,2.26,incident review
2019-04-05,tax-service,prod,248589,8205,83.09,444,854,0.379,99.184,69.87,62.13,60.13,2,0,1.93,normal baseline
2019-04-05,loyalty-service,prod,245699,8378,83.59,411,784,0.278,99.204,55.81,76.59,50.63,4,0,1.61,normal baseline
2019-04-05,notification-service,prod,265582,10904,81.2,420,864,0.605,99.139,46.62,54.09,58.15,0,0,2.45,incident review
2019-04-05,auth-gateway,prod,238825,8712,82.89,433,833,0.06,99.248,61.81,73.35,64.41,7,0,1.11,cache warmup
2019-04-05,analytics-pipeline,prod,275581,9096,82.83,481,997,0.483,99.163,59.68,73.36,29.57,3,0,2.28,incident review
2019-04-05,search-recommendations,prod,272187,11479,80.46,496,965,0.187,99.223,73.85,66.08,44.86,0,0,1.57,release week
2019-04-12,checkout-api,prod,428643,14922,80.99,426,918,0.312,99.198,57.72,67.63,33.0,5,0,1.73,database pressure
2019-04-12,cart-service,prod,430545,16301,82.88,358,828,0.324,99.195,68.61,75.59,49.36,5,0,1.6,database pressure
2019-04-12,payment-orchestrator,prod,464905,17393,82.46,452,949,0.443,99.171,49.08,63.98,52.18,0,0,2.11,normal baseline
2019-04-12,order-ledger,prod,276800,11347,83.65,357,815,0.319,99.196,67.61,71.54,55.32,4,0,1.59,watch latency
2019-04-12,inventory-reservation,prod,270187,10810,82.01,362,747,0.526,99.155,72.75,67.03,63.1,0,0,2.12,incident review
2019-04-12,pricing-engine,prod,243654,10170,81.54,437,914,0.43,99.174,58.32,51.82,56.1,4,0,2.05,campaign traffic
2019-04-12,tax-service,prod,243699,8561,83.02,447,926,0.204,99.219,60.35,60.09,39.48,6,0,1.5,database pressure
2019-04-12,loyalty-service,prod,253729,7911,81.16,368,810,0.1,99.24,57.62,56.43,51.23,5,0,1.07,campaign traffic
2019-04-12,notification-service,prod,275272,11371,82.24,438,937,0.469,99.166,62.23,65.99,35.12,0,0,2.15,incident review
2019-04-12,auth-gateway,prod,267226,11099,81.36,423,908,0.381,99.184,54.98,65.02,57.52,3,0,1.89,incident review
2019-04-12,analytics-pipeline,prod,245200,7755,80.32,488,1067,0.33,99.194,60.33,60.99,50.76,1,0,1.91,database pressure
2019-04-12,search-recommendations,prod,259631,10049,80.5,446,893,0.319,99.196,56.33,63.37,30.61,3,0,1.79,watch latency
2019-04-19,checkout-api,prod,428538,14308,81.14,426,962,0.207,99.219,57.58,60.68,62.01,1,0,1.46,campaign traffic
2019-04-19,cart-service,prod,478962,18360,81.75,376,711,0.209,99.218,70.68,53.52,35.23,2,0,1.36,incident review
2019-04-19,payment-orchestrator,prod,486630,16098,80.68,443,860,0.1,99.24,69.56,52.05,57.38,6,0,1.24,normal baseline
2019-04-19,order-ledger,prod,269453,11166,81.97,413,857,0.205,99.219,55.62,68.61,39.74,7,0,1.43,release week
2019-04-19,inventory-reservation,prod,255036,10258,83.32,397,743,0.195,99.221,72.16,57.39,40.52,4,0,1.37,watch latency
2019-04-19,pricing-engine,prod,261956,10979,83.66,408,851,0.546,99.151,66.82,55.75,33.5,6,0,2.27,normal baseline
2019-04-19,tax-service,prod,242191,9049,83.25,384,847,0.356,99.189,61.83,62.84,56.79,2,0,1.74,incident review
2019-04-19,loyalty-service,prod,263281,10571,80.97,394,833,0.643,99.131,53.13,54.63,58.29,1,0,2.48,watch latency
2019-04-19,notification-service,prod,242471,9795,81.08,435,973,0.278,99.204,48.23,71.11,39.42,7,0,1.66,incident review
2019-04-19,auth-gateway,prod,243974,8718,82.54,372,689,0.483,99.163,52.77,66.8,52.23,6,0,2.04,release week
2019-04-19,analytics-pipeline,prod,263635,8602,80.68,539,1146,0.813,99.097,46.96,70.81,41.76,1,0,3.23,database pressure
2019-04-19,search-recommendations,prod,255309,7904,82.22,508,1038,0.245,99.211,55.61,66.19,43.47,6,0,1.74,incident review
2019-04-26,checkout-api,prod,457459,17144,81.15,413,764,0.174,99.225,57.05,64.01,43.66,4,0,1.35,database pressure
2019-04-26,cart-service,prod,482805,18074,81.97,429,961,0.34,99.192,70.69,52.84,52.73,7,0,1.8,normal baseline
2019-04-26,payment-orchestrator,prod,473486,17835,80.89,418,809,0.194,99.221,57.79,54.49,53.59,6,0,1.41,campaign traffic
2019-04-26,order-ledger,prod,258743,8763,83.33,441,976,0.395,99.181,67.4,67.83,34.55,0,0,1.97,normal baseline
2019-04-26,inventory-reservation,prod,250369,7821,80.98,430,822,0.07,99.246,71.3,65.01,64.79,5,0,1.13,incident review
2019-04-26,pricing-engine,prod,275445,10456,80.88,447,986,0.058,99.248,58.61,71.0,37.86,4,0,1.14,normal baseline
2019-04-26,tax-service,prod,241417,7145,82.36,445,922,0.126,98.785,65.92,54.76,43.73,0,1,1.3,normal baseline
2019-04-26,loyalty-service,prod,262705,10040,83.56,398,904,0.179,99.224,68.85,63.43,30.6,2,0,1.33,campaign traffic
2019-04-26,notification-service,prod,266675,9224,82.45,409,816,0.418,99.176,47.7,65.1,62.29,4,0,1.96,database pressure
2019-04-26,auth-gateway,prod,244063,9441,81.11,367,722,0.201,99.22,44.53,57.73,51.48,3,0,1.32,release week
2019-04-26,analytics-pipeline,prod,246574,10045,80.5,534,1095,0.265,99.207,50.1,62.87,52.12,1,0,1.85,campaign traffic
2019-04-26,search-recommendations,prod,257405,9161,82.09,506,946,0.02,99.256,51.89,62.4,57.77,4,0,1.17,campaign traffic
2019-05-03,checkout-api,prod,486873,18028,82.89,441,826,0.361,99.188,59.83,71.45,40.15,6,0,1.88,incident review
2019-05-03,cart-service,prod,465859,17906,81.38,434,857,0.426,99.175,72.73,64.43,33.28,4,0,2.03,normal baseline
2019-05-03,payment-orchestrator,prod,445104,16054,80.94,394,784,0.234,99.213,50.12,67.5,35.62,2,0,1.46,campaign traffic
2019-05-03,order-ledger,prod,258130,10884,82.03,421,846,0.125,99.235,72.47,68.56,36.17,4,0,1.25,incident review
2019-05-03,inventory-reservation,prod,264916,8275,81.81,450,885,0.466,99.167,64.03,71.96,46.16,1,0,2.17,watch latency
2019-05-03,pricing-engine,prod,274292,8946,82.13,366,834,0.257,99.209,49.17,60.48,40.16,2,0,1.46,cache warmup
2019-05-03,tax-service,prod,238509,8080,82.32,364,720,0.248,99.21,70.99,75.36,52.22,0,0,1.43,cache warmup
2019-05-03,loyalty-service,prod,258863,10292,82.03,396,857,0.396,99.181,47.69,52.55,43.65,2,0,1.87,normal baseline
2019-05-03,notification-service,prod,249152,8371,81.05,440,972,0.082,99.244,64.91,75.96,61.46,5,0,1.18,cache warmup
2019-05-03,auth-gateway,prod,275543,8907,83.03,452,990,0.523,99.155,47.01,63.43,41.63,0,0,2.31,database pressure
2019-05-03,analytics-pipeline,prod,274706,9385,81.56,484,964,0.121,99.236,50.14,72.79,59.44,6,0,1.38,watch latency
2019-05-03,search-recommendations,prod,266027,9099,81.84,524,963,0.118,99.236,42.98,58.64,33.84,3,0,1.46,watch latency
2019-05-10,checkout-api,prod,427334,14979,82.58,426,841,0.293,99.201,49.8,73.11,59.49,1,0,1.68,database pressure
2019-05-10,cart-service,prod,482196,18074,82.04,418,935,0.155,99.229,65.34,65.35,46.68,6,0,1.32,campaign traffic
2019-05-10,payment-orchestrator,prod,493398,17517,82.96,385,791,0.564,99.147,45.73,69.74,40.6,2,0,2.27,release week
2019-05-10,order-ledger,prod,237021,9241,83.29,359,789,0.34,99.192,45.38,66.0,34.59,3,0,1.65,release week
2019-05-10,inventory-reservation,prod,265372,9559,82.21,445,856,0.195,99.221,68.65,64.24,36.87,6,0,1.48,cache warmup
2019-05-10,pricing-engine,prod,266637,9396,80.65,419,812,0.343,99.191,63.26,72.02,64.73,6,0,1.79,watch latency
2019-05-10,tax-service,prod,273031,8844,82.61,418,863,0.501,99.16,49.61,53.92,34.49,6,0,2.18,watch latency
2019-05-10,loyalty-service,prod,274051,8292,81.1,418,885,0.229,99.214,45.63,52.65,64.42,2,0,1.5,incident review
2019-05-10,notification-service,prod,247094,10186,83.04,398,758,0.208,99.218,66.11,74.13,38.83,6,0,1.41,normal baseline
2019-05-10,auth-gateway,prod,256557,8030,81.06,407,868,0.101,99.24,54.44,74.4,48.35,4,0,1.16,campaign traffic
2019-05-10,analytics-pipeline,prod,254805,8725,81.05,502,995,0.406,99.179,62.08,63.41,57.67,3,0,2.13,normal baseline
2019-05-10,search-recommendations,prod,259944,10877,81.54,473,914,0.446,99.171,48.29,62.28,59.49,5,0,2.16,incident review
2019-05-17,checkout-api,prod,495550,18860,83.5,399,794,0.411,99.178,51.13,70.84,62.44,6,0,1.91,database pressure
2019-05-17,cart-service,prod,491191,17694,81.59,408,823,0.26,99.208,45.28,62.28,50.23,1,0,1.56,campaign traffic
2019-05-17,payment-orchestrator,prod,429118,16137,83.42,408,869,0.395,99.181,65.52,65.74,44.09,3,0,1.89,incident review
2019-05-17,order-ledger,prod,263247,10752,80.87,402,753,0.492,99.162,68.94,61.22,37.48,6,0,2.12,campaign traffic
2019-05-17,inventory-reservation,prod,258350,9028,80.53,449,948,0.02,99.256,62.73,54.94,51.85,4,0,1.05,cache warmup
2019-05-17,pricing-engine,prod,274666,11111,81.09,376,705,0.365,99.187,57.78,61.79,45.4,4,0,1.75,campaign traffic
2019-05-17,tax-service,prod,249607,10656,80.99,395,909,0.476,99.165,60.78,61.01,40.59,2,0,2.07,release week
2019-05-17,loyalty-service,prod,258020,9372,83.17,412,781,0.25,99.21,42.6,51.59,54.36,1,0,1.54,release week
2019-05-17,notification-service,prod,256032,9755,80.36,421,804,0.053,99.249,51.36,69.72,51.92,3,0,1.07,watch latency
2019-05-17,auth-gateway,prod,240825,8341,81.41,395,755,0.586,99.143,66.77,56.21,32.18,3,0,2.34,release week
2019-05-17,analytics-pipeline,prod,259536,9138,82.08,535,1038,0.241,99.212,53.83,69.0,32.68,4,0,1.79,release week
2019-05-17,search-recommendations,prod,238742,9054,81.22,514,990,0.079,99.244,69.25,73.53,52.65,2,0,1.34,incident review
2019-05-24,checkout-api,prod,448151,17767,81.03,427,895,0.168,99.226,66.02,60.09,36.3,2,0,1.37,watch latency
2019-05-24,cart-service,prod,489720,18927,82.23,446,918,0.074,99.245,51.0,65.19,34.06,0,0,1.18,normal baseline
2019-05-24,payment-orchestrator,prod,492211,18431,81.97,413,903,0.309,98.748,67.01,61.7,27.34,6,1,1.69,release week
2019-05-24,order-ledger,prod,238011,8460,81.38,416,869,0.197,99.221,61.04,61.26,50.82,1,0,1.42,cache warmup
2019-05-24,inventory-reservation,prod,241388,9480,83.36,415,798,0.039,99.252,47.75,73.22,36.03,6,0,1.02,watch latency
2019-05-24,pricing-engine,prod,245212,9863,82.08,441,891,0.774,99.105,67.98,64.33,41.09,5,0,2.91,normal baseline
2019-05-24,tax-service,prod,243684,10198,82.09,394,842,0.381,99.184,54.73,71.14,35.65,3,0,1.83,database pressure
2019-05-24,loyalty-service,prod,246921,8868,83.51,421,844,0.335,98.743,51.07,55.92,28.44,3,1,1.77,watch latency
2019-05-24,notification-service,prod,261620,8304,83.16,446,985,0.61,99.138,56.84,63.81,39.05,7,0,2.52,normal baseline
2019-05-24,auth-gateway,prod,264458,10864,83.35,383,842,0.193,99.221,57.85,52.68,37.23,0,0,1.33,release week
2019-05-24,analytics-pipeline,prod,254166,10055,81.63,471,894,0.487,99.163,55.93,62.55,41.35,7,0,2.26,incident review
2019-05-24,search-recommendations,prod,248883,9564,81.39,477,920,0.298,99.2,49.41,64.95,55.5,7,0,1.8,cache warmup
2019-05-31,checkout-api,prod,447483,16300,82.75,412,781,0.308,99.198,56.59,58.41,43.73,6,0,1.68,release week
2019-05-31,cart-service,prod,476222,16130,81.84,421,867,0.286,99.203,47.33,55.82,35.21,0,0,1.65,cache warmup
2019-05-31,payment-orchestrator,prod,492017,19325,80.69,432,932,0.02,99.256,68.08,57.46,52.91,6,0,1.01,incident review
2019-05-31,order-ledger,prod,258542,8542,81.62,385,890,0.512,99.158,41.53,73.81,61.54,2,0,2.14,campaign traffic
2019-05-31,inventory-reservation,prod,270490,10814,81.53,370,818,0.378,99.184,65.48,57.26,42.95,4,0,1.77,incident review
2019-05-31,pricing-engine,prod,253697,10516,83.19,408,892,0.552,99.15,68.16,58.9,44.91,0,0,2.29,incident review
2019-05-31,tax-service,prod,268737,10091,83.25,405,891,0.084,99.243,59.03,50.18,35.15,2,0,1.11,watch latency
2019-05-31,loyalty-service,prod,270540,11344,82.64,410,885,0.104,99.239,59.41,63.34,42.25,4,0,1.17,database pressure
2019-05-31,notification-service,prod,273606,10338,82.42,369,694,0.024,99.255,45.3,56.96,64.85,6,0,0.88,cache warmup
2019-05-31,auth-gateway,prod,242504,10228,81.75,439,988,0.02,99.256,66.74,71.34,59.72,1,0,1.03,database pressure
2019-05-31,analytics-pipeline,prod,264613,10641,81.81,444,903,0.071,99.246,43.38,54.46,46.96,1,0,1.17,database pressure
2019-05-31,search-recommendations,prod,240240,7615,80.68,475,877,0.652,99.13,67.07,73.23,46.11,3,0,2.69,incident review
2019-06-07,checkout-api,prod,460243,15190,80.98,426,906,0.3,99.2,62.3,71.17,54.05,4,0,1.7,watch latency
2019-06-07,cart-service,prod,481908,18923,83.17,452,910,0.317,99.197,39.76,51.54,38.63,5,0,1.8,database pressure
2019-06-07,payment-orchestrator,prod,448025,14610,83.6,438,965,0.351,99.19,55.65,60.8,28.21,5,0,1.85,cache warmup
2019-06-07,order-ledger,prod,244074,9171,82.28,412,912,0.269,99.206,67.79,66.27,49.04,7,0,1.59,campaign traffic
2019-06-07,inventory-reservation,prod,255532,7744,83.31,431,917,0.082,99.244,43.32,58.37,44.73,3,0,1.16,watch latency
2019-06-07,pricing-engine,prod,260465,8414,81.87,370,714,0.267,99.207,54.37,58.41,40.13,0,0,1.49,release week
2019-06-07,tax-service,prod,267451,10777,80.55,451,939,0.054,99.249,53.17,53.22,62.53,3,0,1.14,release week
2019-06-07,loyalty-service,prod,246899,8271,80.77,418,809,0.311,98.748,42.82,50.89,60.8,0,1,1.71,normal baseline
2019-06-07,notification-service,prod,239617,8044,80.36,446,955,0.307,99.199,62.11,69.59,63.15,7,0,1.76,release week
2019-06-07,auth-gateway,prod,248723,9694,82.95,371,805,0.472,99.166,63.12,51.83,60.9,3,0,2.0,cache warmup
2019-06-07,analytics-pipeline,prod,256896,9780,82.86,459,974,0.189,99.222,49.52,60.61,30.2,4,0,1.49,watch latency
2019-06-07,search-recommendations,prod,268358,11173,83.54,437,918,0.206,99.219,57.35,47.59,32.32,2,0,1.49,cache warmup
2019-06-14,checkout-api,prod,481775,18453,81.02,389,744,0.139,99.232,65.26,68.89,59.81,1,0,1.21,release week
2019-06-14,cart-service,prod,455209,16922,82.57,386,864,0.484,99.163,62.56,53.3,43.96,3,0,2.07,cache warmup
2019-06-14,payment-orchestrator,prod,454060,15887,81.36,395,828,0.389,99.182,49.2,57.33,61.2,5,0,1.85,normal baseline
2019-06-14,order-ledger,prod,265199,9627,83.19,440,909,0.487,99.163,68.22,46.8,42.4,1,0,2.2,incident review
2019-06-14,inventory-reservation,prod,255304,9295,82.09,393,741,0.076,99.245,57.67,50.54,29.33,0,0,1.06,incident review
2019-06-14,pricing-engine,prod,258400,10287,80.49,403,857,0.294,99.201,60.08,55.56,37.91,0,0,1.63,database pressure
2019-06-14,tax-service,prod,265628,10704,81.29,380,762,0.089,99.242,54.08,54.73,64.3,3,0,1.07,database pressure
2019-06-14,loyalty-service,prod,245629,9464,83.02,392,895,0.036,99.253,49.16,58.5,36.57,2,0,0.96,campaign traffic
2019-06-14,notification-service,prod,239552,9920,82.16,387,725,0.133,99.233,59.02,62.93,56.89,6,0,1.19,campaign traffic
2019-06-14,auth-gateway,prod,243001,7957,82.99,432,910,0.498,99.16,45.79,57.85,46.72,4,0,2.2,cache warmup
2019-06-14,analytics-pipeline,prod,237418,6988,80.14,545,1139,0.067,99.247,40.75,66.94,34.19,2,0,1.38,watch latency
2019-06-14,search-recommendations,prod,275909,10534,81.96,506,1004,0.49,99.162,50.06,68.22,54.56,0,0,2.35,incident review
2019-06-21,checkout-api,prod,485857,16020,81.24,449,1002,0.124,99.235,48.26,60.5,51.27,0,0,1.31,watch latency
2019-06-21,cart-service,prod,433391,13980,80.64,364,688,0.064,99.247,39.95,60.89,45.61,5,0,0.97,watch latency
2019-06-21,payment-orchestrator,prod,467389,17615,83.19,449,851,0.277,99.205,50.51,71.49,54.94,2,0,1.69,database pressure
2019-06-21,order-ledger,prod,269727,9975,81.12,412,811,0.528,99.154,55.9,61.84,46.92,5,0,2.24,database pressure
2019-06-21,inventory-reservation,prod,263005,10062,81.33,442,857,0.251,99.21,54.8,54.76,53.59,0,0,1.61,watch latency
2019-06-21,pricing-engine,prod,271313,9245,81.02,358,732,0.319,99.196,60.14,60.83,56.55,3,0,1.59,incident review
2019-06-21,tax-service,prod,268123,9815,81.18,438,841,0.574,99.145,61.68,52.55,48.62,5,0,2.41,cache warmup
2019-06-21,loyalty-service,prod,268049,9284,83.35,375,755,0.345,99.191,56.36,64.31,54.01,7,0,1.69,campaign traffic
2019-06-21,notification-service,prod,270473,11454,83.03,443,993,0.131,98.784,42.32,61.68,41.93,2,1,1.31,normal baseline
2019-06-21,auth-gateway,prod,267863,9809,81.38,414,789,0.268,99.206,66.73,54.6,58.6,1,0,1.59,cache warmup
2019-06-21,analytics-pipeline,prod,239363,7357,82.06,467,969,0.307,99.199,61.35,48.04,34.54,3,0,1.81,release week
2019-06-21,search-recommendations,prod,264793,10787,81.71,476,1021,0.665,99.127,50.85,70.28,49.83,3,0,2.72,campaign traffic
2019-06-28,checkout-api,prod,440758,17358,83.68,372,819,0.689,99.122,52.15,59.86,45.2,7,0,2.55,watch latency
2019-06-28,cart-service,prod,436858,16138,81.07,448,982,0.138,99.232,57.07,55.41,54.03,2,0,1.34,database pressure
2019-06-28,payment-orchestrator,prod,461016,15318,83.37,395,731,0.207,99.219,41.72,66.38,59.69,4,0,1.39,watch latency
2019-06-28,order-ledger,prod,264013,9764,82.96,427,935,0.521,99.156,44.09,47.3,62.43,3,0,2.25,release week
2019-06-28,inventory-reservation,prod,270468,9756,82.82,421,871,0.251,99.21,44.77,69.74,43.46,2,0,1.56,cache warmup
2019-06-28,pricing-engine,prod,243870,10502,80.71,449,1007,0.189,99.222,58.55,52.75,53.08,7,0,1.47,campaign traffic
2019-06-28,tax-service,prod,249053,9079,80.91,420,838,0.668,99.126,42.27,65.05,28.31,2,0,2.6,cache warmup
2019-06-28,loyalty-service,prod,255739,8948,82.34,425,857,0.201,99.22,51.08,63.33,34.98,2,0,1.45,incident review
2019-06-28,notification-service,prod,273236,8589,82.26,449,922,0.384,99.183,37.68,56.24,46.66,6,0,1.96,incident review
2019-06-28,auth-gateway,prod,247831,7612,80.47,416,821,0.22,99.216,45.74,70.44,55.91,4,0,1.47,incident review
2019-06-28,analytics-pipeline,prod,265365,9908,81.63,554,1050,0.138,99.232,41.79,47.32,53.68,0,0,1.58,incident review
2019-06-28,search-recommendations,prod,238998,9688,80.47,498,986,0.436,99.173,56.17,51.93,46.79,0,0,2.2,normal baseline
2019-07-05,checkout-api,prod,464976,17156,83.49,451,885,0.148,99.23,53.38,44.65,36.78,5,0,1.37,normal baseline
2019-07-05,cart-service,prod,460546,17825,81.58,365,757,0.503,99.159,49.77,55.18,48.69,7,0,2.07,cache warmup
2019-07-05,payment-orchestrator,prod,484021,17656,80.47,424,931,0.02,99.256,59.74,55.01,31.44,7,0,0.99,database pressure
2019-07-05,order-ledger,prod,275732,9322,80.78,366,678,0.666,98.677,36.67,50.09,36.91,3,1,2.48,database pressure
2019-07-05,inventory-reservation,prod,268170,9257,81.07,408,797,0.02,98.806,39.5,63.54,35.23,4,1,0.96,normal baseline
2019-07-05,pricing-engine,prod,241182,9973,80.74,438,942,0.285,99.203,64.64,69.5,46.75,4,0,1.69,cache warmup
2019-07-05,tax-service,prod,259974,10381,82.71,387,786,0.02,99.256,43.3,67.38,35.73,4,0,0.91,cache warmup
2019-07-05,loyalty-service,prod,262309,10343,83.6,401,837,0.3,99.2,54.02,52.07,42.75,7,0,1.64,database pressure
2019-07-05,notification-service,prod,273315,10734,80.86,373,692,0.249,99.21,46.83,64.36,51.55,0,0,1.45,watch latency
2019-07-05,auth-gateway,prod,263784,8223,81.16,421,793,0.33,99.194,35.85,49.41,35.14,0,0,1.76,release week
2019-07-05,analytics-pipeline,prod,268423,9868,81.28,521,1054,0.144,99.231,60.25,47.76,49.25,4,0,1.52,watch latency
2019-07-05,search-recommendations,prod,270937,10830,83.46,480,914,0.388,99.182,57.32,49.15,59.67,0,0,2.04,cache warmup
2019-07-12,checkout-api,prod,490914,16817,83.77,359,716,0.02,99.256,39.07,62.63,51.76,3,0,0.85,database pressure
2019-07-12,cart-service,prod,471490,17838,83.11,374,863,0.02,99.256,49.5,52.03,40.16,5,0,0.88,release week
2019-07-12,payment-orchestrator,prod,480952,18278,83.22,369,707,0.173,99.225,40.43,45.56,54.89,4,0,1.25,watch latency
2019-07-12,order-ledger,prod,247757,7651,81.01,405,902,0.224,99.215,62.99,66.36,56.71,5,0,1.46,normal baseline
2019-07-12,inventory-reservation,prod,246939,9055,82.99,446,906,0.108,99.238,64.34,53.7,60.75,4,0,1.26,incident review
2019-07-12,pricing-engine,prod,249854,9566,81.4,377,714,0.295,99.201,63.27,46.56,41.98,4,0,1.57,database pressure
2019-07-12,tax-service,prod,271274,9118,81.02,392,734,0.233,99.213,59.31,56.29,58.24,5,0,1.45,database pressure
2019-07-12,loyalty-service,prod,246095,8540,80.4,399,769,0.303,99.199,48.54,61.2,56.87,5,0,1.65,normal baseline
2019-07-12,notification-service,prod,259193,10085,81.76,412,787,0.191,99.222,41.01,46.84,37.77,7,0,1.39,database pressure
2019-07-12,auth-gateway,prod,251030,8435,80.98,407,784,0.346,99.191,59.84,46.58,53.54,5,0,1.77,release week
2019-07-12,analytics-pipeline,prod,258176,8613,81.31,444,859,0.055,99.249,57.09,54.23,35.6,7,0,1.12,campaign traffic
2019-07-12,search-recommendations,prod,269890,11141,80.43,520,971,0.263,99.207,63.53,49.0,27.88,1,0,1.81,normal baseline
2019-07-19,checkout-api,prod,493988,18610,80.62,412,934,0.135,99.233,50.3,48.44,28.43,7,0,1.25,cache warmup
2019-07-19,cart-service,prod,457434,16609,83.42,384,846,0.575,99.145,34.83,45.77,57.42,3,0,2.29,incident review
2019-07-19,payment-orchestrator,prod,456249,16437,80.72,411,834,0.091,99.242,48.74,62.48,42.06,1,0,1.14,release week
2019-07-19,order-ledger,prod,247563,9411,83.06,381,803,0.335,99.193,58.45,50.32,52.19,4,0,1.68,normal baseline
2019-07-19,inventory-reservation,prod,241636,9244,81.97,381,843,0.175,99.225,60.06,63.35,55.67,1,0,1.28,release week
2019-07-19,pricing-engine,prod,260415,9717,82.62,399,814,0.235,99.213,58.43,47.08,51.6,4,0,1.47,incident review
2019-07-19,tax-service,prod,243799,10056,83.04,414,828,0.242,99.212,34.57,62.26,56.73,7,0,1.52,release week
2019-07-19,loyalty-service,prod,266749,10417,83.15,360,782,0.392,99.182,42.46,55.4,61.7,4,0,1.78,campaign traffic
2019-07-19,notification-service,prod,262270,8085,82.53,416,922,0.423,99.175,39.77,51.21,38.9,1,0,1.98,campaign traffic
2019-07-19,auth-gateway,prod,258005,10988,83.22,413,924,0.44,99.172,38.89,48.1,55.35,7,0,2.02,database pressure
2019-07-19,analytics-pipeline,prod,271901,8652,81.03,500,1091,0.231,99.214,35.58,57.24,51.44,2,0,1.69,database pressure
2019-07-19,search-recommendations,prod,238202,10019,81.5,437,947,0.328,99.194,54.53,62.97,51.18,3,0,1.79,database pressure
2019-07-26,checkout-api,prod,495970,19201,81.58,361,759,0.354,99.189,46.55,51.05,43.85,0,0,1.69,normal baseline
2019-07-26,cart-service,prod,437310,14154,82.08,368,815,0.394,99.181,36.09,54.65,59.59,3,0,1.8,watch latency
2019-07-26,payment-orchestrator,prod,430502,14453,80.91,427,810,0.333,99.193,47.9,62.04,53.42,0,0,1.78,campaign traffic
2019-07-26,order-ledger,prod,276970,9946,81.18,369,849,0.31,99.198,42.45,60.44,61.39,6,0,1.6,watch latency
2019-07-26,inventory-reservation,prod,245723,10322,82.29,386,808,0.02,99.256,55.38,62.27,57.74,6,0,0.91,normal baseline
2019-07-26,pricing-engine,prod,250867,9004,82.71,425,917,0.233,99.213,38.87,43.45,41.29,6,0,1.53,watch latency
2019-07-26,tax-service,prod,239374,9640,81.8,360,794,0.132,99.234,37.52,59.43,42.4,0,0,1.13,incident review
2019-07-26,loyalty-service,prod,243078,7669,80.56,365,700,0.223,99.215,54.38,42.74,42.67,7,0,1.37,normal baseline
2019-07-26,notification-service,prod,254961,8711,80.4,409,798,0.159,99.228,45.5,63.03,37.49,2,0,1.31,incident review
2019-07-26,auth-gateway,prod,275078,11441,80.91,411,829,0.188,99.222,55.81,63.91,37.43,7,0,1.38,campaign traffic
2019-07-26,analytics-pipeline,prod,265999,8891,83.03,497,1074,0.161,99.228,46.44,56.05,42.6,1,0,1.51,release week
2019-07-26,search-recommendations,prod,276951,11680,82.79,427,838,0.037,99.253,39.56,68.52,41.17,0,0,1.04,release week
2019-08-02,checkout-api,prod,454278,17129,81.08,388,736,0.349,99.19,47.25,49.59,52.7,0,0,1.73,incident review
2019-08-02,cart-service,prod,431317,15032,80.88,367,780,0.564,99.147,35.57,50.97,59.03,7,0,2.23,database pressure
2019-08-02,payment-orchestrator,prod,473965,16695,81.72,398,739,0.475,99.165,51.38,62.12,40.4,6,0,2.07,watch latency
2019-08-02,order-ledger,prod,250195,8263,81.52,421,938,0.381,99.184,61.4,56.93,61.6,3,0,1.89,incident review
2019-08-02,inventory-reservation,prod,267287,10997,82.35,413,859,0.323,99.195,39.26,49.0,38.22,5,0,1.72,incident review
2019-08-02,pricing-engine,prod,266774,10559,83.03,413,777,0.043,99.251,38.54,64.46,56.3,5,0,1.03,watch latency
2019-08-02,tax-service,prod,274604,9443,83.44,447,892,0.26,99.208,49.39,48.6,49.81,5,0,1.64,normal baseline
2019-08-02,loyalty-service,prod,260667,7818,82.39,373,755,0.427,99.175,37.36,45.39,50.93,1,0,1.9,watch latency
2019-08-02,notification-service,prod,240007,9754,83.23,378,865,0.273,99.205,59.26,64.32,60.54,3,0,1.52,release week
2019-08-02,auth-gateway,prod,264760,8957,81.31,447,887,0.625,99.135,35.77,50.8,54.55,3,0,2.55,watch latency
2019-08-02,analytics-pipeline,prod,252383,9058,81.48,524,1090,0.073,99.245,53.84,60.67,41.59,6,0,1.35,campaign traffic
2019-08-02,search-recommendations,prod,248579,9887,80.59,510,1076,0.259,99.208,37.22,48.33,58.19,7,0,1.78,release week
2019-08-09,checkout-api,prod,449618,15420,83.14,436,903,0.359,99.188,36.85,67.22,44.01,1,0,1.87,database pressure
2019-08-09,cart-service,prod,450277,15967,80.6,389,790,0.126,99.235,39.54,46.64,62.65,2,0,1.18,incident review
2019-08-09,payment-orchestrator,prod,447316,15516,81.46,381,709,0.213,99.217,51.27,54.14,35.31,1,0,1.38,normal baseline
2019-08-09,order-ledger,prod,271589,10235,83.57,433,918,0.152,99.23,31.65,66.8,40.42,1,0,1.34,campaign traffic
2019-08-09,inventory-reservation,prod,275147,9298,81.2,372,711,0.455,99.169,57.86,65.47,43.01,4,0,1.96,cache warmup
2019-08-09,pricing-engine,prod,247493,8346,82.54,361,788,0.195,99.221,54.16,58.62,46.57,5,0,1.29,watch latency
2019-08-09,tax-service,prod,274852,11350,81.69,433,939,0.346,99.191,38.04,44.43,27.16,6,0,1.83,cache warmup
2019-08-09,loyalty-service,prod,251516,9675,81.46,381,879,0.26,99.208,42.14,44.83,63.48,5,0,1.5,database pressure
2019-08-09,notification-service,prod,259389,9169,81.82,437,910,0.165,98.777,39.32,47.56,57.67,3,1,1.38,normal baseline
2019-08-09,auth-gateway,prod,264982,10227,83.22,436,883,0.371,99.186,38.98,58.53,44.24,3,0,1.9,watch latency
2019-08-09,analytics-pipeline,prod,276364,11051,83.24,517,1055,0.02,99.256,58.09,63.7,32.69,5,0,1.2,release week
2019-08-09,search-recommendations,prod,257654,8861,82.32,489,1046,0.541,99.152,44.0,49.21,44.72,7,0,2.44,incident review
2019-08-16,checkout-api,prod,472086,16684,81.22,438,888,0.308,99.198,36.15,55.96,63.29,5,0,1.74,release week
2019-08-16,cart-service,prod,485762,16841,80.71,407,828,0.486,99.163,40.59,61.61,30.59,4,0,2.12,campaign traffic
2019-08-16,payment-orchestrator,prod,453411,17906,81.92,358,715,0.463,99.167,52.63,47.6,52.88,6,0,1.95,normal baseline
2019-08-16,order-ledger,prod,272472,9010,80.59,399,782,0.312,99.198,42.64,60.03,32.87,6,0,1.67,campaign traffic
2019-08-16,inventory-reservation,prod,264772,9805,80.62,432,848,0.125,99.235,55.9,44.1,29.99,5,0,1.27,cache warmup
2019-08-16,pricing-engine,prod,246240,10174,83.43,398,835,0.123,99.235,48.12,58.36,43.44,1,0,1.19,campaign traffic
2019-08-16,tax-service,prod,270981,8723,80.92,428,874,0.131,99.234,38.06,65.09,44.26,1,0,1.28,incident review
2019-08-16,loyalty-service,prod,239202,8718,82.64,393,860,0.518,99.156,36.39,49.2,56.07,4,0,2.17,database pressure
2019-08-16,notification-service,prod,254478,8696,81.58,392,835,0.111,99.238,57.57,53.67,42.82,3,0,1.15,watch latency
2019-08-16,auth-gateway,prod,254354,9420,80.72,413,821,0.072,99.246,37.28,47.04,49.65,4,0,1.1,incident review
2019-08-16,analytics-pipeline,prod,244135,8417,80.44,500,1052,0.345,99.191,46.96,44.73,63.58,5,0,1.97,cache warmup
2019-08-16,search-recommendations,prod,253803,8481,82.97,457,950,0.405,99.179,41.97,46.36,34.75,2,0,2.03,normal baseline
2019-08-23,checkout-api,prod,451051,15131,82.47,413,916,0.444,99.171,59.45,46.64,62.44,7,0,2.03,campaign traffic
2019-08-23,cart-service,prod,475210,18533,83.47,376,798,0.221,99.216,59.55,40.78,45.97,7,0,1.39,incident review
2019-08-23,payment-orchestrator,prod,485415,18560,81.5,425,924,0.474,98.715,49.35,59.89,50.62,7,1,2.13,database pressure
2019-08-23,order-ledger,prod,255294,10226,82.65,407,899,0.4,99.18,31.29,61.76,55.33,6,0,1.91,database pressure
2019-08-23,inventory-reservation,prod,263607,10519,81.6,359,817,0.914,98.627,33.08,53.44,31.69,4,1,3.08,release week
2019-08-23,pricing-engine,prod,276396,10189,81.17,421,784,0.175,99.225,35.37,51.28,40.63,2,0,1.37,watch latency
2019-08-23,tax-service,prod,243640,7217,82.5,368,785,0.223,99.215,32.74,41.51,57.8,5,0,1.38,cache warmup
2019-08-23,loyalty-service,prod,239145,7564,82.99,440,857,0.448,99.17,48.36,54.46,28.89,1,0,2.1,cache warmup
2019-08-23,notification-service,prod,246687,7986,82.94,383,756,0.02,99.256,46.84,45.99,35.2,7,0,0.9,incident review
2019-08-23,auth-gateway,prod,275693,8534,83.01,368,824,0.46,99.168,39.33,54.23,52.96,7,0,1.97,normal baseline
2019-08-23,analytics-pipeline,prod,243911,7666,81.08,535,1131,0.176,99.225,44.11,50.24,44.31,1,0,1.63,incident review
2019-08-23,search-recommendations,prod,262212,8426,81.05,544,1051,0.4,99.18,47.16,60.78,36.15,7,0,2.21,release week
2019-08-30,checkout-api,prod,429213,16260,81.35,436,812,0.527,99.155,58.15,53.81,38.09,5,0,2.29,database pressure
2019-08-30,cart-service,prod,497903,19396,82.32,357,795,0.048,99.25,41.68,50.13,62.08,7,0,0.91,database pressure
2019-08-30,payment-orchestrator,prod,432235,16458,83.58,402,772,0.487,99.163,40.33,47.63,32.53,1,0,2.11,normal baseline
2019-08-30,order-ledger,prod,245750,9050,82.67,383,836,0.02,99.256,45.71,41.21,52.36,3,0,0.9,normal baseline
2019-08-30,inventory-reservation,prod,259860,8660,81.01,413,922,0.216,99.217,55.91,51.79,28.6,1,0,1.46,normal baseline
2019-08-30,pricing-engine,prod,249660,8647,82.65,417,903,0.372,99.186,58.82,51.09,60.2,6,0,1.86,normal baseline
2019-08-30,tax-service,prod,250698,7470,81.74,401,909,0.256,99.209,40.69,60.4,46.17,3,0,1.53,watch latency
2019-08-30,loyalty-service,prod,240059,7099,83.74,360,687,0.26,98.758,57.21,64.54,62.53,3,1,1.45,incident review
2019-08-30,notification-service,prod,250770,9727,83.03,399,812,0.324,99.195,51.98,51.34,47.28,2,0,1.7,normal baseline
2019-08-30,auth-gateway,prod,249359,8639,80.62,421,940,0.737,99.113,32.07,52.11,61.81,2,0,2.78,normal baseline
2019-08-30,analytics-pipeline,prod,254762,10116,82.73,479,990,0.35,99.19,41.28,48.04,43.23,4,0,1.94,normal baseline
2019-08-30,search-recommendations,prod,270265,9131,80.83,481,1028,0.02,99.256,43.61,40.74,46.71,7,0,1.12,cache warmup
2019-09-06,checkout-api,prod,495815,19234,81.87,375,794,0.233,99.213,38.18,39.63,44.83,2,0,1.42,cache warmup
2019-09-06,cart-service,prod,436312,15448,82.72,399,886,0.36,99.188,54.8,44.27,34.18,2,0,1.79,watch latency
2019-09-06,payment-orchestrator,prod,441061,17180,82.17,434,825,0.617,99.137,57.56,62.02,29.17,4,0,2.51,campaign traffic
2019-09-06,order-ledger,prod,263994,9593,82.78,433,954,0.098,99.24,58.18,55.61,40.49,2,0,1.21,release week
2019-09-06,inventory-reservation,prod,268261,9532,80.73,387,752,0.121,99.236,52.51,63.92,59.72,2,0,1.16,database pressure
2019-09-06,pricing-engine,prod,268279,11094,82.55,405,924,0.538,99.152,37.53,64.78,27.31,0,0,2.24,watch latency
2019-09-06,tax-service,prod,269595,9068,82.79,400,900,0.362,99.188,48.77,62.6,34.8,3,0,1.79,watch latency
2019-09-06,loyalty-service,prod,265553,10531,81.91,383,721,0.449,99.17,41.85,43.73,49.44,2,0,1.97,campaign traffic
2019-09-06,notification-service,prod,255924,8178,81.51,380,850,0.306,99.199,52.43,50.06,37.89,5,0,1.61,database pressure
2019-09-06,auth-gateway,prod,247624,10337,82.42,399,769,0.297,99.201,52.2,48.35,55.0,6,0,1.63,database pressure
2019-09-06,analytics-pipeline,prod,248686,7972,81.52,553,1163,0.193,99.221,36.61,58.0,34.47,0,0,1.71,incident review
2019-09-06,search-recommendations,prod,272287,11325,82.45,452,901,0.554,99.149,43.16,60.28,46.2,3,0,2.39,watch latency
2019-09-13,checkout-api,prod,465246,17585,80.38,444,910,0.399,99.18,49.21,62.4,37.61,3,0,1.98,watch latency
2019-09-13,cart-service,prod,432021,15152,83.4,411,820,0.067,99.247,46.27,46.48,30.78,3,0,1.08,campaign traffic
2019-09-13,payment-orchestrator,prod,449636,16181,83.67,398,896,0.28,99.204,41.75,51.74,37.24,2,0,1.58,database pressure
2019-09-13,order-ledger,prod,244860,9191,81.04,357,811,0.32,99.196,34.53,50.34,32.98,5,0,1.59,cache warmup
2019-09-13,inventory-reservation,prod,245069,8954,81.17,443,954,0.25,99.21,36.15,48.73,38.62,5,0,1.61,cache warmup
2019-09-13,pricing-engine,prod,259169,8860,81.7,366,820,0.207,99.219,46.49,40.62,35.04,6,0,1.33,normal baseline
2019-09-13,tax-service,prod,244833,10206,80.48,403,745,0.02,99.256,42.03,56.77,52.8,4,0,0.95,release week
2019-09-13,loyalty-service,prod,259300,7875,82.22,399,802,0.53,99.154,40.92,50.97,42.82,5,0,2.21,release week
2019-09-13,notification-service,prod,250539,8384,82.36,415,876,0.02,99.256,29.98,61.29,30.87,3,0,0.97,database pressure
2019-09-13,auth-gateway,prod,259894,8699,82.35,446,941,0.879,99.084,29.05,54.52,60.43,7,0,3.19,normal baseline
2019-09-13,analytics-pipeline,prod,241918,8928,82.01,496,988,0.697,99.121,29.31,41.74,39.62,5,0,2.84,release week
2019-09-13,search-recommendations,prod,260023,10673,83.3,524,1045,0.258,99.208,56.32,57.04,43.73,2,0,1.81,incident review
2019-09-20,checkout-api,prod,493455,17494,81.17,431,806,0.185,99.223,37.29,48.31,51.46,2,0,1.42,cache warmup
2019-09-20,cart-service,prod,468045,16517,82.07,372,813,0.02,99.256,50.92,50.0,52.3,0,0,0.88,watch latency
2019-09-20,payment-orchestrator,prod,445033,15792,83.58,428,814,0.465,99.167,41.31,53.0,32.38,6,0,2.11,normal baseline
2019-09-20,order-ledger,prod,256953,8665,83.01,359,775,0.275,99.205,31.27,52.01,61.71,6,0,1.49,database pressure
2019-09-20,inventory-reservation,prod,267800,9660,82.61,390,871,0.071,99.246,44.52,61.66,45.83,3,0,1.04,incident review
2019-09-20,pricing-engine,prod,267197,8070,83.06,384,757,0.453,99.169,31.23,62.62,29.56,2,0,1.98,release week
2019-09-20,tax-service,prod,272432,10953,80.55,364,698,0.025,99.255,45.94,43.71,56.94,5,0,0.87,cache warmup
2019-09-20,loyalty-service,prod,271044,9350,82.53,357,830,0.312,99.198,38.1,40.84,52.44,4,0,1.57,database pressure
2019-09-20,notification-service,prod,246560,7465,83.53,425,853,0.41,99.178,29.24,59.61,28.63,3,0,1.97,normal baseline
2019-09-20,auth-gateway,prod,273548,10784,80.41,450,888,0.29,99.202,53.58,43.1,64.05,1,0,1.73,cache warmup
2019-09-20,analytics-pipeline,prod,252586,8658,81.83,492,982,0.237,99.213,32.94,55.02,42.7,3,0,1.69,database pressure
2019-09-20,search-recommendations,prod,261592,10481,81.47,516,1031,0.389,99.182,53.12,50.03,56.41,0,0,2.12,cache warmup
2019-09-27,checkout-api,prod,460240,17757,82.59,436,923,0.477,99.165,56.09,60.89,28.02,2,0,2.16,cache warmup
2019-09-27,cart-service,prod,438053,17167,83.44,368,720,0.104,99.239,49.93,59.87,39.9,1,0,1.08,watch latency
2019-09-27,payment-orchestrator,prod,448547,15401,81.37,432,950,0.252,99.21,48.13,40.5,56.45,1,0,1.59,campaign traffic
2019-09-27,order-ledger,prod,254871,9429,83.4,384,887,0.168,99.226,38.85,48.33,35.09,3,0,1.27,campaign traffic
2019-09-27,inventory-reservation,prod,265403,9177,83.43,414,785,0.55,99.15,46.94,49.58,54.81,0,0,2.3,cache warmup
2019-09-27,pricing-engine,prod,252714,9790,80.58,416,792,0.344,99.191,44.66,57.9,41.16,2,0,1.78,cache warmup
2019-09-27,tax-service,prod,261043,9136,82.31,422,858,0.306,99.199,35.39,57.91,29.57,6,0,1.7,incident review
2019-09-27,loyalty-service,prod,272552,10232,81.6,401,773,0.834,99.093,57.76,51.48,29.04,3,0,2.98,normal baseline
2019-09-27,notification-service,prod,268010,8703,80.66,448,931,0.369,99.186,29.49,55.41,27.63,4,0,1.92,release week
2019-09-27,auth-gateway,prod,270446,8166,81.52,373,844,0.02,99.256,45.32,63.45,36.36,6,0,0.88,database pressure
2019-09-27,analytics-pipeline,prod,262671,8419,82.38,466,1034,0.242,99.212,56.03,57.23,59.48,7,0,1.64,release week
2019-09-27,search-recommendations,prod,265613,11025,80.96,564,1058,0.414,99.177,29.19,59.43,27.66,1,0,2.29,watch latency
2019-10-04,checkout-api,prod,482999,16606,80.75,417,804,0.662,99.128,36.49,60.03,47.04,5,0,2.58,normal baseline
2019-10-04,cart-service,prod,427809,15227,80.97,407,761,0.045,99.251,38.36,57.16,57.66,3,0,1.02,database pressure
2019-10-04,payment-orchestrator,prod,478071,15678,80.59,395,791,0.142,99.232,48.58,61.99,36.45,7,0,1.23,release week
2019-10-04,order-ledger,prod,242307,7508,81.89,444,916,0.437,99.173,36.02,43.73,57.22,7,0,2.08,incident review
2019-10-04,inventory-reservation,prod,261625,8512,83.5,393,762,0.418,99.176,46.77,61.17,38.94,0,0,1.92,database pressure
2019-10-04,pricing-engine,prod,247025,10305,83.6,396,764,0.293,99.201,49.02,42.51,58.34,4,0,1.61,incident review
2019-10-04,tax-service,prod,257433,10878,81.25,408,832,0.419,99.176,45.57,60.87,46.04,0,0,1.96,release week
2019-10-04,loyalty-service,prod,271474,10092,81.9,390,866,0.382,99.184,47.47,53.19,56.0,0,0,1.82,database pressure
2019-10-04,notification-service,prod,257006,10306,80.35,432,958,0.213,99.217,41.04,45.46,47.68,6,0,1.49,incident review
2019-10-04,auth-gateway,prod,265418,8382,82.12,359,732,0.042,99.252,43.91,44.91,62.27,3,0,0.9,incident review
2019-10-04,analytics-pipeline,prod,249713,10348,82.7,517,1046,0.344,99.191,46.0,57.06,56.91,5,0,2.01,normal baseline
2019-10-04,search-recommendations,prod,255619,9238,83.2,506,1027,0.248,99.21,28.77,56.83,49.37,2,0,1.75,release week
2019-10-11,checkout-api,prod,468907,16614,82.81,384,886,0.362,99.188,30.19,43.2,38.81,3,0,1.76,release week
2019-10-11,cart-service,prod,496164,18377,83.51,412,844,0.217,99.217,55.36,42.32,30.27,1,0,1.46,cache warmup
2019-10-11,payment-orchestrator,prod,489810,17046,80.63,383,798,0.096,99.241,47.83,60.1,51.96,0,0,1.09,campaign traffic
2019-10-11,order-ledger,prod,272004,9641,80.66,378,841,0.604,99.139,37.92,43.99,33.07,1,0,2.35,campaign traffic
2019-10-11,inventory-reservation,prod,263697,9493,80.79,412,806,0.373,99.185,30.06,50.47,36.2,3,0,1.85,cache warmup
2019-10-11,pricing-engine,prod,268165,9048,83.14,390,811,0.213,99.217,51.46,64.09,27.69,3,0,1.4,release week
2019-10-11,tax-service,prod,248022,7454,81.78,438,969,0.154,99.229,35.26,54.46,32.77,7,0,1.36,normal baseline
2019-10-11,loyalty-service,prod,249646,8078,82.92,445,871,0.376,98.735,43.64,60.68,53.35,3,1,1.93,campaign traffic
2019-10-11,notification-service,prod,258498,8049,82.77,400,763,0.167,99.227,42.39,51.14,33.98,2,0,1.31,watch latency
2019-10-11,auth-gateway,prod,259868,8658,80.57,439,930,0.333,99.193,54.19,60.01,28.82,1,0,1.81,incident review
2019-10-11,analytics-pipeline,prod,237377,8100,82.05,546,1040,0.031,99.254,46.43,58.5,45.07,6,0,1.29,cache warmup
2019-10-11,search-recommendations,prod,249335,7441,83.31,540,1121,0.407,99.179,37.34,45.26,57.96,0,0,2.22,normal baseline
2019-10-18,checkout-api,prod,490536,18524,82.97,385,835,0.685,99.123,52.49,56.27,56.08,6,0,2.57,database pressure
2019-10-18,cart-service,prod,444913,15808,83.4,415,858,0.347,99.191,51.47,60.35,61.79,4,0,1.79,incident review
2019-10-18,payment-orchestrator,prod,455553,15585,82.9,371,733,0.4,99.18,34.47,44.29,57.62,0,0,1.82,database pressure
2019-10-18,order-ledger,prod,268741,9303,83.42,358,752,0.523,99.155,52.57,52.61,30.6,7,0,2.1,database pressure
2019-10-18,inventory-reservation,prod,254399,10699,82.57,388,868,0.258,99.208,41.01,42.2,41.55,4,0,1.51,campaign traffic
2019-10-18,pricing-engine,prod,264240,9955,80.8,376,773,0.27,99.206,42.35,58.04,37.55,6,0,1.51,cache warmup
2019-10-18,tax-service,prod,268842,8140,82.56,363,848,0.434,99.173,43.81,58.44,53.44,6,0,1.89,watch latency
2019-10-18,loyalty-service,prod,245357,10127,82.39,367,805,0.543,99.151,50.69,54.4,36.74,6,0,2.17,campaign traffic
2019-10-18,notification-service,prod,255282,8399,81.02,416,797,0.02,99.256,50.09,52.4,61.55,1,0,0.97,cache warmup
2019-10-18,auth-gateway,prod,256729,9377,83.07,428,952,0.386,99.183,48.33,63.79,37.4,4,0,1.92,normal baseline
2019-10-18,analytics-pipeline,prod,245923,9019,80.83,543,1061,0.236,99.213,47.08,58.06,37.36,7,0,1.8,campaign traffic
2019-10-18,search-recommendations,prod,258995,9773,82.51,549,1137,0.477,99.165,40.68,44.42,32.33,3,0,2.41,cache warmup
2019-10-25,checkout-api,prod,426632,14660,82.34,441,859,0.35,99.19,57.44,59.13,58.6,4,0,1.85,cache warmup
2019-10-25,cart-service,prod,489396,16345,81.85,380,828,0.53,99.154,37.68,63.67,42.8,7,0,2.17,cache warmup
2019-10-25,payment-orchestrator,prod,452341,16946,82.81,405,789,0.589,99.142,31.33,49.35,44.95,4,0,2.37,watch latency
2019-10-25,order-ledger,prod,247959,9449,81.01,399,805,0.132,99.234,47.16,51.83,28.71,0,0,1.22,campaign traffic
2019-10-25,inventory-reservation,prod,271686,9053,82.28,437,852,0.02,99.256,30.34,65.0,28.3,3,0,1.02,cache warmup
2019-10-25,pricing-engine,prod,259894,9973,81.21,413,847,0.245,99.211,45.55,63.71,41.66,0,0,1.53,database pressure
2019-10-25,tax-service,prod,249050,10204,80.7,422,863,0.132,99.234,36.51,56.31,50.53,2,0,1.27,incident review
2019-10-25,loyalty-service,prod,276541,11472,81.47,416,786,0.146,99.231,30.52,56.54,31.0,2,0,1.29,cache warmup
2019-10-25,notification-service,prod,244876,8613,83.09,378,701,0.511,99.158,39.72,63.63,45.81,1,0,2.12,normal baseline
2019-10-25,auth-gateway,prod,273767,8695,80.92,386,824,0.061,99.248,39.19,49.3,32.71,3,0,1.01,watch latency
2019-10-25,analytics-pipeline,prod,268120,9033,81.96,485,978,0.075,99.245,41.17,52.27,59.39,5,0,1.27,campaign traffic
2019-10-25,search-recommendations,prod,249285,8218,80.58,453,893,0.124,99.235,48.55,52.22,39.63,5,0,1.32,normal baseline
2019-11-01,checkout-api,prod,633564,24014,81.0,443,969,0.661,99.128,39.85,42.6,37.63,6,0,2.64,campaign traffic
2019-11-01,cart-service,prod,624904,21863,80.88,425,944,0.269,99.206,53.3,58.5,44.4,7,0,1.62,incident review
2019-11-01,payment-orchestrator,prod,625170,21013,83.06,418,935,0.353,99.189,45.85,50.3,61.36,5,0,1.81,cache warmup
2019-11-01,order-ledger,prod,386729,15311,81.05,440,849,0.085,98.793,58.85,39.93,58.81,5,1,1.19,incident review
2019-11-01,inventory-reservation,prod,365855,12756,80.57,408,784,0.701,99.12,39.59,56.06,32.57,5,0,2.66,database pressure
2019-11-01,pricing-engine,prod,387571,14641,83.06,483,1025,0.318,99.196,53.48,46.09,51.59,5,0,1.87,incident review
2019-11-01,tax-service,prod,400823,14909,81.71,465,992,0.256,99.209,31.11,44.76,29.29,7,0,1.67,cache warmup
2019-11-01,loyalty-service,prod,360069,14417,83.51,454,976,0.378,99.184,55.15,48.5,37.65,6,0,1.95,cache warmup
2019-11-01,notification-service,prod,361013,14611,80.26,497,1071,0.02,98.806,47.52,46.33,35.29,0,1,1.15,incident review
2019-11-01,auth-gateway,prod,376953,12760,80.53,493,933,0.067,99.247,53.81,48.15,63.98,5,0,1.26,cache warmup
2019-11-01,analytics-pipeline,prod,351395,13961,81.71,505,1033,0.363,99.187,44.3,58.79,35.83,6,0,2.03,incident review
2019-11-01,search-recommendations,prod,386169,13997,80.2,520,1118,0.347,99.191,52.88,55.97,51.95,4,0,2.02,campaign traffic
2019-11-08,checkout-api,prod,638787,24511,80.72,460,883,0.207,99.219,31.04,41.06,51.38,2,0,1.54,watch latency
2019-11-08,cart-service,prod,685584,23486,81.54,439,864,0.391,99.182,57.98,49.64,46.4,7,0,1.95,release week
2019-11-08,payment-orchestrator,prod,620216,21060,82.06,407,878,0.548,99.15,50.02,40.28,49.12,2,0,2.28,normal baseline
2019-11-08,order-ledger,prod,352341,11597,83.54,424,852,0.532,99.154,49.01,56.45,49.94,5,0,2.27,cache warmup
2019-11-08,inventory-reservation,prod,345363,12657,80.99,405,925,0.462,99.168,47.9,48.98,64.03,4,0,2.05,watch latency
2019-11-08,pricing-engine,prod,394482,15720,80.46,447,937,0.153,99.229,31.07,48.74,58.94,0,0,1.37,cache warmup
2019-11-08,tax-service,prod,378979,12197,83.56,403,916,0.311,98.748,33.32,62.73,48.81,2,1,1.67,release week
2019-11-08,loyalty-service,prod,398255,15115,81.79,416,917,0.068,99.246,48.62,49.5,61.84,7,0,1.09,cache warmup
2019-11-08,notification-service,prod,348307,13399,82.26,482,1038,0.613,99.137,32.22,54.5,55.67,0,0,2.6,cache warmup
2019-11-08,auth-gateway,prod,383266,14249,82.92,421,815,0.359,99.188,31.01,55.06,31.02,6,0,1.83,release week
2019-11-08,analytics-pipeline,prod,371940,13652,81.18,539,1163,0.409,99.178,31.96,45.78,59.71,1,0,2.22,incident review
2019-11-08,search-recommendations,prod,399765,15626,81.08,523,993,0.02,99.256,55.76,60.11,30.96,3,0,1.21,campaign traffic
2019-11-15,checkout-api,prod,657887,24682,83.23,433,951,0.324,99.195,47.09,42.28,36.78,3,0,1.77,database pressure
2019-11-15,cart-service,prod,674891,23746,82.0,480,1054,0.356,99.189,58.39,54.14,39.75,0,0,1.96,database pressure
2019-11-15,payment-orchestrator,prod,671490,22566,82.14,489,1053,0.181,99.224,33.14,49.29,27.96,1,0,1.54,cache warmup
2019-11-15,order-ledger,prod,392871,15579,82.64,458,963,0.192,99.222,56.29,62.22,56.77,0,0,1.5,watch latency
2019-11-15,inventory-reservation,prod,379315,12293,81.71,432,863,0.407,99.179,31.05,63.99,30.72,4,0,1.98,cache warmup
2019-11-15,pricing-engine,prod,346647,13590,82.54,486,914,0.616,99.137,44.12,54.4,45.94,1,0,2.62,incident review
2019-11-15,tax-service,prod,376076,14294,82.1,431,807,0.107,99.239,54.87,53.26,54.16,0,0,1.23,cache warmup
2019-11-15,loyalty-service,prod,400907,14533,81.9,493,1087,0.364,99.187,41.47,52.32,43.33,1,0,2.01,cache warmup
2019-11-15,notification-service,prod,387180,15093,80.47,455,913,0.445,99.171,36.43,58.57,59.72,4,0,2.12,watch latency
2019-11-15,auth-gateway,prod,356227,14339,81.65,477,905,0.561,99.148,35.27,48.68,45.57,4,0,2.46,watch latency
2019-11-15,analytics-pipeline,prod,394501,14581,83.2,500,1031,0.02,99.256,50.74,44.12,62.3,0,0,1.16,database pressure
2019-11-15,search-recommendations,prod,351967,14293,83.22,497,1074,0.397,99.181,47.08,48.87,27.95,0,0,2.1,cache warmup
2019-11-22,checkout-api,prod,696783,23886,80.49,424,956,0.02,99.256,40.75,48.59,46.79,6,0,0.99,database pressure
2019-11-22,cart-service,prod,662258,24674,82.59,417,843,0.157,99.229,43.77,51.57,46.96,4,0,1.32,release week
2019-11-22,payment-orchestrator,prod,714531,27132,81.36,454,941,0.451,99.17,33.0,54.96,45.55,0,0,2.14,database pressure
2019-11-22,order-ledger,prod,390598,14871,81.68,471,917,0.228,99.214,34.02,42.72,63.82,3,0,1.62,cache warmup
2019-11-22,inventory-reservation,prod,379453,14041,82.95,440,942,0.203,99.219,59.72,51.43,38.38,2,0,1.48,release week
2019-11-22,pricing-engine,prod,348392,13289,81.08,478,954,0.241,99.212,39.37,57.94,27.99,0,0,1.67,database pressure
2019-11-22,tax-service,prod,383226,14064,80.9,418,862,0.509,99.158,37.26,47.57,41.52,2,0,2.2,cache warmup
2019-11-22,loyalty-service,prod,378725,14605,81.16,447,878,0.199,99.22,50.32,53.64,53.11,1,0,1.49,cache warmup
2019-11-22,notification-service,prod,384815,14268,83.34,427,841,0.415,99.177,48.37,59.02,47.55,1,0,1.99,release week
2019-11-22,auth-gateway,prod,359990,11834,81.02,456,949,0.531,98.704,53.88,66.64,36.8,5,1,2.34,watch latency
2019-11-22,analytics-pipeline,prod,393276,15201,82.04,574,1142,0.315,99.197,51.56,66.37,49.29,5,0,2.06,database pressure
2019-11-22,search-recommendations,prod,353842,12176,82.73,522,1128,0.317,99.197,56.87,59.95,28.67,0,0,1.95,incident review
2019-11-29,checkout-api,prod,704099,26237,81.16,453,856,0.119,98.786,45.52,49.19,48.81,3,1,1.3,watch latency
2019-11-29,cart-service,prod,715868,25576,81.73,412,830,0.32,99.196,51.18,50.91,57.86,1,0,1.72,normal baseline
2019-11-29,payment-orchestrator,prod,664881,25028,81.49,484,944,0.623,99.135,45.43,53.17,39.98,5,0,2.63,normal baseline
2019-11-29,order-ledger,prod,377178,12442,81.51,419,949,0.28,98.754,32.49,44.34,58.63,5,1,1.63,watch latency
2019-11-29,inventory-reservation,prod,389500,13754,82.95,405,765,0.105,99.239,38.38,67.69,45.6,4,0,1.16,incident review
2019-11-29,pricing-engine,prod,380509,14284,82.29,419,824,0.02,99.256,45.0,42.73,41.41,7,0,0.98,cache warmup
2019-11-29,tax-service,prod,370234,12898,82.08,479,1019,0.079,99.244,34.7,58.99,60.93,1,0,1.26,database pressure
2019-11-29,loyalty-service,prod,391940,15366,82.49,407,771,0.02,99.256,47.14,49.73,63.99,7,0,0.95,database pressure
2019-11-29,notification-service,prod,389184,13244,81.84,430,946,0.509,99.158,49.46,52.91,63.44,7,0,2.23,release week
2019-11-29,auth-gateway,prod,384592,13724,82.07,476,885,0.43,99.174,33.57,48.31,41.21,0,0,2.13,normal baseline
2019-11-29,analytics-pipeline,prod,390480,12780,81.51,579,1207,0.02,99.256,46.13,54.28,57.21,4,0,1.34,campaign traffic
2019-11-29,search-recommendations,prod,396448,12784,82.39,459,948,0.231,99.214,52.33,67.12,58.5,7,0,1.6,normal baseline
2019-12-06,checkout-api,prod,624361,21418,82.22,472,1027,0.423,99.175,33.34,67.2,54.45,5,0,2.11,watch latency
2019-12-06,cart-service,prod,716528,24713,83.61,410,930,0.196,99.221,34.72,57.92,39.29,0,0,1.4,watch latency
2019-12-06,payment-orchestrator,prod,683211,24109,80.92,489,1029,0.464,99.167,57.94,43.62,35.17,4,0,2.25,release week
2019-12-06,order-ledger,prod,349606,13776,81.4,486,1019,0.486,99.163,62.26,62.98,57.93,0,0,2.29,database pressure
2019-12-06,inventory-reservation,prod,375339,13831,83.46,441,840,0.02,99.256,58.85,65.03,34.3,7,0,1.03,release week
2019-12-06,pricing-engine,prod,355819,14448,82.92,424,887,0.322,99.196,57.42,52.38,34.57,4,0,1.75,cache warmup
2019-12-06,tax-service,prod,352901,13350,82.28,490,954,0.495,99.161,57.53,47.68,40.23,4,0,2.33,release week
2019-12-06,loyalty-service,prod,374440,12438,82.28,476,979,0.02,99.256,49.59,51.97,59.23,2,0,1.11,normal baseline
2019-12-06,notification-service,prod,383094,13506,80.44,411,868,0.025,99.255,40.69,60.18,40.48,2,0,0.98,normal baseline
2019-12-06,auth-gateway,prod,358466,11730,83.39,475,898,0.281,99.204,35.09,64.79,61.64,1,0,1.76,release week
2019-12-06,analytics-pipeline,prod,384248,14199,82.19,465,1007,0.426,99.175,41.05,50.95,56.36,4,0,2.1,watch latency
2019-12-06,search-recommendations,prod,352329,13410,81.69,527,1055,0.541,99.152,58.78,68.32,41.61,6,0,2.52,cache warmup
2019-12-13,checkout-api,prod,697144,26553,81.86,462,928,0.652,99.13,47.94,60.35,29.93,4,0,2.66,watch latency
2019-12-13,cart-service,prod,646507,23370,81.82,451,936,0.193,98.771,54.26,50.03,39.14,4,1,1.49,campaign traffic
2019-12-13,payment-orchestrator,prod,654110,23203,82.54,407,770,0.631,99.134,60.61,53.21,51.53,5,0,2.48,campaign traffic
2019-12-13,order-ledger,prod,351736,11319,82.6,434,827,0.332,99.194,57.32,44.49,46.61,7,0,1.8,watch latency
2019-12-13,inventory-reservation,prod,368086,11668,80.47,410,887,0.295,99.201,37.77,45.96,58.09,2,0,1.65,database pressure
2019-12-13,pricing-engine,prod,389754,15396,83.17,440,907,0.12,98.786,36.64,50.53,37.49,2,1,1.28,normal baseline
2019-12-13,tax-service,prod,350517,13035,81.39,497,1069,0.552,99.15,55.12,68.89,64.77,6,0,2.48,watch latency
2019-12-13,loyalty-service,prod,388640,13440,82.34,451,904,0.158,99.228,37.6,63.9,43.28,3,0,1.4,database pressure
2019-12-13,notification-service,prod,385114,12452,80.91,413,770,0.327,98.745,55.44,47.82,60.74,5,1,1.73,incident review
2019-12-13,auth-gateway,prod,348394,12492,83.51,479,967,0.23,99.214,36.39,51.13,50.3,0,0,1.64,database pressure
2019-12-13,analytics-pipeline,prod,358036,12520,80.76,476,1052,0.219,99.216,58.52,46.25,38.92,1,0,1.61,campaign traffic
2019-12-13,search-recommendations,prod,356599,12866,81.45,563,1152,0.304,99.199,48.1,66.55,46.8,5,0,2.01,cache warmup
2019-12-20,checkout-api,prod,626608,23445,80.84,487,1061,0.528,99.154,45.78,63.06,29.74,2,0,2.4,cache warmup
2019-12-20,cart-service,prod,650252,22182,80.63,410,920,0.301,99.2,46.66,47.56,33.19,4,0,1.66,database pressure
2019-12-20,payment-orchestrator,prod,693516,24538,82.59,426,800,0.276,99.205,42.18,49.76,54.38,3,0,1.64,cache warmup
2019-12-20,order-ledger,prod,363007,13076,83.57,441,867,0.164,99.227,48.98,44.8,61.59,3,0,1.39,incident review
2019-12-20,inventory-reservation,prod,357040,12543,81.05,407,839,0.259,99.208,61.83,58.36,57.98,0,0,1.55,cache warmup
2019-12-20,pricing-engine,prod,392319,15691,81.71,463,976,0.314,99.197,41.41,51.02,41.27,3,0,1.82,normal baseline
2019-12-20,tax-service,prod,371041,14960,81.14,447,848,0.421,99.176,46.83,50.0,28.1,3,0,2.05,database pressure
2019-12-20,loyalty-service,prod,367557,12395,82.78,452,887,0.201,99.22,64.34,52.51,45.85,7,0,1.51,database pressure
2019-12-20,notification-service,prod,347227,13619,81.33,421,794,0.02,99.256,42.06,55.02,43.86,0,0,0.99,database pressure
2019-12-20,auth-gateway,prod,377400,13615,82.72,461,958,0.275,99.205,53.34,51.18,50.01,3,0,1.71,release week
2019-12-20,analytics-pipeline,prod,347047,13397,80.72,485,1003,0.129,99.234,52.6,58.99,52.61,5,0,1.4,incident review
2019-12-20,search-recommendations,prod,345742,11305,81.09,569,1127,0.177,99.225,46.63,59.13,60.49,4,0,1.71,normal baseline
2019-12-27,checkout-api,prod,684973,26007,82.05,443,859,0.243,99.211,60.13,62.93,34.66,2,0,1.59,incident review
2019-12-27,cart-service,prod,625016,23112,82.95,491,961,0.396,99.181,47.2,49.72,50.52,3,0,2.08,incident review
2019-12-27,payment-orchestrator,prod,656991,23492,81.55,432,924,0.236,99.213,44.07,67.35,48.23,7,0,1.55,campaign traffic
2019-12-27,order-ledger,prod,350005,11348,81.85,493,961,0.445,99.171,38.75,60.56,48.05,1,0,2.21,watch latency
2019-12-27,inventory-reservation,prod,365169,12376,81.28,478,923,0.02,99.256,54.82,60.11,37.01,4,0,1.11,incident review
2019-12-27,pricing-engine,prod,368053,12554,83.25,479,916,0.047,99.251,57.62,66.42,57.71,1,0,1.18,watch latency
2019-12-27,tax-service,prod,396872,12774,80.86,450,975,0.108,99.238,46.08,69.25,64.12,3,0,1.27,cache warmup
2019-12-27,loyalty-service,prod,389751,13552,81.91,480,1052,0.677,99.125,52.83,47.32,62.33,0,0,2.76,database pressure
2019-12-27,notification-service,prod,397001,15893,82.03,403,925,0.548,99.15,56.72,48.19,29.3,6,0,2.27,incident review
2019-12-27,auth-gateway,prod,379604,13534,80.57,476,915,0.207,99.219,61.29,58.64,48.93,1,0,1.58,watch latency
2019-12-27,analytics-pipeline,prod,394807,15011,80.2,515,980,0.081,99.244,38.12,69.05,35.63,2,0,1.35,watch latency
2019-12-27,search-recommendations,prod,348317,11969,81.83,455,974,0.207,99.219,39.96,46.16,41.09,7,0,1.53,watch latency
2020-01-03,checkout-api,prod,619090,22222,83.15,418,910,0.407,99.239,55.58,51.44,53.06,4,0,1.95,database pressure
2020-01-03,cart-service,prod,596131,21252,82.31,422,880,0.02,99.316,63.82,65.48,53.57,5,0,0.99,watch latency
2020-01-03,payment-orchestrator,prod,621181,21538,82.73,391,900,0.408,99.238,45.2,63.17,40.13,6,0,1.89,normal baseline
2020-01-03,order-ledger,prod,317665,11626,82.39,370,753,0.521,99.216,65.83,55.58,27.78,3,0,2.13,cache warmup
2020-01-03,inventory-reservation,prod,323297,10224,83.17,382,788,0.243,99.271,46.28,70.56,54.32,6,0,1.46,database pressure
2020-01-03,pricing-engine,prod,331984,10856,84.19,354,668,0.247,99.271,53.77,64.17,58.58,1,0,1.41,release week
2020-01-03,tax-service,prod,312500,11087,84.47,380,818,0.183,99.283,63.57,48.08,55.05,6,0,1.3,incident review
2020-01-03,loyalty-service,prod,313085,9830,83.55,359,834,0.569,99.206,54.37,64.15,31.31,1,0,2.22,cache warmup
2020-01-03,notification-service,prod,326854,12473,85.32,397,888,0.116,99.297,62.54,51.84,27.08,3,0,1.17,cache warmup
2020-01-03,auth-gateway,prod,341919,13837,84.23,330,682,0.02,99.316,56.15,69.61,55.51,0,0,0.78,incident review
2020-01-03,analytics-pipeline,prod,328990,11188,83.23,419,924,0.341,99.252,61.03,71.27,60.24,0,0,1.78,normal baseline
2020-01-03,search-recommendations,prod,320686,12472,82.67,409,785,0.272,99.266,63.3,48.35,29.29,3,0,1.59,normal baseline
2020-01-10,checkout-api,prod,612334,22758,82.67,370,689,0.334,99.253,53.85,70.36,28.42,2,0,1.66,cache warmup
2020-01-10,cart-service,prod,595288,20547,82.29,419,943,0.428,99.234,59.46,69.81,42.77,3,0,2.0,watch latency
2020-01-10,payment-orchestrator,prod,581149,19586,83.82,386,742,0.183,99.283,39.05,56.6,55.32,4,0,1.31,watch latency
2020-01-10,order-ledger,prod,327173,13105,85.1,420,782,0.43,99.234,49.18,48.03,40.11,7,0,2.01,database pressure
2020-01-10,inventory-reservation,prod,351754,12082,83.6,385,824,0.595,99.201,39.24,69.22,46.95,7,0,2.34,incident review
2020-01-10,pricing-engine,prod,351552,11999,83.91,395,787,0.409,99.238,55.21,47.78,57.51,5,0,1.9,release week
2020-01-10,tax-service,prod,341002,12066,82.25,334,745,0.02,99.316,65.69,56.48,60.37,5,0,0.79,database pressure
2020-01-10,loyalty-service,prod,321832,11462,82.69,379,808,0.534,99.213,50.15,67.32,29.13,7,0,2.18,normal baseline
2020-01-10,notification-service,prod,325588,12161,83.62,408,837,0.429,99.234,50.92,69.38,60.63,1,0,1.98,campaign traffic
2020-01-10,auth-gateway,prod,313117,9791,83.88,368,692,0.02,99.316,46.51,60.51,56.94,2,0,0.87,incident review
2020-01-10,analytics-pipeline,prod,320160,10016,83.55,391,765,0.338,99.252,54.69,59.43,32.58,0,0,1.71,database pressure
2020-01-10,search-recommendations,prod,318112,10977,82.61,480,1052,0.47,99.226,66.68,69.26,46.25,3,0,2.24,release week
2020-01-17,checkout-api,prod,631357,23770,84.1,330,647,0.134,99.293,50.83,59.93,29.7,0,0,1.07,incident review
2020-01-17,cart-service,prod,605559,22255,83.64,358,676,0.177,99.285,47.02,48.13,64.1,6,0,1.24,incident review
2020-01-17,payment-orchestrator,prod,632709,23761,85.13,408,910,0.478,99.224,56.03,56.14,55.42,3,0,2.1,campaign traffic
2020-01-17,order-ledger,prod,313979,10998,85.4,399,804,0.455,99.229,47.31,65.28,45.89,2,0,2.02,database pressure
2020-01-17,inventory-reservation,prod,345123,12899,82.41,397,889,0.02,99.316,42.29,67.47,36.24,1,0,0.93,normal baseline
2020-01-17,pricing-engine,prod,340258,10914,82.51,379,819,0.424,99.235,47.26,54.75,27.58,7,0,1.9,release week
2020-01-17,tax-service,prod,318685,10904,85.05,403,796,0.473,99.225,64.95,71.94,55.95,7,0,2.08,watch latency
2020-01-17,loyalty-service,prod,328421,10480,84.46,397,809,0.504,99.219,54.49,71.81,47.28,3,0,2.14,watch latency
2020-01-17,notification-service,prod,312522,10596,83.28,329,631,0.233,99.273,61.49,63.9,38.98,3,0,1.31,watch latency
2020-01-17,auth-gateway,prod,324659,10752,83.0,347,706,0.434,99.233,65.97,59.84,46.57,0,0,1.86,normal baseline
2020-01-17,analytics-pipeline,prod,336420,11742,83.79,390,793,0.124,99.295,46.23,64.18,38.75,7,0,1.18,normal baseline
2020-01-17,search-recommendations,prod,346263,11859,83.45,385,867,0.46,99.228,67.62,66.6,48.09,3,0,2.01,cache warmup
2020-01-24,checkout-api,prod,608934,22323,85.08,361,763,0.258,99.268,48.02,71.22,54.9,6,0,1.45,database pressure
2020-01-24,cart-service,prod,605638,23317,82.31,416,882,0.498,99.22,43.11,60.37,31.69,5,0,2.17,cache warmup
2020-01-24,payment-orchestrator,prod,600674,22512,83.9,394,846,0.375,99.245,41.92,67.1,58.74,3,0,1.81,cache warmup
2020-01-24,order-ledger,prod,324111,10251,83.85,422,936,0.332,99.254,67.17,56.23,34.72,2,0,1.77,database pressure
2020-01-24,inventory-reservation,prod,330775,10509,83.59,420,894,0.23,99.274,52.92,57.17,63.37,0,0,1.51,incident review
2020-01-24,pricing-engine,prod,345594,13758,83.44,377,714,0.02,99.316,47.69,64.63,29.47,4,0,0.89,database pressure
2020-01-24,tax-service,prod,334619,13709,83.78,384,821,0.436,99.233,43.99,50.92,32.36,2,0,1.94,incident review
2020-01-24,loyalty-service,prod,328985,12110,85.23,382,742,0.317,99.257,47.9,48.18,41.73,4,0,1.64,database pressure
2020-01-24,notification-service,prod,322034,11793,82.36,347,651,0.268,99.266,44.02,72.81,44.81,7,0,1.44,incident review
2020-01-24,auth-gateway,prod,346501,12800,83.81,346,700,0.616,99.197,62.27,56.9,31.54,7,0,2.31,database pressure
2020-01-24,analytics-pipeline,prod,335724,13418,82.07,458,868,0.452,99.23,61.5,65.08,53.62,6,0,2.15,database pressure
2020-01-24,search-recommendations,prod,329406,11871,85.03,496,929,0.289,99.262,61.57,62.52,52.68,4,0,1.83,incident review
2020-01-31,checkout-api,prod,597846,20795,84.14,343,740,0.208,99.278,45.28,60.51,49.72,0,0,1.28,cache warmup
2020-01-31,cart-service,prod,611872,20942,83.93,402,844,0.313,99.257,58.67,50.24,52.14,1,0,1.68,cache warmup
2020-01-31,payment-orchestrator,prod,567077,20867,84.83,358,688,0.273,99.265,51.94,69.6,30.93,5,0,1.48,campaign traffic
2020-01-31,order-ledger,prod,349564,12455,82.22,377,820,0.231,99.274,51.5,62.13,36.02,3,0,1.42,database pressure
2020-01-31,inventory-reservation,prod,327212,10343,84.48,366,724,0.543,99.211,55.68,56.48,31.15,3,0,2.17,cache warmup
2020-01-31,pricing-engine,prod,320704,10055,83.08,391,739,0.311,99.258,48.56,59.57,62.97,3,0,1.65,incident review
2020-01-31,tax-service,prod,350719,12837,82.08,413,794,0.186,99.283,59.11,58.19,35.21,4,0,1.38,watch latency
2020-01-31,loyalty-service,prod,321063,12505,83.94,341,751,0.052,99.31,49.36,55.61,63.63,1,0,0.89,cache warmup
2020-01-31,notification-service,prod,338039,12469,83.18,358,727,0.308,99.258,60.8,60.41,63.4,1,0,1.57,cache warmup
2020-01-31,auth-gateway,prod,343179,12266,85.3,371,795,0.164,99.287,43.82,57.76,43.68,7,0,1.23,normal baseline
2020-01-31,analytics-pipeline,prod,313208,11217,83.34,460,1003,0.246,99.271,54.87,58.14,38.67,5,0,1.64,incident review
2020-01-31,search-recommendations,prod,342970,11273,82.64,429,891,0.096,99.301,48.33,52.69,59.89,5,0,1.19,incident review
2020-02-07,checkout-api,prod,631422,21154,83.26,332,730,0.282,99.264,62.12,51.18,39.04,4,0,1.44,watch latency
2020-02-07,cart-service,prod,586494,19711,84.55,330,654,0.551,99.21,64.69,62.91,62.41,3,0,2.11,watch latency
2020-02-07,payment-orchestrator,prod,577715,20807,84.92,391,871,0.213,99.277,63.15,67.49,48.62,5,0,1.4,cache warmup
2020-02-07,order-ledger,prod,313953,10939,84.07,357,832,0.308,99.258,65.95,56.36,28.04,4,0,1.56,normal baseline
2020-02-07,inventory-reservation,prod,334796,12579,82.65,337,767,0.167,99.287,58.11,57.03,55.32,0,0,1.17,campaign traffic
2020-02-07,pricing-engine,prod,324559,12069,82.26,359,741,0.02,99.316,56.13,74.11,34.91,1,0,0.85,database pressure
2020-02-07,tax-service,prod,339618,12757,83.65,370,762,0.274,99.265,41.29,61.53,36.91,1,0,1.51,incident review
2020-02-07,loyalty-service,prod,341901,11152,82.92,408,872,0.248,99.27,57.58,59.58,56.13,2,0,1.53,campaign traffic
2020-02-07,notification-service,prod,326571,10838,84.42,352,672,0.431,99.234,45.76,72.64,34.39,5,0,1.86,cache warmup
2020-02-07,auth-gateway,prod,351276,11436,84.73,410,770,0.214,99.277,53.4,61.17,47.08,2,0,1.45,release week
2020-02-07,analytics-pipeline,prod,336183,12337,84.38,461,921,0.195,99.281,66.61,71.84,49.95,0,0,1.51,watch latency
2020-02-07,search-recommendations,prod,319651,11480,84.53,529,1056,0.314,99.257,43.04,50.28,46.23,3,0,1.96,cache warmup
2020-02-14,checkout-api,prod,602595,20788,83.7,393,864,0.065,99.307,59.45,55.88,54.67,3,0,1.03,cache warmup
2020-02-14,cart-service,prod,588108,19650,84.44,363,801,0.128,99.294,42.15,51.59,51.01,6,0,1.13,incident review
2020-02-14,payment-orchestrator,prod,633076,22116,82.98,376,790,0.245,99.271,68.24,64.8,27.26,5,0,1.45,database pressure
2020-02-14,order-ledger,prod,313647,9911,82.66,372,703,0.301,99.26,49.71,59.38,53.11,4,0,1.58,watch latency
2020-02-14,inventory-reservation,prod,336013,12778,83.78,352,759,0.192,99.282,58.3,58.58,41.86,1,0,1.26,release week
2020-02-14,pricing-engine,prod,319721,9941,83.84,359,814,0.25,99.27,65.62,55.87,46.5,1,0,1.42,watch latency
2020-02-14,tax-service,prod,343020,13852,83.91,402,902,0.499,99.22,43.87,55.01,60.28,6,0,2.14,campaign traffic
2020-02-14,loyalty-service,prod,343049,11096,82.6,417,907,0.617,99.197,66.54,71.0,55.15,2,0,2.47,release week
2020-02-14,notification-service,prod,338288,11118,83.45,370,764,0.117,99.297,56.47,54.79,63.21,1,0,1.11,watch latency
2020-02-14,auth-gateway,prod,335938,11888,83.85,358,799,0.02,99.316,59.61,50.93,59.2,7,0,0.85,incident review
2020-02-14,analytics-pipeline,prod,313341,11326,84.08,480,1052,0.209,99.278,61.49,75.01,43.37,4,0,1.59,release week
2020-02-14,search-recommendations,prod,322295,11513,84.98,487,962,0.21,99.278,58.53,57.9,63.18,0,0,1.61,normal baseline
2020-02-21,checkout-api,prod,596808,19917,82.95,417,896,0.07,99.306,60.69,73.29,42.39,6,0,1.1,campaign traffic
2020-02-21,cart-service,prod,612496,21509,83.16,416,921,0.549,99.21,63.32,49.79,61.27,3,0,2.3,incident review
2020-02-21,payment-orchestrator,prod,619295,22197,83.58,386,768,0.334,99.253,64.08,67.02,47.08,0,0,1.69,database pressure
2020-02-21,order-ledger,prod,317221,13103,84.96,411,833,0.2,99.28,54.17,57.75,44.22,0,0,1.41,release week
2020-02-21,inventory-reservation,prod,323999,11776,85.17,397,862,0.02,99.316,67.09,54.29,43.23,6,0,0.93,watch latency
2020-02-21,pricing-engine,prod,348915,12318,83.07,329,714,0.26,99.268,45.0,63.23,54.04,5,0,1.38,cache warmup
2020-02-21,tax-service,prod,346343,11284,82.45,405,786,0.224,99.275,46.27,57.55,28.02,4,0,1.46,normal baseline
2020-02-21,loyalty-service,prod,325966,12970,85.24,417,777,0.02,99.316,62.13,73.94,49.57,4,0,0.98,release week
2020-02-21,notification-service,prod,335981,12798,85.26,351,803,0.678,99.184,52.54,67.26,51.38,1,0,2.47,release week
2020-02-21,auth-gateway,prod,332536,11904,82.8,330,663,0.228,99.274,58.9,64.37,44.22,0,0,1.3,release week
2020-02-21,analytics-pipeline,prod,314875,10407,82.12,529,1142,0.02,99.316,48.46,74.14,55.13,1,0,1.23,cache warmup
2020-02-21,search-recommendations,prod,340261,13373,82.27,435,854,0.263,99.267,48.78,71.49,42.37,3,0,1.62,watch latency
2020-02-28,checkout-api,prod,599560,21258,84.92,397,757,0.112,99.298,56.34,52.36,52.66,0,0,1.16,campaign traffic
2020-02-28,cart-service,prod,605215,20751,83.6,338,781,0.346,99.251,61.42,67.32,36.58,3,0,1.62,normal baseline
2020-02-28,payment-orchestrator,prod,574342,20345,85.37,384,778,0.316,99.257,64.25,64.66,55.12,7,0,1.64,database pressure
2020-02-28,order-ledger,prod,340864,12287,84.4,359,757,0.133,99.293,65.23,64.23,45.81,2,0,1.13,release week
2020-02-28,inventory-reservation,prod,350969,14273,84.04,388,806,0.415,99.237,54.41,58.5,57.55,2,0,1.9,incident review
2020-02-28,pricing-engine,prod,349712,12130,84.09,371,857,0.62,99.196,59.32,59.51,39.32,3,0,2.37,cache warmup
2020-02-28,tax-service,prod,313754,10304,82.63,388,876,0.417,99.237,57.16,67.21,41.2,3,0,1.9,campaign traffic
2020-02-28,loyalty-service,prod,331157,13572,84.42,370,703,0.325,99.255,59.84,55.69,41.16,1,0,1.63,normal baseline
2020-02-28,notification-service,prod,327235,13004,83.87,355,716,0.426,99.235,63.98,63.65,42.89,0,0,1.85,cache warmup
2020-02-28,auth-gateway,prod,333435,11791,84.89,332,628,0.518,99.216,61.65,67.2,59.57,3,0,2.03,campaign traffic
2020-02-28,analytics-pipeline,prod,316604,12307,84.43,497,1004,0.609,99.198,68.35,73.38,40.82,5,0,2.63,release week
2020-02-28,search-recommendations,prod,340162,12039,83.21,406,768,0.288,99.262,64.68,70.62,43.97,0,0,1.62,watch latency
2020-03-06,checkout-api,prod,615344,22965,82.27,362,821,0.257,99.269,57.86,54.64,47.46,2,0,1.45,campaign traffic
2020-03-06,cart-service,prod,589237,22521,85.28,368,773,0.655,99.189,47.9,75.48,51.15,3,0,2.46,incident review
2020-03-06,payment-orchestrator,prod,578565,20559,83.36,389,723,0.43,99.234,60.63,71.85,58.41,3,0,1.94,campaign traffic
2020-03-06,order-ledger,prod,326829,10239,83.09,341,744,0.551,99.21,72.66,72.37,51.93,3,0,2.14,campaign traffic
2020-03-06,inventory-reservation,prod,321203,12564,84.53,340,775,0.433,99.233,68.52,66.58,30.23,7,0,1.84,watch latency
2020-03-06,pricing-engine,prod,331302,12468,85.13,418,869,0.21,99.278,43.69,62.82,44.56,7,0,1.45,cache warmup
2020-03-06,tax-service,prod,323197,10594,84.43,382,738,0.405,99.239,70.76,74.59,53.55,5,0,1.86,database pressure
2020-03-06,loyalty-service,prod,326487,11001,85.35,415,838,0.184,99.283,71.35,56.19,29.43,1,0,1.38,cache warmup
2020-03-06,notification-service,prod,348964,14199,83.12,416,784,0.102,99.3,58.32,70.91,54.95,0,0,1.18,release week
2020-03-06,auth-gateway,prod,312864,9984,84.75,367,811,0.306,99.259,67.74,65.9,52.91,1,0,1.58,cache warmup
2020-03-06,analytics-pipeline,prod,312154,12191,85.2,479,1007,0.11,99.298,56.65,50.78,46.33,3,0,1.34,incident review
2020-03-06,search-recommendations,prod,348914,12617,82.69,488,976,0.347,99.251,48.54,68.79,43.05,2,0,1.95,campaign traffic
2020-03-13,checkout-api,prod,565264,21376,85.33,346,797,0.173,99.285,68.7,54.07,43.37,0,0,1.2,cache warmup
2020-03-13,cart-service,prod,563634,20609,85.2,404,782,0.162,99.288,69.71,55.23,46.44,6,0,1.3,cache warmup
2020-03-13,payment-orchestrator,prod,570182,19562,85.38,401,914,0.256,99.269,49.81,69.1,43.18,3,0,1.53,watch latency
2020-03-13,order-ledger,prod,314698,13017,83.45,424,890,0.02,99.316,54.53,75.26,61.38,3,0,0.99,release week
2020-03-13,inventory-reservation,prod,320348,10143,82.46,422,896,0.483,99.223,50.28,66.94,33.06,2,0,2.15,cache warmup
2020-03-13,pricing-engine,prod,320064,11141,84.63,367,742,0.677,99.185,65.7,71.65,58.71,2,0,2.51,normal baseline
2020-03-13,tax-service,prod,317352,10387,82.13,394,741,0.379,99.244,48.03,69.6,57.91,2,0,1.82,watch latency
2020-03-13,loyalty-service,prod,316502,12823,84.06,336,706,0.607,99.199,52.79,74.07,33.95,2,0,2.26,release week
2020-03-13,notification-service,prod,312035,10966,83.39,346,795,0.164,99.287,54.23,63.38,57.17,2,0,1.18,normal baseline
2020-03-13,auth-gateway,prod,329720,11923,82.56,376,870,0.622,99.196,71.84,59.57,54.96,1,0,2.39,release week
2020-03-13,analytics-pipeline,prod,322746,10423,84.03,402,757,0.179,99.284,67.96,72.26,49.72,7,0,1.34,incident review
2020-03-13,search-recommendations,prod,326789,12140,83.27,550,1083,0.552,99.21,49.54,71.18,63.06,2,0,2.6,watch latency
2020-03-20,checkout-api,prod,617403,23707,85.15,336,723,0.473,99.225,73.28,75.14,51.04,3,0,1.93,campaign traffic
2020-03-20,cart-service,prod,581009,20054,82.28,359,839,0.256,99.269,52.32,59.74,38.71,0,0,1.44,release week
2020-03-20,payment-orchestrator,prod,581445,22318,83.3,403,789,0.02,99.316,51.05,69.01,61.57,4,0,0.95,cache warmup
2020-03-20,order-ledger,prod,350016,13806,85.02,418,813,0.02,99.316,49.77,61.94,51.57,2,0,0.98,database pressure
2020-03-20,inventory-reservation,prod,347514,11342,85.0,419,897,0.213,99.277,55.94,62.21,51.7,6,0,1.46,watch latency
2020-03-20,pricing-engine,prod,343710,11100,82.36,335,704,0.599,99.2,47.29,67.61,42.21,5,0,2.24,cache warmup
2020-03-20,tax-service,prod,334886,10623,84.15,401,847,0.34,99.252,46.67,59.46,62.23,3,0,1.74,campaign traffic
2020-03-20,loyalty-service,prod,342475,12001,83.24,420,856,0.44,99.232,63.36,58.48,45.36,6,0,2.03,campaign traffic
2020-03-20,notification-service,prod,333577,10681,84.65,355,777,0.167,99.287,70.5,66.54,61.38,2,0,1.21,watch latency
2020-03-20,auth-gateway,prod,337474,12640,83.78,333,799,0.105,99.299,49.98,64.01,37.38,0,0,1.0,watch latency
2020-03-20,analytics-pipeline,prod,326657,13159,83.52,447,1003,0.05,99.31,72.12,69.86,29.11,7,0,1.12,release week
2020-03-20,search-recommendations,prod,336366,11690,84.74,458,855,0.447,99.231,59.08,76.08,49.79,3,0,2.14,database pressure
2020-03-27,checkout-api,prod,606301,21599,84.17,390,863,0.066,99.307,62.1,51.14,41.38,4,0,1.03,watch latency
2020-03-27,cart-service,prod,570196,21344,83.83,389,808,0.152,99.29,65.76,64.43,48.05,6,0,1.24,campaign traffic
2020-03-27,payment-orchestrator,prod,586846,19908,82.73,355,764,0.495,99.221,70.69,63.57,58.28,2,0,2.03,cache warmup
2020-03-27,order-ledger,prod,342539,11163,85.34,364,768,0.483,99.223,69.29,63.71,34.43,5,0,2.02,campaign traffic
2020-03-27,inventory-reservation,prod,325297,10570,84.51,343,779,0.255,99.269,49.64,54.02,57.11,3,0,1.4,campaign traffic
2020-03-27,pricing-engine,prod,335608,11436,85.38,387,874,0.422,99.236,64.96,59.27,54.86,1,0,1.91,database pressure
2020-03-27,tax-service,prod,317867,13052,84.44,349,652,0.02,99.316,71.54,69.32,50.79,4,0,0.83,campaign traffic
2020-03-27,loyalty-service,prod,327743,11120,82.75,368,736,0.052,99.31,61.13,65.26,52.07,6,0,0.95,cache warmup
2020-03-27,notification-service,prod,331043,12457,85.16,376,757,0.184,99.283,58.22,75.28,27.2,1,0,1.3,watch latency
2020-03-27,auth-gateway,prod,321527,10379,83.49,381,750,0.189,99.282,68.16,52.48,36.87,1,0,1.32,cache warmup
2020-03-27,analytics-pipeline,prod,325506,12496,83.95,461,857,0.02,99.316,72.56,72.14,34.44,0,0,1.07,campaign traffic
2020-03-27,search-recommendations,prod,347736,12494,84.43,436,971,0.211,99.278,60.56,62.91,47.15,3,0,1.5,cache warmup
2020-04-03,checkout-api,prod,590824,22113,83.69,376,770,0.321,99.256,54.9,65.78,42.25,6,0,1.64,campaign traffic
2020-04-03,cart-service,prod,606931,20584,84.45,347,803,0.167,99.287,67.93,68.41,55.36,6,0,1.19,database pressure
2020-04-03,payment-orchestrator,prod,592846,20843,84.46,350,738,0.02,99.316,53.61,73.51,29.41,5,0,0.83,campaign traffic
2020-04-03,order-ledger,prod,327124,11974,83.17,371,855,0.15,99.29,51.08,59.11,32.32,5,0,1.2,normal baseline
2020-04-03,inventory-reservation,prod,328720,13457,83.26,386,873,0.258,99.268,54.66,76.19,39.28,1,0,1.5,campaign traffic
2020-04-03,pricing-engine,prod,314450,12827,84.98,385,874,0.194,99.281,50.31,59.72,54.35,4,0,1.34,release week
2020-04-03,tax-service,prod,323302,11770,84.2,402,835,0.086,99.303,69.38,73.97,39.6,3,0,1.11,cache warmup
2020-04-03,loyalty-service,prod,326218,13104,82.97,389,790,0.093,99.301,56.24,61.67,60.24,2,0,1.1,database pressure
2020-04-03,notification-service,prod,313587,11002,82.51,405,798,0.271,99.266,56.12,69.27,61.84,3,0,1.58,watch latency
2020-04-03,auth-gateway,prod,317628,10213,83.87,383,859,0.354,99.249,70.78,52.1,41.89,3,0,1.73,campaign traffic
2020-04-03,analytics-pipeline,prod,345149,14015,82.36,508,1098,0.241,99.272,72.34,56.62,50.88,3,0,1.73,normal baseline
2020-04-03,search-recommendations,prod,316059,11477,83.3,512,969,0.086,99.303,68.89,51.76,53.68,3,0,1.35,campaign traffic
2020-04-10,checkout-api,prod,591861,19776,82.26,393,903,0.495,99.221,44.38,51.24,55.47,5,0,2.11,cache warmup
2020-04-10,cart-service,prod,621012,23348,82.84,333,783,0.206,99.279,71.67,76.33,45.04,5,0,1.26,campaign traffic
2020-04-10,payment-orchestrator,prod,575308,21185,83.93,395,808,0.314,99.257,59.52,69.3,39.0,7,0,1.66,watch latency
2020-04-10,order-ledger,prod,328313,13298,84.85,408,903,0.419,98.786,57.9,61.21,62.22,7,1,1.95,incident review
2020-04-10,inventory-reservation,prod,348630,14062,85.43,335,630,0.404,99.239,69.19,56.93,52.95,6,0,1.75,incident review
2020-04-10,pricing-engine,prod,345882,12210,82.48,341,792,0.291,99.262,66.92,71.96,51.57,1,0,1.48,release week
2020-04-10,tax-service,prod,337130,12831,83.89,384,761,0.448,99.23,53.6,62.61,60.03,3,0,1.97,incident review
2020-04-10,loyalty-service,prod,339048,11388,82.47,407,870,0.547,99.211,53.77,67.75,48.56,3,0,2.27,release week
2020-04-10,notification-service,prod,314681,11782,82.41,356,663,0.303,99.259,72.35,67.73,35.19,3,0,1.55,watch latency
2020-04-10,auth-gateway,prod,326031,11052,84.15,394,738,0.199,99.28,54.71,72.02,38.39,5,0,1.37,incident review
2020-04-10,analytics-pipeline,prod,339119,13613,83.55,391,882,0.32,99.256,60.62,70.59,31.13,3,0,1.67,watch latency
2020-04-10,search-recommendations,prod,338322,11592,82.38,456,1013,0.386,99.243,66.16,59.41,60.5,1,0,1.98,incident review
2020-04-17,checkout-api,prod,616710,23377,83.01,424,880,0.205,99.279,50.15,72.24,58.68,3,0,1.45,release week
2020-04-17,cart-service,prod,592320,21786,83.29,385,867,0.31,99.258,67.01,70.59,55.12,6,0,1.63,normal baseline
2020-04-17,payment-orchestrator,prod,611355,21445,84.09,370,771,0.387,99.243,57.43,72.86,64.75,3,0,1.79,normal baseline
2020-04-17,order-ledger,prod,348288,13777,82.86,373,847,0.02,99.316,64.54,56.18,33.09,6,0,0.88,database pressure
2020-04-17,inventory-reservation,prod,314804,12958,82.38,365,843,1.129,99.094,67.75,72.89,27.52,6,0,3.63,campaign traffic
2020-04-17,pricing-engine,prod,331377,10964,83.1,388,794,0.468,99.226,69.55,75.35,45.4,3,0,2.03,campaign traffic
2020-04-17,tax-service,prod,341635,13253,84.27,398,746,0.526,99.215,52.48,57.41,64.66,0,0,2.2,campaign traffic
2020-04-17,loyalty-service,prod,349444,13682,83.7,345,735,0.338,99.252,54.45,60.77,30.41,2,0,1.61,watch latency
2020-04-17,notification-service,prod,320835,11966,84.35,410,763,0.459,99.228,50.68,76.74,63.44,4,0,2.06,watch latency
2020-04-17,auth-gateway,prod,333304,11834,83.67,362,850,0.298,99.26,69.19,59.84,33.46,2,0,1.55,cache warmup
2020-04-17,analytics-pipeline,prod,343559,10969,83.35,498,950,0.044,99.311,70.95,59.41,31.24,6,0,1.22,database pressure
2020-04-17,search-recommendations,prod,322609,12854,84.97,502,973,0.074,99.305,53.71,66.72,34.24,6,0,1.3,campaign traffic
2020-04-24,checkout-api,prod,583549,19360,84.96,391,742,0.516,99.217,66.63,59.58,29.04,0,0,2.16,incident review
2020-04-24,cart-service,prod,627656,20989,82.61,411,822,0.349,99.25,53.16,50.68,53.84,7,0,1.79,release week
2020-04-24,payment-orchestrator,prod,574365,20970,83.27,343,815,0.2,99.28,50.44,58.41,34.13,2,0,1.26,incident review
2020-04-24,order-ledger,prod,327961,11448,82.72,400,916,0.02,99.316,44.99,58.43,51.82,6,0,0.94,campaign traffic
2020-04-24,inventory-reservation,prod,325820,10183,83.27,364,675,0.695,99.181,58.11,63.73,40.11,4,0,2.55,watch latency
2020-04-24,pricing-engine,prod,351144,12602,84.57,390,782,0.233,99.273,65.66,60.91,57.19,0,0,1.45,incident review
2020-04-24,tax-service,prod,340966,13725,84.21,366,680,0.869,98.696,49.26,61.43,52.1,1,1,2.98,normal baseline
2020-04-24,loyalty-service,prod,339888,12147,83.65,396,852,0.672,99.186,49.99,55.92,55.16,1,0,2.56,normal baseline
2020-04-24,notification-service,prod,327754,11397,83.99,340,736,0.204,99.279,46.39,50.7,41.88,6,0,1.27,watch latency
2020-04-24,auth-gateway,prod,322351,11433,85.43,374,693,0.225,98.825,51.83,72.22,38.29,5,1,1.39,normal baseline
2020-04-24,analytics-pipeline,prod,336773,10883,82.15,436,822,0.623,99.195,51.06,71.13,50.79,6,0,2.53,cache warmup
2020-04-24,search-recommendations,prod,351246,11683,83.28,478,887,0.281,98.814,62.49,55.35,39.15,1,1,1.77,cache warmup
2020-05-01,checkout-api,prod,632511,21882,83.92,379,794,0.956,99.129,72.25,63.61,44.68,1,0,3.23,campaign traffic
2020-05-01,cart-service,prod,611501,22428,84.33,348,662,0.42,99.236,54.57,70.63,37.04,5,0,1.82,database pressure
2020-05-01,payment-orchestrator,prod,586850,20493,82.4,359,693,0.167,99.287,59.45,60.38,37.33,7,0,1.22,watch latency
2020-05-01,order-ledger,prod,328626,11688,84.17,402,784,0.3,99.26,54.27,52.46,52.6,4,0,1.64,database pressure
2020-05-01,inventory-reservation,prod,318165,12035,84.81,330,635,0.239,98.822,72.86,67.77,42.25,1,1,1.33,release week
2020-05-01,pricing-engine,prod,326031,10778,83.61,352,805,0.248,99.27,47.85,64.08,57.27,1,0,1.4,database pressure
2020-05-01,tax-service,prod,337622,10895,82.99,389,833,0.604,99.199,64.36,54.51,53.0,4,0,2.38,campaign traffic
2020-05-01,loyalty-service,prod,315838,12825,83.09,368,751,0.264,99.267,46.68,52.99,59.26,5,0,1.48,campaign traffic
2020-05-01,notification-service,prod,345290,13679,84.55,418,836,0.077,99.305,69.55,56.38,49.21,6,0,1.12,incident review
2020-05-01,auth-gateway,prod,326039,11808,84.26,396,880,0.868,98.696,46.95,62.14,64.4,2,1,3.05,campaign traffic
2020-05-01,analytics-pipeline,prod,347666,10956,83.31,535,989,0.838,99.152,67.02,60.59,50.77,0,0,3.28,release week
2020-05-01,search-recommendations,prod,339297,12552,83.21,492,1025,0.403,99.239,65.12,65.77,60.61,0,0,2.1,cache warmup
2020-05-08,checkout-api,prod,616404,21835,83.58,346,817,0.092,99.302,67.2,59.79,51.74,6,0,1.0,campaign traffic
2020-05-08,cart-service,prod,618528,21267,83.48,333,754,0.348,99.25,45.66,53.97,50.77,5,0,1.61,watch latency
2020-05-08,payment-orchestrator,prod,576378,19261,84.83,354,732,0.077,99.305,57.24,56.78,29.58,5,0,0.98,cache warmup
2020-05-08,order-ledger,prod,338644,11981,84.99,363,732,0.319,99.256,60.74,52.04,56.12,0,0,1.6,normal baseline
2020-05-08,inventory-reservation,prod,340648,11643,83.39,377,770,0.332,99.254,45.68,63.99,40.55,4,0,1.67,campaign traffic
2020-05-08,pricing-engine,prod,333394,13277,84.59,385,820,0.486,99.223,46.56,69.79,27.34,5,0,2.07,incident review
2020-05-08,tax-service,prod,315991,11457,85.23,365,689,0.477,99.225,72.04,60.9,40.15,7,0,2.0,cache warmup
2020-05-08,loyalty-service,prod,333926,12741,82.25,407,925,0.136,99.293,42.7,54.96,33.31,6,0,1.24,incident review
2020-05-08,notification-service,prod,350579,11245,82.44,333,751,0.022,99.316,66.64,61.98,49.34,0,0,0.79,incident review
2020-05-08,auth-gateway,prod,315396,11196,82.93,387,860,0.147,99.291,51.37,73.89,30.82,3,0,1.23,incident review
2020-05-08,analytics-pipeline,prod,337232,11835,82.32,519,970,0.272,99.266,69.86,55.45,48.06,5,0,1.83,normal baseline
2020-05-08,search-recommendations,prod,329188,10937,82.06,428,876,0.049,99.31,45.74,61.47,27.11,7,0,1.07,release week
2020-05-15,checkout-api,prod,621682,21840,84.89,404,910,0.577,99.205,69.56,75.03,60.24,2,0,2.34,watch latency
2020-05-15,cart-service,prod,578437,21817,83.53,366,694,0.02,99.316,66.38,68.47,47.07,5,0,0.86,incident review
2020-05-15,payment-orchestrator,prod,589134,20085,84.54,399,883,0.448,99.23,62.71,69.27,32.77,7,0,2.01,release week
2020-05-15,order-ledger,prod,331357,10343,82.94,403,876,0.32,99.256,52.23,50.54,44.63,7,0,1.7,campaign traffic
2020-05-15,inventory-reservation,prod,324555,11598,83.03,407,822,0.047,99.311,66.26,65.25,50.0,1,0,1.02,watch latency
2020-05-15,pricing-engine,prod,327709,11441,83.74,388,884,0.02,99.316,51.25,50.46,58.6,5,0,0.91,campaign traffic
2020-05-15,tax-service,prod,348695,14022,83.11,353,684,0.258,99.268,44.34,58.46,55.12,1,0,1.43,watch latency
2020-05-15,loyalty-service,prod,350893,13251,84.07,372,765,0.023,99.315,55.4,57.6,31.0,7,0,0.88,campaign traffic
2020-05-15,notification-service,prod,329216,11455,85.54,332,716,0.376,99.245,41.81,55.4,32.19,0,0,1.68,cache warmup
2020-05-15,auth-gateway,prod,332221,11801,85.22,396,768,0.451,99.23,66.66,63.09,45.35,0,0,2.01,release week
2020-05-15,analytics-pipeline,prod,337261,11755,83.65,437,861,0.77,99.166,41.79,52.58,32.94,3,0,2.9,campaign traffic
2020-05-15,search-recommendations,prod,347382,13892,82.64,434,869,0.385,99.243,51.59,69.99,44.76,4,0,1.93,incident review
2020-05-22,checkout-api,prod,606465,20363,83.82,372,714,0.409,99.238,70.51,52.06,28.69,3,0,1.85,normal baseline
2020-05-22,cart-service,prod,564766,19311,83.53,335,627,0.377,99.245,63.9,60.49,48.85,3,0,1.69,watch latency
2020-05-22,payment-orchestrator,prod,609881,22828,83.61,331,776,0.502,99.22,43.66,54.0,48.83,0,0,1.99,incident review
2020-05-22,order-ledger,prod,324768,12262,83.81,344,766,0.699,99.18,65.95,49.97,51.51,2,0,2.51,cache warmup
2020-05-22,inventory-reservation,prod,328215,13112,84.73,403,757,0.268,99.266,44.27,72.15,49.84,5,0,1.57,release week
2020-05-22,pricing-engine,prod,321901,12808,84.43,395,736,0.356,99.249,45.89,70.37,42.53,4,0,1.77,normal baseline
2020-05-22,tax-service,prod,342645,12831,82.71,374,868,0.132,99.294,46.23,65.51,28.42,5,0,1.16,database pressure
2020-05-22,loyalty-service,prod,314727,9994,82.71,395,878,0.357,99.249,46.0,70.94,53.1,6,0,1.77,incident review
2020-05-22,notification-service,prod,323138,11379,84.8,358,821,0.442,99.232,59.15,63.38,57.18,4,0,1.9,incident review
2020-05-22,auth-gateway,prod,334888,10519,83.34,331,773,0.398,99.24,51.42,61.23,52.29,0,0,1.73,cache warmup
2020-05-22,analytics-pipeline,prod,327004,12278,82.98,477,983,0.469,99.226,65.18,50.48,37.87,4,0,2.23,watch latency
2020-05-22,search-recommendations,prod,330906,10549,84.63,496,1088,0.414,99.237,44.47,56.49,54.27,6,0,2.14,watch latency
2020-05-29,checkout-api,prod,572724,21306,84.0,368,803,0.233,99.273,55.17,70.32,37.56,4,0,1.4,incident review
2020-05-29,cart-service,prod,611121,23571,83.66,337,771,0.308,99.258,52.94,61.39,40.37,4,0,1.52,campaign traffic
2020-05-29,payment-orchestrator,prod,619306,21267,82.26,360,677,0.185,99.283,65.54,65.3,46.45,2,0,1.26,cache warmup
2020-05-29,order-ledger,prod,328531,11008,82.81,377,814,0.371,99.246,59.61,57.58,47.59,3,0,1.77,release week
2020-05-29,inventory-reservation,prod,325143,11432,82.48,423,863,0.487,99.223,53.34,72.21,45.46,7,0,2.16,release week
2020-05-29,pricing-engine,prod,323949,10693,83.4,392,791,0.395,99.241,56.97,53.91,61.98,5,0,1.86,campaign traffic
2020-05-29,tax-service,prod,340422,11756,84.21,352,772,0.417,99.237,69.02,52.35,42.66,4,0,1.83,cache warmup
2020-05-29,loyalty-service,prod,344012,13295,83.63,398,804,0.192,98.832,62.43,60.79,61.86,0,1,1.36,cache warmup
2020-05-29,notification-service,prod,320799,11719,83.04,397,752,0.603,99.199,56.27,69.12,53.11,4,0,2.39,database pressure
2020-05-29,auth-gateway,prod,347791,12746,84.6,385,722,0.251,99.27,63.4,52.21,46.31,0,0,1.48,cache warmup
2020-05-29,analytics-pipeline,prod,323611,11651,83.73,418,836,0.335,99.253,54.55,52.11,60.01,4,0,1.77,database pressure
2020-05-29,search-recommendations,prod,316061,11518,84.88,486,960,0.338,99.252,56.8,71.1,36.97,6,0,1.93,cache warmup
2020-06-05,checkout-api,prod,633304,23449,82.83,392,739,0.19,99.282,59.17,57.18,32.05,2,0,1.35,database pressure
2020-06-05,cart-service,prod,583907,19907,83.53,420,844,0.147,99.291,58.72,52.92,46.69,2,0,1.3,watch latency
2020-06-05,payment-orchestrator,prod,586746,19643,82.96,337,777,0.02,99.316,53.2,66.72,50.95,0,0,0.8,incident review
2020-06-05,order-ledger,prod,321737,11244,82.92,336,784,0.367,99.247,57.38,53.28,41.39,6,0,1.66,campaign traffic
2020-06-05,inventory-reservation,prod,345722,12581,84.1,336,801,0.048,99.31,50.01,54.19,57.97,0,0,0.87,watch latency
2020-06-05,pricing-engine,prod,334484,11906,83.32,398,736,0.143,99.291,55.34,58.43,47.28,1,0,1.24,cache warmup
2020-06-05,tax-service,prod,338795,12732,83.8,412,814,0.335,99.253,47.42,62.83,34.76,4,0,1.75,cache warmup
2020-06-05,loyalty-service,prod,340127,13482,85.16,346,646,0.707,99.179,53.46,61.95,46.27,5,0,2.54,database pressure
2020-06-05,notification-service,prod,329575,10431,85.17,373,751,0.285,99.263,53.49,59.86,53.68,3,0,1.54,normal baseline
2020-06-05,auth-gateway,prod,327292,12551,82.82,416,863,0.314,99.257,55.27,71.89,38.9,4,0,1.71,normal baseline
2020-06-05,analytics-pipeline,prod,316105,10761,84.42,472,941,0.02,99.316,60.34,63.05,38.64,6,0,1.1,normal baseline
2020-06-05,search-recommendations,prod,346866,11607,83.32,403,900,0.293,99.261,57.58,52.69,50.69,6,0,1.63,normal baseline
2020-06-12,checkout-api,prod,590671,21816,84.46,382,874,0.461,99.228,46.67,51.87,57.19,5,0,2.0,incident review
2020-06-12,cart-service,prod,591868,20371,85.46,371,763,0.359,99.248,54.46,68.28,41.53,5,0,1.72,watch latency
2020-06-12,payment-orchestrator,prod,625933,23491,83.56,382,765,0.241,99.272,48.25,67.05,48.52,1,0,1.45,incident review
2020-06-12,order-ledger,prod,320709,12605,84.16,330,734,0.091,98.852,54.46,61.24,33.55,4,1,0.96,database pressure
2020-06-12,inventory-reservation,prod,338092,12974,84.13,379,715,0.705,99.179,52.51,63.4,60.73,4,0,2.6,normal baseline
2020-06-12,pricing-engine,prod,313468,11203,83.46,362,772,0.336,99.253,41.44,52.68,39.68,2,0,1.64,release week
2020-06-12,tax-service,prod,329444,12641,82.55,380,789,0.393,99.241,65.79,68.52,40.14,7,0,1.83,watch latency
2020-06-12,loyalty-service,prod,343609,11046,85.19,373,867,0.361,99.248,45.18,67.57,30.2,2,0,1.73,incident review
2020-06-12,notification-service,prod,347294,12918,82.77,340,707,0.185,99.283,41.3,67.34,47.55,1,0,1.22,incident review
2020-06-12,auth-gateway,prod,338245,12899,82.78,384,793,0.333,99.253,54.35,63.44,43.65,6,0,1.69,cache warmup
2020-06-12,analytics-pipeline,prod,328219,12406,83.57,395,803,0.441,99.232,48.58,50.64,46.52,4,0,1.98,campaign traffic
2020-06-12,search-recommendations,prod,317105,11811,84.91,493,1055,0.149,99.29,58.87,51.75,51.46,5,0,1.47,database pressure
2020-06-19,checkout-api,prod,621583,21515,82.78,424,879,0.425,99.235,61.0,70.89,41.93,4,0,2.01,database pressure
2020-06-19,cart-service,prod,595326,22499,82.68,364,691,0.375,99.245,49.1,53.55,44.05,5,0,1.75,cache warmup
2020-06-19,payment-orchestrator,prod,630896,21174,85.49,346,769,0.318,99.256,54.28,63.78,56.6,3,0,1.56,normal baseline
2020-06-19,order-ledger,prod,346765,13083,82.79,358,790,0.432,99.234,51.65,67.46,30.96,5,0,1.87,campaign traffic
2020-06-19,inventory-reservation,prod,337720,10888,82.33,363,747,0.182,99.284,61.61,55.82,32.86,3,0,1.26,database pressure
2020-06-19,pricing-engine,prod,331964,10427,83.11,416,940,0.151,99.29,39.55,62.63,49.1,0,0,1.3,normal baseline
2020-06-19,tax-service,prod,314753,11609,84.7,378,833,0.054,99.309,53.77,63.9,54.51,7,0,0.98,database pressure
2020-06-19,loyalty-service,prod,341427,11755,85.16,371,864,0.276,99.265,40.02,70.33,57.83,2,0,1.51,watch latency
2020-06-19,notification-service,prod,340035,11643,82.67,342,778,0.265,99.267,47.06,56.65,42.18,6,0,1.42,campaign traffic
2020-06-19,auth-gateway,prod,324416,12030,85.07,379,723,0.168,99.286,67.56,60.49,48.95,1,0,1.26,campaign traffic
2020-06-19,analytics-pipeline,prod,324535,12617,85.08,493,971,0.682,99.184,42.59,46.27,27.0,3,0,2.8,incident review
2020-06-19,search-recommendations,prod,326066,10400,85.29,452,837,0.244,99.271,38.38,51.66,60.73,3,0,1.62,database pressure
2020-06-26,checkout-api,prod,589654,21227,84.28,365,856,0.295,99.261,46.65,57.64,40.47,1,0,1.55,normal baseline
2020-06-26,cart-service,prod,580415,21258,83.09,413,842,0.703,99.179,39.59,48.36,30.81,6,0,2.68,cache warmup
2020-06-26,payment-orchestrator,prod,606213,21190,84.87,401,913,0.02,99.316,37.16,52.04,64.71,4,0,0.94,watch latency
2020-06-26,order-ledger,prod,312291,11770,85.24,379,821,0.02,99.316,44.13,71.18,63.36,4,0,0.89,normal baseline
2020-06-26,inventory-reservation,prod,347263,11190,84.02,399,739,0.02,98.866,53.84,49.21,32.69,5,1,0.94,release week
2020-06-26,pricing-engine,prod,320483,12101,82.21,387,825,0.492,99.222,47.01,64.49,45.04,2,0,2.09,release week
2020-06-26,tax-service,prod,342033,12985,83.98,351,811,0.279,99.264,47.74,58.81,55.89,2,0,1.48,incident review
2020-06-26,loyalty-service,prod,313816,11940,82.32,373,862,0.02,99.316,62.97,53.28,52.0,7,0,0.88,normal baseline
2020-06-26,notification-service,prod,343447,13566,84.5,387,788,0.233,99.273,62.68,57.32,41.84,3,0,1.44,campaign traffic
2020-06-26,auth-gateway,prod,329862,10667,83.35,366,847,0.258,98.818,53.81,54.1,37.64,7,1,1.46,campaign traffic
2020-06-26,analytics-pipeline,prod,321444,9993,82.15,506,965,0.234,99.273,54.58,62.48,34.31,3,0,1.71,cache warmup
2020-06-26,search-recommendations,prod,315724,10589,84.14,459,1014,0.434,99.233,38.93,67.54,57.62,5,0,2.11,cache warmup
2020-07-03,checkout-api,prod,602062,21892,84.01,380,716,0.605,99.199,43.75,63.05,37.01,6,0,2.36,database pressure
2020-07-03,cart-service,prod,631389,21954,83.24,370,786,0.309,99.258,42.01,60.71,49.8,6,0,1.59,watch latency
2020-07-03,payment-orchestrator,prod,595108,21742,85.37,346,713,0.305,99.259,56.13,65.04,64.1,3,0,1.53,cache warmup
2020-07-03,order-ledger,prod,343672,11466,83.89,424,798,0.127,99.295,64.68,58.61,46.79,6,0,1.26,cache warmup
2020-07-03,inventory-reservation,prod,337746,10794,83.96,419,873,0.498,99.22,45.83,65.51,64.92,6,0,2.18,cache warmup
2020-07-03,pricing-engine,prod,336306,11880,83.55,329,672,0.14,99.292,53.58,50.02,45.01,4,0,1.08,cache warmup
2020-07-03,tax-service,prod,340162,10949,83.66,389,769,0.02,99.316,43.18,54.89,36.47,1,0,0.91,campaign traffic
2020-07-03,loyalty-service,prod,314195,12321,83.81,364,849,0.507,99.219,62.03,58.14,37.31,1,0,2.08,campaign traffic
2020-07-03,notification-service,prod,332868,10893,84.41,366,692,0.719,99.176,35.94,60.84,58.75,5,0,2.61,campaign traffic
2020-07-03,auth-gateway,prod,347037,12099,83.95,338,633,0.4,99.24,53.27,60.09,53.86,1,0,1.75,watch latency
2020-07-03,analytics-pipeline,prod,330935,13426,84.09,438,956,0.054,99.309,63.69,56.61,38.4,4,0,1.11,campaign traffic
2020-07-03,search-recommendations,prod,324061,12244,84.48,459,892,0.24,99.272,58.57,56.6,40.74,2,0,1.62,cache warmup
2020-07-10,checkout-api,prod,593112,22521,82.21,410,812,0.258,99.268,63.69,60.65,38.79,3,0,1.56,database pressure
2020-07-10,cart-service,prod,622771,24035,85.29,366,708,0.488,99.222,46.42,49.57,43.14,1,0,2.03,cache warmup
2020-07-10,payment-orchestrator,prod,583068,21140,82.88,413,816,0.326,99.255,43.66,52.55,60.44,2,0,1.73,campaign traffic
2020-07-10,order-ledger,prod,319130,11294,82.88,373,818,0.628,99.194,48.3,69.36,38.92,5,0,2.4,watch latency
2020-07-10,inventory-reservation,prod,322064,12079,84.41,355,800,0.25,99.27,53.14,58.63,31.69,3,0,1.41,release week
2020-07-10,pricing-engine,prod,331406,12040,83.39,364,745,0.112,99.298,57.87,64.02,29.78,5,0,1.09,cache warmup
2020-07-10,tax-service,prod,333267,10583,83.05,394,898,0.614,99.197,47.04,44.37,47.88,5,0,2.41,incident review
2020-07-10,loyalty-service,prod,343374,10872,83.64,405,835,0.571,99.206,43.52,49.87,57.84,4,0,2.33,campaign traffic
2020-07-10,notification-service,prod,313613,11711,84.43,378,779,0.03,99.314,39.16,58.43,36.32,4,0,0.92,watch latency
2020-07-10,auth-gateway,prod,327613,10306,82.33,400,740,0.155,99.289,41.41,51.13,64.9,6,0,1.28,release week
2020-07-10,analytics-pipeline,prod,350254,14242,84.24,460,863,0.171,99.286,50.0,53.02,42.0,6,0,1.45,normal baseline
2020-07-10,search-recommendations,prod,339007,11480,82.66,477,971,0.276,99.265,40.4,69.04,45.69,1,0,1.75,watch latency
2020-07-17,checkout-api,prod,575307,21744,85.37,357,667,0.276,99.265,48.02,50.14,56.49,0,0,1.48,cache warmup
2020-07-17,cart-service,prod,616156,22863,84.35,403,909,0.237,99.273,39.29,49.76,49.87,5,0,1.49,normal baseline
2020-07-17,payment-orchestrator,prod,583075,20140,83.23,394,858,0.39,99.242,63.2,66.69,49.72,7,0,1.85,release week
2020-07-17,order-ledger,prod,347122,12636,82.34,376,862,0.247,99.271,47.87,48.26,37.72,4,0,1.45,incident review
2020-07-17,inventory-reservation,prod,316339,10158,83.9,354,711,0.151,99.29,39.76,64.38,43.21,3,0,1.16,cache warmup
2020-07-17,pricing-engine,prod,316635,10968,84.76,361,772,0.253,99.269,35.83,60.78,42.37,3,0,1.43,database pressure
2020-07-17,tax-service,prod,343395,14008,84.12,380,833,0.036,99.313,50.75,61.22,55.11,2,0,0.93,database pressure
2020-07-17,loyalty-service,prod,312039,12341,85.01,365,840,0.674,99.185,38.99,44.52,51.12,4,0,2.5,campaign traffic
2020-07-17,notification-service,prod,337295,11428,82.72,388,762,0.025,99.315,46.32,43.43,60.64,6,0,0.93,campaign traffic
2020-07-17,auth-gateway,prod,314725,9742,83.78,406,851,0.508,99.218,48.99,48.68,40.23,4,0,2.17,release week
2020-07-17,analytics-pipeline,prod,351151,12338,83.02,484,1048,0.423,99.235,49.64,60.31,56.2,1,0,2.13,watch latency
2020-07-17,search-recommendations,prod,319174,10556,84.11,418,772,0.277,99.265,41.28,62.0,49.64,7,0,1.62,release week
2020-07-24,checkout-api,prod,630514,21726,85.05,330,629,0.482,99.224,62.67,52.6,45.73,6,0,1.94,watch latency
2020-07-24,cart-service,prod,628743,22009,82.71,360,727,0.02,99.316,53.31,54.24,40.01,2,0,0.85,cache warmup
2020-07-24,payment-orchestrator,prod,616158,22947,82.26,378,703,0.568,99.206,44.72,50.61,64.18,0,0,2.26,release week
2020-07-24,order-ledger,prod,346081,12626,82.28,336,777,0.216,99.277,42.57,42.74,45.23,6,0,1.29,incident review
2020-07-24,inventory-reservation,prod,348071,12713,83.2,421,905,0.195,99.281,59.13,49.34,38.02,6,0,1.42,cache warmup
2020-07-24,pricing-engine,prod,349212,12044,83.37,364,829,0.125,99.295,39.22,54.48,37.26,6,0,1.12,release week
2020-07-24,tax-service,prod,337015,11916,84.11,351,681,0.173,99.285,58.76,63.44,29.75,0,0,1.21,database pressure
2020-07-24,loyalty-service,prod,350582,12252,84.74,371,823,0.409,99.238,51.94,66.66,56.98,2,0,1.85,database pressure
2020-07-24,notification-service,prod,327007,10381,83.29,365,841,0.48,99.224,34.79,55.25,39.77,3,0,2.01,normal baseline
2020-07-24,auth-gateway,prod,348042,11333,83.42,346,756,0.322,99.256,49.62,53.83,28.47,6,0,1.57,incident review
2020-07-24,analytics-pipeline,prod,324585,12682,83.95,396,775,0.498,99.22,60.03,50.18,44.51,3,0,2.12,database pressure
2020-07-24,search-recommendations,prod,328953,12085,83.07,464,951,0.396,99.241,36.89,63.7,36.54,0,0,2.02,incident review
2020-07-31,checkout-api,prod,570551,18944,83.31,396,763,0.506,99.219,46.62,46.88,49.59,4,0,2.15,campaign traffic
2020-07-31,cart-service,prod,602742,22353,83.27,342,693,0.101,99.3,54.52,45.31,36.46,7,0,1.01,cache warmup
2020-07-31,payment-orchestrator,prod,614626,22976,85.36,382,736,0.582,99.204,53.94,51.71,34.01,7,0,2.31,normal baseline
2020-07-31,order-ledger,prod,315550,10369,83.75,415,767,0.399,99.24,55.32,67.38,60.43,3,0,1.92,incident review
2020-07-31,inventory-reservation,prod,326121,12353,82.77,351,752,0.081,99.304,40.91,43.91,43.18,6,0,0.98,normal baseline
2020-07-31,pricing-engine,prod,338779,12395,82.34,364,805,0.263,99.267,32.48,50.09,27.43,0,0,1.47,release week
2020-07-31,tax-service,prod,333734,10591,82.35,336,723,0.775,99.165,44.46,59.54,57.51,1,0,2.68,watch latency
2020-07-31,loyalty-service,prod,337839,11911,82.86,349,780,0.02,99.316,53.4,61.37,46.07,6,0,0.83,normal baseline
2020-07-31,notification-service,prod,346571,13949,83.08,349,681,0.466,99.227,48.34,64.31,44.11,5,0,1.94,release week
2020-07-31,auth-gateway,prod,346774,13954,85.19,331,694,0.283,99.263,41.07,42.71,30.73,7,0,1.44,normal baseline
2020-07-31,analytics-pipeline,prod,329549,12752,84.67,524,1019,0.292,99.262,41.79,67.57,28.42,7,0,1.89,database pressure
2020-07-31,search-recommendations,prod,319330,11052,83.61,468,964,0.32,99.256,61.68,63.18,38.84,4,0,1.84,normal baseline
2020-08-07,checkout-api,prod,592164,21535,84.55,357,817,0.131,99.294,41.78,55.67,33.61,3,0,1.12,watch latency
2020-08-07,cart-service,prod,626513,22752,84.25,351,679,0.515,99.217,51.27,55.21,29.56,5,0,2.07,normal baseline
2020-08-07,payment-orchestrator,prod,629114,22967,84.0,405,925,0.246,99.271,47.47,53.88,49.87,1,0,1.52,watch latency
2020-08-07,order-ledger,prod,328864,10978,84.43,415,809,0.185,99.283,54.18,47.82,62.23,5,0,1.38,release week
2020-08-07,inventory-reservation,prod,327191,11468,84.23,399,848,0.28,99.264,51.44,50.31,30.82,3,0,1.59,normal baseline
2020-08-07,pricing-engine,prod,328066,11761,83.78,345,646,0.132,99.294,60.48,53.72,64.22,5,0,1.1,incident review
2020-08-07,tax-service,prod,332836,12288,85.18,420,831,0.275,99.265,53.7,63.0,38.13,6,0,1.62,campaign traffic
2020-08-07,loyalty-service,prod,344690,11827,83.97,357,703,0.381,99.244,37.91,64.3,63.17,7,0,1.75,normal baseline
2020-08-07,notification-service,prod,336469,11135,82.21,408,898,0.138,99.292,49.52,66.38,29.86,0,0,1.25,release week
2020-08-07,auth-gateway,prod,343805,11328,83.94,380,801,0.399,99.24,53.74,59.34,44.49,2,0,1.84,normal baseline
2020-08-07,analytics-pipeline,prod,316375,12774,83.43,434,866,0.265,99.267,50.44,55.5,42.08,3,0,1.63,campaign traffic
2020-08-07,search-recommendations,prod,350152,13751,85.21,480,975,0.328,99.254,57.12,54.3,44.9,0,0,1.89,watch latency
2020-08-14,checkout-api,prod,576318,20769,83.21,420,952,0.235,99.273,47.33,57.42,46.36,7,0,1.52,incident review
2020-08-14,cart-service,prod,585964,19977,82.54,388,880,0.075,99.305,53.69,55.24,37.61,6,0,1.05,incident review
2020-08-14,payment-orchestrator,prod,571221,19244,82.57,356,714,0.319,99.256,45.99,53.13,29.2,1,0,1.59,campaign traffic
2020-08-14,order-ledger,prod,334250,13046,83.7,420,932,0.161,99.288,40.0,54.61,62.65,4,0,1.34,watch latency
2020-08-14,inventory-reservation,prod,312262,10735,83.7,363,804,0.549,99.21,54.69,44.53,39.08,0,0,2.18,release week
2020-08-14,pricing-engine,prod,328182,12357,83.4,406,827,0.475,99.225,53.27,61.93,37.58,6,0,2.09,normal baseline
2020-08-14,tax-service,prod,346504,12257,84.77,368,857,0.522,99.216,44.4,56.04,35.42,4,0,2.12,database pressure
2020-08-14,loyalty-service,prod,345236,11290,84.14,343,674,0.176,99.285,34.0,44.25,44.34,1,0,1.2,normal baseline
2020-08-14,notification-service,prod,327029,11277,83.92,341,701,0.221,99.276,30.96,51.85,45.25,3,0,1.31,incident review
2020-08-14,auth-gateway,prod,326474,10492,82.58,369,807,0.055,99.309,48.8,55.0,32.01,2,0,0.96,normal baseline
2020-08-14,analytics-pipeline,prod,332674,11570,85.02,411,816,0.474,99.225,47.94,42.7,33.68,0,0,2.1,incident review
2020-08-14,search-recommendations,prod,323940,11435,82.55,475,901,0.327,99.255,58.55,44.35,55.36,2,0,1.87,database pressure
2020-08-21,checkout-api,prod,609382,22119,85.4,359,707,0.098,99.3,52.4,52.22,44.52,4,0,1.04,normal baseline
2020-08-21,cart-service,prod,596633,22943,84.62,359,677,0.311,99.258,39.71,54.65,32.17,3,0,1.57,cache warmup
2020-08-21,payment-orchestrator,prod,627271,22836,82.17,401,914,0.231,99.274,47.48,53.85,60.02,3,0,1.47,watch latency
2020-08-21,order-ledger,prod,333596,13408,84.3,347,766,0.364,99.247,57.72,46.63,33.68,5,0,1.68,incident review
2020-08-21,inventory-reservation,prod,326892,11181,83.67,345,739,0.361,99.248,33.01,66.21,58.4,5,0,1.67,campaign traffic
2020-08-21,pricing-engine,prod,317180,11596,85.34,354,678,0.407,99.239,38.31,45.6,27.21,7,0,1.8,campaign traffic
2020-08-21,tax-service,prod,321754,12064,82.35,333,629,0.095,99.301,43.34,49.77,39.23,1,0,0.98,campaign traffic
2020-08-21,loyalty-service,prod,329152,13420,84.73,420,813,0.343,99.251,50.78,64.7,38.25,3,0,1.79,release week
2020-08-21,notification-service,prod,347739,13198,82.92,353,675,0.21,99.278,49.32,61.38,42.22,2,0,1.31,database pressure
2020-08-21,auth-gateway,prod,343629,12904,83.58,384,760,0.02,99.316,54.11,47.9,48.63,4,0,0.9,normal baseline
2020-08-21,analytics-pipeline,prod,313719,10061,82.93,465,1014,0.503,99.219,31.15,51.85,59.92,6,0,2.29,cache warmup
2020-08-21,search-recommendations,prod,343729,12550,84.91,411,888,0.391,99.242,45.43,57.14,41.0,1,0,1.89,watch latency
2020-08-28,checkout-api,prod,621477,23458,84.56,355,757,0.137,99.293,56.62,48.41,52.23,0,0,1.13,database pressure
2020-08-28,cart-service,prod,589237,20599,82.65,417,924,0.368,99.246,46.82,48.22,28.42,0,0,1.85,campaign traffic
2020-08-28,payment-orchestrator,prod,616361,22021,84.98,356,757,0.464,99.227,54.4,60.65,63.53,3,0,1.95,cache warmup
2020-08-28,order-ledger,prod,338625,11472,84.81,359,769,0.331,99.254,40.39,45.61,37.06,0,0,1.63,incident review
2020-08-28,inventory-reservation,prod,336777,13672,85.37,374,862,0.383,99.243,57.94,63.74,55.2,4,0,1.79,release week
2020-08-28,pricing-engine,prod,316997,12621,84.2,389,862,0.142,99.292,53.48,57.15,44.12,0,0,1.22,release week
2020-08-28,tax-service,prod,313042,10120,83.26,393,814,0.452,99.23,56.61,40.64,53.64,4,0,2.0,campaign traffic
2020-08-28,loyalty-service,prod,337932,13185,82.51,346,672,0.576,99.205,43.31,45.9,61.84,6,0,2.21,campaign traffic
2020-08-28,notification-service,prod,315039,12510,83.35,333,794,0.279,99.264,58.39,50.24,59.4,4,0,1.44,normal baseline
2020-08-28,auth-gateway,prod,328636,10659,84.24,368,739,0.447,99.231,40.16,51.03,33.53,0,0,1.94,database pressure
2020-08-28,analytics-pipeline,prod,326698,11950,83.92,449,934,0.02,99.316,34.73,63.3,37.92,7,0,1.05,watch latency
2020-08-28,search-recommendations,prod,335896,11167,82.16,427,918,0.181,99.284,39.74,61.96,46.36,0,0,1.4,cache warmup
2020-09-04,checkout-api,prod,583030,19490,83.66,424,850,0.307,99.259,42.13,51.43,40.37,0,0,1.71,normal baseline
2020-09-04,cart-service,prod,629935,21319,84.99,383,855,0.294,99.261,37.14,65.09,58.92,6,0,1.59,database pressure
2020-09-04,payment-orchestrator,prod,590864,22827,82.1,411,873,0.372,99.246,41.67,48.61,29.88,2,0,1.84,watch latency
2020-09-04,order-ledger,prod,329684,10328,83.85,385,715,0.252,99.27,51.08,47.22,64.13,3,0,1.49,database pressure
2020-09-04,inventory-reservation,prod,331397,12847,82.15,385,884,0.369,99.246,46.39,48.68,59.92,3,0,1.78,incident review
2020-09-04,pricing-engine,prod,345281,13354,82.6,384,749,0.415,98.787,50.38,60.06,40.25,1,1,1.89,incident review
2020-09-04,tax-service,prod,345454,11529,83.13,419,825,0.337,99.253,53.95,49.49,44.79,0,0,1.77,cache warmup
2020-09-04,loyalty-service,prod,343499,13839,82.97,360,804,0.278,99.264,37.17,41.52,62.4,6,0,1.5,cache warmup
2020-09-04,notification-service,prod,326095,10250,82.34,345,708,0.384,99.243,40.54,46.7,58.42,1,0,1.73,database pressure
2020-09-04,auth-gateway,prod,319045,12021,83.61,394,754,0.234,99.273,42.13,57.95,61.59,1,0,1.46,incident review
2020-09-04,analytics-pipeline,prod,348859,12229,83.81,449,977,0.391,99.242,46.2,47.31,32.64,4,0,1.98,incident review
2020-09-04,search-recommendations,prod,326754,13461,82.36,462,864,0.527,99.215,40.53,43.8,39.55,6,0,2.34,normal baseline
2020-09-11,checkout-api,prod,562473,19196,83.05,411,894,0.317,99.257,53.19,49.36,30.88,7,0,1.71,incident review
2020-09-11,cart-service,prod,594097,21270,85.05,369,749,0.432,99.234,44.05,64.48,41.59,7,0,1.9,normal baseline
2020-09-11,payment-orchestrator,prod,621311,21948,84.81,363,838,0.195,99.281,42.66,44.75,50.49,2,0,1.29,database pressure
2020-09-11,order-ledger,prod,329370,12261,82.55,340,695,0.113,99.297,29.42,47.97,27.35,7,0,1.04,watch latency
2020-09-11,inventory-reservation,prod,330310,12202,84.43,409,866,0.274,99.265,53.28,58.55,50.11,3,0,1.59,incident review
2020-09-11,pricing-engine,prod,342869,10799,83.16,332,631,0.277,99.265,51.83,42.14,51.13,4,0,1.43,incident review
2020-09-11,tax-service,prod,314098,9815,84.76,402,801,0.246,99.271,57.95,55.28,56.93,1,0,1.51,normal baseline
2020-09-11,loyalty-service,prod,343400,14018,84.1,345,790,0.44,99.232,51.02,43.2,52.04,5,0,1.87,normal baseline
2020-09-11,notification-service,prod,334959,13102,83.3,402,838,0.344,99.251,35.46,62.92,39.29,0,0,1.75,cache warmup
2020-09-11,auth-gateway,prod,319642,11062,82.75,403,847,0.429,99.234,35.12,51.31,36.21,6,0,1.97,campaign traffic
2020-09-11,analytics-pipeline,prod,319429,12176,82.57,530,1065,0.509,99.218,57.5,42.81,47.87,1,0,2.45,normal baseline
2020-09-11,search-recommendations,prod,312236,10259,85.19,458,866,0.615,99.197,31.75,54.12,37.13,1,0,2.56,incident review
2020-09-18,checkout-api,prod,607707,20554,84.21,333,695,0.084,99.303,53.57,60.58,51.12,5,0,0.95,incident review
2020-09-18,cart-service,prod,598248,22177,84.28,353,663,0.567,99.207,35.62,51.19,58.06,1,0,2.2,cache warmup
2020-09-18,payment-orchestrator,prod,622143,21294,83.8,406,760,0.376,99.245,34.0,61.24,58.74,2,0,1.84,database pressure
2020-09-18,order-ledger,prod,326541,10316,82.9,335,694,0.02,99.316,33.21,59.89,29.37,3,0,0.79,campaign traffic
2020-09-18,inventory-reservation,prod,313318,10159,82.65,419,841,0.239,99.272,42.79,49.05,49.58,6,0,1.53,release week
2020-09-18,pricing-engine,prod,333148,11193,83.46,353,831,0.474,99.225,32.23,49.89,64.9,6,0,1.97,campaign traffic
2020-09-18,tax-service,prod,316961,10683,83.2,405,887,0.241,99.272,30.88,64.33,38.25,4,0,1.5,cache warmup
2020-09-18,loyalty-service,prod,323481,10109,85.32,404,850,0.337,99.253,49.21,58.81,46.72,0,0,1.74,release week
2020-09-18,notification-service,prod,343156,13429,83.83,410,936,0.247,99.271,29.38,50.75,54.85,1,0,1.53,watch latency
2020-09-18,auth-gateway,prod,336257,12105,82.69,355,669,0.02,99.316,30.74,42.61,41.55,3,0,0.84,watch latency
2020-09-18,analytics-pipeline,prod,344519,14008,85.29,440,873,0.046,99.311,42.25,45.18,44.46,0,0,1.09,database pressure
2020-09-18,search-recommendations,prod,329906,10341,83.91,512,971,0.407,99.239,40.64,50.96,59.89,1,0,2.16,watch latency
2020-09-25,checkout-api,prod,563704,20995,82.99,370,720,0.311,99.258,42.04,43.64,55.2,5,0,1.6,database pressure
2020-09-25,cart-service,prod,599025,22430,84.28,399,759,0.47,99.226,32.1,59.93,34.18,4,0,2.06,database pressure
2020-09-25,payment-orchestrator,prod,594250,21761,82.98,405,897,0.155,99.289,41.84,61.4,36.74,2,0,1.29,release week
2020-09-25,order-ledger,prod,331009,13019,84.61,404,767,0.08,98.854,30.54,47.09,45.07,5,1,1.1,normal baseline
2020-09-25,inventory-reservation,prod,316761,11831,83.36,331,773,0.331,99.254,41.29,40.07,43.11,1,0,1.56,normal baseline
2020-09-25,pricing-engine,prod,332614,10657,82.49,398,890,0.108,99.298,34.59,58.33,39.1,1,0,1.15,database pressure
2020-09-25,tax-service,prod,315692,9830,85.28,342,769,0.125,99.295,41.14,57.71,34.41,4,0,1.07,normal baseline
2020-09-25,loyalty-service,prod,332824,11843,82.83,394,882,0.326,99.255,42.79,59.11,57.82,0,0,1.69,watch latency
2020-09-25,notification-service,prod,345290,13737,84.58,404,859,0.062,99.308,32.35,58.7,40.63,4,0,1.05,release week
2020-09-25,auth-gateway,prod,332765,12794,83.34,418,840,0.445,99.231,37.67,57.17,33.23,0,0,2.04,normal baseline
2020-09-25,analytics-pipeline,prod,314661,11580,82.92,463,959,0.305,99.259,48.61,59.49,34.35,0,0,1.79,watch latency
2020-09-25,search-recommendations,prod,327206,12348,83.49,457,852,0.633,98.743,36.52,54.53,38.58,3,1,2.6,database pressure
2020-10-02,checkout-api,prod,611737,23363,82.48,421,954,0.441,99.232,40.62,47.69,54.25,2,0,2.04,normal baseline
2020-10-02,cart-service,prod,604940,22805,83.02,330,659,0.163,99.287,39.24,45.6,50.22,7,0,1.14,watch latency
2020-10-02,payment-orchestrator,prod,563203,21718,84.28,393,804,0.113,98.847,36.51,47.83,55.61,5,1,1.15,database pressure
2020-10-02,order-ledger,prod,313398,10080,84.65,336,739,0.544,99.211,56.8,61.04,59.45,7,0,2.11,normal baseline
2020-10-02,inventory-reservation,prod,338286,11272,85.12,355,797,0.251,99.27,50.23,57.82,59.32,4,0,1.42,campaign traffic
2020-10-02,pricing-engine,prod,347874,13228,83.05,409,928,0.538,99.212,29.78,55.27,58.39,7,0,2.25,normal baseline
2020-10-02,tax-service,prod,320415,10631,85.21,358,788,0.433,99.233,42.71,46.48,63.43,4,0,1.88,normal baseline
2020-10-02,loyalty-service,prod,336288,11128,83.43,351,697,0.173,99.285,53.32,52.33,50.46,7,0,1.21,watch latency
2020-10-02,notification-service,prod,325423,11082,82.68,333,679,0.434,99.233,48.8,56.48,40.23,5,0,1.82,campaign traffic
2020-10-02,auth-gateway,prod,348830,12165,83.04,354,742,0.023,99.315,47.81,51.74,39.17,1,0,0.84,watch latency
2020-10-02,analytics-pipeline,prod,351702,11326,83.27,486,1054,0.248,99.27,50.48,58.85,37.21,0,0,1.7,normal baseline
2020-10-02,search-recommendations,prod,327083,11609,84.88,461,909,0.336,99.253,39.87,44.38,32.85,4,0,1.86,database pressure
2020-10-09,checkout-api,prod,616444,22468,82.17,404,812,0.227,99.275,29.13,64.71,45.36,4,0,1.46,database pressure
2020-10-09,cart-service,prod,625822,22078,85.08,397,765,0.304,99.259,51.2,42.16,60.35,4,0,1.64,normal baseline
2020-10-09,payment-orchestrator,prod,586270,20800,83.39,388,895,0.132,99.294,54.63,55.03,54.01,4,0,1.19,cache warmup
2020-10-09,order-ledger,prod,325638,12513,85.06,374,694,0.221,99.276,43.32,63.19,31.76,7,0,1.38,release week
2020-10-09,inventory-reservation,prod,347113,13062,84.67,347,734,0.553,99.209,52.05,43.56,37.14,0,0,2.15,watch latency
2020-10-09,pricing-engine,prod,345308,12491,84.26,371,729,0.311,99.258,43.69,49.84,27.06,1,0,1.6,incident review
2020-10-09,tax-service,prod,329810,13095,83.99,349,784,0.716,99.177,35.61,59.43,59.52,6,0,2.57,release week
2020-10-09,loyalty-service,prod,319262,12667,83.91,367,801,0.121,99.296,38.5,40.63,45.67,1,0,1.12,campaign traffic
2020-10-09,notification-service,prod,330799,10950,83.0,373,776,0.183,99.283,56.35,47.49,56.89,5,0,1.29,campaign traffic
2020-10-09,auth-gateway,prod,324128,12129,82.74,369,826,0.491,99.222,38.77,44.1,54.35,1,0,2.05,incident review
2020-10-09,analytics-pipeline,prod,319207,12606,84.64,394,899,0.309,99.258,35.69,49.56,32.23,4,0,1.65,normal baseline
2020-10-09,search-recommendations,prod,349104,11693,83.2,481,1030,0.18,99.284,34.78,52.8,46.36,4,0,1.52,cache warmup
2020-10-16,checkout-api,prod,609139,22551,83.53,351,654,0.021,98.866,37.69,52.63,53.52,2,1,0.83,watch latency
2020-10-16,cart-service,prod,631924,22966,84.67,386,864,0.187,99.283,46.78,55.75,33.66,5,0,1.32,incident review
2020-10-16,payment-orchestrator,prod,578269,19433,85.38,375,826,0.348,99.25,38.03,54.96,53.53,7,0,1.7,incident review
2020-10-16,order-ledger,prod,336209,11003,83.08,378,706,0.215,99.277,46.79,50.36,46.89,6,0,1.38,normal baseline
2020-10-16,inventory-reservation,prod,333144,10532,83.24,395,811,0.098,99.3,45.62,61.66,47.23,7,0,1.12,database pressure
2020-10-16,pricing-engine,prod,334112,13450,84.64,339,726,0.473,99.225,48.16,53.57,46.25,6,0,1.93,incident review
2020-10-16,tax-service,prod,328405,13250,84.84,411,806,0.241,99.272,42.46,40.61,53.94,6,0,1.52,campaign traffic
2020-10-16,loyalty-service,prod,346442,13278,83.28,348,713,0.22,99.276,41.73,42.46,55.35,6,0,1.32,cache warmup
2020-10-16,notification-service,prod,345344,12569,83.5,409,778,0.597,99.201,54.95,39.25,50.22,2,0,2.4,campaign traffic
2020-10-16,auth-gateway,prod,343916,12734,82.48,365,829,0.496,98.771,53.29,64.92,46.94,6,1,2.05,watch latency
2020-10-16,analytics-pipeline,prod,320207,9977,84.84,464,862,0.082,99.304,54.61,58.55,64.28,6,0,1.24,normal baseline
2020-10-16,search-recommendations,prod,325281,10943,82.65,445,841,0.249,99.27,45.54,50.46,46.33,3,0,1.61,database pressure
2020-10-23,checkout-api,prod,599722,20817,82.69,362,747,0.586,99.203,42.36,42.7,56.58,4,0,2.27,cache warmup
2020-10-23,cart-service,prod,619369,21373,85.28,400,777,0.249,99.27,30.87,62.23,39.65,0,0,1.51,cache warmup
2020-10-23,payment-orchestrator,prod,595983,23069,82.75,414,892,0.407,99.239,33.94,52.74,51.42,7,0,1.94,cache warmup
2020-10-23,order-ledger,prod,336551,12056,83.65,397,881,0.213,99.277,39.14,60.7,34.46,7,0,1.41,normal baseline
2020-10-23,inventory-reservation,prod,328792,12454,83.89,348,807,0.305,99.259,56.14,53.21,60.94,3,0,1.53,incident review
2020-10-23,pricing-engine,prod,351648,11707,85.07,401,845,0.546,99.211,36.67,46.48,63.17,7,0,2.26,release week
2020-10-23,tax-service,prod,329895,12626,82.51,340,799,0.3,99.26,34.37,47.83,55.3,2,0,1.51,incident review
2020-10-23,loyalty-service,prod,345777,11844,83.57,346,676,0.422,99.236,51.8,43.09,57.79,5,0,1.82,watch latency
2020-10-23,notification-service,prod,341768,11623,84.77,423,828,0.117,99.297,50.75,50.67,27.06,6,0,1.23,campaign traffic
2020-10-23,auth-gateway,prod,319346,11165,83.31,399,788,0.02,99.316,34.96,47.82,47.26,1,0,0.94,release week
2020-10-23,analytics-pipeline,prod,320956,12053,82.07,507,1067,0.357,99.249,32.81,59.89,37.08,1,0,2.02,cache warmup
2020-10-23,search-recommendations,prod,326438,11248,83.95,459,976,0.592,99.202,41.05,57.32,47.18,1,0,2.5,campaign traffic
2020-10-30,checkout-api,prod,563389,21874,83.16,405,810,0.229,99.274,34.05,65.26,44.5,7,0,1.47,incident review
2020-10-30,cart-service,prod,573714,20021,82.07,424,959,0.123,99.295,49.45,41.74,60.93,2,0,1.25,campaign traffic
2020-10-30,payment-orchestrator,prod,629920,21069,85.38,387,894,0.181,99.284,50.72,62.76,55.16,4,0,1.31,cache warmup
2020-10-30,order-ledger,prod,325618,13147,83.81,405,789,0.678,99.184,33.13,41.69,35.69,5,0,2.6,cache warmup
2020-10-30,inventory-reservation,prod,345905,11687,82.91,347,743,0.066,99.307,50.18,48.17,41.0,4,0,0.94,watch latency
2020-10-30,pricing-engine,prod,338942,13428,83.23,378,810,0.02,99.316,50.14,56.85,50.06,2,0,0.89,watch latency
2020-10-30,tax-service,prod,328533,11174,82.17,369,816,0.423,98.785,54.53,49.23,51.71,7,1,1.88,campaign traffic
2020-10-30,loyalty-service,prod,329373,11268,83.31,376,856,0.384,99.243,45.97,56.65,49.62,2,0,1.8,normal baseline
2020-10-30,notification-service,prod,315605,10352,85.15,395,872,0.215,99.277,53.16,62.01,28.02,2,0,1.42,database pressure
2020-10-30,auth-gateway,prod,317540,12842,83.15,424,872,0.338,99.252,33.29,61.89,60.53,2,0,1.79,campaign traffic
2020-10-30,analytics-pipeline,prod,348024,13592,84.62,476,1035,0.361,98.798,38.43,63.88,32.25,6,1,1.96,database pressure
2020-10-30,search-recommendations,prod,337024,13137,84.99,404,812,0.366,99.247,46.2,40.75,44.13,4,0,1.81,database pressure
2020-11-06,checkout-api,prod,880520,30028,83.49,407,776,0.263,99.267,58.1,55.55,49.7,0,0,1.56,incident review
2020-11-06,cart-service,prod,840046,29011,85.25,425,811,0.35,99.25,52.91,55.08,44.05,7,0,1.82,cache warmup
2020-11-06,payment-orchestrator,prod,897229,30684,84.14,387,834,0.031,99.314,31.12,54.74,53.04,7,0,0.94,cache warmup
2020-11-06,order-ledger,prod,458698,16725,84.35,391,853,0.472,99.226,32.68,64.16,31.95,0,0,2.05,watch latency
2020-11-06,inventory-reservation,prod,469711,17297,84.84,376,809,0.303,99.259,38.54,54.89,43.78,4,0,1.59,release week
2020-11-06,pricing-engine,prod,501853,17811,84.19,443,903,0.418,99.236,42.73,64.38,37.6,1,0,2.03,database pressure
2020-11-06,tax-service,prod,486830,16878,85.28,394,881,0.467,99.227,40.18,54.6,63.27,3,0,2.04,release week
2020-11-06,loyalty-service,prod,482039,18104,83.49,467,1016,0.231,99.274,41.78,45.02,37.86,6,0,1.61,normal baseline
2020-11-06,notification-service,prod,457934,17075,83.97,380,710,0.7,99.18,42.94,63.4,61.88,1,0,2.6,campaign traffic
2020-11-06,auth-gateway,prod,479835,17726,84.98,417,888,0.333,99.253,34.52,42.3,49.71,7,0,1.76,database pressure
2020-11-06,analytics-pipeline,prod,454242,16431,82.89,513,984,0.559,99.208,53.1,46.35,52.19,0,0,2.54,campaign traffic
2020-11-06,search-recommendations,prod,500526,17896,82.96,484,932,0.316,99.257,37.52,59.87,42.79,4,0,1.87,watch latency
2020-11-13,checkout-api,prod,825704,29989,85.23,458,908,0.327,99.255,45.79,50.46,34.23,7,0,1.84,watch latency
2020-11-13,cart-service,prod,893635,32418,84.4,415,791,0.575,99.205,35.58,40.82,31.84,7,0,2.36,release week
2020-11-13,payment-orchestrator,prod,897398,30641,84.06,446,904,0.289,99.262,49.8,51.34,57.58,4,0,1.71,campaign traffic
2020-11-13,order-ledger,prod,455819,15840,84.71,445,944,0.22,99.276,31.92,66.59,60.9,0,0,1.54,campaign traffic
2020-11-13,inventory-reservation,prod,504157,19682,83.57,374,784,0.46,99.228,37.14,50.3,58.23,6,0,1.98,database pressure
2020-11-13,pricing-engine,prod,481536,16447,85.05,458,986,0.246,99.271,32.48,41.02,49.28,1,0,1.63,campaign traffic
2020-11-13,tax-service,prod,479200,17326,84.32,417,950,0.126,99.295,36.96,46.41,36.05,0,0,1.24,incident review
2020-11-13,loyalty-service,prod,499942,17688,84.23,425,826,0.168,99.286,59.07,58.7,33.11,5,0,1.36,incident review
2020-11-13,notification-service,prod,481704,18067,82.51,469,1031,0.297,99.261,49.18,45.02,51.15,4,0,1.79,incident review
2020-11-13,auth-gateway,prod,464701,17969,84.63,392,729,0.15,99.29,51.26,52.5,59.29,2,0,1.25,cache warmup
2020-11-13,analytics-pipeline,prod,496527,18482,84.91,450,940,0.02,99.316,57.52,50.25,34.36,5,0,1.05,database pressure
2020-11-13,search-recommendations,prod,489959,18205,81.82,581,1162,0.229,99.274,34.17,48.08,43.38,6,0,1.86,incident review
2020-11-20,checkout-api,prod,845488,30177,83.0,457,898,0.295,99.261,42.7,47.55,35.29,2,0,1.75,database pressure
2020-11-20,cart-service,prod,821460,29897,83.67,424,933,0.136,99.293,34.62,60.85,64.96,2,0,1.28,release week
2020-11-20,payment-orchestrator,prod,913700,32303,84.19,374,813,0.02,99.316,31.05,45.24,55.11,6,0,0.88,campaign traffic
2020-11-20,order-ledger,prod,502564,19546,84.11,400,886,0.158,99.288,41.53,51.76,48.42,6,0,1.28,database pressure
2020-11-20,inventory-reservation,prod,472853,15456,84.1,403,819,0.226,99.275,59.69,56.96,45.07,4,0,1.46,watch latency
2020-11-20,pricing-engine,prod,478423,15586,83.74,381,743,0.321,98.806,51.12,66.02,43.1,2,1,1.65,normal baseline
2020-11-20,tax-service,prod,480979,18208,82.36,405,922,0.269,99.266,50.96,65.44,38.44,7,0,1.57,incident review
2020-11-20,loyalty-service,prod,486883,18425,84.72,387,777,0.232,99.274,41.88,42.87,40.19,7,0,1.44,release week
2020-11-20,notification-service,prod,469489,17439,83.73,426,944,0.486,99.223,39.69,56.25,61.51,2,0,2.16,release week
2020-11-20,auth-gateway,prod,505771,18136,82.54,403,803,0.619,99.196,40.36,43.44,42.8,4,0,2.44,database pressure
2020-11-20,analytics-pipeline,prod,459684,17915,83.8,460,980,0.288,99.262,31.45,50.91,42.24,5,0,1.74,incident review
2020-11-20,search-recommendations,prod,453077,14700,83.07,477,889,0.387,99.243,33.25,47.63,41.34,6,0,2.03,database pressure
2020-11-27,checkout-api,prod,867791,30598,85.22,380,769,0.054,99.309,45.11,57.53,62.72,0,0,0.98,database pressure
2020-11-27,cart-service,prod,819446,29028,85.37,389,788,0.238,99.272,38.07,47.44,33.96,2,0,1.46,watch latency
2020-11-27,payment-orchestrator,prod,851183,29856,83.71,448,975,0.689,99.182,40.28,58.58,53.12,2,0,2.72,database pressure
2020-11-27,order-ledger,prod,497160,16886,84.67,462,1010,0.401,99.24,32.27,55.12,58.06,3,0,2.03,release week
2020-11-27,inventory-reservation,prod,483991,18155,83.76,468,870,0.218,99.276,32.86,65.86,42.96,7,0,1.59,watch latency
2020-11-27,pricing-engine,prod,461478,16333,85.1,447,975,0.351,99.25,54.62,42.81,31.59,3,0,1.87,watch latency
2020-11-27,tax-service,prod,455495,16185,83.14,428,846,0.103,99.299,55.97,45.71,27.7,7,0,1.21,cache warmup
2020-11-27,loyalty-service,prod,480358,18902,82.63,456,852,0.286,99.263,53.46,56.11,28.96,0,0,1.73,cache warmup
2020-11-27,notification-service,prod,483976,18514,85.35,427,868,0.137,99.293,43.55,44.73,39.79,7,0,1.29,database pressure
2020-11-27,auth-gateway,prod,497067,17027,84.64,418,878,0.146,99.291,58.28,42.77,60.04,5,0,1.29,release week
2020-11-27,analytics-pipeline,prod,466166,16381,82.98,594,1093,0.344,98.801,53.04,46.42,55.47,7,1,2.18,incident review
2020-11-27,search-recommendations,prod,493010,17750,83.09,483,924,0.189,99.282,36.18,45.88,39.09,7,0,1.55,database pressure
2020-12-04,checkout-api,prod,890944,31694,85.43,384,717,0.643,99.191,45.7,55.92,35.38,4,0,2.46,release week
2020-12-04,cart-service,prod,852989,29766,84.43,388,876,0.246,99.271,54.84,43.0,41.63,7,0,1.48,campaign traffic
2020-12-04,payment-orchestrator,prod,882266,31311,83.09,414,768,0.409,99.238,34.1,67.48,44.38,5,0,1.94,normal baseline
2020-12-04,order-ledger,prod,469264,16909,84.04,446,983,0.02,99.316,59.42,43.67,45.34,3,0,1.04,watch latency
2020-12-04,inventory-reservation,prod,499217,16926,84.56,455,1013,0.668,99.186,61.91,54.96,56.71,7,0,2.68,database pressure
2020-12-04,pricing-engine,prod,463612,16721,83.85,388,731,0.02,99.316,46.44,58.71,45.62,2,0,0.91,release week
2020-12-04,tax-service,prod,489898,17430,84.25,386,822,0.343,99.251,39.73,60.37,39.5,2,0,1.72,cache warmup
2020-12-04,loyalty-service,prod,477551,16953,82.27,455,958,0.02,99.316,44.0,62.66,35.23,4,0,1.06,incident review
2020-12-04,notification-service,prod,456924,15493,84.12,434,891,0.02,99.316,42.57,59.77,37.22,3,0,1.01,campaign traffic
2020-12-04,auth-gateway,prod,458577,15979,84.04,379,878,0.278,99.264,41.54,45.17,63.04,5,0,1.54,watch latency
2020-12-04,analytics-pipeline,prod,476152,18074,84.95,557,1179,0.02,99.316,33.7,48.8,63.71,6,0,1.29,database pressure
2020-12-04,search-recommendations,prod,458806,17068,84.24,526,1132,0.256,99.269,38.31,57.7,31.51,4,0,1.81,normal baseline
2020-12-11,checkout-api,prod,878698,30834,83.43,454,920,0.305,99.259,38.17,55.83,38.85,7,0,1.77,database pressure
2020-12-11,cart-service,prod,816783,29938,82.68,437,833,0.261,99.268,36.47,56.56,32.32,0,0,1.62,release week
2020-12-11,payment-orchestrator,prod,871090,29655,84.21,380,749,0.482,98.774,62.89,44.16,38.52,3,1,2.05,release week
2020-12-11,order-ledger,prod,479616,17104,85.21,453,905,0.319,99.256,51.08,60.33,34.12,1,0,1.8,cache warmup
2020-12-11,inventory-reservation,prod,470598,18349,82.38,439,828,0.389,99.242,37.31,44.01,32.33,6,0,1.95,cache warmup
2020-12-11,pricing-engine,prod,497966,19064,82.73,437,817,0.367,99.247,44.59,54.34,37.08,0,0,1.89,cache warmup
2020-12-11,tax-service,prod,502387,18412,84.71,460,912,0.305,99.259,50.62,56.14,61.77,7,0,1.78,normal baseline
2020-12-11,loyalty-service,prod,489939,17988,82.49,461,980,0.022,99.316,42.99,44.12,45.65,2,0,1.08,cache warmup
2020-12-11,notification-service,prod,462055,15369,83.75,459,933,0.145,99.291,44.72,58.81,41.37,5,0,1.38,normal baseline
2020-12-11,auth-gateway,prod,481472,17713,85.27,439,932,0.407,99.239,45.87,53.97,31.04,1,0,1.99,incident review
2020-12-11,analytics-pipeline,prod,492253,16083,83.54,515,1086,0.122,99.296,39.31,58.89,33.44,7,0,1.45,incident review
2020-12-11,search-recommendations,prod,507646,18415,83.89,446,914,0.46,99.228,48.07,67.24,57.62,3,0,2.14,watch latency
2020-12-18,checkout-api,prod,918571,31872,83.02,388,742,0.337,99.253,54.52,69.22,62.08,0,0,1.7,normal baseline
2020-12-18,cart-service,prod,865157,29657,82.17,416,938,0.707,99.179,39.93,45.09,59.66,0,0,2.69,release week
2020-12-18,payment-orchestrator,prod,832318,30827,83.89,435,970,0.148,99.29,51.04,62.09,53.67,0,0,1.34,campaign traffic
2020-12-18,order-ledger,prod,482828,16992,83.5,425,856,0.294,99.261,50.11,63.37,61.93,5,0,1.68,cache warmup
2020-12-18,inventory-reservation,prod,491861,18262,84.25,428,947,0.552,99.21,62.82,56.71,55.16,7,0,2.33,watch latency
2020-12-18,pricing-engine,prod,456357,17156,83.57,459,944,0.182,99.284,54.98,54.01,38.47,7,0,1.47,normal baseline
2020-12-18,tax-service,prod,463462,17152,83.41,374,771,0.219,99.276,48.79,66.74,39.27,0,0,1.38,campaign traffic
2020-12-18,loyalty-service,prod,485694,17461,85.31,384,830,0.539,99.212,51.43,65.22,49.98,0,0,2.2,database pressure
2020-12-18,notification-service,prod,454124,14991,83.14,420,901,0.173,99.285,43.51,68.01,31.7,3,0,1.37,watch latency
2020-12-18,auth-gateway,prod,463185,17443,84.84,397,865,0.434,99.233,34.92,48.64,64.67,3,0,1.97,campaign traffic
2020-12-18,analytics-pipeline,prod,479939,18202,82.64,458,1022,0.663,99.187,49.59,57.87,42.52,4,0,2.67,cache warmup
2020-12-18,search-recommendations,prod,488741,17055,83.45,446,980,0.458,99.228,43.54,67.71,33.44,7,0,2.14,cache warmup
2020-12-25,checkout-api,prod,892231,33587,83.64,433,818,0.532,99.214,53.23,58.63,57.57,6,0,2.29,campaign traffic
2020-12-25,cart-service,prod,899450,33552,83.5,444,907,0.192,99.282,39.79,70.45,48.32,1,0,1.47,campaign traffic
2020-12-25,payment-orchestrator,prod,839603,30534,84.98,433,906,0.406,99.239,64.68,46.89,64.86,2,0,1.98,normal baseline
2020-12-25,order-ledger,prod,481295,18490,82.92,435,902,0.568,99.206,38.38,56.64,58.61,5,0,2.39,watch latency
2020-12-25,inventory-reservation,prod,463356,17377,84.62,376,854,0.378,99.244,45.33,69.62,58.61,4,0,1.78,database pressure
2020-12-25,pricing-engine,prod,458649,18127,82.24,439,892,0.548,99.21,44.6,51.85,37.1,0,0,2.34,incident review
2020-12-25,tax-service,prod,495959,16892,84.87,436,821,0.09,99.302,41.59,57.21,30.62,3,0,1.19,normal baseline
2020-12-25,loyalty-service,prod,486937,16007,82.94,385,799,0.19,99.282,41.6,45.24,47.65,1,0,1.33,normal baseline
2020-12-25,notification-service,prod,489380,17113,83.36,456,971,0.349,99.25,41.18,47.04,46.4,6,0,1.89,watch latency
2020-12-25,auth-gateway,prod,476716,16393,83.72,432,940,0.14,99.292,50.68,48.4,60.05,5,0,1.31,cache warmup
2020-12-25,analytics-pipeline,prod,480614,16127,84.46,433,804,0.261,99.268,36.69,47.48,47.8,1,0,1.62,incident review
2020-12-25,search-recommendations,prod,482056,18378,84.65,517,1013,0.411,99.238,35.33,55.72,31.33,5,0,2.18,cache warmup
2021-01-01,checkout-api,prod,741495,25924,85.52,368,717,0.285,99.323,41.67,52.81,51.81,1,0,1.53,incident review
2021-01-01,cart-service,prod,711619,24588,86.72,336,649,0.071,99.366,46.99,55.8,28.83,3,0,0.92,normal baseline
2021-01-01,payment-orchestrator,prod,751271,28076,85.14,301,581,0.458,99.288,65.54,58.49,30.67,7,0,1.81,database pressure
2021-01-01,order-ledger,prod,387969,15185,86.49,315,638,0.158,99.348,56.35,47.59,45.75,7,0,1.09,database pressure
2021-01-01,inventory-reservation,prod,406653,15342,85.68,321,711,0.411,99.298,45.91,45.58,32.82,7,0,1.74,watch latency
2021-01-01,pricing-engine,prod,393544,14875,86.16,368,761,0.197,99.341,39.19,45.25,45.14,1,0,1.31,normal baseline
2021-01-01,tax-service,prod,421160,14670,84.3,357,820,0.316,99.317,44.5,46.12,28.77,2,0,1.58,normal baseline
2021-01-01,loyalty-service,prod,396018,15673,84.82,386,729,0.73,99.234,52.68,46.6,55.39,2,0,2.68,release week
2021-01-01,notification-service,prod,411975,14825,84.18,317,713,0.18,99.344,54.27,53.06,27.31,5,0,1.16,database pressure
2021-01-01,auth-gateway,prod,389325,14681,86.63,378,741,0.582,99.264,58.15,68.89,31.98,1,0,2.29,cache warmup
2021-01-01,analytics-pipeline,prod,395442,15503,86.77,471,911,0.085,98.913,48.74,62.06,29.22,0,1,1.26,release week
2021-01-01,search-recommendations,prod,422292,15903,83.81,421,957,0.448,99.29,65.1,65.57,37.43,6,0,2.06,incident review
2021-01-08,checkout-api,prod,701564,23989,86.74,388,762,0.382,99.304,56.34,48.57,64.78,5,0,1.82,cache warmup
2021-01-08,cart-service,prod,750589,27542,85.57,390,845,0.18,99.344,37.49,52.1,49.0,4,0,1.32,database pressure
2021-01-08,payment-orchestrator,prod,763297,27857,85.18,376,859,0.717,99.237,53.46,46.39,45.37,6,0,2.63,incident review
2021-01-08,order-ledger,prod,423030,15247,84.7,322,659,0.192,99.342,37.24,66.28,49.16,1,0,1.2,normal baseline
2021-01-08,inventory-reservation,prod,411219,14275,86.6,319,623,0.502,99.28,38.89,59.8,53.71,5,0,1.96,normal baseline
2021-01-08,pricing-engine,prod,396330,14792,86.14,306,745,0.489,99.282,46.1,57.11,29.81,6,0,1.9,cache warmup
2021-01-08,tax-service,prod,422225,16486,85.16,328,705,0.253,99.329,58.43,56.07,60.85,7,0,1.36,cache warmup
2021-01-08,loyalty-service,prod,395238,14048,85.68,381,760,0.463,99.287,55.25,47.82,47.87,2,0,2.0,campaign traffic
2021-01-08,notification-service,prod,424120,15552,86.89,308,753,0.675,99.245,60.88,71.81,30.18,3,0,2.37,cache warmup
2021-01-08,auth-gateway,prod,394952,14974,86.72,373,826,0.489,99.282,49.58,71.51,27.49,0,0,2.05,campaign traffic
2021-01-08,analytics-pipeline,prod,411966,14927,85.45,364,810,0.396,99.301,54.51,59.92,61.19,0,0,1.8,normal baseline
2021-01-08,search-recommendations,prod,402019,12919,85.09,361,777,0.409,99.298,40.21,67.18,44.18,6,0,1.82,normal baseline
2021-01-15,checkout-api,prod,759241,28039,84.93,396,746,0.116,99.357,66.99,61.51,40.04,3,0,1.17,database pressure
2021-01-15,cart-service,prod,729261,26278,86.1,366,838,0.215,99.337,61.94,49.0,43.99,3,0,1.35,incident review
2021-01-15,payment-orchestrator,prod,708652,25933,85.96,304,672,0.504,99.279,66.72,54.54,57.56,6,0,1.94,watch latency
2021-01-15,order-ledger,prod,408777,16395,84.18,326,755,0.044,99.371,46.65,63.09,50.21,6,0,0.83,normal baseline
2021-01-15,inventory-reservation,prod,409243,14315,85.88,317,661,0.15,99.35,54.9,67.49,40.15,7,0,1.08,watch latency
2021-01-15,pricing-engine,prod,422544,16759,86.62,388,802,0.591,99.262,55.17,48.34,43.86,7,0,2.34,release week
2021-01-15,tax-service,prod,408550,15294,86.67,375,847,0.403,99.299,57.69,61.92,49.7,7,0,1.84,watch latency
2021-01-15,loyalty-service,prod,410636,14243,85.15,328,688,0.265,99.327,43.57,65.61,64.92,4,0,1.39,cache warmup
2021-01-15,notification-service,prod,397138,15719,84.27,357,759,0.22,99.336,43.74,63.12,59.1,0,0,1.34,database pressure
2021-01-15,auth-gateway,prod,422993,16026,85.7,375,861,0.219,99.336,49.23,64.64,57.11,3,0,1.38,incident review
2021-01-15,analytics-pipeline,prod,388081,14834,83.75,441,837,0.414,99.297,56.99,64.46,47.33,0,0,2.01,database pressure
2021-01-15,search-recommendations,prod,404627,13765,86.05,354,665,0.075,99.365,62.6,48.32,61.3,5,0,0.97,watch latency
2021-01-22,checkout-api,prod,757121,26380,84.56,361,770,0.206,98.889,57.47,71.97,64.48,7,1,1.32,watch latency
2021-01-22,cart-service,prod,743434,27348,84.69,369,805,0.346,99.311,60.42,48.08,35.78,1,0,1.69,cache warmup
2021-01-22,payment-orchestrator,prod,710938,26822,85.83,315,766,0.529,99.274,45.34,70.94,34.08,0,0,2.02,campaign traffic
2021-01-22,order-ledger,prod,395943,13303,85.44,339,802,0.295,99.321,45.99,54.86,40.43,5,0,1.49,normal baseline
2021-01-22,inventory-reservation,prod,412896,15982,84.63,328,624,0.275,99.325,64.23,57.98,61.14,6,0,1.42,campaign traffic
2021-01-22,pricing-engine,prod,408480,14836,84.14,348,740,0.353,99.309,68.87,69.83,49.1,1,0,1.66,normal baseline
2021-01-22,tax-service,prod,417203,15088,85.3,367,685,0.093,99.361,64.94,70.05,32.51,4,0,1.05,incident review
2021-01-22,loyalty-service,prod,414892,13628,84.96,314,625,0.157,99.349,49.47,73.18,41.02,5,0,1.09,database pressure
2021-01-22,notification-service,prod,389719,14280,84.2,303,649,0.212,99.338,57.52,58.95,53.75,6,0,1.2,incident review
2021-01-22,auth-gateway,prod,424851,16052,86.95,325,692,0.429,99.294,63.59,68.45,51.44,0,0,1.8,incident review
2021-01-22,analytics-pipeline,prod,406125,15763,84.84,480,936,0.02,99.376,40.23,66.62,35.4,2,0,1.12,database pressure
2021-01-22,search-recommendations,prod,424183,16281,85.99,465,916,0.652,99.25,63.92,59.95,42.87,1,0,2.66,database pressure
2021-01-29,checkout-api,prod,721999,25038,84.21,334,745,0.267,98.877,44.47,55.08,62.13,1,1,1.41,database pressure
2021-01-29,cart-service,prod,755238,28634,84.64,323,739,0.5,99.28,61.09,59.39,42.55,6,0,1.97,incident review
2021-01-29,payment-orchestrator,prod,747432,26738,86.75,301,603,0.154,99.349,50.32,67.45,62.71,3,0,1.05,database pressure
2021-01-29,order-ledger,prod,420132,13644,84.53,348,673,0.386,99.303,59.93,63.57,29.39,1,0,1.74,watch latency
2021-01-29,inventory-reservation,prod,411527,15363,85.47,311,601,0.656,99.249,56.72,69.22,59.39,5,0,2.33,incident review
2021-01-29,pricing-engine,prod,387471,14284,86.72,317,628,0.218,99.336,68.4,56.3,35.23,2,0,1.25,campaign traffic
2021-01-29,tax-service,prod,411559,16327,83.93,388,850,0.623,99.255,55.79,60.94,46.15,7,0,2.42,database pressure
2021-01-29,loyalty-service,prod,395737,13578,85.06,312,626,0.109,98.908,57.86,56.57,54.86,3,1,0.97,campaign traffic
2021-01-29,notification-service,prod,392639,14559,85.85,307,607,0.186,99.343,41.91,64.23,28.77,6,0,1.15,release week
2021-01-29,auth-gateway,prod,399342,14556,87.11,341,722,0.218,99.336,59.66,51.76,57.15,4,0,1.3,incident review
2021-01-29,analytics-pipeline,prod,398419,14824,86.41,450,997,0.194,99.341,69.38,62.7,53.68,5,0,1.49,normal baseline
2021-01-29,search-recommendations,prod,387475,13773,83.7,513,1076,0.156,99.349,51.14,56.42,31.95,3,0,1.53,watch latency
2021-02-05,checkout-api,prod,728456,27572,83.97,325,757,0.479,99.284,52.84,58.41,52.77,1,0,1.92,watch latency
2021-02-05,cart-service,prod,749084,27514,86.08,377,785,0.387,99.303,64.01,58.77,52.4,2,0,1.81,release week
2021-02-05,payment-orchestrator,prod,731514,24777,86.11,388,766,0.664,99.247,45.62,56.91,55.49,1,0,2.52,incident review
2021-02-05,order-ledger,prod,426761,16628,85.05,370,782,0.488,99.282,48.85,52.97,63.43,1,0,2.04,incident review
2021-02-05,inventory-reservation,prod,408488,14325,86.23,375,760,0.326,99.315,50.26,49.36,40.48,3,0,1.65,cache warmup
2021-02-05,pricing-engine,prod,394402,14122,85.67,391,791,0.062,99.368,56.74,64.38,50.81,5,0,1.02,campaign traffic
2021-02-05,tax-service,prod,409486,15867,84.45,301,732,0.02,99.376,65.04,57.91,34.22,3,0,0.72,database pressure
2021-02-05,loyalty-service,prod,396622,15269,85.98,337,696,0.231,99.334,57.25,72.45,32.62,3,0,1.33,campaign traffic
2021-02-05,notification-service,prod,387753,13919,85.28,317,681,0.659,99.248,50.37,65.0,46.08,4,0,2.35,release week
2021-02-05,auth-gateway,prod,404217,14477,84.73,391,816,0.02,99.376,65.44,50.72,45.11,7,0,0.92,cache warmup
2021-02-05,analytics-pipeline,prod,400661,15297,86.97,404,752,0.643,99.251,52.75,55.4,44.23,5,0,2.5,release week
2021-02-05,search-recommendations,prod,389467,13735,83.82,464,987,0.128,99.354,49.51,54.86,34.8,6,0,1.35,database pressure
2021-02-12,checkout-api,prod,724366,25617,84.09,377,751,0.498,99.28,43.32,63.91,63.67,3,0,2.08,watch latency
2021-02-12,cart-service,prod,733779,25112,84.47,363,795,0.34,99.312,64.93,60.41,30.78,1,0,1.66,cache warmup
2021-02-12,payment-orchestrator,prod,763700,28808,86.02,392,849,0.167,99.347,48.11,59.48,45.97,5,0,1.29,watch latency
2021-02-12,order-ledger,prod,419799,14012,86.78,318,750,0.362,99.308,58.7,69.02,33.48,6,0,1.61,incident review
2021-02-12,inventory-reservation,prod,403101,16058,84.72,373,795,0.253,99.329,59.86,73.96,43.47,2,0,1.46,cache warmup
2021-02-12,pricing-engine,prod,415150,16416,86.07,306,626,0.79,99.222,66.2,70.55,57.7,6,0,2.65,incident review
2021-02-12,tax-service,prod,402234,14123,85.35,343,641,0.02,99.376,41.81,70.78,60.27,7,0,0.81,release week
2021-02-12,loyalty-service,prod,394941,14050,86.26,364,797,0.02,99.376,61.86,49.43,33.56,1,0,0.86,cache warmup
2021-02-12,notification-service,prod,396254,14284,87.18,336,705,0.607,99.259,55.27,58.65,54.8,5,0,2.26,campaign traffic
2021-02-12,auth-gateway,prod,394404,12634,85.13,366,735,0.02,99.376,51.93,51.42,54.32,0,0,0.86,cache warmup
2021-02-12,analytics-pipeline,prod,401896,15926,84.43,407,758,0.348,99.31,56.35,66.92,41.5,0,0,1.78,cache warmup
2021-02-12,search-recommendations,prod,407578,13329,84.97,508,1054,0.523,99.275,52.24,69.45,38.84,5,0,2.44,cache warmup
2021-02-19,checkout-api,prod,763398,26092,86.54,372,777,0.02,99.376,67.44,62.17,30.92,3,0,0.88,campaign traffic
2021-02-19,cart-service,prod,709237,25790,87.21,306,623,0.455,99.289,42.59,72.58,45.41,0,0,1.82,watch latency
2021-02-19,payment-orchestrator,prod,699042,25360,84.33,396,775,0.155,99.349,49.22,62.96,60.49,5,0,1.27,database pressure
2021-02-19,order-ledger,prod,396664,14512,86.44,387,814,0.266,99.327,59.85,57.61,45.87,6,0,1.52,cache warmup
2021-02-19,inventory-reservation,prod,425509,16546,84.99,341,769,0.312,99.318,61.0,62.28,58.98,0,0,1.54,incident review
2021-02-19,pricing-engine,prod,421124,13575,87.05,384,825,0.407,99.299,69.8,57.1,33.09,7,0,1.87,release week
2021-02-19,tax-service,prod,398386,15396,85.64,374,831,0.32,99.316,46.57,57.12,59.32,7,0,1.63,release week
2021-02-19,loyalty-service,prod,387778,14451,85.91,394,905,0.572,99.266,45.48,62.36,55.04,2,0,2.3,cache warmup
2021-02-19,notification-service,prod,389616,12756,84.67,328,721,0.168,99.346,67.75,53.14,64.7,5,0,1.15,database pressure
2021-02-19,auth-gateway,prod,413174,15499,84.29,368,744,0.371,99.306,65.26,61.05,63.74,5,0,1.75,campaign traffic
2021-02-19,analytics-pipeline,prod,426974,14723,85.73,440,814,0.358,99.308,66.04,60.37,61.0,4,0,1.87,campaign traffic
2021-02-19,search-recommendations,prod,422840,14615,84.44,368,743,0.212,99.338,47.42,62.36,41.32,4,0,1.35,cache warmup
2021-02-26,checkout-api,prod,705549,25387,84.76,301,640,0.635,99.253,46.48,61.59,41.68,1,0,2.26,normal baseline
2021-02-26,cart-service,prod,759063,28681,84.86,364,681,0.32,99.316,64.83,72.05,43.14,0,0,1.61,database pressure
2021-02-26,payment-orchestrator,prod,722673,24932,84.53,354,745,0.224,99.335,47.41,55.99,51.37,2,0,1.35,normal baseline
2021-02-26,order-ledger,prod,401662,15685,85.57,309,727,0.533,99.273,70.69,74.95,47.91,3,0,2.02,database pressure
2021-02-26,inventory-reservation,prod,389464,14966,85.46,378,774,0.477,99.285,51.38,54.7,61.95,2,0,2.03,watch latency
2021-02-26,pricing-engine,prod,396476,12935,87.11,371,699,0.543,99.271,64.27,61.16,55.89,3,0,2.18,database pressure
2021-02-26,tax-service,prod,389038,13406,85.8,323,700,0.436,99.293,51.4,57.23,46.56,6,0,1.81,campaign traffic
2021-02-26,loyalty-service,prod,413663,13927,85.1,367,749,0.02,99.376,68.83,63.64,46.23,2,0,0.87,incident review
2021-02-26,notification-service,prod,401611,14245,85.36,366,775,0.235,99.333,69.19,60.78,63.33,0,0,1.4,normal baseline
2021-02-26,auth-gateway,prod,398680,15011,85.11,361,759,0.634,99.253,48.18,55.52,31.58,7,0,2.39,campaign traffic
2021-02-26,analytics-pipeline,prod,390107,15689,84.96,412,764,0.421,99.296,63.66,60.28,53.62,4,0,1.97,campaign traffic
2021-02-26,search-recommendations,prod,417763,15281,86.74,427,936,0.478,99.284,49.17,64.2,41.17,3,0,2.14,watch latency
2021-03-05,checkout-api,prod,726672,24481,86.12,386,784,0.426,99.295,64.43,61.34,62.51,2,0,1.92,normal baseline
2021-03-05,cart-service,prod,706856,25904,85.39,338,690,0.02,99.376,60.87,71.8,29.18,3,0,0.8,database pressure
2021-03-05,payment-orchestrator,prod,709117,25884,85.91,376,871,0.117,99.357,70.72,63.74,53.49,4,0,1.13,watch latency
2021-03-05,order-ledger,prod,408985,15026,84.5,373,747,0.567,99.267,55.55,52.61,51.68,4,0,2.25,watch latency
2021-03-05,inventory-reservation,prod,389719,15287,86.69,360,814,0.416,99.297,69.59,63.44,58.38,6,0,1.84,campaign traffic
2021-03-05,pricing-engine,prod,419931,16709,86.11,351,720,0.034,99.373,47.08,62.72,36.19,6,0,0.86,incident review
2021-03-05,tax-service,prod,404091,12943,85.56,341,714,0.257,99.329,71.91,58.86,30.82,2,0,1.4,normal baseline
2021-03-05,loyalty-service,prod,395844,15696,85.21,334,769,0.02,99.376,65.51,57.08,38.64,4,0,0.79,normal baseline
2021-03-05,notification-service,prod,406498,14784,85.8,385,786,0.565,99.267,64.19,68.59,33.93,2,0,2.27,normal baseline
2021-03-05,auth-gateway,prod,397087,13866,85.76,361,807,0.176,98.895,45.31,73.37,27.42,3,1,1.24,incident review
2021-03-05,analytics-pipeline,prod,388601,13920,85.87,383,719,0.308,99.318,44.92,60.97,41.09,5,0,1.62,normal baseline
2021-03-05,search-recommendations,prod,407243,14789,84.68,394,894,0.241,99.332,48.83,75.45,61.61,1,0,1.48,incident review
2021-03-12,checkout-api,prod,699143,25702,85.01,335,693,0.176,99.345,59.99,73.4,40.83,1,0,1.18,cache warmup
2021-03-12,cart-service,prod,734869,25066,85.93,306,726,0.335,99.313,57.91,53.13,49.93,1,0,1.52,cache warmup
2021-03-12,payment-orchestrator,prod,766695,29066,85.49,365,850,0.218,99.336,61.27,69.34,27.29,5,0,1.36,watch latency
2021-03-12,order-ledger,prod,421315,15807,84.05,365,769,0.337,99.313,72.86,74.16,50.38,7,0,1.65,normal baseline
2021-03-12,inventory-reservation,prod,394695,13583,86.7,347,803,0.021,99.376,68.25,71.1,57.19,6,0,0.82,database pressure
2021-03-12,pricing-engine,prod,407483,14611,84.26,394,888,0.562,99.268,65.78,71.97,43.24,5,0,2.28,incident review
2021-03-12,tax-service,prod,407492,15487,84.54,382,840,0.208,99.338,52.69,68.48,28.97,6,0,1.37,campaign traffic
2021-03-12,loyalty-service,prod,394930,13530,84.78,342,743,0.164,99.347,57.41,52.64,58.99,0,0,1.17,watch latency
2021-03-12,notification-service,prod,392086,14550,85.64,396,773,0.482,99.284,66.71,60.49,63.6,3,0,2.09,cache warmup
2021-03-12,auth-gateway,prod,406306,14267,85.0,350,773,0.767,98.777,51.61,64.59,41.03,1,1,2.69,campaign traffic
2021-03-12,analytics-pipeline,prod,409804,15115,85.77,429,864,0.044,99.371,51.96,59.29,28.53,0,0,1.06,campaign traffic
2021-03-12,search-recommendations,prod,426254,15712,84.41,429,847,0.03,99.374,61.31,58.07,55.56,1,0,1.03,watch latency
2021-03-19,checkout-api,prod,734988,25257,86.47,344,763,0.077,99.365,58.63,69.46,54.74,5,0,0.96,normal baseline
2021-03-19,cart-service,prod,711664,24715,84.26,316,756,0.552,99.27,49.12,60.23,32.23,0,0,2.08,incident review
2021-03-19,payment-orchestrator,prod,729210,26083,84.52,305,744,0.436,99.293,43.96,57.37,55.23,3,0,1.77,release week
2021-03-19,order-ledger,prod,392027,14179,86.41,367,727,0.178,99.344,51.42,76.43,49.75,5,0,1.26,normal baseline
2021-03-19,inventory-reservation,prod,424459,15604,84.17,322,772,0.222,99.336,58.01,73.01,29.17,3,0,1.27,database pressure
2021-03-19,pricing-engine,prod,408981,15867,86.37,395,748,0.349,99.31,53.44,63.45,62.81,7,0,1.75,normal baseline
2021-03-19,tax-service,prod,409944,15337,85.08,351,755,0.186,99.343,51.65,66.7,36.55,7,0,1.25,cache warmup
2021-03-19,loyalty-service,prod,395239,13120,84.65,356,694,0.153,99.349,52.57,51.76,47.01,5,0,1.17,cache warmup
2021-03-19,notification-service,prod,417932,14579,86.07,341,643,0.227,99.335,72.37,62.75,38.28,2,0,1.32,cache warmup
2021-03-19,auth-gateway,prod,419317,14553,86.02,385,752,0.445,99.291,56.66,63.16,29.28,4,0,1.97,normal baseline
2021-03-19,analytics-pipeline,prod,426224,15950,85.77,492,1049,0.314,98.867,66.37,67.59,38.79,5,1,1.88,campaign traffic
2021-03-19,search-recommendations,prod,407572,13594,84.13,381,758,0.372,99.306,63.06,66.1,50.81,5,0,1.78,campaign traffic
2021-03-26,checkout-api,prod,711630,26871,85.71,385,861,0.168,99.346,45.74,70.68,50.7,4,0,1.28,database pressure
2021-03-26,cart-service,prod,716688,24568,86.03,376,738,0.404,99.299,47.15,71.18,61.1,0,0,1.84,normal baseline
2021-03-26,payment-orchestrator,prod,748918,26890,87.01,344,705,0.049,99.37,56.56,61.78,45.06,7,0,0.89,incident review
2021-03-26,order-ledger,prod,397697,13208,85.13,392,789,0.525,99.275,60.02,66.11,28.37,5,0,2.18,normal baseline
2021-03-26,inventory-reservation,prod,417179,13888,84.11,324,718,0.219,99.336,58.26,64.96,31.44,7,0,1.27,normal baseline
2021-03-26,pricing-engine,prod,404896,13699,85.49,306,574,0.187,99.343,57.22,53.97,62.68,3,0,1.15,cache warmup
2021-03-26,tax-service,prod,401157,13690,86.22,363,827,0.092,99.362,67.55,68.12,28.38,4,0,1.04,normal baseline
2021-03-26,loyalty-service,prod,401805,15930,86.9,307,692,0.671,99.246,71.27,64.01,57.07,3,0,2.36,database pressure
2021-03-26,notification-service,prod,401235,15591,85.45,301,575,0.266,99.327,60.37,51.16,46.87,3,0,1.33,normal baseline
2021-03-26,auth-gateway,prod,423174,15121,85.7,305,578,0.061,99.368,71.34,65.43,62.16,6,0,0.83,release week
2021-03-26,analytics-pipeline,prod,396076,15623,85.08,473,943,0.375,99.305,60.02,55.93,43.24,7,0,1.99,incident review
2021-03-26,search-recommendations,prod,421591,15745,85.56,448,995,0.167,99.347,64.22,66.18,28.01,4,0,1.41,watch latency
2021-04-02,checkout-api,prod,711482,26339,84.27,393,775,0.222,99.336,72.8,70.34,33.12,1,0,1.43,normal baseline
2021-04-02,cart-service,prod,735012,25714,85.84,347,646,0.309,99.318,54.44,69.63,30.78,3,0,1.54,cache warmup
2021-04-02,payment-orchestrator,prod,764974,28073,84.24,349,822,0.307,99.319,56.84,73.63,51.88,1,0,1.54,incident review
2021-04-02,order-ledger,prod,422316,16785,85.11,369,695,0.334,99.313,66.91,62.62,39.59,1,0,1.66,normal baseline
2021-04-02,inventory-reservation,prod,405486,14915,86.76,357,813,0.512,99.278,53.32,53.77,52.61,5,0,2.07,normal baseline
2021-04-02,pricing-engine,prod,400610,13300,85.17,316,588,0.387,99.303,59.79,69.38,35.31,6,0,1.67,watch latency
2021-04-02,tax-service,prod,392687,15013,85.0,361,670,0.576,99.265,70.96,75.7,31.43,2,0,2.24,incident review
2021-04-02,loyalty-service,prod,412068,14559,85.68,332,767,0.717,99.237,60.23,54.43,29.59,3,0,2.53,watch latency
2021-04-02,notification-service,prod,399193,15269,85.5,370,851,0.336,99.313,73.99,70.45,33.61,7,0,1.66,watch latency
2021-04-02,auth-gateway,prod,406501,14609,85.9,355,738,0.414,99.297,52.4,72.29,50.26,2,0,1.82,cache warmup
2021-04-02,analytics-pipeline,prod,388024,12567,84.39,446,914,0.342,99.312,46.71,76.75,59.35,1,0,1.85,normal baseline
2021-04-02,search-recommendations,prod,412512,14018,84.26,461,881,0.143,99.351,70.5,58.34,58.91,2,0,1.38,release week
2021-04-09,checkout-api,prod,740590,26176,84.36,368,789,0.141,99.352,66.25,65.55,51.26,5,0,1.17,release week
2021-04-09,cart-service,prod,751127,26918,84.69,336,687,0.329,98.864,55.72,64.67,55.03,4,1,1.57,incident review
2021-04-09,payment-orchestrator,prod,730427,27770,85.07,371,689,0.526,99.275,50.23,64.41,58.67,3,0,2.14,incident review
2021-04-09,order-ledger,prod,393827,14190,84.53,312,587,0.306,99.319,56.16,56.12,59.83,5,0,1.46,incident review
2021-04-09,inventory-reservation,prod,395775,14560,84.39,347,679,0.225,99.335,51.73,72.0,54.83,4,0,1.33,database pressure
2021-04-09,pricing-engine,prod,395835,15159,84.99,347,701,0.049,99.37,53.78,65.54,44.65,4,0,0.89,cache warmup
2021-04-09,tax-service,prod,424340,16574,86.53,379,847,0.02,99.376,46.76,73.66,40.02,3,0,0.89,cache warmup
2021-04-09,loyalty-service,prod,390594,12705,85.99,374,773,0.129,99.354,51.47,71.99,60.24,6,0,1.15,watch latency
2021-04-09,notification-service,prod,387289,14626,85.48,375,875,0.199,99.34,66.87,60.87,61.65,3,0,1.33,incident review
2021-04-09,auth-gateway,prod,421882,14124,85.53,366,686,0.241,99.332,69.99,63.33,54.97,7,0,1.42,cache warmup
2021-04-09,analytics-pipeline,prod,393643,14091,84.91,376,864,0.224,99.335,66.06,55.46,64.9,5,0,1.4,database pressure
2021-04-09,search-recommendations,prod,410510,13666,84.8,387,736,0.423,99.295,66.63,55.68,47.43,5,0,1.92,watch latency
2021-04-16,checkout-api,prod,745522,27550,84.19,332,775,0.24,98.882,45.37,55.1,57.04,2,1,1.34,database pressure
2021-04-16,cart-service,prod,716720,25140,84.09,317,747,0.16,99.348,52.1,56.67,64.19,4,0,1.1,incident review
2021-04-16,payment-orchestrator,prod,724816,24993,86.44,388,742,0.389,99.302,57.05,58.37,50.87,5,0,1.84,normal baseline
2021-04-16,order-ledger,prod,422283,14465,86.85,329,704,0.46,99.288,48.1,67.81,54.54,2,0,1.88,cache warmup
2021-04-16,inventory-reservation,prod,390732,13443,86.95,355,786,0.092,99.362,46.6,63.82,55.8,4,0,1.02,cache warmup
2021-04-16,pricing-engine,prod,387578,13206,86.46,326,701,0.569,99.266,59.81,60.26,50.56,1,0,2.15,normal baseline
2021-04-16,tax-service,prod,426750,16720,86.26,352,675,0.356,99.309,58.88,70.55,33.24,6,0,1.67,incident review
2021-04-16,loyalty-service,prod,402851,12969,84.7,367,690,0.475,99.285,71.02,64.68,50.41,5,0,2.0,cache warmup
2021-04-16,notification-service,prod,415785,13666,85.46,321,740,0.162,99.348,53.99,76.0,47.76,2,0,1.12,release week
2021-04-16,auth-gateway,prod,417431,13598,84.28,330,766,0.626,99.255,49.95,52.81,59.64,0,0,2.3,incident review
2021-04-16,analytics-pipeline,prod,414665,15265,83.94,467,1030,0.135,99.353,45.12,74.08,46.4,0,0,1.37,release week
2021-04-16,search-recommendations,prod,425636,15747,86.55,361,834,0.439,99.292,45.09,56.59,56.45,0,0,1.9,campaign traffic
2021-04-23,checkout-api,prod,723834,24695,86.98,332,723,0.335,98.863,44.73,68.8,50.56,7,1,1.58,release week
2021-04-23,cart-service,prod,765723,26924,85.81,322,690,0.446,99.291,71.4,61.9,37.05,6,0,1.83,campaign traffic
2021-04-23,payment-orchestrator,prod,699678,24379,87.1,391,732,0.311,99.318,62.46,51.7,59.26,1,0,1.65,campaign traffic
2021-04-23,order-ledger,prod,408931,14726,85.09,328,775,0.02,99.376,62.82,63.6,39.02,2,0,0.78,watch latency
2021-04-23,inventory-reservation,prod,404066,14216,84.98,366,808,0.02,99.376,59.22,62.78,35.37,5,0,0.86,database pressure
2021-04-23,pricing-engine,prod,412472,16516,86.32,370,830,0.337,99.313,60.71,58.31,53.16,4,0,1.67,database pressure
2021-04-23,tax-service,prod,417433,15942,85.84,337,635,0.234,99.333,58.3,53.61,50.15,5,0,1.33,normal baseline
2021-04-23,loyalty-service,prod,397877,13561,84.7,359,817,0.293,99.321,58.69,55.51,33.54,7,0,1.53,cache warmup
2021-04-23,notification-service,prod,416058,14601,86.15,360,807,0.13,99.354,49.29,53.91,52.21,0,0,1.13,campaign traffic
2021-04-23,auth-gateway,prod,389841,14131,85.11,341,713,0.25,99.33,66.17,74.33,49.92,3,0,1.38,normal baseline
2021-04-23,analytics-pipeline,prod,411120,16442,84.56,454,928,0.026,99.375,56.11,74.54,48.76,7,0,1.07,database pressure
2021-04-23,search-recommendations,prod,401433,14404,86.87,371,745,0.37,99.306,50.29,54.85,43.48,0,0,1.75,release week
2021-04-30,checkout-api,prod,762157,25723,85.68,325,769,0.177,99.345,44.29,76.08,50.54,1,0,1.16,release week
2021-04-30,cart-service,prod,760473,26406,85.54,387,799,0.205,99.339,49.54,53.29,27.33,2,0,1.37,cache warmup
2021-04-30,payment-orchestrator,prod,747741,26231,85.91,367,680,0.25,99.33,46.3,51.11,43.62,4,0,1.44,normal baseline
2021-04-30,order-ledger,prod,416552,14375,84.06,382,797,0.417,99.297,49.12,64.36,56.84,5,0,1.89,watch latency
2021-04-30,inventory-reservation,prod,396549,15098,85.71,354,801,0.566,98.817,65.24,60.93,38.41,0,1,2.2,database pressure
2021-04-30,pricing-engine,prod,397316,15462,86.78,372,765,0.735,99.233,55.01,66.12,57.37,1,0,2.66,campaign traffic
2021-04-30,tax-service,prod,419115,16371,83.99,344,688,0.164,99.347,67.43,73.73,36.04,2,0,1.17,campaign traffic
2021-04-30,loyalty-service,prod,419994,16284,86.29,345,694,0.452,99.29,60.37,70.72,44.16,0,0,1.9,incident review
2021-04-30,notification-service,prod,413592,15303,84.26,386,782,0.29,99.322,58.55,76.03,58.35,0,0,1.58,incident review
2021-04-30,auth-gateway,prod,404100,15109,86.58,356,672,0.24,99.332,47.51,63.54,36.16,5,0,1.39,normal baseline
2021-04-30,analytics-pipeline,prod,407183,15700,86.22,452,897,0.345,99.311,50.2,69.23,64.9,5,0,1.87,cache warmup
2021-04-30,search-recommendations,prod,396147,14402,84.53,397,769,0.066,99.367,52.1,60.74,49.45,6,0,1.05,normal baseline
2021-05-07,checkout-api,prod,738126,26470,84.99,350,718,0.245,99.331,64.17,64.98,42.7,6,0,1.39,release week
2021-05-07,cart-service,prod,711982,25984,84.78,316,619,0.738,99.232,72.17,59.07,27.99,1,0,2.55,watch latency
2021-05-07,payment-orchestrator,prod,731862,26947,85.54,338,727,0.344,99.311,53.07,56.35,39.9,1,0,1.61,database pressure
2021-05-07,order-ledger,prod,425590,15113,86.55,346,732,0.142,99.352,60.41,73.03,46.85,1,0,1.12,incident review
2021-05-07,inventory-reservation,prod,404126,13054,85.15,355,761,0.252,99.33,55.36,70.49,34.95,0,0,1.42,release week
2021-05-07,pricing-engine,prod,407174,14930,85.64,396,810,0.22,99.336,71.17,67.3,48.42,3,0,1.43,campaign traffic
2021-05-07,tax-service,prod,402529,13866,84.23,322,743,0.088,99.362,46.51,60.05,34.44,0,0,0.93,incident review
2021-05-07,loyalty-service,prod,393155,15452,85.22,301,737,0.084,99.363,58.22,66.43,49.97,2,0,0.88,database pressure
2021-05-07,notification-service,prod,398906,14906,86.19,334,786,0.166,99.347,63.8,70.32,36.96,1,0,1.16,watch latency
2021-05-07,auth-gateway,prod,415116,13559,86.28,358,735,0.558,99.268,54.2,56.86,51.11,0,0,2.19,watch latency
2021-05-07,analytics-pipeline,prod,397412,13811,85.49,362,755,0.404,99.299,66.48,71.62,56.09,5,0,1.81,cache warmup
2021-05-07,search-recommendations,prod,388073,15369,83.85,463,894,0.1,98.91,52.96,50.09,41.25,1,1,1.28,cache warmup
2021-05-14,checkout-api,prod,732983,25298,85.59,351,677,0.348,99.31,59.9,66.68,46.01,3,0,1.65,release week
2021-05-14,cart-service,prod,751280,25364,86.71,366,798,0.231,99.334,48.67,52.49,34.88,5,0,1.39,watch latency
2021-05-14,payment-orchestrator,prod,725450,27701,84.08,354,802,0.313,98.867,66.39,63.2,58.62,2,1,1.57,cache warmup
2021-05-14,order-ledger,prod,395922,13909,85.84,331,752,0.321,98.866,51.17,54.69,27.82,4,1,1.54,watch latency
2021-05-14,inventory-reservation,prod,402746,15501,86.24,331,661,0.271,99.326,58.9,53.97,48.85,2,0,1.41,release week
2021-05-14,pricing-engine,prod,405171,13071,84.33,304,739,0.42,98.846,58.55,68.92,44.41,3,1,1.73,incident review
2021-05-14,tax-service,prod,423945,15168,85.49,352,681,0.031,99.374,46.54,61.14,32.78,6,0,0.86,cache warmup
2021-05-14,loyalty-service,prod,410603,14503,86.09,342,764,0.252,99.33,71.23,59.71,33.87,2,0,1.39,cache warmup
2021-05-14,notification-service,prod,397248,15343,85.66,365,727,0.553,99.269,42.1,59.38,44.44,0,0,2.19,release week
2021-05-14,auth-gateway,prod,397884,13146,84.49,383,791,0.258,99.328,68.72,50.58,34.68,6,0,1.5,normal baseline
2021-05-14,analytics-pipeline,prod,419261,16295,85.83,423,849,0.02,99.376,48.21,60.49,27.0,0,0,0.99,watch latency
2021-05-14,search-recommendations,prod,403887,14086,86.3,528,1125,0.172,99.346,65.76,52.67,38.98,1,0,1.6,database pressure
2021-05-21,checkout-api,prod,733726,27166,86.83,351,747,0.29,99.322,68.54,62.23,55.47,7,0,1.51,cache warmup
2021-05-21,cart-service,prod,733114,26612,86.9,358,728,0.263,99.327,44.7,67.55,38.55,1,0,1.45,campaign traffic
2021-05-21,payment-orchestrator,prod,703632,26832,84.44,329,727,0.622,99.256,65.57,61.32,57.85,6,0,2.29,incident review
2021-05-21,order-ledger,prod,420541,15373,84.22,307,620,0.405,99.299,56.65,55.51,34.2,1,0,1.7,normal baseline
2021-05-21,inventory-reservation,prod,389869,14834,86.39,335,792,0.246,99.331,48.68,62.1,64.82,3,0,1.36,database pressure
2021-05-21,pricing-engine,prod,419560,13911,85.79,375,851,0.362,99.308,47.87,73.51,55.91,6,0,1.74,cache warmup
2021-05-21,tax-service,prod,410974,16163,84.54,383,798,0.524,99.275,52.93,57.13,32.44,1,0,2.16,watch latency
2021-05-21,loyalty-service,prod,406649,14547,85.4,322,727,0.02,99.376,49.64,64.36,62.85,2,0,0.77,release week
2021-05-21,notification-service,prod,395059,14200,86.44,387,727,0.391,99.302,61.84,69.18,61.77,6,0,1.84,normal baseline
2021-05-21,auth-gateway,prod,403827,15846,84.28,376,849,0.638,99.252,66.64,60.66,29.74,1,0,2.43,normal baseline
2021-05-21,analytics-pipeline,prod,395313,13828,86.81,435,936,0.282,99.324,62.48,58.38,61.08,3,0,1.67,campaign traffic
2021-05-21,search-recommendations,prod,423479,15953,86.16,493,1059,0.31,99.318,67.82,55.07,61.15,0,0,1.87,campaign traffic
2021-05-28,checkout-api,prod,715984,24932,85.44,396,829,0.179,99.344,57.88,73.01,45.43,7,0,1.33,cache warmup
2021-05-28,cart-service,prod,757504,26580,86.4,375,761,0.237,99.333,41.29,51.63,49.49,5,0,1.42,normal baseline
2021-05-28,payment-orchestrator,prod,756657,25749,84.71,376,852,0.302,99.32,45.22,66.61,37.93,4,0,1.59,cache warmup
2021-05-28,order-ledger,prod,426388,16331,87.21,319,633,0.211,99.338,62.48,51.37,57.92,3,0,1.24,cache warmup
2021-05-28,inventory-reservation,prod,414505,16472,85.34,326,685,0.678,99.244,48.5,49.22,45.79,4,0,2.42,normal baseline
2021-05-28,pricing-engine,prod,398010,13942,84.88,384,727,0.482,99.284,52.56,51.32,59.55,7,0,2.06,normal baseline
2021-05-28,tax-service,prod,402948,13631,85.62,396,863,0.435,98.843,49.31,50.81,31.48,0,1,1.97,cache warmup
2021-05-28,loyalty-service,prod,393803,14476,87.19,333,728,0.091,99.362,56.24,54.85,58.02,4,0,0.97,database pressure
2021-05-28,notification-service,prod,424207,15509,86.48,305,677,0.028,99.374,57.68,66.57,57.87,4,0,0.75,campaign traffic
2021-05-28,auth-gateway,prod,407634,14727,87.0,382,858,0.289,99.322,64.03,53.39,41.44,5,0,1.57,incident review
2021-05-28,analytics-pipeline,prod,388690,15447,86.61,524,1082,0.153,99.349,51.49,67.8,53.38,6,0,1.55,normal baseline
2021-05-28,search-recommendations,prod,389042,14967,85.41,498,946,0.242,99.332,54.49,68.54,62.96,2,0,1.71,cache warmup
2021-06-04,checkout-api,prod,707738,26672,86.89,353,831,0.381,99.304,52.47,54.89,37.81,4,0,1.74,cache warmup
2021-06-04,cart-service,prod,702637,24728,86.06,376,871,0.565,99.267,61.47,55.21,28.09,6,0,2.25,incident review
2021-06-04,payment-orchestrator,prod,738759,25783,86.65,376,776,0.254,99.329,60.84,64.64,51.14,2,0,1.47,campaign traffic
2021-06-04,order-ledger,prod,421208,14142,86.09,324,656,0.554,99.269,45.54,71.03,46.83,5,0,2.1,campaign traffic
2021-06-04,inventory-reservation,prod,406564,13632,85.79,342,732,0.522,99.276,51.54,73.34,53.64,7,0,2.07,incident review
2021-06-04,pricing-engine,prod,417572,15994,84.25,330,713,0.396,99.301,59.69,67.99,48.6,5,0,1.72,cache warmup
2021-06-04,tax-service,prod,420888,15334,85.89,354,776,0.447,99.291,50.04,58.14,27.98,1,0,1.91,cache warmup
2021-06-04,loyalty-service,prod,418278,13671,85.68,320,620,0.328,99.314,56.37,47.83,32.82,3,0,1.53,incident review
2021-06-04,notification-service,prod,406713,13315,86.19,334,681,0.267,99.327,66.15,56.31,44.11,3,0,1.41,cache warmup
2021-06-04,auth-gateway,prod,399117,13757,86.97,346,700,0.196,99.341,54.24,52.11,50.99,1,0,1.26,normal baseline
2021-06-04,analytics-pipeline,prod,414304,15192,86.44,377,787,0.283,99.323,44.39,69.76,27.53,2,0,1.55,cache warmup
2021-06-04,search-recommendations,prod,415612,14951,86.82,510,1115,0.477,99.285,40.94,50.43,62.89,6,0,2.33,release week
2021-06-11,checkout-api,prod,746719,27944,85.96,330,757,0.093,99.361,58.66,53.57,42.07,0,0,0.97,normal baseline
2021-06-11,cart-service,prod,730267,26939,86.92,306,601,0.108,98.908,60.04,50.81,29.91,2,1,0.95,cache warmup
2021-06-11,payment-orchestrator,prod,765977,27626,84.84,341,732,0.151,99.35,59.0,54.75,50.4,6,0,1.14,release week
2021-06-11,order-ledger,prod,410016,15017,86.03,307,627,0.953,99.189,62.47,68.82,55.02,1,0,3.06,incident review
2021-06-11,inventory-reservation,prod,415292,14181,85.28,352,753,0.33,99.314,52.74,54.61,54.0,4,0,1.61,watch latency
2021-06-11,pricing-engine,prod,422452,13711,85.49,361,692,0.381,99.304,65.71,47.43,38.88,2,0,1.75,cache warmup
2021-06-11,tax-service,prod,423298,13737,84.18,333,685,0.253,99.329,40.4,72.58,38.14,7,0,1.37,watch latency
2021-06-11,loyalty-service,prod,387574,14719,86.9,336,804,0.153,99.349,50.64,70.28,34.19,4,0,1.13,watch latency
2021-06-11,notification-service,prod,388823,12985,86.91,308,612,0.274,99.325,56.97,66.08,51.08,2,0,1.37,campaign traffic
2021-06-11,auth-gateway,prod,404762,16078,84.13,312,697,0.217,99.337,66.39,54.34,47.77,2,0,1.24,watch latency
2021-06-11,analytics-pipeline,prod,409628,16411,85.33,408,887,0.357,99.309,41.13,66.92,44.13,4,0,1.8,normal baseline
2021-06-11,search-recommendations,prod,410107,13299,85.31,482,994,0.177,99.345,57.16,54.82,54.44,4,0,1.51,cache warmup
2021-06-18,checkout-api,prod,741286,26797,84.09,366,749,0.392,99.302,60.95,58.18,39.23,0,0,1.79,campaign traffic
2021-06-18,cart-service,prod,761554,26810,86.35,363,756,0.58,98.814,44.74,66.21,53.13,4,1,2.26,campaign traffic
2021-06-18,payment-orchestrator,prod,699721,23683,87.15,336,695,0.209,99.338,53.09,68.0,30.89,0,0,1.27,watch latency
2021-06-18,order-ledger,prod,395492,15616,85.19,377,718,0.647,99.251,51.86,71.52,50.79,3,0,2.45,incident review
2021-06-18,inventory-reservation,prod,401767,14986,87.15,317,639,0.454,99.289,38.76,65.37,33.21,1,0,1.84,incident review
2021-06-18,pricing-engine,prod,408687,14888,84.94,370,840,0.345,99.311,37.91,62.42,39.02,0,0,1.68,campaign traffic
2021-06-18,tax-service,prod,423436,15797,84.11,367,681,0.02,99.376,67.2,67.32,56.23,7,0,0.87,release week
2021-06-18,loyalty-service,prod,426450,14511,87.09,314,762,0.53,99.274,64.53,57.32,44.48,0,0,2.02,campaign traffic
2021-06-18,notification-service,prod,397067,13152,85.21,356,663,0.325,99.315,66.02,54.63,62.94,4,0,1.6,normal baseline
2021-06-18,auth-gateway,prod,405347,16257,84.91,344,763,0.645,99.251,52.67,69.18,49.81,6,0,2.38,watch latency
2021-06-18,analytics-pipeline,prod,396182,13101,84.92,386,819,0.534,99.273,53.94,64.85,55.29,2,0,2.19,database pressure
2021-06-18,search-recommendations,prod,415932,16118,86.72,396,748,0.273,99.325,52.11,65.59,30.85,5,0,1.56,database pressure
2021-06-25,checkout-api,prod,719620,26658,84.57,302,679,0.191,99.342,58.62,71.15,40.99,7,0,1.15,normal baseline
2021-06-25,cart-service,prod,762141,26494,86.52,351,777,0.507,99.279,42.31,53.07,36.6,0,0,2.05,release week
2021-06-25,payment-orchestrator,prod,712629,26632,85.28,363,837,0.076,99.365,62.16,49.54,36.28,6,0,1.0,incident review
2021-06-25,order-ledger,prod,406217,15911,85.43,303,589,0.445,99.291,60.52,58.15,27.33,2,0,1.79,incident review
2021-06-25,inventory-reservation,prod,402736,13049,86.11,317,682,0.532,99.274,41.72,51.04,51.91,2,0,2.03,campaign traffic
2021-06-25,pricing-engine,prod,410929,16443,87.11,372,809,0.223,99.335,44.95,66.24,27.05,4,0,1.38,cache warmup
2021-06-25,tax-service,prod,419913,16595,84.71,301,669,0.152,99.35,57.69,56.96,32.35,0,0,1.05,normal baseline
2021-06-25,loyalty-service,prod,400863,14377,87.19,312,640,0.108,99.358,37.72,55.5,60.15,1,0,0.96,watch latency
2021-06-25,notification-service,prod,408451,13987,86.49,309,734,0.118,99.356,51.2,47.64,59.88,5,0,0.98,incident review
2021-06-25,auth-gateway,prod,392260,14174,85.26,362,704,0.55,99.27,57.74,52.41,37.23,4,0,2.18,release week
2021-06-25,analytics-pipeline,prod,426297,14112,83.76,422,829,0.192,99.342,41.94,71.59,64.47,6,0,1.42,normal baseline
2021-06-25,search-recommendations,prod,425827,15608,85.76,442,943,0.484,99.283,51.34,49.79,32.14,5,0,2.19,release week
2021-07-02,checkout-api,prod,737292,26131,85.01,370,711,0.137,99.353,53.39,64.23,60.85,4,0,1.16,release week
2021-07-02,cart-service,prod,714952,26154,86.06,353,770,0.135,99.353,53.81,62.91,31.87,4,0,1.12,release week
2021-07-02,payment-orchestrator,prod,759461,28580,85.2,342,790,0.363,99.307,55.27,52.23,27.07,1,0,1.67,campaign traffic
2021-07-02,order-ledger,prod,418237,14565,84.02,328,790,0.02,99.376,36.2,59.8,41.87,4,0,0.78,campaign traffic
2021-07-02,inventory-reservation,prod,399800,14395,85.59,354,717,0.178,98.894,54.15,46.34,50.43,3,1,1.23,incident review
2021-07-02,pricing-engine,prod,388931,13160,87.04,313,677,0.383,99.303,51.62,51.77,27.39,4,0,1.65,cache warmup
2021-07-02,tax-service,prod,419399,15703,85.36,362,747,0.437,99.293,57.15,53.35,29.49,2,0,1.9,database pressure
2021-07-02,loyalty-service,prod,396261,15218,86.51,381,864,0.286,99.323,49.85,67.87,41.93,5,0,1.56,campaign traffic
2021-07-02,notification-service,prod,406949,15585,84.24,371,773,0.693,99.241,51.47,66.7,43.13,7,0,2.56,watch latency
2021-07-02,auth-gateway,prod,395015,13747,85.08,367,697,0.358,99.308,48.42,64.08,40.01,4,0,1.71,cache warmup
2021-07-02,analytics-pipeline,prod,417480,15488,84.25,434,810,0.391,99.302,55.89,52.0,32.08,4,0,1.94,cache warmup
2021-07-02,search-recommendations,prod,398436,14907,85.86,492,964,0.332,99.314,51.75,60.23,30.74,2,0,1.92,cache warmup
2021-07-09,checkout-api,prod,735375,25346,86.17,382,721,0.02,99.376,42.03,55.01,30.25,2,0,0.9,release week
2021-07-09,cart-service,prod,731619,25051,84.2,377,776,0.54,98.822,64.8,65.1,51.43,4,1,2.19,release week
2021-07-09,payment-orchestrator,prod,731131,27265,84.01,352,738,0.244,99.331,49.41,53.93,53.67,5,0,1.39,release week
2021-07-09,order-ledger,prod,409789,15051,84.28,393,758,0.02,99.376,49.42,51.05,55.86,7,0,0.92,database pressure
2021-07-09,inventory-reservation,prod,402337,14376,85.24,370,775,0.38,99.304,56.81,48.85,49.53,2,0,1.77,normal baseline
2021-07-09,pricing-engine,prod,420468,15098,86.78,306,593,0.214,99.337,53.6,66.55,62.43,3,0,1.21,database pressure
2021-07-09,tax-service,prod,411637,13554,84.47,381,824,0.197,99.341,55.91,54.74,56.19,6,0,1.34,release week
2021-07-09,loyalty-service,prod,411091,15591,86.68,382,803,0.442,99.292,52.66,48.46,58.64,6,0,1.95,incident review
2021-07-09,notification-service,prod,425991,14409,86.4,339,698,0.28,99.324,36.9,45.48,30.69,2,0,1.45,watch latency
2021-07-09,auth-gateway,prod,394560,13951,84.63,365,841,0.428,99.294,62.81,62.64,51.2,1,0,1.88,release week
2021-07-09,analytics-pipeline,prod,395067,15267,85.58,424,908,0.299,99.32,55.16,47.44,64.24,2,0,1.69,campaign traffic
2021-07-09,search-recommendations,prod,423690,15047,86.82,378,799,0.202,99.34,35.59,60.13,57.43,7,0,1.35,database pressure
2021-07-16,checkout-api,prod,702748,24651,84.0,319,694,0.27,99.326,43.41,59.29,39.33,4,0,1.38,database pressure
2021-07-16,cart-service,prod,745318,27693,83.93,357,832,0.361,99.308,47.93,54.0,64.9,3,0,1.7,database pressure
2021-07-16,payment-orchestrator,prod,741389,25311,87.03,394,764,0.085,99.363,38.58,45.68,36.68,4,0,1.09,release week
2021-07-16,order-ledger,prod,392856,12647,85.27,352,691,0.377,99.305,61.16,64.28,61.85,4,0,1.72,release week
2021-07-16,inventory-reservation,prod,398440,13164,85.47,340,753,0.373,99.305,47.34,47.53,34.52,5,0,1.69,normal baseline
2021-07-16,pricing-engine,prod,423502,16569,86.4,338,732,0.757,99.229,59.75,65.77,53.62,3,0,2.64,watch latency
2021-07-16,tax-service,prod,422580,16267,86.28,344,808,0.317,99.317,63.69,69.13,30.16,1,0,1.56,cache warmup
2021-07-16,loyalty-service,prod,390792,12735,86.69,328,674,0.218,99.336,53.93,60.0,36.78,3,0,1.27,normal baseline
2021-07-16,notification-service,prod,400157,13584,86.31,345,815,0.598,99.26,39.15,59.57,55.59,3,0,2.26,watch latency
2021-07-16,auth-gateway,prod,406289,14593,84.01,330,766,0.239,98.882,47.91,62.6,55.89,2,1,1.33,campaign traffic
2021-07-16,analytics-pipeline,prod,423299,14736,83.91,434,851,0.309,99.318,53.82,62.57,31.54,3,0,1.74,watch latency
2021-07-16,search-recommendations,prod,401303,14957,84.09,478,969,0.247,99.331,47.77,51.85,43.21,5,0,1.68,release week
2021-07-23,checkout-api,prod,748630,25648,86.88,334,674,0.267,99.327,43.5,66.45,51.1,5,0,1.41,campaign traffic
2021-07-23,cart-service,prod,728845,27015,85.76,389,796,0.269,99.326,41.25,60.51,38.64,1,0,1.54,incident review
2021-07-23,payment-orchestrator,prod,724692,25639,84.83,369,745,0.195,99.341,61.47,68.53,60.96,5,0,1.31,release week
2021-07-23,order-ledger,prod,395956,13859,84.05,320,610,0.504,99.279,46.5,63.9,37.56,3,0,1.97,cache warmup
2021-07-23,inventory-reservation,prod,388730,15100,85.58,360,824,0.02,99.376,57.17,56.23,39.4,5,0,0.85,normal baseline
2021-07-23,pricing-engine,prod,401904,14386,86.61,391,744,0.499,99.28,37.58,62.12,34.69,0,0,2.12,database pressure
2021-07-23,tax-service,prod,424042,13716,87.25,301,697,0.506,99.279,34.98,61.88,41.45,1,0,1.93,watch latency
2021-07-23,loyalty-service,prod,405288,13269,87.16,335,631,0.24,99.332,39.9,58.1,61.78,2,0,1.34,campaign traffic
2021-07-23,notification-service,prod,399755,15723,84.03,350,829,0.083,99.363,42.04,46.78,48.28,0,0,0.98,cache warmup
2021-07-23,auth-gateway,prod,399953,13536,84.07,378,732,0.21,99.338,36.01,65.67,27.21,2,0,1.37,campaign traffic
2021-07-23,analytics-pipeline,prod,414036,13406,84.38,451,939,0.432,99.294,33.84,45.94,34.43,2,0,2.08,watch latency
2021-07-23,search-recommendations,prod,394033,13995,84.57,461,861,0.404,99.299,56.01,47.14,44.28,5,0,2.03,incident review
2021-07-30,checkout-api,prod,701897,25401,84.52,361,749,0.28,99.324,41.96,57.05,37.02,2,0,1.5,cache warmup
2021-07-30,cart-service,prod,765570,28167,84.7,338,714,0.328,99.314,35.2,46.89,57.8,0,0,1.57,normal baseline
2021-07-30,payment-orchestrator,prod,705029,24215,84.1,353,690,0.194,98.891,58.1,50.7,59.16,4,1,1.27,cache warmup
2021-07-30,order-ledger,prod,387584,15024,87.26,306,735,0.318,99.316,58.48,50.62,49.94,7,0,1.47,normal baseline
2021-07-30,inventory-reservation,prod,395246,14693,84.1,360,681,0.179,99.344,55.19,59.5,50.81,4,0,1.25,watch latency
2021-07-30,pricing-engine,prod,391752,12525,86.22,333,666,0.572,99.266,57.49,58.23,32.66,5,0,2.17,cache warmup
2021-07-30,tax-service,prod,387982,14025,86.38,394,766,0.143,99.351,49.14,44.36,56.95,3,0,1.23,incident review
2021-07-30,loyalty-service,prod,403954,14718,85.53,365,822,0.833,99.213,42.31,63.11,35.8,7,0,2.89,campaign traffic
2021-07-30,notification-service,prod,422487,14426,84.51,371,837,0.049,99.37,40.97,51.5,47.89,7,0,0.95,release week
2021-07-30,auth-gateway,prod,420468,15991,86.97,389,847,0.309,99.318,56.17,59.57,28.46,5,0,1.64,database pressure
2021-07-30,analytics-pipeline,prod,414091,13587,85.79,356,717,0.364,99.307,58.21,49.16,27.16,4,0,1.7,campaign traffic
2021-07-30,search-recommendations,prod,389401,12416,85.56,420,794,0.222,99.336,45.45,64.63,30.36,3,0,1.49,release week
2021-08-06,checkout-api,prod,721636,27227,86.39,372,861,0.534,99.273,48.46,63.08,64.86,3,0,2.16,watch latency
2021-08-06,cart-service,prod,756585,26730,85.85,352,826,0.16,99.348,31.79,51.58,37.91,0,0,1.18,watch latency
2021-08-06,payment-orchestrator,prod,761124,28913,86.56,357,742,0.177,99.345,56.77,44.96,47.01,6,0,1.24,incident review
2021-08-06,order-ledger,prod,426151,14109,83.92,375,784,0.279,99.324,52.04,53.67,60.38,0,0,1.53,normal baseline
2021-08-06,inventory-reservation,prod,391973,15182,85.73,393,871,0.549,99.27,45.53,43.5,37.06,0,0,2.25,database pressure
2021-08-06,pricing-engine,prod,395669,14241,84.85,327,785,0.434,99.293,36.97,45.89,64.59,6,0,1.81,campaign traffic
2021-08-06,tax-service,prod,390888,13948,85.81,359,826,0.302,99.32,58.39,57.68,35.11,7,0,1.55,cache warmup
2021-08-06,loyalty-service,prod,397240,14444,84.98,386,719,0.273,99.325,45.39,47.12,30.63,1,0,1.54,release week
2021-08-06,notification-service,prod,416187,16603,84.34,332,676,0.26,99.328,59.94,64.85,46.01,6,0,1.39,incident review
2021-08-06,auth-gateway,prod,387791,15441,84.48,302,743,0.364,98.857,40.2,66.14,37.64,2,1,1.58,watch latency
2021-08-06,analytics-pipeline,prod,390453,12601,85.25,412,824,0.374,99.305,60.81,64.68,63.46,2,0,1.85,database pressure
2021-08-06,search-recommendations,prod,388784,12773,86.26,400,784,0.355,99.309,32.68,55.24,40.6,1,0,1.78,campaign traffic
2021-08-13,checkout-api,prod,721366,26052,85.52,356,790,0.33,99.314,33.9,41.2,27.61,0,0,1.62,normal baseline
2021-08-13,cart-service,prod,748843,26977,85.32,341,752,0.483,99.283,41.1,54.26,32.11,4,0,1.96,watch latency
2021-08-13,payment-orchestrator,prod,706984,27014,84.77,347,661,0.283,99.323,52.98,64.17,62.72,4,0,1.48,database pressure
2021-08-13,order-ledger,prod,400370,14680,85.61,318,592,0.386,99.303,49.43,56.8,52.54,3,0,1.67,watch latency
2021-08-13,inventory-reservation,prod,425268,16548,86.96,324,608,0.531,99.274,52.74,51.95,57.01,2,0,2.05,incident review
2021-08-13,pricing-engine,prod,417376,13913,86.47,336,668,0.284,99.323,49.42,64.56,53.37,1,0,1.46,incident review
2021-08-13,tax-service,prod,423949,15865,85.29,307,649,0.204,99.339,45.53,43.85,43.55,2,0,1.19,campaign traffic
2021-08-13,loyalty-service,prod,394123,15376,86.34,385,821,0.394,99.301,32.56,54.23,35.46,4,0,1.84,incident review
2021-08-13,notification-service,prod,393224,13458,85.63,385,814,0.38,99.304,42.38,54.41,50.63,4,0,1.81,cache warmup
2021-08-13,auth-gateway,prod,395490,12972,84.27,384,865,0.256,99.329,33.75,54.04,61.71,2,0,1.49,release week
2021-08-13,analytics-pipeline,prod,390564,12631,85.73,431,877,0.078,99.364,32.84,43.64,28.71,5,0,1.15,database pressure
2021-08-13,search-recommendations,prod,416728,16179,86.56,396,804,0.245,99.331,48.71,63.84,36.91,4,0,1.49,normal baseline
2021-08-20,checkout-api,prod,752839,27978,86.55,378,736,0.17,99.346,54.23,65.95,37.85,6,0,1.27,incident review
2021-08-20,cart-service,prod,754657,27764,85.32,387,814,0.298,99.32,47.69,54.98,29.15,1,0,1.61,release week
2021-08-20,payment-orchestrator,prod,766193,28448,84.52,311,725,0.571,99.266,45.38,61.33,62.55,0,0,2.12,watch latency
2021-08-20,order-ledger,prod,397672,13348,86.73,342,747,0.02,99.376,39.67,44.27,63.09,3,0,0.81,normal baseline
2021-08-20,inventory-reservation,prod,396014,14042,84.27,358,751,0.722,99.236,48.13,64.72,59.14,0,0,2.6,cache warmup
2021-08-20,pricing-engine,prod,426334,15573,86.06,333,704,0.267,99.327,43.62,52.58,32.54,5,0,1.41,cache warmup
2021-08-20,tax-service,prod,409542,16284,85.8,331,689,0.243,99.331,49.55,56.25,54.21,7,0,1.34,release week
2021-08-20,loyalty-service,prod,407723,13061,85.08,355,749,0.315,99.317,38.0,52.16,30.39,3,0,1.58,release week
2021-08-20,notification-service,prod,408487,14567,83.96,362,771,0.34,99.312,34.1,66.22,42.36,4,0,1.65,database pressure
2021-08-20,auth-gateway,prod,401146,14960,86.99,347,679,0.297,99.321,47.55,66.15,29.61,5,0,1.51,campaign traffic
2021-08-20,analytics-pipeline,prod,400235,13110,84.32,477,1032,0.372,99.306,50.1,59.52,42.32,6,0,1.99,watch latency
2021-08-20,search-recommendations,prod,408850,13854,86.52,413,943,0.322,99.316,39.11,51.73,57.36,4,0,1.72,cache warmup
2021-08-27,checkout-api,prod,749257,26643,85.79,314,692,0.37,99.306,32.15,65.35,27.97,5,0,1.62,campaign traffic
2021-08-27,cart-service,prod,754878,28554,85.96,384,776,0.123,99.355,33.65,61.12,43.0,3,0,1.16,cache warmup
2021-08-27,payment-orchestrator,prod,705731,25756,86.16,331,711,0.446,99.291,47.41,62.53,57.84,0,0,1.85,database pressure
2021-08-27,order-ledger,prod,407812,13202,86.65,308,597,0.192,99.342,37.01,41.7,62.38,4,0,1.17,database pressure
2021-08-27,inventory-reservation,prod,387450,14688,86.52,395,868,0.377,99.305,58.45,53.25,40.41,4,0,1.82,incident review
2021-08-27,pricing-engine,prod,407777,15047,87.24,309,664,0.076,99.365,41.16,40.48,47.61,0,0,0.88,cache warmup
2021-08-27,tax-service,prod,405907,14448,84.66,345,774,0.232,99.334,36.33,64.4,44.18,2,0,1.35,watch latency
2021-08-27,loyalty-service,prod,398199,12979,86.56,308,744,0.324,99.315,42.36,62.43,55.84,0,0,1.5,database pressure
2021-08-27,notification-service,prod,406364,16151,87.23,302,650,0.259,99.328,39.11,61.6,53.86,0,0,1.32,normal baseline
2021-08-27,auth-gateway,prod,415287,14644,86.14,308,588,0.392,99.302,51.15,50.86,35.52,5,0,1.66,normal baseline
2021-08-27,analytics-pipeline,prod,388863,12821,86.64,432,817,0.209,99.338,40.14,63.9,50.14,3,0,1.48,incident review
2021-08-27,search-recommendations,prod,404591,13843,86.63,397,764,0.244,99.331,47.12,40.75,29.52,6,0,1.49,campaign traffic
2021-09-03,checkout-api,prod,753967,26815,85.32,362,822,0.533,99.273,30.53,65.09,27.78,2,0,2.14,database pressure
2021-09-03,cart-service,prod,714945,24233,85.91,382,828,0.466,99.287,54.13,39.87,42.49,6,0,2.01,database pressure
2021-09-03,payment-orchestrator,prod,761522,28688,84.58,332,743,0.434,99.293,58.43,40.14,56.54,3,0,1.82,incident review
2021-09-03,order-ledger,prod,399124,15460,84.9,362,749,0.603,99.259,33.87,49.55,34.66,7,0,2.31,watch latency
2021-09-03,inventory-reservation,prod,393430,13262,86.77,374,700,0.053,99.369,54.62,40.66,35.22,0,0,0.96,incident review
2021-09-03,pricing-engine,prod,391081,15397,85.43,346,646,0.318,99.316,54.34,42.75,63.06,1,0,1.56,watch latency
2021-09-03,tax-service,prod,422701,15620,85.51,336,765,0.46,99.288,36.49,53.18,63.44,5,0,1.9,normal baseline
2021-09-03,loyalty-service,prod,389839,14164,84.31,311,688,0.246,99.331,46.75,51.99,43.19,7,0,1.31,release week
2021-09-03,notification-service,prod,414470,15551,85.98,328,652,0.165,99.347,45.53,43.86,41.74,6,0,1.14,watch latency
2021-09-03,auth-gateway,prod,415981,15636,85.13,307,669,0.236,99.333,39.96,64.07,53.12,6,0,1.27,campaign traffic
2021-09-03,analytics-pipeline,prod,425208,15507,83.9,469,1008,0.14,99.352,45.59,63.47,45.29,3,0,1.39,cache warmup
2021-09-03,search-recommendations,prod,389272,13355,86.4,386,865,0.02,99.376,41.83,60.31,59.73,7,0,0.91,normal baseline
2021-09-10,checkout-api,prod,736934,26265,85.35,333,698,0.434,99.293,44.86,52.59,49.08,7,0,1.83,incident review
2021-09-10,cart-service,prod,715226,26431,84.4,319,664,0.379,99.304,31.05,42.04,42.94,5,0,1.66,release week
2021-09-10,payment-orchestrator,prod,729027,27346,84.59,313,607,0.525,99.275,36.78,61.82,28.33,6,0,2.01,watch latency
2021-09-10,order-ledger,prod,417515,15305,85.25,378,760,0.163,99.347,46.1,53.36,55.95,0,0,1.25,cache warmup
2021-09-10,inventory-reservation,prod,418466,14946,85.41,352,721,0.148,99.35,48.84,50.85,52.64,0,0,1.15,incident review
2021-09-10,pricing-engine,prod,407395,15838,84.61,327,657,0.02,98.926,30.45,41.64,56.21,3,1,0.78,campaign traffic
2021-09-10,tax-service,prod,413935,16408,84.88,303,734,0.164,99.347,46.15,64.8,43.92,5,0,1.08,incident review
2021-09-10,loyalty-service,prod,413565,14451,86.0,310,587,0.101,99.36,57.74,55.92,31.72,6,0,0.94,cache warmup
2021-09-10,notification-service,prod,400188,15416,86.92,344,770,0.333,99.313,48.49,57.2,60.72,6,0,1.6,incident review
2021-09-10,auth-gateway,prod,419339,16765,85.59,363,683,0.329,98.864,44.04,63.26,37.82,0,1,1.63,watch latency
2021-09-10,analytics-pipeline,prod,425908,16326,86.75,440,983,0.574,99.265,56.3,54.61,27.97,1,0,2.41,campaign traffic
2021-09-10,search-recommendations,prod,407694,14626,85.17,446,832,0.723,99.235,28.74,61.29,61.67,4,0,2.8,campaign traffic
2021-09-17,checkout-api,prod,708516,26884,85.53,373,870,0.545,99.271,45.89,58.14,28.95,3,0,2.19,incident review
2021-09-17,cart-service,prod,713032,26218,85.39,349,713,0.134,99.353,50.11,49.63,51.5,5,0,1.11,campaign traffic
2021-09-17,payment-orchestrator,prod,726373,26862,86.77,346,743,0.401,99.3,32.53,50.78,43.13,7,0,1.77,incident review
2021-09-17,order-ledger,prod,394172,14611,83.99,351,751,0.511,99.278,55.12,61.48,39.62,4,0,2.06,incident review
2021-09-17,inventory-reservation,prod,390935,15444,87.14,347,670,0.297,99.321,50.62,53.89,28.46,3,0,1.51,campaign traffic
2021-09-17,pricing-engine,prod,387048,12698,85.83,367,838,0.221,99.336,34.38,61.99,54.88,2,0,1.37,normal baseline
2021-09-17,tax-service,prod,426614,15107,83.93,375,705,0.203,99.339,56.1,50.66,32.08,1,0,1.34,release week
2021-09-17,loyalty-service,prod,403901,15856,84.3,311,731,0.256,99.329,28.25,43.24,59.83,5,0,1.33,release week
2021-09-17,notification-service,prod,403111,15919,85.98,376,708,0.118,99.356,48.4,59.85,51.34,2,0,1.13,normal baseline
2021-09-17,auth-gateway,prod,409871,15654,86.11,348,664,0.393,99.301,47.19,45.46,41.18,0,0,1.76,campaign traffic
2021-09-17,analytics-pipeline,prod,402741,15295,85.74,500,1070,0.288,99.322,54.19,63.09,54.63,5,0,1.83,watch latency
2021-09-17,search-recommendations,prod,402639,14178,83.68,521,966,0.076,99.365,42.44,54.74,35.14,7,0,1.35,watch latency
2021-09-24,checkout-api,prod,749584,26385,87.11,310,595,0.924,99.195,35.08,47.3,40.72,3,0,3.0,release week
2021-09-24,cart-service,prod,711523,25953,84.6,324,644,0.451,99.29,54.44,52.47,42.19,2,0,1.85,watch latency
2021-09-24,payment-orchestrator,prod,742185,26916,84.22,374,717,0.02,99.376,56.69,39.05,27.97,3,0,0.88,incident review
2021-09-24,order-ledger,prod,424289,14349,84.87,391,779,0.274,99.325,53.86,61.79,42.16,0,0,1.55,watch latency
2021-09-24,inventory-reservation,prod,420759,16606,83.99,319,611,0.543,99.271,53.04,39.25,43.66,0,0,2.07,campaign traffic
2021-09-24,pricing-engine,prod,408080,15459,86.4,343,657,0.631,99.254,51.1,62.0,48.94,5,0,2.34,incident review
2021-09-24,tax-service,prod,419585,16609,85.15,312,586,0.02,99.376,52.4,42.99,27.62,0,0,0.74,cache warmup
2021-09-24,loyalty-service,prod,425549,15502,86.21,370,724,0.02,99.376,30.79,57.38,37.68,3,0,0.87,campaign traffic
2021-09-24,notification-service,prod,423853,14442,86.72,386,862,0.02,99.376,31.23,47.09,52.47,5,0,0.91,normal baseline
2021-09-24,auth-gateway,prod,419512,14558,87.2,314,610,0.149,99.35,48.46,48.88,34.33,1,0,1.07,watch latency
2021-09-24,analytics-pipeline,prod,392485,13499,86.96,455,933,0.219,99.336,38.11,49.51,51.18,5,0,1.56,database pressure
2021-09-24,search-recommendations,prod,425949,15586,86.8,522,1020,0.377,99.305,36.32,64.27,29.14,2,0,2.1,release week
2021-10-01,checkout-api,prod,712242,27014,85.27,322,632,0.407,99.299,32.04,63.67,62.29,3,0,1.73,database pressure
2021-10-01,cart-service,prod,712722,24806,86.11,392,901,0.185,99.343,33.49,61.97,61.48,0,0,1.33,release week
2021-10-01,payment-orchestrator,prod,699321,26045,85.6,335,670,0.429,99.294,33.33,52.81,64.58,6,0,1.82,normal baseline
2021-10-01,order-ledger,prod,410615,14742,85.41,390,825,0.125,99.355,50.73,58.45,31.53,2,0,1.18,cache warmup
2021-10-01,inventory-reservation,prod,425706,14557,85.99,326,656,0.704,99.239,33.67,46.5,51.16,6,0,2.48,database pressure
2021-10-01,pricing-engine,prod,410943,16319,87.24,323,609,0.29,99.322,46.42,40.44,35.95,0,0,1.44,normal baseline
2021-10-01,tax-service,prod,408943,15729,87.11,349,687,0.02,99.376,32.59,53.68,34.93,2,0,0.83,release week
2021-10-01,loyalty-service,prod,398431,13441,84.35,355,818,0.55,99.27,44.19,53.48,30.67,7,0,2.16,cache warmup
2021-10-01,notification-service,prod,398435,15162,84.72,331,662,0.321,99.316,36.66,46.14,50.14,7,0,1.54,incident review
2021-10-01,auth-gateway,prod,415457,14775,86.16,339,656,0.373,99.305,49.11,50.32,53.58,6,0,1.69,incident review
2021-10-01,analytics-pipeline,prod,422785,13712,86.23,431,848,0.02,99.376,37.04,61.55,58.99,0,0,1.01,incident review
2021-10-01,search-recommendations,prod,389118,15602,84.3,395,751,0.244,99.331,47.52,64.03,29.9,2,0,1.49,release week
2021-10-08,checkout-api,prod,743151,26553,86.05,327,744,0.238,99.332,50.94,61.43,51.22,2,0,1.32,normal baseline
2021-10-08,cart-service,prod,742104,25003,86.9,345,790,0.516,99.277,53.16,57.52,34.87,5,0,2.06,database pressure
2021-10-08,payment-orchestrator,prod,743617,25934,87.07,386,870,0.636,99.253,49.92,57.96,62.01,7,0,2.45,campaign traffic
2021-10-08,order-ledger,prod,394320,15389,86.08,321,615,0.515,99.277,57.93,41.13,44.88,3,0,2.0,release week
2021-10-08,inventory-reservation,prod,404379,13337,85.84,373,769,0.263,99.327,45.48,45.4,47.58,4,0,1.49,normal baseline
2021-10-08,pricing-engine,prod,402983,15013,84.68,302,636,0.353,99.309,40.38,54.64,28.03,5,0,1.55,normal baseline
2021-10-08,tax-service,prod,419067,14492,86.63,369,830,0.716,99.237,42.06,49.96,37.48,1,0,2.61,release week
2021-10-08,loyalty-service,prod,391383,14730,84.83,307,588,0.414,99.297,44.04,48.26,31.33,7,0,1.72,cache warmup
2021-10-08,notification-service,prod,413129,13444,85.26,314,631,0.485,99.283,34.5,49.6,27.73,3,0,1.91,release week
2021-10-08,auth-gateway,prod,390279,13800,84.82,387,799,0.518,99.276,44.53,57.3,38.43,0,0,2.15,cache warmup
2021-10-08,analytics-pipeline,prod,422832,16060,85.26,461,920,0.123,99.355,37.66,41.43,37.9,4,0,1.33,database pressure
2021-10-08,search-recommendations,prod,393122,13057,86.89,458,884,0.274,99.325,39.57,50.61,51.95,2,0,1.7,normal baseline
2021-10-15,checkout-api,prod,733093,27307,86.54,323,705,0.091,99.362,56.89,56.15,40.44,0,0,0.94,watch latency
2021-10-15,cart-service,prod,721134,26075,86.58,346,654,0.245,99.331,31.59,60.0,54.99,5,0,1.38,incident review
2021-10-15,payment-orchestrator,prod,761542,27490,87.27,309,656,0.02,99.376,32.07,63.07,31.29,1,0,0.74,watch latency
2021-10-15,order-ledger,prod,415520,15523,84.68,389,735,0.02,99.376,42.68,50.33,42.11,0,0,0.91,database pressure
2021-10-15,inventory-reservation,prod,390180,12626,84.74,317,736,0.084,99.363,37.5,44.38,58.46,1,0,0.91,watch latency
2021-10-15,pricing-engine,prod,406037,14716,84.18,309,599,0.02,99.376,53.48,50.31,29.33,6,0,0.74,normal baseline
2021-10-15,tax-service,prod,404559,13953,86.61,344,816,0.186,99.343,39.79,47.11,31.72,4,0,1.23,incident review
2021-10-15,loyalty-service,prod,401424,13757,85.98,366,765,0.255,99.329,43.32,54.21,45.98,1,0,1.45,cache warmup
2021-10-15,notification-service,prod,413584,13857,85.42,376,731,0.206,99.339,47.58,60.11,37.3,7,0,1.35,cache warmup
2021-10-15,auth-gateway,prod,404825,13196,86.61,301,637,0.02,99.376,32.94,64.41,40.56,5,0,0.72,incident review
2021-10-15,analytics-pipeline,prod,423226,13881,84.88,363,695,0.22,99.336,36.65,41.33,45.25,5,0,1.36,campaign traffic
2021-10-15,search-recommendations,prod,391577,14106,84.55,397,787,0.657,99.249,34.32,49.76,58.14,1,0,2.53,release week
2021-10-22,checkout-api,prod,739528,26128,86.42,376,706,0.472,99.286,57.6,51.61,50.29,5,0,2.02,database pressure
2021-10-22,cart-service,prod,742744,25996,84.43,311,712,0.579,99.264,47.06,50.65,30.55,4,0,2.14,cache warmup
2021-10-22,payment-orchestrator,prod,745093,26737,86.48,329,767,0.707,99.239,44.73,48.5,64.07,5,0,2.5,watch latency
2021-10-22,order-ledger,prod,409492,13395,84.61,396,783,0.328,99.314,31.91,45.49,46.58,6,0,1.7,normal baseline
2021-10-22,inventory-reservation,prod,389028,14950,85.8,304,570,0.281,99.324,55.56,61.97,44.25,5,0,1.38,watch latency
2021-10-22,pricing-engine,prod,412541,15697,84.97,386,738,0.454,99.289,56.72,41.41,56.78,5,0,1.99,campaign traffic
2021-10-22,tax-service,prod,416633,16659,85.18,379,849,0.03,99.374,45.28,62.69,51.41,2,0,0.92,watch latency
2021-10-22,loyalty-service,prod,394469,14745,85.91,354,772,0.274,99.325,56.91,45.19,59.83,7,0,1.47,campaign traffic
2021-10-22,notification-service,prod,415000,14455,84.93,363,750,0.39,99.302,45.02,48.38,33.7,1,0,1.78,cache warmup
2021-10-22,auth-gateway,prod,387938,12405,86.71,311,621,0.474,99.285,48.61,59.0,47.24,0,0,1.88,database pressure
2021-10-22,analytics-pipeline,prod,419758,16647,86.58,450,961,0.299,99.32,46.05,46.19,52.58,5,0,1.75,cache warmup
2021-10-22,search-recommendations,prod,400310,15016,86.6,417,942,0.495,99.281,36.24,53.13,31.72,3,0,2.17,release week
2021-10-29,checkout-api,prod,718750,26204,85.08,356,727,0.268,99.326,39.59,44.34,48.61,1,0,1.46,database pressure
2021-10-29,cart-service,prod,751903,27453,86.29,360,721,0.592,99.262,50.14,44.0,48.35,5,0,2.28,campaign traffic
2021-10-29,payment-orchestrator,prod,697575,25860,86.27,349,655,0.02,99.376,30.49,59.12,29.36,4,0,0.83,release week
2021-10-29,order-ledger,prod,407089,15646,85.47,375,817,0.174,99.345,55.31,59.27,50.13,4,0,1.27,watch latency
2021-10-29,inventory-reservation,prod,409226,13399,84.37,312,661,0.462,99.288,41.09,48.43,38.28,7,0,1.85,normal baseline
2021-10-29,pricing-engine,prod,417885,16480,86.17,306,718,0.145,99.351,53.27,42.08,50.79,3,0,1.04,release week
2021-10-29,tax-service,prod,401854,14753,85.67,391,757,0.434,99.293,42.91,49.02,53.53,1,0,1.95,incident review
2021-10-29,loyalty-service,prod,398652,15395,87.22,305,650,0.276,99.325,38.73,48.06,33.17,7,0,1.37,incident review
2021-10-29,notification-service,prod,388487,13613,85.66,341,736,0.494,99.281,46.13,41.96,61.75,0,0,1.99,incident review
2021-10-29,auth-gateway,prod,407943,15253,84.8,311,715,0.154,99.349,36.89,54.48,33.65,7,0,1.08,incident review
2021-10-29,analytics-pipeline,prod,398487,15427,86.31,430,914,0.607,99.259,55.23,55.71,32.94,2,0,2.47,cache warmup
2021-10-29,search-recommendations,prod,387045,14569,84.35,400,795,0.382,99.304,44.05,52.14,52.11,2,0,1.84,cache warmup
2021-11-05,checkout-api,prod,1034517,36527,85.11,382,735,0.261,99.328,33.02,51.27,29.55,6,0,1.5,normal baseline
2021-11-05,cart-service,prod,1095993,40911,86.13,431,891,0.389,99.302,38.05,61.73,53.31,4,0,1.93,cache warmup
2021-11-05,payment-orchestrator,prod,1103996,40748,86.71,383,873,0.448,99.29,35.71,59.14,45.7,6,0,1.97,normal baseline
2021-11-05,order-ledger,prod,599253,22646,84.88,371,804,0.293,99.321,57.01,48.33,57.85,7,0,1.56,normal baseline
2021-11-05,inventory-reservation,prod,589501,20684,84.33,348,790,0.845,99.211,57.41,62.29,50.81,1,0,2.88,normal baseline
2021-11-05,pricing-engine,prod,595819,22928,85.85,382,726,0.04,99.372,50.33,40.8,32.71,3,0,0.95,watch latency
2021-11-05,tax-service,prod,615197,23335,85.48,386,815,0.317,99.317,36.05,41.46,32.07,0,0,1.65,watch latency
2021-11-05,loyalty-service,prod,616389,21005,84.43,391,757,0.448,99.29,30.75,51.06,55.19,3,0,1.99,database pressure
2021-11-05,notification-service,prod,594778,20982,86.72,372,752,0.557,99.269,42.82,50.99,64.75,7,0,2.22,incident review
2021-11-05,auth-gateway,prod,605665,21331,84.82,433,914,0.02,99.376,41.82,51.12,37.1,0,0,1.01,release week
2021-11-05,analytics-pipeline,prod,571719,20542,84.02,514,1047,0.467,99.287,42.55,55.97,47.39,5,0,2.31,release week
2021-11-05,search-recommendations,prod,571808,21144,86.95,474,1046,0.046,99.371,49.82,58.95,41.07,7,0,1.17,database pressure
2021-11-12,checkout-api,prod,1056909,38195,87.12,368,772,0.179,99.344,52.9,43.02,36.24,0,0,1.27,watch latency
2021-11-12,cart-service,prod,1016099,35850,83.87,383,761,0.47,99.286,56.88,57.26,30.61,0,0,2.03,watch latency
2021-11-12,payment-orchestrator,prod,1083494,38146,86.26,410,821,0.114,99.357,48.93,63.42,35.88,7,0,1.2,watch latency
2021-11-12,order-ledger,prod,610017,22200,85.26,363,777,0.346,98.861,31.55,43.03,33.58,4,1,1.67,campaign traffic
2021-11-12,inventory-reservation,prod,600736,21705,86.29,396,868,0.292,99.322,40.73,42.95,46.69,1,0,1.61,watch latency
2021-11-12,pricing-engine,prod,597563,21120,85.46,395,831,0.477,99.285,53.79,63.25,48.27,7,0,2.07,campaign traffic
2021-11-12,tax-service,prod,565633,19341,86.35,383,732,0.237,99.333,33.84,42.4,45.87,5,0,1.44,incident review
2021-11-12,loyalty-service,prod,608116,22369,85.98,425,921,0.263,99.327,43.88,60.13,41.95,7,0,1.6,normal baseline
2021-11-12,notification-service,prod,610697,22419,84.57,370,843,0.356,99.309,45.03,40.66,55.16,5,0,1.71,release week
2021-11-12,auth-gateway,prod,588353,22567,83.99,397,873,0.488,99.282,44.7,50.19,60.56,5,0,2.1,campaign traffic
2021-11-12,analytics-pipeline,prod,614121,21775,84.25,466,915,0.076,99.365,46.24,55.58,55.66,4,0,1.22,normal baseline
2021-11-12,search-recommendations,prod,617478,22269,86.71,479,1035,0.344,99.311,51.66,48.68,28.19,1,0,1.92,campaign traffic
2021-11-19,checkout-api,prod,1010106,34792,84.86,362,739,0.189,99.342,33.02,66.02,53.4,7,0,1.28,watch latency
2021-11-19,cart-service,prod,1085318,39624,86.25,355,738,0.893,99.201,46.93,66.44,40.66,1,0,3.02,campaign traffic
2021-11-19,payment-orchestrator,prod,1086164,38254,86.26,430,933,0.207,99.339,36.11,43.44,49.33,7,0,1.47,watch latency
2021-11-19,order-ledger,prod,563407,20818,85.15,347,681,0.155,99.349,53.4,49.79,61.97,5,0,1.16,normal baseline
2021-11-19,inventory-reservation,prod,567730,21990,86.84,363,851,0.454,99.289,34.49,65.39,52.8,1,0,1.94,cache warmup
2021-11-19,pricing-engine,prod,603698,20634,86.62,415,884,0.276,99.325,37.76,41.41,54.71,7,0,1.61,campaign traffic
2021-11-19,tax-service,prod,601175,20420,85.71,422,831,0.346,98.861,56.45,65.39,60.37,4,1,1.8,normal baseline
2021-11-19,loyalty-service,prod,612088,22754,85.26,411,915,0.34,99.312,34.12,42.64,47.98,4,0,1.76,watch latency
2021-11-19,notification-service,prod,604581,21158,86.94,355,665,0.139,99.352,41.0,46.88,63.79,7,0,1.14,release week
2021-11-19,auth-gateway,prod,613876,23421,84.25,415,861,0.259,99.328,40.01,56.69,44.22,3,0,1.57,release week
2021-11-19,analytics-pipeline,prod,561203,20140,84.58,422,816,0.207,99.339,37.38,65.47,64.13,5,0,1.45,campaign traffic
2021-11-19,search-recommendations,prod,572884,19564,83.94,487,1031,0.162,99.348,48.84,53.1,45.84,3,0,1.49,release week
2021-11-26,checkout-api,prod,1037566,36524,86.15,435,844,0.344,99.311,53.55,49.75,57.02,4,0,1.83,database pressure
2021-11-26,cart-service,prod,1031331,37481,86.6,417,797,0.599,99.26,37.55,54.6,31.49,0,0,2.42,release week
2021-11-26,payment-orchestrator,prod,1046839,37867,84.47,366,723,0.02,99.376,40.75,67.01,58.14,5,0,0.86,cache warmup
2021-11-26,order-ledger,prod,590384,21095,83.88,413,919,0.193,99.341,59.2,62.22,45.4,4,0,1.4,incident review
2021-11-26,inventory-reservation,prod,577548,19774,85.33,435,946,0.28,99.324,38.2,43.08,39.23,1,0,1.67,campaign traffic
2021-11-26,pricing-engine,prod,586194,19711,84.67,440,895,0.545,99.271,46.58,61.33,58.58,3,0,2.34,release week
2021-11-26,tax-service,prod,578267,19173,85.43,415,897,0.336,99.313,60.15,42.97,51.39,6,0,1.76,cache warmup
2021-11-26,loyalty-service,prod,618184,22236,86.78,423,827,0.164,99.347,52.19,58.22,55.94,2,0,1.35,release week
2021-11-26,notification-service,prod,598400,20120,84.96,358,712,0.289,99.322,46.12,49.39,45.37,2,0,1.52,normal baseline
2021-11-26,auth-gateway,prod,587941,21232,85.17,427,878,0.329,99.314,37.54,51.33,44.37,4,0,1.77,normal baseline
2021-11-26,analytics-pipeline,prod,576892,21554,84.62,499,970,0.359,99.308,55.7,48.58,37.54,0,0,2.01,campaign traffic
2021-11-26,search-recommendations,prod,610919,21610,83.8,484,1037,0.02,99.376,57.15,41.86,60.66,0,0,1.13,database pressure
2021-12-03,checkout-api,prod,1082594,39375,84.48,413,845,0.377,99.305,42.93,55.1,51.31,4,0,1.86,release week
2021-12-03,cart-service,prod,1097014,39743,84.53,348,725,0.426,99.295,48.42,42.35,32.88,5,0,1.84,incident review
2021-12-03,payment-orchestrator,prod,1017993,35471,85.1,415,900,0.489,99.282,38.59,54.75,33.67,1,0,2.14,normal baseline
2021-12-03,order-ledger,prod,603182,22366,83.94,418,785,0.02,99.376,50.15,61.53,51.75,0,0,0.98,cache warmup
2021-12-03,inventory-reservation,prod,563245,21574,84.35,401,819,0.346,99.311,37.26,45.91,27.74,6,0,1.76,incident review
2021-12-03,pricing-engine,prod,615559,21607,85.99,405,857,0.339,99.312,40.21,54.65,30.28,2,0,1.75,campaign traffic
2021-12-03,tax-service,prod,613409,21430,85.16,420,894,0.3,99.32,35.96,56.96,45.35,6,0,1.68,release week
2021-12-03,loyalty-service,prod,574920,22186,86.1,389,853,0.233,99.333,37.48,43.6,59.54,0,0,1.45,release week
2021-12-03,notification-service,prod,615327,23649,86.93,347,651,0.388,99.302,53.98,59.81,30.08,1,0,1.74,cache warmup
2021-12-03,auth-gateway,prod,569201,20276,86.58,353,821,0.308,99.318,35.33,46.16,37.7,3,0,1.56,normal baseline
2021-12-03,analytics-pipeline,prod,590534,22492,86.74,486,973,0.194,99.341,52.72,63.29,61.81,5,0,1.56,watch latency
2021-12-03,search-recommendations,prod,585186,21226,85.8,505,957,0.438,99.292,44.67,48.84,40.09,0,0,2.22,release week
2021-12-10,checkout-api,prod,1100490,38090,84.74,440,824,0.333,99.313,40.08,44.27,50.0,2,0,1.81,database pressure
2021-12-10,cart-service,prod,1046656,37741,84.31,404,861,0.128,99.354,39.54,67.84,35.94,4,0,1.22,incident review
2021-12-10,payment-orchestrator,prod,1021715,35834,86.13,367,754,0.257,99.329,42.09,66.93,38.31,6,0,1.46,incident review
2021-12-10,order-ledger,prod,614652,22556,84.83,367,847,0.099,99.36,54.55,52.12,41.05,0,0,1.06,normal baseline
2021-12-10,inventory-reservation,prod,567701,19437,85.54,413,934,0.217,99.337,62.42,60.14,54.02,3,0,1.46,watch latency
2021-12-10,pricing-engine,prod,603240,20760,87.14,367,814,0.346,99.311,53.46,53.66,47.94,4,0,1.68,release week
2021-12-10,tax-service,prod,600321,23208,85.42,412,808,0.099,99.36,51.09,65.1,37.93,4,0,1.16,release week
2021-12-10,loyalty-service,prod,597613,21020,86.19,394,822,0.238,99.332,54.09,50.69,45.24,4,0,1.47,watch latency
2021-12-10,notification-service,prod,608701,20573,83.99,414,886,0.552,99.27,60.15,67.39,31.16,0,0,2.3,normal baseline
2021-12-10,auth-gateway,prod,578602,21239,85.85,369,736,0.487,98.833,38.3,53.88,27.13,1,1,2.04,incident review
2021-12-10,analytics-pipeline,prod,599126,21507,86.34,483,1026,0.17,99.346,33.67,63.93,46.53,4,0,1.5,release week
2021-12-10,search-recommendations,prod,587160,20651,84.27,500,1047,0.373,99.305,38.33,58.89,49.64,6,0,2.04,incident review
2021-12-17,checkout-api,prod,1041593,37329,85.24,368,696,0.346,99.311,41.83,67.33,50.9,1,0,1.68,incident review
2021-12-17,cart-service,prod,1059704,39206,85.67,368,835,0.082,99.364,57.89,55.96,55.15,1,0,1.02,database pressure
2021-12-17,payment-orchestrator,prod,1087511,39806,86.8,421,812,0.184,99.343,48.93,46.41,32.28,5,0,1.39,database pressure
2021-12-17,order-ledger,prod,601423,20503,86.09,407,863,0.409,99.298,56.64,54.75,37.66,1,0,1.93,campaign traffic
2021-12-17,inventory-reservation,prod,572899,21460,84.4,401,840,0.424,99.295,56.79,61.13,49.08,1,0,1.95,campaign traffic
2021-12-17,pricing-engine,prod,583667,21710,86.92,404,827,0.546,99.271,42.32,64.02,27.82,5,0,2.26,watch latency
2021-12-17,tax-service,prod,564656,19282,85.23,355,815,0.226,99.335,45.26,60.33,28.08,6,0,1.35,release week
2021-12-17,loyalty-service,prod,613619,21830,85.52,402,858,0.698,99.24,39.84,67.77,42.11,4,0,2.64,campaign traffic
2021-12-17,notification-service,prod,607619,21388,84.41,418,889,0.278,99.324,36.05,46.21,35.94,5,0,1.62,campaign traffic
2021-12-17,auth-gateway,prod,579599,19448,84.88,350,697,0.135,99.353,61.94,46.39,60.77,3,0,1.11,watch latency
2021-12-17,analytics-pipeline,prod,618475,22407,84.01,556,1161,0.208,99.338,49.7,63.95,62.85,2,0,1.76,database pressure
2021-12-17,search-recommendations,prod,612999,23485,85.13,502,938,0.163,99.347,52.88,57.54,47.7,2,0,1.52,database pressure
2021-12-24,checkout-api,prod,1054646,37178,85.03,380,774,0.15,99.35,49.03,64.31,45.23,6,0,1.22,incident review
2021-12-24,cart-service,prod,1095965,40205,84.86,408,788,0.23,99.334,46.73,59.16,29.4,7,0,1.48,release week
2021-12-24,payment-orchestrator,prod,1106647,38391,86.87,417,932,0.304,99.319,50.81,50.49,56.41,2,0,1.69,cache warmup
2021-12-24,order-ledger,prod,572423,21181,85.71,413,854,0.21,99.338,59.54,57.6,27.69,6,0,1.44,watch latency
2021-12-24,inventory-reservation,prod,592510,21210,86.61,401,806,0.618,99.256,57.91,56.77,48.43,0,0,2.44,normal baseline
2021-12-24,pricing-engine,prod,563467,21874,86.04,375,733,0.335,99.313,54.01,51.75,40.35,0,0,1.67,cache warmup
2021-12-24,tax-service,prod,589442,22808,86.33,385,891,0.158,99.348,62.67,60.02,31.57,4,0,1.25,watch latency
2021-12-24,loyalty-service,prod,601235,22081,84.25,384,759,0.363,99.307,48.05,67.16,51.57,2,0,1.76,database pressure
2021-12-24,notification-service,prod,577420,22406,86.11,403,768,0.32,99.316,43.1,44.78,45.31,4,0,1.7,cache warmup
2021-12-24,auth-gateway,prod,574039,19524,86.86,415,813,0.227,99.335,59.26,67.82,44.59,7,0,1.49,database pressure
2021-12-24,analytics-pipeline,prod,596638,21159,84.75,530,1050,0.387,99.303,39.7,48.38,40.77,3,0,2.15,database pressure
2021-12-24,search-recommendations,prod,599867,20888,86.39,410,791,0.234,99.333,62.1,63.39,29.61,7,0,1.5,incident review
2021-12-31,checkout-api,prod,1109792,39184,86.22,392,745,0.642,99.252,58.13,53.57,64.72,0,0,2.48,release week
2021-12-31,cart-service,prod,1045751,37539,85.03,441,836,0.403,99.299,57.32,58.87,59.97,4,0,1.99,release week
2021-12-31,payment-orchestrator,prod,1071624,38251,86.22,423,943,0.02,99.376,45.14,55.01,53.42,7,0,0.99,normal baseline
2021-12-31,order-ledger,prod,579557,21342,86.88,404,816,0.395,99.301,55.59,53.93,31.97,3,0,1.89,campaign traffic
2021-12-31,inventory-reservation,prod,568749,19126,86.11,431,937,0.361,99.308,61.14,47.95,31.61,4,0,1.86,database pressure
2021-12-31,pricing-engine,prod,580900,21298,84.02,439,968,0.121,99.356,45.29,45.39,59.8,0,0,1.28,incident review
2021-12-31,tax-service,prod,575384,20557,84.21,397,902,0.291,99.322,53.5,64.48,53.26,0,0,1.61,release week
2021-12-31,loyalty-service,prod,606513,23171,84.56,352,809,0.522,99.276,47.61,55.81,50.46,6,0,2.09,normal baseline
2021-12-31,notification-service,prod,569184,19967,86.54,438,961,0.291,99.322,58.14,70.44,57.46,7,0,1.7,incident review
2021-12-31,auth-gateway,prod,586081,19478,84.76,428,930,0.169,99.346,47.51,46.56,42.37,3,0,1.37,normal baseline
2021-12-31,analytics-pipeline,prod,588589,20095,86.32,504,972,0.24,99.332,61.28,69.23,37.2,0,0,1.72,normal baseline
2021-12-31,search-recommendations,prod,562975,21414,86.85,452,888,0.22,99.336,58.62,67.65,52.53,1,0,1.55,database pressure
2022-01-07,checkout-api,prod,858915,31497,86.54,346,703,0.687,99.303,42.96,57.34,51.2,2,0,2.49,watch latency
2022-01-07,cart-service,prod,895640,33275,87.99,318,768,0.325,99.375,43.33,69.63,62.3,0,0,1.52,release week
2022-01-07,payment-orchestrator,prod,850876,31750,88.06,353,671,0.327,98.925,61.6,65.32,52.01,1,1,1.6,watch latency
2022-01-07,order-ledger,prod,471233,15820,86.24,305,651,0.053,99.429,47.66,69.1,38.3,3,0,0.81,campaign traffic
2022-01-07,inventory-reservation,prod,465473,15237,85.91,323,677,0.431,99.354,66.59,53.38,27.69,3,0,1.8,campaign traffic
2022-01-07,pricing-engine,prod,464138,15239,86.45,344,798,0.158,99.408,66.51,68.11,43.57,3,0,1.16,normal baseline
2022-01-07,tax-service,prod,462954,16337,86.19,347,685,0.615,99.317,60.44,70.7,40.23,1,0,2.31,database pressure
2022-01-07,loyalty-service,prod,469793,16925,86.04,273,675,0.209,99.398,46.18,54.76,56.22,2,0,1.13,release week
2022-01-07,notification-service,prod,465495,16031,86.41,357,832,0.336,99.373,43.11,67.16,52.59,7,0,1.63,release week
2022-01-07,auth-gateway,prod,478330,16896,86.09,326,784,0.411,99.358,46.89,71.34,39.01,4,0,1.75,watch latency
2022-01-07,analytics-pipeline,prod,478756,18233,87.63,461,1019,0.02,99.436,63.62,48.44,29.54,7,0,1.07,incident review
2022-01-07,search-recommendations,prod,496739,16539,86.34,457,882,0.235,99.393,65.01,58.35,50.53,5,0,1.6,release week
2022-01-14,checkout-api,prod,852829,31808,87.33,320,596,0.361,99.368,52.27,72.27,36.16,5,0,1.61,database pressure
2022-01-14,cart-service,prod,879665,30321,86.01,294,701,0.232,99.394,59.44,50.77,40.02,6,0,1.23,normal baseline
2022-01-14,payment-orchestrator,prod,891504,30470,86.13,298,562,0.579,99.324,40.32,57.43,63.32,2,0,2.11,incident review
2022-01-14,order-ledger,prod,462582,17818,87.9,358,723,0.435,99.353,49.32,61.5,39.48,1,0,1.88,release week
2022-01-14,inventory-reservation,prod,470959,16520,88.49,291,591,0.248,99.39,61.29,66.73,36.42,7,0,1.27,normal baseline
2022-01-14,pricing-engine,prod,472260,16941,85.89,357,694,0.02,99.436,41.57,55.88,42.7,2,0,0.84,release week
2022-01-14,tax-service,prod,464781,15482,86.63,283,585,0.36,99.368,45.63,57.11,56.97,7,0,1.53,database pressure
2022-01-14,loyalty-service,prod,477955,18859,87.94,319,729,0.362,99.368,58.49,47.27,54.75,3,0,1.61,release week
2022-01-14,notification-service,prod,486901,17442,88.48,322,702,0.351,99.37,43.94,53.88,47.29,5,0,1.59,cache warmup
2022-01-14,auth-gateway,prod,475498,16030,88.55,304,573,0.042,99.432,54.76,54.22,42.56,1,0,0.78,campaign traffic
2022-01-14,analytics-pipeline,prod,482326,17155,87.72,432,889,0.393,99.361,45.57,52.01,47.24,5,0,1.94,campaign traffic
2022-01-14,search-recommendations,prod,491136,18931,86.38,441,992,0.636,99.313,48.41,52.24,43.08,4,0,2.57,campaign traffic
2022-01-21,checkout-api,prod,902152,31184,88.62,327,621,0.421,99.356,62.72,71.66,45.25,2,0,1.78,incident review
2022-01-21,cart-service,prod,869070,29979,86.59,326,692,0.32,99.376,46.67,51.25,37.93,7,0,1.52,normal baseline
2022-01-21,payment-orchestrator,prod,877426,31010,86.51,310,758,0.346,99.371,47.12,69.91,46.31,1,0,1.55,release week
2022-01-21,order-ledger,prod,473383,15475,88.13,311,745,0.332,98.924,45.43,53.74,41.17,1,1,1.52,cache warmup
2022-01-21,inventory-reservation,prod,480507,17942,87.46,310,735,0.484,99.343,64.04,60.21,44.86,4,0,1.9,database pressure
2022-01-21,pricing-engine,prod,493226,19179,87.0,326,699,0.17,99.406,54.18,64.96,62.8,0,0,1.15,release week
2022-01-21,tax-service,prod,469493,18342,87.11,361,815,0.268,99.386,63.77,56.66,42.7,1,0,1.47,cache warmup
2022-01-21,loyalty-service,prod,489397,17854,86.72,318,723,0.32,99.376,46.1,73.06,44.28,0,0,1.51,cache warmup
2022-01-21,notification-service,prod,490018,18176,86.14,363,771,0.02,99.436,42.06,49.87,58.04,7,0,0.86,campaign traffic
2022-01-21,auth-gateway,prod,487258,18158,88.81,355,756,0.234,99.393,46.0,47.14,58.69,0,0,1.38,cache warmup
2022-01-21,analytics-pipeline,prod,485257,17469,86.39,361,759,0.196,99.401,45.65,66.34,64.85,6,0,1.29,release week
2022-01-21,search-recommendations,prod,468485,16381,88.7,419,857,0.02,99.436,61.45,62.34,52.71,5,0,0.98,database pressure
2022-01-28,checkout-api,prod,849414,32039,87.53,304,637,0.303,99.379,64.87,53.19,64.35,2,0,1.43,cache warmup
2022-01-28,cart-service,prod,850813,30606,86.92,339,753,0.37,99.366,60.5,71.54,60.61,0,0,1.68,release week
2022-01-28,payment-orchestrator,prod,841345,31728,88.5,292,685,0.214,99.397,69.52,57.26,60.5,4,0,1.18,incident review
2022-01-28,order-ledger,prod,472558,15855,88.71,326,736,0.229,99.394,64.04,70.57,37.53,0,0,1.3,campaign traffic
2022-01-28,inventory-reservation,prod,487279,18580,88.27,343,723,0.285,99.383,67.25,59.0,64.85,3,0,1.47,watch latency
2022-01-28,pricing-engine,prod,501418,16862,87.47,352,673,0.742,99.292,51.94,68.63,62.91,7,0,2.64,watch latency
2022-01-28,tax-service,prod,481965,16300,87.36,336,775,0.148,99.41,49.41,55.74,32.67,2,0,1.12,incident review
2022-01-28,loyalty-service,prod,475736,16249,85.74,359,789,0.02,99.436,47.55,73.17,54.44,1,0,0.85,release week
2022-01-28,notification-service,prod,481395,16317,86.49,326,785,0.273,99.385,46.79,71.04,40.28,1,0,1.41,release week
2022-01-28,auth-gateway,prod,489257,16537,87.69,340,747,0.08,99.424,45.66,49.91,48.45,0,0,0.95,normal baseline
2022-01-28,analytics-pipeline,prod,467534,16008,86.52,351,754,0.134,99.413,50.8,53.21,29.09,4,0,1.11,watch latency
2022-01-28,search-recommendations,prod,485842,17708,86.61,431,950,0.337,99.373,60.65,72.51,44.81,5,0,1.8,watch latency
2022-02-04,checkout-api,prod,853335,31949,87.58,365,837,0.02,99.436,69.74,58.84,37.7,3,0,0.86,campaign traffic
2022-02-04,cart-service,prod,873271,31934,87.46,291,696,0.593,99.321,56.72,71.58,35.56,6,0,2.13,campaign traffic
2022-02-04,payment-orchestrator,prod,855392,30833,87.51,362,779,0.169,99.406,44.33,54.83,58.12,0,0,1.23,campaign traffic
2022-02-04,order-ledger,prod,481274,18057,87.94,367,859,0.293,99.381,67.86,52.87,27.71,2,0,1.55,database pressure
2022-02-04,inventory-reservation,prod,474489,17818,85.94,340,709,0.093,99.421,45.63,67.81,28.39,6,0,0.99,normal baseline
2022-02-04,pricing-engine,prod,477079,18644,88.73,351,783,0.289,99.382,45.62,53.48,61.68,6,0,1.5,watch latency
2022-02-04,tax-service,prod,467726,17908,87.04,308,717,0.362,99.368,59.21,67.05,30.08,5,0,1.59,incident review
2022-02-04,loyalty-service,prod,470776,18591,88.22,276,539,0.377,99.365,43.93,73.53,36.53,4,0,1.56,incident review
2022-02-04,notification-service,prod,471203,16683,87.01,348,753,0.418,99.356,69.15,69.73,50.03,5,0,1.82,normal baseline
2022-02-04,auth-gateway,prod,462995,17060,86.85,368,787,0.201,99.4,54.15,69.18,58.03,4,0,1.32,watch latency
2022-02-04,analytics-pipeline,prod,485962,16767,85.5,434,885,0.359,99.368,61.74,64.0,55.47,7,0,1.86,campaign traffic
2022-02-04,search-recommendations,prod,466385,17675,87.8,379,767,0.226,99.395,66.24,49.44,61.4,6,0,1.41,watch latency
2022-02-11,checkout-api,prod,879071,31224,86.81,294,569,0.263,99.387,42.8,50.31,31.49,7,0,1.31,normal baseline
2022-02-11,cart-service,prod,839539,29704,87.04,312,616,0.416,99.357,61.94,70.23,49.13,7,0,1.73,release week
2022-02-11,payment-orchestrator,prod,888125,32812,86.37,330,640,0.506,99.339,55.9,56.67,48.04,0,0,2.0,cache warmup
2022-02-11,order-ledger,prod,469928,15405,87.63,294,650,0.396,99.361,69.37,73.69,50.25,5,0,1.64,normal baseline
2022-02-11,inventory-reservation,prod,482723,16658,86.96,354,734,0.196,99.401,65.12,50.0,60.68,3,0,1.28,incident review
2022-02-11,pricing-engine,prod,491577,18764,86.41,359,720,0.341,99.372,54.12,51.27,58.06,2,0,1.65,normal baseline
2022-02-11,tax-service,prod,492416,16557,87.61,298,592,0.3,99.38,41.35,67.62,63.06,6,0,1.41,campaign traffic
2022-02-11,loyalty-service,prod,498575,19437,86.31,336,668,0.211,99.398,51.94,63.96,43.96,5,0,1.28,incident review
2022-02-11,notification-service,prod,468479,18382,87.05,324,689,0.44,99.352,70.78,51.31,57.22,6,0,1.82,database pressure
2022-02-11,auth-gateway,prod,500267,18836,85.99,365,786,0.55,99.33,50.17,72.51,35.67,4,0,2.19,database pressure
2022-02-11,analytics-pipeline,prod,479963,18107,87.62,472,902,0.02,99.436,55.79,65.96,63.06,0,0,1.1,release week
2022-02-11,search-recommendations,prod,473161,15865,86.12,437,824,0.328,99.374,55.02,54.09,62.57,3,0,1.79,watch latency
2022-02-18,checkout-api,prod,899780,32994,88.65,279,619,0.272,99.386,50.63,53.16,58.38,6,0,1.3,database pressure
2022-02-18,cart-service,prod,880797,32711,87.29,307,634,0.357,99.369,66.84,56.46,31.31,1,0,1.57,release week
2022-02-18,payment-orchestrator,prod,831859,31029,86.46,289,625,0.394,99.361,50.08,63.04,41.94,2,0,1.63,normal baseline
2022-02-18,order-ledger,prod,475611,16091,87.89,321,763,0.386,99.363,67.15,56.7,61.23,3,0,1.68,watch latency
2022-02-18,inventory-reservation,prod,464565,17350,88.6,338,644,0.142,99.412,70.17,67.31,51.98,6,0,1.11,watch latency
2022-02-18,pricing-engine,prod,482483,18068,85.81,338,767,0.171,99.406,70.53,65.4,40.71,3,0,1.18,normal baseline
2022-02-18,tax-service,prod,476931,17190,88.34,315,734,0.212,99.398,67.99,51.91,33.41,5,0,1.23,normal baseline
2022-02-18,loyalty-service,prod,489732,18959,86.97,342,810,0.29,99.382,48.49,73.52,32.78,4,0,1.48,incident review
2022-02-18,notification-service,prod,468098,16835,88.66,363,716,0.268,99.386,46.76,53.81,35.36,7,0,1.48,release week
2022-02-18,auth-gateway,prod,485395,18995,85.8,330,775,0.254,99.389,56.84,52.57,31.11,0,0,1.37,release week
2022-02-18,analytics-pipeline,prod,474364,18600,86.79,417,897,0.304,99.379,62.22,57.78,44.39,0,0,1.69,cache warmup
2022-02-18,search-recommendations,prod,500067,17347,86.96,424,908,0.02,99.436,45.44,62.05,47.96,4,0,0.99,release week
2022-02-25,checkout-api,prod,856054,29403,88.03,299,734,0.254,99.389,55.34,69.91,40.34,2,0,1.3,campaign traffic
2022-02-25,cart-service,prod,900034,33634,88.77,344,665,0.192,99.402,62.21,58.97,37.17,7,0,1.24,watch latency
2022-02-25,payment-orchestrator,prod,843651,31663,87.56,288,620,0.25,99.39,69.58,58.82,56.4,6,0,1.26,database pressure
2022-02-25,order-ledger,prod,479333,16097,86.22,343,805,0.597,99.321,47.97,62.12,55.45,3,0,2.25,normal baseline
2022-02-25,inventory-reservation,prod,486216,16777,87.57,351,770,0.186,99.403,59.62,70.21,59.3,6,0,1.24,campaign traffic
2022-02-25,pricing-engine,prod,462189,17913,87.76,329,636,0.045,99.431,52.02,65.42,29.89,1,0,0.84,campaign traffic
2022-02-25,tax-service,prod,462439,17330,87.42,299,699,0.104,98.969,51.88,67.26,52.23,6,1,0.93,cache warmup
2022-02-25,loyalty-service,prod,483311,18842,87.41,274,571,0.188,99.402,50.18,69.67,48.86,7,0,1.08,cache warmup
2022-02-25,notification-service,prod,462855,17380,87.87,323,646,0.32,99.376,65.12,52.55,29.88,5,0,1.52,campaign traffic
2022-02-25,auth-gateway,prod,473690,15760,87.04,360,744,0.277,99.385,51.2,69.44,49.73,3,0,1.49,cache warmup
2022-02-25,analytics-pipeline,prod,499337,19095,87.42,370,824,0.239,99.392,60.27,57.32,55.88,5,0,1.42,cache warmup
2022-02-25,search-recommendations,prod,484252,16614,85.87,430,813,0.566,99.327,50.24,57.13,46.93,3,0,2.37,release week
2022-03-04,checkout-api,prod,893386,31973,85.69,322,747,0.458,99.348,63.34,69.31,53.43,4,0,1.86,normal baseline
2022-03-04,cart-service,prod,899467,33093,86.64,285,709,0.193,99.401,68.84,75.78,35.24,5,0,1.11,incident review
2022-03-04,payment-orchestrator,prod,840690,29305,85.87,312,735,0.19,99.402,50.03,56.66,43.38,2,0,1.17,cache warmup
2022-03-04,order-ledger,prod,466735,16540,85.84,345,776,0.086,99.423,64.86,67.18,29.67,2,0,0.98,incident review
2022-03-04,inventory-reservation,prod,467166,15933,87.49,283,534,0.058,99.428,68.44,65.39,46.64,0,0,0.77,campaign traffic
2022-03-04,pricing-engine,prod,463859,17283,87.76,305,743,0.189,99.402,63.76,72.86,46.26,1,0,1.15,database pressure
2022-03-04,tax-service,prod,468873,16271,86.73,322,714,0.075,99.425,52.65,69.91,56.31,3,0,0.9,campaign traffic
2022-03-04,loyalty-service,prod,480888,16195,87.0,344,647,0.407,99.359,72.67,75.18,61.86,0,0,1.78,campaign traffic
2022-03-04,notification-service,prod,501569,17236,86.22,361,829,0.47,99.346,53.3,61.39,52.91,0,0,1.98,cache warmup
2022-03-04,auth-gateway,prod,476206,17653,88.79,339,761,0.202,99.4,50.97,64.82,64.07,6,0,1.26,campaign traffic
2022-03-04,analytics-pipeline,prod,474411,17469,87.19,356,712,0.715,99.297,49.54,55.04,62.56,3,0,2.58,watch latency
2022-03-04,search-recommendations,prod,489010,16153,88.02,411,896,0.408,99.358,66.31,67.59,50.96,2,0,1.93,normal baseline
2022-03-11,checkout-api,prod,870811,31223,88.63,276,607,0.295,99.381,62.71,71.23,35.15,6,0,1.35,cache warmup
2022-03-11,cart-service,prod,848336,31315,86.96,326,682,0.479,99.344,54.46,57.58,42.22,3,0,1.92,database pressure
2022-03-11,payment-orchestrator,prod,896655,32903,85.99,349,795,0.215,99.397,44.25,52.78,45.68,7,0,1.31,campaign traffic
2022-03-11,order-ledger,prod,479842,17187,88.97,311,635,0.183,99.403,59.72,61.03,59.67,4,0,1.15,database pressure
2022-03-11,inventory-reservation,prod,477595,17601,86.19,324,756,0.12,99.416,64.13,51.69,37.2,1,0,1.02,campaign traffic
2022-03-11,pricing-engine,prod,472521,18475,88.3,343,755,0.391,99.362,54.58,67.51,34.49,5,0,1.74,watch latency
2022-03-11,tax-service,prod,486902,16753,88.58,292,715,0.437,99.353,51.91,67.58,55.08,5,0,1.74,release week
2022-03-11,loyalty-service,prod,479902,16696,87.86,354,822,0.469,99.346,73.31,73.27,63.78,3,0,1.96,cache warmup
2022-03-11,notification-service,prod,465492,15325,86.13,339,771,0.238,99.392,65.27,53.64,54.78,2,0,1.35,campaign traffic
2022-03-11,auth-gateway,prod,471418,16334,88.89,333,699,0.357,99.369,67.24,53.46,55.9,7,0,1.63,database pressure
2022-03-11,analytics-pipeline,prod,470994,16756,86.1,394,812,0.411,99.358,66.57,63.19,44.83,7,0,1.9,campaign traffic
2022-03-11,search-recommendations,prod,483954,18388,88.44,387,740,0.409,99.358,44.16,70.99,29.81,4,0,1.88,watch latency
2022-03-18,checkout-api,prod,881170,30906,88.11,355,818,0.323,99.375,46.02,61.93,58.47,5,0,1.6,normal baseline
2022-03-18,cart-service,prod,858461,31723,87.99,295,675,0.071,99.426,71.43,52.67,47.91,0,0,0.83,campaign traffic
2022-03-18,payment-orchestrator,prod,848053,29537,86.39,303,723,0.287,98.933,47.93,61.32,38.64,7,1,1.39,incident review
2022-03-18,order-ledger,prod,462945,16149,86.64,345,797,0.398,99.36,56.72,56.94,27.47,2,0,1.76,watch latency
2022-03-18,inventory-reservation,prod,493269,18424,86.08,333,729,0.02,99.436,54.4,55.3,31.31,3,0,0.79,watch latency
2022-03-18,pricing-engine,prod,494364,18718,88.45,362,849,0.337,99.373,50.05,60.75,39.2,7,0,1.65,incident review
2022-03-18,tax-service,prod,474958,16093,87.22,290,669,0.311,99.378,64.73,54.23,55.87,1,0,1.42,database pressure
2022-03-18,loyalty-service,prod,480191,16908,87.94,297,718,0.135,99.413,60.95,52.21,54.23,0,0,1.0,release week
2022-03-18,notification-service,prod,490451,19048,88.44,364,727,0.183,99.403,64.75,60.97,29.31,7,0,1.27,database pressure
2022-03-18,auth-gateway,prod,465803,17742,88.36,292,553,0.409,99.358,43.85,62.92,42.21,6,0,1.67,campaign traffic
2022-03-18,analytics-pipeline,prod,495739,16991,87.46,371,712,0.058,99.428,43.98,63.95,46.2,7,0,0.97,watch latency
2022-03-18,search-recommendations,prod,471129,18276,85.76,394,850,0.119,99.416,53.9,52.96,45.42,3,0,1.17,campaign traffic
2022-03-25,checkout-api,prod,876720,29822,88.66,282,584,0.328,99.374,57.75,67.32,54.62,6,0,1.45,watch latency
2022-03-25,cart-service,prod,895894,32700,87.3,363,800,0.418,99.356,67.55,75.88,52.13,1,0,1.85,release week
2022-03-25,payment-orchestrator,prod,902260,33793,86.91,280,588,0.528,99.334,61.87,69.56,34.79,4,0,1.94,watch latency
2022-03-25,order-ledger,prod,488463,16321,85.97,295,610,0.197,99.401,46.89,60.33,57.26,4,0,1.15,campaign traffic
2022-03-25,inventory-reservation,prod,467500,17286,87.74,297,645,0.02,98.986,53.79,73.15,59.84,1,1,0.71,cache warmup
2022-03-25,pricing-engine,prod,496962,17546,89.01,294,652,0.266,99.387,72.85,59.31,56.13,1,0,1.32,watch latency
2022-03-25,tax-service,prod,496673,19208,88.86,329,790,0.13,99.414,65.21,66.57,47.33,0,0,1.06,normal baseline
2022-03-25,loyalty-service,prod,497825,18201,87.92,343,787,0.469,99.346,58.95,76.01,53.9,2,0,1.93,release week
2022-03-25,notification-service,prod,487652,18735,87.64,277,697,0.441,99.352,72.65,69.31,58.18,6,0,1.72,database pressure
2022-03-25,auth-gateway,prod,466492,15320,85.65,350,712,0.383,99.363,68.63,67.17,54.05,4,0,1.73,database pressure
2022-03-25,analytics-pipeline,prod,465879,16047,85.73,374,750,0.618,99.316,49.63,69.9,52.65,4,0,2.38,database pressure
2022-03-25,search-recommendations,prod,482878,16166,86.95,377,841,0.405,98.909,66.73,54.35,32.18,6,1,1.85,release week
2022-04-01,checkout-api,prod,844075,28869,88.58,334,723,0.325,99.375,53.09,58.87,51.21,6,0,1.56,watch latency
2022-04-01,cart-service,prod,854611,32219,86.99,301,665,0.133,99.413,45.41,74.81,58.36,1,0,1.0,release week
2022-04-01,payment-orchestrator,prod,858790,31302,88.14,344,770,0.219,99.396,51.0,61.6,58.85,4,0,1.31,normal baseline
2022-04-01,order-ledger,prod,485156,17833,86.58,292,632,0.375,99.365,64.65,75.92,47.25,7,0,1.59,campaign traffic
2022-04-01,inventory-reservation,prod,493959,16866,86.66,320,623,0.165,99.407,51.53,68.63,44.25,6,0,1.12,cache warmup
2022-04-01,pricing-engine,prod,493731,19086,86.3,357,799,0.075,99.425,49.22,71.13,36.51,1,0,0.98,release week
2022-04-01,tax-service,prod,485506,16100,87.25,337,787,0.175,99.405,54.76,71.52,39.41,6,0,1.19,incident review
2022-04-01,loyalty-service,prod,466021,15467,88.51,300,723,0.302,99.38,67.2,54.84,44.98,0,0,1.42,watch latency
2022-04-01,notification-service,prod,485419,18399,87.9,284,546,0.41,99.358,71.93,61.76,29.76,4,0,1.66,incident review
2022-04-01,auth-gateway,prod,478039,16347,86.17,330,648,0.69,99.302,55.96,72.35,30.93,7,0,2.46,database pressure
2022-04-01,analytics-pipeline,prod,492705,17581,87.06,421,878,0.395,99.361,65.1,58.59,37.77,0,0,1.92,release week
2022-04-01,search-recommendations,prod,465588,18010,85.88,409,791,0.09,99.422,50.91,69.18,61.42,4,0,1.13,watch latency
2022-04-08,checkout-api,prod,842891,30843,86.28,275,621,0.397,99.361,57.81,56.76,30.35,4,0,1.6,normal baseline
2022-04-08,cart-service,prod,895752,32536,87.4,363,764,0.02,99.436,63.2,70.7,37.07,0,0,0.86,database pressure
2022-04-08,payment-orchestrator,prod,850318,28972,87.87,348,755,0.143,99.411,44.41,58.17,61.97,0,0,1.13,release week
2022-04-08,order-ledger,prod,491004,17209,86.75,365,704,0.419,99.356,57.07,74.9,56.19,3,0,1.86,incident review
2022-04-08,inventory-reservation,prod,500914,19629,86.34,275,572,0.341,99.372,61.09,73.78,42.2,7,0,1.46,database pressure
2022-04-08,pricing-engine,prod,488954,17198,86.34,286,568,0.11,99.418,71.59,62.31,34.37,5,0,0.91,release week
2022-04-08,tax-service,prod,477649,16294,87.41,364,855,0.427,99.355,45.45,57.3,42.89,2,0,1.88,database pressure
2022-04-08,loyalty-service,prod,495372,17874,86.07,347,695,0.176,99.405,69.9,61.18,49.73,2,0,1.21,incident review
2022-04-08,notification-service,prod,499990,17195,86.18,367,729,0.43,99.354,62.01,71.07,58.16,5,0,1.89,cache warmup
2022-04-08,auth-gateway,prod,486276,18940,87.18,307,620,0.265,99.387,68.96,59.96,42.12,0,0,1.34,cache warmup
2022-04-08,analytics-pipeline,prod,486340,19139,86.44,428,807,0.043,99.431,46.5,68.79,34.15,2,0,1.06,normal baseline
2022-04-08,search-recommendations,prod,490459,16682,88.2,421,940,0.04,99.432,45.78,60.84,31.99,4,0,1.04,campaign traffic
2022-04-15,checkout-api,prod,878826,32449,88.03,274,594,0.354,99.369,49.98,61.53,62.53,6,0,1.49,database pressure
2022-04-15,cart-service,prod,878115,32992,87.85,322,721,0.388,99.362,56.12,59.25,31.69,0,0,1.69,release week
2022-04-15,payment-orchestrator,prod,870966,32148,85.8,360,784,0.02,99.436,54.91,72.8,33.35,6,0,0.85,campaign traffic
2022-04-15,order-ledger,prod,486973,17716,88.13,331,767,0.321,99.376,69.48,73.6,31.09,0,0,1.54,database pressure
2022-04-15,inventory-reservation,prod,471261,17044,86.86,361,820,0.265,98.937,55.23,62.37,31.08,1,1,1.47,database pressure
2022-04-15,pricing-engine,prod,487906,19038,88.08,316,767,0.362,99.368,72.91,56.53,34.03,0,0,1.61,campaign traffic
2022-04-15,tax-service,prod,496760,16892,87.42,355,832,0.16,99.408,72.55,64.65,59.73,1,0,1.19,database pressure
2022-04-15,loyalty-service,prod,494381,19349,88.91,333,682,0.461,99.348,73.24,63.23,40.7,1,0,1.89,release week
2022-04-15,notification-service,prod,492827,17189,88.9,288,584,0.204,99.399,69.79,56.35,58.78,3,0,1.15,incident review
2022-04-15,auth-gateway,prod,473839,16602,85.81,285,713,0.02,99.436,55.48,65.97,57.92,2,0,0.68,normal baseline
2022-04-15,analytics-pipeline,prod,466843,15610,86.84,407,909,0.362,99.368,67.21,64.5,46.95,6,0,1.81,cache warmup
2022-04-15,search-recommendations,prod,490782,16111,88.55,390,789,0.318,99.376,69.67,65.4,44.34,6,0,1.66,cache warmup
2022-04-22,checkout-api,prod,876517,30665,86.6,324,781,0.241,99.392,49.2,62.84,55.52,2,0,1.32,normal baseline
2022-04-22,cart-service,prod,869893,30250,87.35,334,756,0.332,99.374,47.81,59.15,46.48,3,0,1.57,incident review
2022-04-22,payment-orchestrator,prod,855894,31245,86.63,334,733,0.426,99.355,57.29,75.17,38.04,4,0,1.81,cache warmup
2022-04-22,order-ledger,prod,489148,17973,87.13,292,642,0.284,99.383,70.98,60.03,58.08,2,0,1.36,watch latency
2022-04-22,inventory-reservation,prod,474529,15574,88.8,348,697,0.02,99.436,68.89,72.94,28.65,2,0,0.82,incident review
2022-04-22,pricing-engine,prod,463355,16970,87.14,307,607,0.119,99.416,72.55,53.81,29.28,7,0,0.98,campaign traffic
2022-04-22,tax-service,prod,489817,17141,85.92,355,783,0.457,99.349,54.99,75.69,43.59,2,0,1.93,campaign traffic
2022-04-22,loyalty-service,prod,496434,18621,88.34,340,729,0.459,99.348,65.42,71.35,48.18,3,0,1.9,campaign traffic
2022-04-22,notification-service,prod,485754,17834,86.94,321,702,0.407,99.359,45.31,55.94,55.81,6,0,1.73,release week
2022-04-22,auth-gateway,prod,490136,17033,87.68,286,679,0.142,99.412,56.87,60.31,52.67,0,0,0.99,cache warmup
2022-04-22,analytics-pipeline,prod,495973,18522,85.9,481,910,0.561,99.328,64.06,55.17,33.44,4,0,2.47,release week
2022-04-22,search-recommendations,prod,490531,18936,88.19,412,913,0.303,99.379,69.75,68.03,45.57,4,0,1.67,database pressure
2022-04-29,checkout-api,prod,885628,32833,88.69,347,713,0.252,99.39,56.52,75.51,55.6,1,0,1.4,campaign traffic
2022-04-29,cart-service,prod,837921,30554,86.3,343,702,0.198,99.4,47.43,74.04,32.93,7,0,1.26,campaign traffic
2022-04-29,payment-orchestrator,prod,881226,32568,88.93,274,626,0.26,99.388,49.4,67.02,35.85,3,0,1.26,incident review
2022-04-29,order-ledger,prod,484736,18988,86.44,319,608,0.061,99.428,67.47,67.84,62.83,3,0,0.86,cache warmup
2022-04-29,inventory-reservation,prod,463717,16254,86.25,283,705,0.27,99.386,47.39,53.2,29.81,6,0,1.3,database pressure
2022-04-29,pricing-engine,prod,485541,18323,86.43,339,724,0.338,99.372,61.21,52.44,42.2,7,0,1.6,release week
2022-04-29,tax-service,prod,466259,17721,86.15,323,745,0.639,99.312,71.55,59.22,47.94,4,0,2.32,database pressure
2022-04-29,loyalty-service,prod,470850,18355,88.05,326,759,0.497,99.341,64.96,60.13,64.0,5,0,1.97,incident review
2022-04-29,notification-service,prod,486362,15903,85.83,278,676,0.401,99.36,49.28,60.99,38.05,6,0,1.62,release week
2022-04-29,auth-gateway,prod,473495,15969,85.76,355,703,0.246,99.391,44.19,54.36,31.53,4,0,1.4,database pressure
2022-04-29,analytics-pipeline,prod,501813,18948,86.28,350,760,0.304,99.379,72.53,55.74,35.38,2,0,1.54,release week
2022-04-29,search-recommendations,prod,498612,16500,86.38,347,678,0.339,99.372,59.92,64.51,56.63,5,0,1.62,release week
2022-05-06,checkout-api,prod,854809,32147,88.48,333,721,0.235,99.393,65.0,73.81,58.46,2,0,1.33,watch latency
2022-05-06,cart-service,prod,902235,32842,86.9,321,699,0.302,99.38,45.15,61.12,29.72,2,0,1.47,watch latency
2022-05-06,payment-orchestrator,prod,870577,30165,87.57,307,734,0.246,99.391,66.79,55.08,33.29,1,0,1.3,incident review
2022-05-06,order-ledger,prod,491408,16439,85.86,285,625,0.253,99.389,70.9,57.68,64.75,3,0,1.26,release week
2022-05-06,inventory-reservation,prod,493407,18027,86.71,281,698,0.346,99.371,46.83,71.99,58.29,6,0,1.49,incident review
2022-05-06,pricing-engine,prod,491615,16316,88.48,297,644,0.379,99.364,63.41,61.81,50.98,4,0,1.61,release week
2022-05-06,tax-service,prod,493012,17416,86.83,284,562,0.175,99.405,58.9,67.44,56.35,0,0,1.07,campaign traffic
2022-05-06,loyalty-service,prod,489367,17587,86.39,315,679,0.414,99.357,65.47,56.33,51.3,3,0,1.74,cache warmup
2022-05-06,notification-service,prod,470094,16457,85.95,302,725,0.341,99.372,66.96,51.18,29.13,0,0,1.52,incident review
2022-05-06,auth-gateway,prod,482146,18184,85.85,281,690,0.17,99.406,49.6,54.79,31.25,6,0,1.05,normal baseline
2022-05-06,analytics-pipeline,prod,482397,18287,85.78,458,964,0.089,99.422,70.43,53.62,39.75,4,0,1.24,release week
2022-05-06,search-recommendations,prod,474515,16920,88.73,373,861,0.585,99.323,49.02,67.57,30.87,3,0,2.29,release week
2022-05-13,checkout-api,prod,853500,29043,87.04,328,727,0.085,99.423,51.33,70.24,53.52,2,0,0.94,incident review
2022-05-13,cart-service,prod,865038,29820,87.65,303,732,0.103,99.419,66.28,53.72,48.15,6,0,0.93,incident review
2022-05-13,payment-orchestrator,prod,897670,33006,87.99,325,766,0.02,99.436,70.54,73.96,29.63,5,0,0.77,database pressure
2022-05-13,order-ledger,prod,490651,16978,88.34,312,740,0.482,99.344,69.04,70.43,27.61,6,0,1.9,database pressure
2022-05-13,inventory-reservation,prod,496163,16925,87.76,354,788,0.373,99.365,67.34,70.64,49.76,2,0,1.72,campaign traffic
2022-05-13,pricing-engine,prod,463824,16085,87.73,344,809,0.401,99.36,64.11,52.94,53.82,5,0,1.77,watch latency
2022-05-13,tax-service,prod,476209,17820,87.79,342,653,0.355,98.919,56.41,53.91,64.11,3,1,1.65,campaign traffic
2022-05-13,loyalty-service,prod,489243,16585,87.04,347,701,0.305,99.379,49.05,57.11,37.9,3,0,1.53,database pressure
2022-05-13,notification-service,prod,479606,16067,86.05,283,595,0.501,99.34,48.12,70.51,37.96,1,0,1.88,campaign traffic
2022-05-13,auth-gateway,prod,463780,15339,85.98,343,776,0.414,99.357,45.53,51.12,38.05,5,0,1.8,cache warmup
2022-05-13,analytics-pipeline,prod,492922,16465,87.51,423,831,0.365,99.367,65.25,62.59,32.25,6,0,1.85,watch latency
2022-05-13,search-recommendations,prod,479828,17958,87.41,417,858,0.315,98.927,43.31,58.3,62.54,1,1,1.71,campaign traffic
2022-05-20,checkout-api,prod,844682,29493,88.36,330,761,0.261,99.388,46.55,52.46,31.89,5,0,1.39,campaign traffic
2022-05-20,cart-service,prod,868320,32423,88.87,328,669,0.373,99.365,44.71,71.21,37.54,4,0,1.66,campaign traffic
2022-05-20,payment-orchestrator,prod,879253,31498,87.6,303,640,0.108,99.418,55.17,54.28,64.73,4,0,0.94,cache warmup
2022-05-20,order-ledger,prod,468663,16548,88.81,326,722,0.372,99.366,47.8,53.95,46.55,6,0,1.65,cache warmup
2022-05-20,inventory-reservation,prod,474975,15716,88.18,326,689,0.501,99.34,54.4,55.5,32.28,0,0,1.98,incident review
2022-05-20,pricing-engine,prod,494493,19028,87.3,367,770,0.09,99.422,58.71,56.01,52.39,3,0,1.04,incident review
2022-05-20,tax-service,prod,463763,18122,85.73,302,614,0.283,99.383,68.31,58.76,63.67,5,0,1.38,watch latency
2022-05-20,loyalty-service,prod,476642,17810,86.3,283,669,0.378,99.364,46.46,70.19,44.89,5,0,1.57,incident review
2022-05-20,notification-service,prod,499897,19365,86.04,352,726,0.129,99.414,61.63,54.5,51.64,6,0,1.1,normal baseline
2022-05-20,auth-gateway,prod,465534,15772,87.09,322,704,0.361,99.368,69.98,70.22,30.23,3,0,1.62,database pressure
2022-05-20,analytics-pipeline,prod,472651,16126,86.04,407,812,0.418,99.356,64.1,55.71,37.64,5,0,1.95,database pressure
2022-05-20,search-recommendations,prod,493387,18606,87.62,406,837,0.111,99.418,64.24,62.59,61.97,0,0,1.18,cache warmup
2022-05-27,checkout-api,prod,841707,30756,86.4,335,774,0.312,99.378,63.71,70.6,47.73,1,0,1.53,campaign traffic
2022-05-27,cart-service,prod,840340,31597,85.87,324,657,0.282,99.384,67.01,50.97,30.62,3,0,1.42,watch latency
2022-05-27,payment-orchestrator,prod,894900,33381,86.18,303,638,0.648,98.86,54.84,53.59,41.57,3,1,2.29,normal baseline
2022-05-27,order-ledger,prod,491598,18092,87.79,284,589,0.219,99.396,49.44,70.55,53.65,0,0,1.18,normal baseline
2022-05-27,inventory-reservation,prod,494727,18721,86.21,364,685,0.418,99.356,58.52,68.96,31.32,0,0,1.85,cache warmup
2022-05-27,pricing-engine,prod,489655,19160,85.74,344,766,0.594,99.321,56.41,52.98,27.4,0,0,2.25,watch latency
2022-05-27,tax-service,prod,483822,16346,86.34,312,717,0.266,99.387,51.2,66.71,52.48,0,0,1.36,release week
2022-05-27,loyalty-service,prod,474071,16469,87.2,358,736,0.25,99.39,51.61,72.92,33.99,3,0,1.42,watch latency
2022-05-27,notification-service,prod,501133,16679,85.62,352,790,0.13,99.414,68.34,62.27,51.47,0,0,1.11,release week
2022-05-27,auth-gateway,prod,469705,17495,87.33,350,684,0.32,99.376,57.95,55.48,45.49,7,0,1.58,release week
2022-05-27,analytics-pipeline,prod,486341,19161,86.83,354,748,0.068,99.426,56.69,62.36,62.56,0,0,0.96,database pressure
2022-05-27,search-recommendations,prod,475549,16004,86.65,462,908,0.155,99.409,60.35,64.54,45.23,7,0,1.41,database pressure
2022-06-03,checkout-api,prod,887396,31799,87.38,317,769,0.356,99.369,60.18,60.63,36.59,5,0,1.59,normal baseline
2022-06-03,cart-service,prod,846864,30841,87.78,342,746,0.467,99.347,51.52,66.47,41.66,7,0,1.93,campaign traffic
2022-06-03,payment-orchestrator,prod,875457,30431,87.94,347,691,0.28,99.384,40.91,49.33,30.12,2,0,1.47,database pressure
2022-06-03,order-ledger,prod,463959,17543,88.73,328,730,0.333,99.373,69.07,71.15,33.01,5,0,1.56,cache warmup
2022-06-03,inventory-reservation,prod,471564,15372,85.77,294,549,0.352,99.37,52.37,70.06,34.95,2,0,1.53,release week
2022-06-03,pricing-engine,prod,490525,17174,86.36,299,690,0.619,99.316,55.67,61.44,56.94,1,0,2.21,database pressure
2022-06-03,tax-service,prod,474286,17488,88.73,360,686,0.548,99.33,68.68,51.73,38.25,6,0,2.17,incident review
2022-06-03,loyalty-service,prod,487447,17897,88.81,293,658,0.139,99.412,69.1,58.81,38.11,7,0,1.0,campaign traffic
2022-06-03,notification-service,prod,476669,16634,85.9,347,804,0.452,99.35,62.94,71.27,33.28,2,0,1.9,release week
2022-06-03,auth-gateway,prod,498796,19143,86.45,318,692,0.082,98.974,50.24,55.45,28.55,6,1,0.91,cache warmup
2022-06-03,analytics-pipeline,prod,474347,16443,88.23,373,742,0.176,99.405,51.97,57.7,62.31,4,0,1.27,cache warmup
2022-06-03,search-recommendations,prod,482560,18204,86.04,415,889,0.727,99.295,57.56,64.63,62.8,3,0,2.74,cache warmup
2022-06-10,checkout-api,prod,883179,33235,87.55,314,632,0.307,99.379,42.04,59.16,40.78,5,0,1.46,watch latency
2022-06-10,cart-service,prod,892035,30524,88.57,358,804,0.595,99.321,58.16,66.29,60.49,2,0,2.28,campaign traffic
2022-06-10,payment-orchestrator,prod,868377,29625,87.06,330,766,0.358,99.368,51.7,54.55,31.46,0,0,1.63,release week
2022-06-10,order-ledger,prod,462483,17540,86.81,281,685,0.332,99.374,41.85,65.03,51.43,3,0,1.45,incident review
2022-06-10,inventory-reservation,prod,468018,16476,88.61,300,700,0.02,98.986,45.97,65.09,45.46,0,1,0.72,incident review
2022-06-10,pricing-engine,prod,474324,15710,86.93,363,675,0.523,99.335,63.08,52.37,53.51,5,0,2.11,database pressure
2022-06-10,tax-service,prod,480475,17442,87.53,285,564,0.681,99.304,39.67,59.44,42.22,2,0,2.34,normal baseline
2022-06-10,loyalty-service,prod,479946,18133,88.17,350,754,0.289,99.382,66.38,48.55,28.09,7,0,1.5,release week
2022-06-10,notification-service,prod,467833,16789,85.89,307,626,0.09,99.422,67.85,48.83,55.71,6,0,0.91,database pressure
2022-06-10,auth-gateway,prod,473716,16569,88.04,277,526,0.149,99.41,45.44,68.84,64.27,4,0,0.99,database pressure
2022-06-10,analytics-pipeline,prod,476279,18606,85.53,446,851,0.894,98.811,48.36,63.95,33.54,5,1,3.22,watch latency
2022-06-10,search-recommendations,prod,476001,16789,86.86,426,815,0.334,99.373,46.1,63.97,60.69,4,0,1.78,database pressure
2022-06-17,checkout-api,prod,874882,32931,86.93,282,646,0.105,99.419,58.77,69.35,48.69,3,0,0.89,watch latency
2022-06-17,cart-service,prod,877168,32660,86.39,281,667,0.285,99.383,64.51,64.0,35.51,6,0,1.34,cache warmup
2022-06-17,payment-orchestrator,prod,856771,31683,87.71,343,703,0.248,99.39,56.98,55.99,42.09,2,0,1.38,watch latency
2022-06-17,order-ledger,prod,490621,18446,85.8,317,712,0.163,99.407,52.18,67.33,32.07,6,0,1.11,database pressure
2022-06-17,inventory-reservation,prod,500562,17374,86.69,323,670,0.329,99.374,46.7,54.99,34.63,5,0,1.54,campaign traffic
2022-06-17,pricing-engine,prod,475196,16617,87.14,313,655,0.182,99.404,38.31,49.26,61.89,7,0,1.15,incident review
2022-06-17,tax-service,prod,465004,16094,88.61,332,750,0.243,99.391,46.58,66.68,31.37,2,0,1.35,incident review
2022-06-17,loyalty-service,prod,473760,17965,86.2,283,609,0.319,99.376,62.57,55.21,53.99,0,0,1.43,normal baseline
2022-06-17,notification-service,prod,501289,19257,87.67,352,660,0.02,99.436,41.42,58.34,38.02,1,0,0.83,normal baseline
2022-06-17,auth-gateway,prod,499530,17184,86.94,280,530,0.518,99.336,55.02,55.08,51.76,1,0,1.92,campaign traffic
2022-06-17,analytics-pipeline,prod,463310,18284,86.24,411,767,0.131,99.414,39.85,66.43,31.13,6,0,1.24,database pressure
2022-06-17,search-recommendations,prod,483620,17220,86.62,446,985,0.02,99.436,46.16,61.15,29.71,5,0,1.04,database pressure
2022-06-24,checkout-api,prod,894898,31849,86.52,348,700,0.421,99.356,45.22,58.24,59.34,3,0,1.83,cache warmup
2022-06-24,cart-service,prod,879575,33213,86.65,363,713,0.194,99.401,38.19,55.51,29.81,1,0,1.29,watch latency
2022-06-24,payment-orchestrator,prod,853803,31775,88.82,363,845,0.364,99.367,37.85,48.68,41.18,0,0,1.72,database pressure
2022-06-24,order-ledger,prod,483750,17145,88.49,344,674,0.517,99.337,58.34,50.45,33.77,2,0,2.06,normal baseline
2022-06-24,inventory-reservation,prod,463385,16327,87.28,312,594,0.036,99.433,44.97,70.78,47.53,3,0,0.78,release week
2022-06-24,pricing-engine,prod,465478,16383,85.83,341,719,0.291,99.382,63.29,68.68,32.25,1,0,1.49,normal baseline
2022-06-24,tax-service,prod,490221,18714,86.44,339,648,0.153,99.409,55.13,71.09,52.57,2,0,1.14,campaign traffic
2022-06-24,loyalty-service,prod,500949,16628,87.68,336,632,0.02,99.436,38.67,67.13,47.43,1,0,0.8,campaign traffic
2022-06-24,notification-service,prod,495792,18063,85.83,356,772,0.509,99.338,55.89,49.23,35.96,6,0,2.06,cache warmup
2022-06-24,auth-gateway,prod,501842,17943,87.98,321,616,0.206,99.399,61.47,48.9,35.36,2,0,1.23,normal baseline
2022-06-24,analytics-pipeline,prod,495143,18603,85.69,398,781,0.571,99.326,46.03,66.38,50.55,4,0,2.31,normal baseline
2022-06-24,search-recommendations,prod,466508,16926,86.9,383,872,0.443,99.351,46.47,59.26,40.45,6,0,1.96,normal baseline
2022-07-01,checkout-api,prod,833428,29376,87.02,293,563,0.301,99.38,47.58,58.46,44.39,0,0,1.4,incident review
2022-07-01,cart-service,prod,861881,31528,86.54,346,724,0.02,99.436,42.99,62.57,54.35,7,0,0.82,cache warmup
2022-07-01,payment-orchestrator,prod,890397,32643,88.33,325,729,0.02,99.436,54.73,45.95,56.62,7,0,0.77,release week
2022-07-01,order-ledger,prod,486265,16264,87.4,341,765,0.492,99.342,49.35,68.32,30.94,2,0,1.99,incident review
2022-07-01,inventory-reservation,prod,495990,18757,88.78,342,668,0.444,99.351,41.8,61.86,42.69,3,0,1.87,database pressure
2022-07-01,pricing-engine,prod,462263,17475,86.28,336,683,0.295,99.381,64.27,49.91,34.75,3,0,1.48,normal baseline
2022-07-01,tax-service,prod,501780,18452,86.26,352,751,0.563,99.327,40.16,63.16,40.73,5,0,2.19,database pressure
2022-07-01,loyalty-service,prod,469313,16211,88.81,366,710,0.301,99.38,53.04,60.46,34.31,6,0,1.57,cache warmup
2022-07-01,notification-service,prod,488531,17530,88.76,292,560,0.02,99.436,57.45,50.79,50.74,2,0,0.7,cache warmup
2022-07-01,auth-gateway,prod,491658,18031,87.2,348,810,0.363,99.367,45.14,51.21,48.27,3,0,1.68,release week
2022-07-01,analytics-pipeline,prod,467232,17573,86.83,390,854,0.159,99.408,53.65,66.96,34.61,1,0,1.26,cache warmup
2022-07-01,search-recommendations,prod,463166,18176,85.77,425,959,0.619,99.316,65.3,45.17,34.42,0,0,2.49,database pressure
2022-07-08,checkout-api,prod,850581,29929,86.42,295,595,0.227,99.395,61.33,63.37,59.16,7,0,1.22,cache warmup
2022-07-08,cart-service,prod,893381,32628,88.61,353,732,0.02,99.436,53.54,45.96,35.74,6,0,0.83,watch latency
2022-07-08,payment-orchestrator,prod,897211,33634,87.2,307,697,0.202,99.4,61.35,54.77,27.22,5,0,1.19,database pressure
2022-07-08,order-ledger,prod,476790,16476,87.76,314,638,0.392,99.362,64.02,60.56,35.97,0,0,1.68,database pressure
2022-07-08,inventory-reservation,prod,482331,16211,88.97,312,696,0.224,99.395,48.87,50.03,28.79,3,0,1.25,watch latency
2022-07-08,pricing-engine,prod,476660,16699,87.76,330,744,0.266,99.387,38.35,44.49,58.19,3,0,1.4,normal baseline
2022-07-08,tax-service,prod,484372,16271,86.71,363,674,0.317,99.377,46.61,65.16,48.65,3,0,1.6,cache warmup
2022-07-08,loyalty-service,prod,484190,16235,87.55,345,715,0.635,99.313,60.62,58.78,59.86,3,0,2.35,campaign traffic
2022-07-08,notification-service,prod,486487,17305,86.19,322,648,0.537,98.883,56.44,57.14,42.41,2,1,2.06,campaign traffic
2022-07-08,auth-gateway,prod,497809,17524,86.73,368,797,0.164,99.407,48.25,63.08,57.77,4,0,1.23,normal baseline
2022-07-08,analytics-pipeline,prod,485365,18122,86.15,405,813,0.191,99.402,44.36,48.08,55.6,7,0,1.38,release week
2022-07-08,search-recommendations,prod,495743,17598,88.47,460,964,0.349,99.37,61.78,54.84,45.0,7,0,1.89,incident review
2022-07-15,checkout-api,prod,887121,30914,85.72,324,769,0.214,99.397,43.23,61.31,63.15,1,0,1.25,cache warmup
2022-07-15,cart-service,prod,877667,32673,87.81,333,782,0.435,98.903,58.93,44.38,53.93,2,1,1.83,cache warmup
2022-07-15,payment-orchestrator,prod,848034,30153,87.35,278,665,0.367,99.367,38.72,63.6,57.6,6,0,1.54,incident review
2022-07-15,order-ledger,prod,482597,16015,87.92,328,722,0.105,99.419,49.24,64.76,41.58,6,0,0.99,cache warmup
2022-07-15,inventory-reservation,prod,484734,16241,88.47,303,730,0.117,99.417,53.86,63.11,39.43,4,0,0.97,release week
2022-07-15,pricing-engine,prod,478962,17726,88.65,275,528,0.066,99.427,42.66,65.07,63.58,0,0,0.78,incident review
2022-07-15,tax-service,prod,467028,16070,86.77,340,790,0.193,99.401,50.52,59.0,54.45,4,0,1.24,watch latency
2022-07-15,loyalty-service,prod,470568,17585,87.41,274,589,0.141,99.412,60.0,54.94,40.76,5,0,0.96,watch latency
2022-07-15,notification-service,prod,486601,18193,86.08,348,763,0.498,99.34,50.81,69.33,55.7,7,0,2.02,incident review
2022-07-15,auth-gateway,prod,482752,17425,87.19,352,724,0.263,99.387,51.4,51.51,46.06,2,0,1.44,release week
2022-07-15,analytics-pipeline,prod,491331,18673,87.7,404,843,0.263,99.387,54.57,63.16,50.33,6,0,1.56,watch latency
2022-07-15,search-recommendations,prod,494165,17008,86.79,395,782,0.153,99.409,35.43,44.42,60.38,4,0,1.26,cache warmup
2022-07-22,checkout-api,prod,870292,31642,87.03,294,699,0.103,99.419,55.72,65.41,29.53,1,0,0.91,watch latency
2022-07-22,cart-service,prod,855135,31124,86.61,334,801,0.316,99.377,60.23,51.03,34.78,7,0,1.53,database pressure
2022-07-22,payment-orchestrator,prod,849634,29290,87.66,309,675,0.317,99.377,40.95,59.66,58.24,7,0,1.48,watch latency
2022-07-22,order-ledger,prod,472480,17110,85.63,350,725,0.146,99.411,58.13,59.68,55.4,5,0,1.14,normal baseline
2022-07-22,inventory-reservation,prod,474226,15526,86.24,361,777,0.102,99.42,55.55,54.91,38.6,3,0,1.06,database pressure
2022-07-22,pricing-engine,prod,486407,16507,88.29,344,802,0.384,99.363,53.22,64.74,53.4,2,0,1.72,release week
2022-07-22,tax-service,prod,493035,18941,88.22,367,819,0.367,99.367,46.81,66.14,64.44,3,0,1.73,campaign traffic
2022-07-22,loyalty-service,prod,493779,18073,88.29,368,799,0.114,99.417,53.76,52.91,59.39,6,0,1.1,database pressure
2022-07-22,notification-service,prod,466308,18037,88.86,357,679,0.393,99.361,54.35,58.64,46.78,2,0,1.78,database pressure
2022-07-22,auth-gateway,prod,485821,17552,88.35,301,710,0.458,98.898,63.09,66.86,48.61,3,1,1.81,database pressure
2022-07-22,analytics-pipeline,prod,482794,17902,87.33,339,669,0.358,99.368,49.22,53.24,55.94,2,0,1.65,campaign traffic
2022-07-22,search-recommendations,prod,488188,17582,87.73,393,813,0.16,99.408,58.19,59.93,35.92,3,0,1.27,watch latency
2022-07-29,checkout-api,prod,856350,31123,87.12,290,569,0.184,99.403,45.98,58.06,28.5,2,0,1.1,normal baseline
2022-07-29,cart-service,prod,864124,30066,88.03,343,698,0.431,99.354,42.5,43.35,35.37,7,0,1.84,database pressure
2022-07-29,payment-orchestrator,prod,847942,30684,85.81,359,818,0.388,99.362,39.81,68.2,47.5,3,0,1.77,normal baseline
2022-07-29,order-ledger,prod,498074,16617,87.96,348,694,0.202,99.4,51.07,64.56,34.66,2,0,1.28,normal baseline
2022-07-29,inventory-reservation,prod,494682,18147,87.11,351,795,0.478,99.344,41.11,66.26,50.05,0,0,1.97,release week
2022-07-29,pricing-engine,prod,475808,18249,86.24,280,603,0.296,98.931,49.95,53.04,48.27,7,1,1.36,watch latency
2022-07-29,tax-service,prod,499934,17596,87.18,311,583,0.688,99.302,54.94,67.2,46.28,4,0,2.41,database pressure
2022-07-29,loyalty-service,prod,482838,17495,87.87,356,828,0.054,99.429,46.45,47.99,39.87,5,0,0.93,normal baseline
2022-07-29,notification-service,prod,490089,18294,88.06,273,539,0.03,99.434,46.67,46.17,51.03,1,0,0.68,campaign traffic
2022-07-29,auth-gateway,prod,470633,18473,86.45,306,679,0.562,99.328,58.47,45.4,59.21,6,0,2.09,cache warmup
2022-07-29,analytics-pipeline,prod,477536,18322,88.21,387,729,0.639,99.312,44.39,45.33,34.58,4,0,2.46,incident review
2022-07-29,search-recommendations,prod,490041,18898,86.83,424,799,0.02,99.436,42.22,46.47,58.34,6,0,0.99,release week
2022-08-05,checkout-api,prod,889194,31849,87.87,314,588,0.323,99.375,46.89,67.14,52.25,5,0,1.5,incident review
2022-08-05,cart-service,prod,832161,29351,88.44,347,686,0.684,99.303,57.34,61.02,60.2,7,0,2.48,release week
2022-08-05,payment-orchestrator,prod,895582,32602,86.73,309,679,0.11,99.418,55.17,66.58,32.6,2,0,0.96,release week
2022-08-05,order-ledger,prod,470472,18245,86.39,354,721,0.443,99.351,31.76,59.45,57.11,3,0,1.89,campaign traffic
2022-08-05,inventory-reservation,prod,501049,18027,87.12,344,750,0.328,99.374,54.79,58.95,28.39,7,0,1.59,cache warmup
2022-08-05,pricing-engine,prod,493914,18068,87.98,275,563,0.488,99.342,43.18,47.31,63.27,4,0,1.83,normal baseline
2022-08-05,tax-service,prod,472967,17567,87.5,319,597,0.285,99.383,48.8,52.54,34.77,0,0,1.42,incident review
2022-08-05,loyalty-service,prod,487159,16201,85.75,321,767,0.02,99.436,33.52,55.78,64.06,2,0,0.76,incident review
2022-08-05,notification-service,prod,485719,18816,85.93,281,689,0.337,99.373,35.79,56.92,40.3,3,0,1.47,normal baseline
2022-08-05,auth-gateway,prod,481109,17152,85.75,306,680,0.223,99.395,54.28,48.82,59.32,3,0,1.24,incident review
2022-08-05,analytics-pipeline,prod,492751,17990,86.88,412,847,0.188,99.402,58.08,60.46,29.15,1,0,1.38,release week
2022-08-05,search-recommendations,prod,463395,16916,87.26,473,1015,0.34,99.372,57.04,58.17,60.69,3,0,1.9,normal baseline
2022-08-12,checkout-api,prod,838629,28716,86.61,299,660,0.02,99.436,38.19,66.92,46.61,3,0,0.71,release week
2022-08-12,cart-service,prod,849796,31672,88.58,297,640,0.528,99.334,58.41,47.75,30.05,6,0,1.98,cache warmup
2022-08-12,payment-orchestrator,prod,902307,32226,86.55,297,729,0.094,99.421,60.69,41.93,59.62,7,0,0.9,database pressure
2022-08-12,order-ledger,prod,497623,18427,85.95,317,729,0.358,98.918,55.65,57.94,55.68,2,1,1.6,watch latency
2022-08-12,inventory-reservation,prod,501750,16656,87.2,273,526,0.462,99.348,58.58,65.26,29.46,7,0,1.76,release week
2022-08-12,pricing-engine,prod,493970,16305,87.72,367,680,0.29,99.382,45.52,50.76,41.09,6,0,1.54,campaign traffic
2022-08-12,tax-service,prod,478987,16344,88.92,275,631,0.48,98.894,48.63,51.63,34.76,6,1,1.81,campaign traffic
2022-08-12,loyalty-service,prod,499937,18979,88.11,322,760,0.115,99.417,31.5,65.98,32.53,4,0,1.0,cache warmup
2022-08-12,notification-service,prod,463856,17273,85.75,281,629,0.123,99.415,56.87,55.69,29.69,4,0,0.93,campaign traffic
2022-08-12,auth-gateway,prod,477009,18714,86.76,300,679,0.541,99.332,32.22,44.45,43.65,5,0,2.02,incident review
2022-08-12,analytics-pipeline,prod,484093,16711,86.38,402,876,0.343,99.371,47.68,53.61,38.17,6,0,1.75,database pressure
2022-08-12,search-recommendations,prod,485645,17582,86.6,465,947,0.097,99.421,33.34,53.38,33.64,4,0,1.28,cache warmup
2022-08-19,checkout-api,prod,845107,31541,88.15,282,671,0.02,99.436,54.17,54.21,61.1,2,0,0.68,release week
2022-08-19,cart-service,prod,854312,29170,86.15,344,719,0.313,98.927,39.65,43.13,64.65,5,1,1.55,normal baseline
2022-08-19,payment-orchestrator,prod,899379,31102,88.44,318,700,0.691,99.302,55.85,54.06,34.39,7,0,2.43,database pressure
2022-08-19,order-ledger,prod,491760,17239,87.61,305,613,0.357,99.369,59.66,62.95,50.07,2,0,1.57,cache warmup
2022-08-19,inventory-reservation,prod,498995,19043,88.69,282,655,0.386,99.363,43.13,59.78,64.14,4,0,1.59,campaign traffic
2022-08-19,pricing-engine,prod,471185,18012,85.7,357,810,0.551,98.88,30.66,54.28,31.06,6,1,2.17,cache warmup
2022-08-19,tax-service,prod,472801,16983,88.46,324,656,0.527,99.335,40.02,47.89,58.19,3,0,2.04,campaign traffic
2022-08-19,loyalty-service,prod,497336,16583,88.59,337,681,0.082,99.424,56.08,63.56,51.24,1,0,0.95,watch latency
2022-08-19,notification-service,prod,496704,18956,88.57,290,542,0.606,99.319,52.68,57.13,63.14,2,0,2.16,campaign traffic
2022-08-19,auth-gateway,prod,489341,19196,87.52,338,768,0.428,99.354,35.34,58.38,56.24,3,0,1.82,normal baseline
2022-08-19,analytics-pipeline,prod,470879,18336,86.68,395,770,0.034,99.433,33.27,59.3,42.63,6,0,0.96,release week
2022-08-19,search-recommendations,prod,481394,15971,88.55,416,940,0.516,99.337,48.06,61.14,56.93,3,0,2.22,normal baseline
2022-08-26,checkout-api,prod,867733,30072,88.09,359,689,0.078,99.424,56.26,49.73,63.8,7,0,0.99,database pressure
2022-08-26,cart-service,prod,883602,30699,87.29,335,710,0.02,99.436,43.01,60.39,30.26,0,0,0.79,normal baseline
2022-08-26,payment-orchestrator,prod,885819,32298,88.33,345,808,0.252,99.39,42.58,65.45,57.4,5,0,1.4,campaign traffic
2022-08-26,order-ledger,prod,466260,17257,86.97,302,701,0.352,99.37,36.2,56.18,49.94,3,0,1.55,database pressure
2022-08-26,inventory-reservation,prod,498243,18220,87.7,326,726,0.179,99.404,41.83,58.39,46.1,1,0,1.17,database pressure
2022-08-26,pricing-engine,prod,488645,17856,87.19,352,758,0.268,99.386,39.09,65.26,61.93,7,0,1.45,watch latency
2022-08-26,tax-service,prod,473274,16965,86.49,360,762,0.427,99.355,52.16,59.96,57.43,2,0,1.87,campaign traffic
2022-08-26,loyalty-service,prod,499533,19216,86.61,358,737,0.02,99.436,38.58,57.77,36.8,2,0,0.85,database pressure
2022-08-26,notification-service,prod,493447,16329,88.75,365,857,0.222,99.396,54.42,56.55,46.0,3,0,1.37,cache warmup
2022-08-26,auth-gateway,prod,496167,18571,87.46,299,576,0.214,99.397,31.63,43.15,44.51,5,0,1.2,database pressure
2022-08-26,analytics-pipeline,prod,485140,15848,87.42,433,866,0.421,99.356,52.44,52.43,54.85,6,0,2.01,database pressure
2022-08-26,search-recommendations,prod,481297,17395,85.99,401,830,0.475,99.345,42.52,52.0,58.2,0,0,2.08,incident review
2022-09-02,checkout-api,prod,884408,32508,85.74,365,838,0.391,99.362,37.96,65.27,50.66,5,0,1.79,incident review
2022-09-02,cart-service,prod,857088,29642,87.3,350,697,0.218,99.396,50.21,42.25,49.65,6,0,1.32,release week
2022-09-02,payment-orchestrator,prod,894132,33093,86.06,330,695,0.12,98.966,58.32,53.42,35.96,2,1,1.03,release week
2022-09-02,order-ledger,prod,479037,18802,87.91,319,755,0.02,99.436,51.57,59.44,27.52,0,0,0.76,incident review
2022-09-02,inventory-reservation,prod,479105,16580,88.27,362,692,0.535,99.333,45.02,43.23,44.38,2,0,2.14,normal baseline
2022-09-02,pricing-engine,prod,499569,19434,87.81,306,690,0.097,99.421,43.04,47.01,53.72,5,0,0.92,cache warmup
2022-09-02,tax-service,prod,469776,18005,87.08,353,709,0.142,99.412,29.41,53.02,59.38,0,0,1.14,watch latency
2022-09-02,loyalty-service,prod,470571,15723,86.79,363,717,0.27,99.386,58.49,61.69,54.52,2,0,1.48,database pressure
2022-09-02,notification-service,prod,471812,15781,87.22,340,640,0.576,99.325,31.41,63.37,36.53,2,0,2.2,incident review
2022-09-02,auth-gateway,prod,478855,18655,86.72,367,773,0.49,99.342,54.34,63.97,40.65,4,0,2.04,normal baseline
2022-09-02,analytics-pipeline,prod,493033,17060,88.7,368,710,0.286,99.383,38.9,43.19,34.86,7,0,1.53,cache warmup
2022-09-02,search-recommendations,prod,498194,17077,87.46,355,724,0.116,99.417,42.46,48.38,28.26,3,0,1.08,database pressure
2022-09-09,checkout-api,prod,850503,31362,86.24,341,723,0.049,99.43,58.38,63.29,36.24,3,0,0.88,campaign traffic
2022-09-09,cart-service,prod,836917,29213,86.57,354,831,0.372,99.366,29.22,56.12,33.54,4,0,1.72,cache warmup
2022-09-09,payment-orchestrator,prod,879352,32219,86.23,348,701,0.252,99.39,35.52,61.24,40.69,6,0,1.4,release week
2022-09-09,order-ledger,prod,483360,17238,88.12,292,648,0.356,99.369,51.9,53.85,42.8,0,0,1.54,incident review
2022-09-09,inventory-reservation,prod,472998,18680,87.83,353,751,0.36,99.368,49.76,55.5,54.48,2,0,1.68,cache warmup
2022-09-09,pricing-engine,prod,493056,19231,87.97,360,683,0.024,99.435,33.43,58.59,36.88,0,0,0.86,campaign traffic
2022-09-09,tax-service,prod,477223,17628,87.22,349,767,0.451,99.35,58.03,53.96,34.42,2,0,1.9,normal baseline
2022-09-09,loyalty-service,prod,484653,17049,87.1,284,593,0.268,99.386,48.08,64.17,33.89,3,0,1.3,campaign traffic
2022-09-09,notification-service,prod,468058,17533,87.52,360,827,0.362,99.368,57.21,59.66,52.44,3,0,1.71,cache warmup
2022-09-09,auth-gateway,prod,495719,17574,87.18,283,594,0.241,99.392,46.24,47.44,47.15,1,0,1.23,cache warmup
2022-09-09,analytics-pipeline,prod,475825,18577,86.62,439,816,0.095,99.421,46.32,57.99,31.18,1,0,1.21,database pressure
2022-09-09,search-recommendations,prod,482926,17459,85.72,478,967,0.18,99.404,53.86,47.58,64.27,5,0,1.51,campaign traffic
2022-09-16,checkout-api,prod,859906,30748,85.97,325,618,0.716,99.297,30.68,55.1,37.99,0,0,2.51,campaign traffic
2022-09-16,cart-service,prod,875709,32433,88.29,364,800,0.116,99.417,41.89,41.52,28.57,0,0,1.1,database pressure
2022-09-16,payment-orchestrator,prod,844311,28802,86.95,294,665,0.114,99.417,31.64,51.54,35.89,4,0,0.94,database pressure
2022-09-16,order-ledger,prod,473443,17673,86.38,363,685,0.396,99.361,56.5,59.67,40.98,5,0,1.8,normal baseline
2022-09-16,inventory-reservation,prod,487852,16734,87.23,324,638,0.404,99.359,37.1,51.12,45.59,4,0,1.73,normal baseline
2022-09-16,pricing-engine,prod,488997,18473,88.74,327,700,0.614,99.317,30.09,64.62,61.95,0,0,2.26,watch latency
2022-09-16,tax-service,prod,497094,16904,86.13,305,713,0.02,99.436,49.6,64.58,63.53,3,0,0.73,watch latency
2022-09-16,loyalty-service,prod,473742,18292,87.47,349,687,0.438,99.352,43.19,46.69,38.04,4,0,1.87,incident review
2022-09-16,notification-service,prod,493897,19109,87.52,316,697,0.125,99.415,35.87,43.5,53.91,0,0,1.02,release week
2022-09-16,auth-gateway,prod,495789,19037,88.09,334,645,0.351,99.37,45.65,59.6,47.16,6,0,1.62,campaign traffic
2022-09-16,analytics-pipeline,prod,478599,18487,85.83,404,921,0.368,99.366,38.76,51.38,42.38,2,0,1.82,watch latency
2022-09-16,search-recommendations,prod,488179,18338,85.64,363,796,0.357,99.369,53.35,47.03,53.97,1,0,1.7,incident review
2022-09-23,checkout-api,prod,864250,32489,87.67,286,572,0.328,99.374,52.82,49.22,57.39,2,0,1.46,release week
2022-09-23,cart-service,prod,900703,31905,86.35,339,643,0.142,98.962,49.6,61.8,50.04,0,1,1.11,incident review
2022-09-23,payment-orchestrator,prod,891860,30794,86.28,347,715,0.184,99.403,49.82,53.76,52.61,1,0,1.23,cache warmup
2022-09-23,order-ledger,prod,475746,16924,88.27,308,644,0.609,99.318,38.01,55.07,33.38,7,0,2.21,cache warmup
2022-09-23,inventory-reservation,prod,473883,18702,88.7,347,704,0.464,99.347,36.73,61.26,64.76,7,0,1.93,normal baseline
2022-09-23,pricing-engine,prod,462695,16411,88.72,308,693,0.598,99.32,49.41,44.38,54.54,2,0,2.18,incident review
2022-09-23,tax-service,prod,490414,17187,86.69,316,706,0.398,99.36,30.88,53.88,41.82,1,0,1.7,cache warmup
2022-09-23,loyalty-service,prod,488331,17857,88.57,353,696,0.061,99.428,52.96,58.12,48.31,0,0,0.94,campaign traffic
2022-09-23,notification-service,prod,464925,17775,87.83,354,778,0.513,99.337,30.37,53.71,41.21,7,0,2.07,database pressure
2022-09-23,auth-gateway,prod,486943,16846,86.03,338,668,0.269,99.386,55.95,39.79,41.01,2,0,1.42,release week
2022-09-23,analytics-pipeline,prod,493510,17195,87.35,488,1027,0.27,99.386,32.95,46.25,34.36,2,0,1.76,incident review
2022-09-23,search-recommendations,prod,490577,19066,86.0,443,949,0.271,99.386,35.57,42.21,30.33,4,0,1.66,database pressure
2022-09-30,checkout-api,prod,852424,31080,87.46,275,528,0.16,99.408,34.86,64.24,35.54,6,0,1.01,normal baseline
2022-09-30,cart-service,prod,850066,29605,88.63,348,734,0.383,99.363,53.77,63.16,38.58,0,0,1.73,watch latency
2022-09-30,payment-orchestrator,prod,843976,28963,88.13,296,678,0.039,99.432,33.97,46.7,64.8,6,0,0.76,campaign traffic
2022-09-30,order-ledger,prod,480724,17185,88.08,337,711,0.243,98.941,44.76,52.14,39.5,3,1,1.36,normal baseline
2022-09-30,inventory-reservation,prod,474740,15540,86.07,361,760,0.296,98.931,29.22,64.1,60.91,4,1,1.54,normal baseline
2022-09-30,pricing-engine,prod,497177,18298,86.72,349,792,0.424,99.355,32.6,57.73,36.4,6,0,1.83,watch latency
2022-09-30,tax-service,prod,469363,17844,88.86,294,619,0.257,99.389,53.17,51.43,58.58,1,0,1.3,incident review
2022-09-30,loyalty-service,prod,493752,19104,87.51,307,589,0.302,99.38,28.12,41.12,40.99,3,0,1.44,normal baseline
2022-09-30,notification-service,prod,470774,17910,85.97,282,569,0.62,99.316,46.71,58.49,57.12,7,0,2.18,cache warmup
2022-09-30,auth-gateway,prod,498518,16707,86.08,358,815,0.248,99.39,29.24,60.57,62.65,6,0,1.42,release week
2022-09-30,analytics-pipeline,prod,475990,16795,87.86,331,699,0.165,99.407,44.84,63.12,47.23,0,0,1.15,normal baseline
2022-09-30,search-recommendations,prod,479655,17847,85.87,430,960,0.206,99.399,55.04,63.84,58.24,4,0,1.47,normal baseline
2022-10-07,checkout-api,prod,859581,32311,85.7,349,698,0.162,98.958,45.69,48.2,64.55,0,1,1.18,release week
2022-10-07,cart-service,prod,834463,31322,87.25,353,672,0.379,98.914,41.56,41.9,27.02,1,1,1.73,release week
2022-10-07,payment-orchestrator,prod,844830,29403,88.11,285,691,0.16,99.408,31.2,40.88,51.85,4,0,1.03,database pressure
2022-10-07,order-ledger,prod,489529,18313,88.25,277,598,0.02,99.436,39.57,43.94,36.09,0,0,0.67,cache warmup
2022-10-07,inventory-reservation,prod,484501,18307,85.75,350,737,0.196,99.401,50.18,46.12,50.76,4,0,1.27,incident review
2022-10-07,pricing-engine,prod,474560,17297,88.32,352,831,0.041,98.982,54.74,50.25,51.76,0,1,0.89,incident review
2022-10-07,tax-service,prod,475274,17784,88.11,338,719,0.505,99.339,51.52,49.88,52.96,3,0,2.01,release week
2022-10-07,loyalty-service,prod,478959,16028,86.91,321,688,0.588,99.322,53.81,60.01,31.46,1,0,2.18,normal baseline
2022-10-07,notification-service,prod,465970,17676,87.63,291,638,0.064,99.427,56.01,40.61,35.17,6,0,0.81,cache warmup
2022-10-07,auth-gateway,prod,475432,18230,86.53,329,623,0.487,99.343,39.04,57.18,52.76,4,0,1.95,incident review
2022-10-07,analytics-pipeline,prod,488849,18965,88.44,404,875,0.095,99.421,50.18,50.27,40.91,6,0,1.13,incident review
2022-10-07,search-recommendations,prod,478548,15912,88.77,325,693,0.276,99.385,56.2,60.2,56.75,0,0,1.41,normal baseline
2022-10-14,checkout-api,prod,881276,32912,88.04,306,578,0.538,99.332,35.32,44.44,63.91,1,0,2.02,release week
2022-10-14,cart-service,prod,833691,29659,85.77,291,663,0.418,99.356,47.35,43.42,41.31,4,0,1.69,database pressure
2022-10-14,payment-orchestrator,prod,880864,32423,88.09,339,786,0.293,99.381,52.95,52.0,62.35,5,0,1.49,cache warmup
2022-10-14,order-ledger,prod,479871,17924,88.06,305,610,0.483,99.343,57.55,47.7,39.92,7,0,1.89,campaign traffic
2022-10-14,inventory-reservation,prod,486619,16068,87.5,321,746,0.451,98.9,33.42,46.04,48.2,6,1,1.84,cache warmup
2022-10-14,pricing-engine,prod,468319,18176,86.72,355,831,0.321,99.376,54.58,42.99,41.15,2,0,1.59,normal baseline
2022-10-14,tax-service,prod,493758,17303,85.95,307,655,0.336,99.373,29.62,59.64,47.62,3,0,1.52,release week
2022-10-14,loyalty-service,prod,462102,17508,88.2,339,718,0.068,99.426,39.07,40.6,40.29,1,0,0.92,watch latency
2022-10-14,notification-service,prod,478379,18732,86.66,295,574,0.284,99.383,57.47,40.85,40.39,3,0,1.37,incident review
2022-10-14,auth-gateway,prod,494010,19091,86.31,295,581,0.268,99.386,50.14,45.97,54.04,1,0,1.32,release week
2022-10-14,analytics-pipeline,prod,469337,17048,88.26,387,830,0.02,99.436,49.84,44.93,34.83,6,0,0.91,incident review
2022-10-14,search-recommendations,prod,492234,18506,87.33,413,838,0.586,99.323,33.0,52.39,52.9,0,0,2.38,normal baseline
2022-10-21,checkout-api,prod,838456,28792,86.66,289,708,0.308,99.378,42.65,57.77,59.3,6,0,1.41,watch latency
2022-10-21,cart-service,prod,836199,29635,88.76,302,602,0.226,99.395,44.06,61.67,31.17,2,0,1.24,campaign traffic
2022-10-21,payment-orchestrator,prod,854064,31445,88.84,351,759,0.36,99.368,42.87,41.64,45.18,1,0,1.68,watch latency
2022-10-21,order-ledger,prod,462888,16373,86.29,359,705,0.125,99.415,41.61,62.95,62.47,0,0,1.11,campaign traffic
2022-10-21,inventory-reservation,prod,483505,18653,86.93,361,716,0.02,99.436,35.37,51.61,52.58,5,0,0.85,database pressure
2022-10-21,pricing-engine,prod,468332,17762,87.05,358,680,0.365,99.367,44.88,46.59,57.08,3,0,1.71,incident review
2022-10-21,tax-service,prod,488672,18658,88.9,280,565,0.359,99.368,35.19,62.45,33.84,1,0,1.52,database pressure
2022-10-21,loyalty-service,prod,464178,17623,87.6,299,597,0.02,99.436,48.48,61.08,50.75,2,0,0.71,normal baseline
2022-10-21,notification-service,prod,480252,17970,86.6,279,618,0.082,99.424,42.6,54.51,53.61,2,0,0.82,release week
2022-10-21,auth-gateway,prod,499972,18334,86.57,273,533,0.233,99.393,48.13,59.44,51.45,6,0,1.19,database pressure
2022-10-21,analytics-pipeline,prod,499639,18030,86.48,380,868,0.297,99.381,40.97,57.27,51.0,4,0,1.59,release week
2022-10-21,search-recommendations,prod,466577,16017,85.59,379,725,0.486,99.343,35.2,46.75,32.57,6,0,2.06,watch latency
2022-10-28,checkout-api,prod,868041,31186,88.48,368,777,0.188,99.402,56.64,58.65,50.04,5,0,1.29,campaign traffic
2022-10-28,cart-service,prod,899737,30852,86.33,300,595,0.165,99.407,38.97,45.08,58.47,0,0,1.08,campaign traffic
2022-10-28,payment-orchestrator,prod,902865,32121,88.14,290,654,0.11,99.418,52.27,40.59,48.17,0,0,0.92,database pressure
2022-10-28,order-ledger,prod,477444,16467,86.11,350,762,0.246,99.391,46.82,41.41,58.17,7,0,1.39,normal baseline
2022-10-28,inventory-reservation,prod,467434,18160,88.9,301,565,0.398,99.36,28.92,42.89,55.88,3,0,1.66,cache warmup
2022-10-28,pricing-engine,prod,493056,17092,86.37,333,735,0.234,98.943,52.11,59.11,27.54,0,1,1.33,incident review
2022-10-28,tax-service,prod,487291,16429,88.39,314,681,0.229,99.394,48.72,49.4,27.24,1,0,1.27,watch latency
2022-10-28,loyalty-service,prod,462651,17893,87.19,321,625,0.071,99.426,32.14,53.66,48.72,2,0,0.89,release week
2022-10-28,notification-service,prod,465772,17673,86.5,349,764,0.226,99.395,53.73,63.43,49.05,6,0,1.34,database pressure
2022-10-28,auth-gateway,prod,500031,18056,86.07,287,669,0.308,99.378,40.54,60.53,36.94,0,0,1.41,watch latency
2022-10-28,analytics-pipeline,prod,483015,17368,86.69,420,924,0.201,99.4,47.32,45.56,60.04,4,0,1.44,normal baseline
2022-10-28,search-recommendations,prod,500720,17645,86.87,440,910,0.202,99.4,37.43,51.05,64.24,0,0,1.48,release week
2022-11-04,checkout-api,prod,1264563,45723,88.75,352,658,0.342,99.372,30.83,42.29,30.89,5,0,1.64,incident review
2022-11-04,cart-service,prod,1270281,46771,85.65,334,646,0.413,99.357,51.7,51.81,59.35,0,0,1.77,normal baseline
2022-11-04,payment-orchestrator,prod,1279727,47386,86.23,406,783,0.343,99.371,56.19,51.34,64.99,1,0,1.76,campaign traffic
2022-11-04,order-ledger,prod,695250,25962,86.75,340,664,0.135,99.413,45.03,48.47,48.65,1,0,1.09,normal baseline
2022-11-04,inventory-reservation,prod,677413,24410,88.16,320,773,0.45,99.35,47.46,62.74,49.56,6,0,1.84,normal baseline
2022-11-04,pricing-engine,prod,710092,24698,85.85,364,785,0.18,99.404,40.17,47.86,64.24,6,0,1.26,normal baseline
2022-11-04,tax-service,prod,707737,26867,87.61,356,717,0.661,99.308,30.65,59.11,29.44,7,0,2.44,release week
2022-11-04,loyalty-service,prod,721042,26008,87.0,371,715,0.548,99.33,57.26,50.12,53.87,2,0,2.19,cache warmup
2022-11-04,notification-service,prod,700390,26005,87.56,334,666,0.051,99.43,52.32,54.41,49.34,6,0,0.87,watch latency
2022-11-04,auth-gateway,prod,694660,26285,86.09,338,661,0.622,99.316,42.59,61.92,44.21,4,0,2.31,cache warmup
2022-11-04,analytics-pipeline,prod,682761,23031,85.53,425,853,0.413,99.357,39.07,45.03,40.45,7,0,1.98,watch latency
2022-11-04,search-recommendations,prod,695524,25718,87.06,504,937,0.27,99.386,39.8,53.82,43.97,7,0,1.8,release week
2022-11-11,checkout-api,prod,1238126,45764,86.69,411,774,0.584,99.323,46.83,52.31,28.31,3,0,2.37,normal baseline
2022-11-11,cart-service,prod,1229910,45525,87.83,364,715,0.263,99.387,54.96,56.66,34.58,3,0,1.47,normal baseline
2022-11-11,payment-orchestrator,prod,1298493,46686,88.39,358,831,0.218,98.946,56.47,47.57,38.09,2,1,1.34,campaign traffic
2022-11-11,order-ledger,prod,685977,24164,87.6,331,634,0.744,99.291,32.04,54.26,42.93,4,0,2.59,campaign traffic
2022-11-11,inventory-reservation,prod,709957,27109,88.56,319,725,0.66,99.308,41.72,53.85,60.73,0,0,2.36,normal baseline
2022-11-11,pricing-engine,prod,705010,24207,86.7,367,689,0.379,99.364,53.17,58.1,63.72,4,0,1.76,database pressure
2022-11-11,tax-service,prod,721361,25879,86.74,378,873,0.345,99.371,33.51,56.3,29.31,3,0,1.7,normal baseline
2022-11-11,loyalty-service,prod,726109,26881,88.21,353,721,0.051,99.43,34.31,48.99,30.77,5,0,0.91,cache warmup
2022-11-11,notification-service,prod,691971,25913,86.2,381,792,0.47,99.346,50.16,48.11,45.76,3,0,2.02,normal baseline
2022-11-11,auth-gateway,prod,694109,25041,86.59,404,816,0.157,99.409,29.98,51.93,64.47,6,0,1.29,campaign traffic
2022-11-11,analytics-pipeline,prod,694793,23631,88.54,448,889,0.125,99.415,50.38,47.84,51.64,7,0,1.31,normal baseline
2022-11-11,search-recommendations,prod,724486,26481,86.89,472,897,0.293,99.381,32.16,47.39,63.89,7,0,1.78,database pressure
2022-11-18,checkout-api,prod,1212705,43941,86.38,399,810,0.342,99.372,45.45,50.99,58.78,4,0,1.74,cache warmup
2022-11-18,cart-service,prod,1230056,42609,86.09,361,807,0.69,99.302,40.28,62.37,37.94,2,0,2.53,incident review
2022-11-18,payment-orchestrator,prod,1225468,43610,88.24,354,750,0.322,98.926,48.89,66.16,42.52,1,1,1.59,normal baseline
2022-11-18,order-ledger,prod,717941,25251,86.45,409,790,0.099,99.42,51.25,57.54,60.31,2,0,1.16,normal baseline
2022-11-18,inventory-reservation,prod,680690,24063,85.77,353,774,0.348,99.37,47.63,56.61,39.17,3,0,1.66,campaign traffic
2022-11-18,pricing-engine,prod,677110,23778,86.55,405,910,0.177,99.405,34.88,44.95,61.56,0,0,1.34,cache warmup
2022-11-18,tax-service,prod,692511,24276,88.6,363,749,0.401,99.36,57.34,54.93,49.36,7,0,1.81,database pressure
2022-11-18,loyalty-service,prod,727572,27398,88.89,341,672,0.507,99.339,58.45,56.83,51.55,1,0,2.03,campaign traffic
2022-11-18,notification-service,prod,700322,25651,88.34,343,687,0.189,99.402,48.63,42.74,28.59,0,0,1.23,watch latency
2022-11-18,auth-gateway,prod,679072,25818,86.58,361,747,0.02,98.986,40.44,58.96,34.52,7,1,0.85,release week
2022-11-18,analytics-pipeline,prod,702574,25674,87.85,463,861,0.449,99.35,32.09,41.74,61.47,4,0,2.15,normal baseline
2022-11-18,search-recommendations,prod,717768,24892,87.23,468,948,0.398,99.36,47.45,64.02,56.18,3,0,2.03,release week
2022-11-25,checkout-api,prod,1279865,45086,86.98,341,755,0.183,99.403,55.06,52.66,28.51,1,0,1.22,campaign traffic
2022-11-25,cart-service,prod,1223288,44840,86.6,367,701,0.02,99.436,52.75,57.94,30.64,7,0,0.87,incident review
2022-11-25,payment-orchestrator,prod,1281648,46441,86.94,318,613,0.532,99.334,34.11,42.04,35.39,3,0,2.04,normal baseline
2022-11-25,order-ledger,prod,693237,24095,85.83,370,713,0.392,99.362,61.25,43.18,51.64,4,0,1.8,watch latency
2022-11-25,inventory-reservation,prod,699791,24059,88.1,354,731,0.098,99.42,34.77,60.61,49.91,7,0,1.03,normal baseline
2022-11-25,pricing-engine,prod,690004,23368,87.32,369,729,0.02,99.436,46.83,52.03,42.13,7,0,0.87,cache warmup
2022-11-25,tax-service,prod,705235,25333,86.86,361,737,0.258,99.388,51.87,51.45,28.67,2,0,1.45,database pressure
2022-11-25,loyalty-service,prod,713701,25885,87.65,411,841,0.297,98.931,46.45,60.92,46.09,6,1,1.65,database pressure
2022-11-25,notification-service,prod,713363,25116,86.46,388,779,0.489,99.342,57.06,47.74,28.15,1,0,2.08,database pressure
2022-11-25,auth-gateway,prod,699893,25794,88.32,339,630,0.144,99.411,46.19,55.02,51.4,0,0,1.11,release week
2022-11-25,analytics-pipeline,prod,684453,23700,86.92,479,1056,0.02,99.436,59.44,60.93,30.68,1,0,1.11,campaign traffic
2022-11-25,search-recommendations,prod,682011,23774,85.87,539,1104,0.186,99.403,33.01,46.39,36.94,0,0,1.66,incident review
2022-12-02,checkout-api,prod,1232488,45400,88.32,346,741,0.245,99.391,47.61,53.75,35.83,6,0,1.38,campaign traffic
2022-12-02,cart-service,prod,1296606,47374,85.72,318,741,0.282,99.384,49.32,60.2,29.78,3,0,1.41,release week
2022-12-02,payment-orchestrator,prod,1267050,45802,86.99,343,655,0.266,99.387,48.03,59.84,45.79,6,0,1.43,watch latency
2022-12-02,order-ledger,prod,704028,26075,86.73,349,751,0.134,99.413,52.09,46.6,59.47,4,0,1.11,database pressure
2022-12-02,inventory-reservation,prod,672597,24920,87.75,386,893,0.4,99.36,35.17,44.27,52.55,3,0,1.86,normal baseline
2022-12-02,pricing-engine,prod,716935,24812,88.3,410,917,0.359,99.368,54.14,60.98,59.66,5,0,1.81,watch latency
2022-12-02,tax-service,prod,688912,24020,88.38,331,706,0.56,99.328,59.5,45.35,46.29,1,0,2.14,incident review
2022-12-02,loyalty-service,prod,719339,26032,88.55,343,797,0.572,99.326,36.63,47.74,57.54,3,0,2.19,release week
2022-12-02,notification-service,prod,691563,25887,85.79,356,794,0.071,99.426,33.03,47.11,39.3,1,0,0.97,release week
2022-12-02,auth-gateway,prod,704144,23678,86.46,411,873,0.438,99.352,61.06,62.05,38.53,7,0,2.01,incident review
2022-12-02,analytics-pipeline,prod,702168,23984,86.98,451,933,0.43,99.354,47.01,61.67,28.0,1,0,2.08,cache warmup
2022-12-02,search-recommendations,prod,673123,24705,86.49,418,816,0.158,99.408,53.97,46.17,55.11,7,0,1.32,normal baseline
2022-12-09,checkout-api,prod,1302580,45587,85.7,377,785,0.433,99.353,47.17,62.35,50.65,1,0,1.92,release week
2022-12-09,cart-service,prod,1306706,45569,87.09,320,703,0.296,99.381,58.01,56.21,52.35,2,0,1.45,cache warmup
2022-12-09,payment-orchestrator,prod,1206062,44410,85.99,410,889,0.288,99.382,42.39,67.13,46.1,4,0,1.63,watch latency
2022-12-09,order-ledger,prod,698717,25550,85.99,362,802,0.148,99.41,38.31,60.01,45.63,7,0,1.18,release week
2022-12-09,inventory-reservation,prod,723766,27500,88.25,365,741,0.511,99.338,39.43,57.46,39.17,3,0,2.09,cache warmup
2022-12-09,pricing-engine,prod,703529,26074,88.39,389,764,0.645,99.311,45.66,61.35,45.07,6,0,2.48,cache warmup
2022-12-09,tax-service,prod,674463,25329,86.12,350,650,0.059,99.428,53.17,68.31,35.62,3,0,0.93,cache warmup
2022-12-09,loyalty-service,prod,687981,23133,87.53,404,859,0.046,99.431,55.41,54.12,45.7,7,0,1.01,normal baseline
2022-12-09,notification-service,prod,683195,24197,86.86,407,809,0.355,99.369,37.22,65.22,31.08,6,0,1.79,incident review
2022-12-09,auth-gateway,prod,708391,23948,88.35,407,769,0.671,99.306,43.75,45.08,36.69,0,0,2.58,release week
2022-12-09,analytics-pipeline,prod,685790,25824,87.47,395,772,0.377,99.365,34.78,53.93,59.35,3,0,1.82,campaign traffic
2022-12-09,search-recommendations,prod,674480,23529,87.85,470,1030,0.02,99.436,57.35,62.5,40.0,3,0,1.09,release week
2022-12-16,checkout-api,prod,1240799,44055,87.47,322,613,0.531,99.334,52.61,59.73,40.88,3,0,2.04,normal baseline
2022-12-16,cart-service,prod,1304360,47963,86.32,347,678,0.575,99.325,37.36,46.54,59.66,0,0,2.21,incident review
2022-12-16,payment-orchestrator,prod,1281254,44822,87.3,404,839,0.365,99.367,34.72,54.33,49.44,7,0,1.81,campaign traffic
2022-12-16,order-ledger,prod,711359,25714,86.76,353,675,0.382,99.364,50.76,46.39,34.15,5,0,1.74,incident review
2022-12-16,inventory-reservation,prod,679992,23379,85.97,359,678,0.602,99.32,57.03,58.32,34.97,2,0,2.3,database pressure
2022-12-16,pricing-engine,prod,685777,23725,87.27,320,695,0.446,99.351,55.92,63.58,37.61,1,0,1.83,release week
2022-12-16,tax-service,prod,671687,24777,86.43,335,773,0.213,99.397,63.6,54.77,60.61,7,0,1.28,normal baseline
2022-12-16,loyalty-service,prod,711760,27040,88.27,383,777,0.387,99.363,55.03,51.42,61.67,2,0,1.82,cache warmup
2022-12-16,notification-service,prod,714075,26181,88.61,363,696,0.343,99.371,51.42,57.81,41.6,1,0,1.67,normal baseline
2022-12-16,auth-gateway,prod,698256,23756,88.29,349,659,0.228,99.394,51.23,46.72,51.08,0,0,1.35,normal baseline
2022-12-16,analytics-pipeline,prod,702941,23994,87.6,477,920,0.618,99.316,44.32,50.98,34.7,1,0,2.6,watch latency
2022-12-16,search-recommendations,prod,710051,26758,87.26,516,951,0.369,99.366,54.38,59.1,32.51,0,0,2.07,campaign traffic
2022-12-23,checkout-api,prod,1214088,42775,88.47,400,853,0.455,99.349,61.5,63.98,39.81,0,0,2.03,watch latency
2022-12-23,cart-service,prod,1224418,44621,85.72,375,797,0.18,99.404,48.8,50.73,61.11,7,0,1.28,campaign traffic
2022-12-23,payment-orchestrator,prod,1213699,44798,85.67,363,778,0.02,99.436,53.91,63.19,50.04,1,0,0.86,release week
2022-12-23,order-ledger,prod,696247,25131,85.81,321,691,0.341,99.372,39.64,62.46,50.01,4,0,1.57,campaign traffic
2022-12-23,inventory-reservation,prod,722996,24463,87.24,345,812,0.343,99.371,59.41,45.01,38.11,6,0,1.62,cache warmup
2022-12-23,pricing-engine,prod,687431,24192,86.15,392,895,0.088,99.422,35.71,62.49,58.67,5,0,1.09,database pressure
2022-12-23,tax-service,prod,701881,25056,86.5,379,873,0.418,99.356,42.6,60.06,38.23,1,0,1.89,cache warmup
2022-12-23,loyalty-service,prod,693680,26515,86.86,383,858,0.02,99.436,46.8,51.82,37.79,4,0,0.9,campaign traffic
2022-12-23,notification-service,prod,715008,26434,85.66,341,675,0.429,99.354,39.12,46.06,39.78,6,0,1.83,watch latency
2022-12-23,auth-gateway,prod,671903,23102,87.87,359,839,0.346,99.371,47.67,61.54,39.49,7,0,1.66,watch latency
2022-12-23,analytics-pipeline,prod,696350,24960,87.69,401,882,0.35,99.37,64.55,54.22,55.71,7,0,1.77,watch latency
2022-12-23,search-recommendations,prod,725855,27107,87.65,434,847,0.124,99.415,52.85,59.49,64.73,5,0,1.28,cache warmup
2022-12-30,checkout-api,prod,1263819,46724,88.71,355,837,0.41,99.358,49.96,69.65,31.07,1,0,1.81,release week
2022-12-30,cart-service,prod,1252695,46419,85.96,330,739,0.02,99.436,39.36,59.73,63.14,1,0,0.78,release week
2022-12-30,payment-orchestrator,prod,1216949,43378,88.66,333,674,0.115,99.417,56.96,50.2,49.83,1,0,1.03,incident review
2022-12-30,order-ledger,prod,695984,23892,86.95,380,804,0.295,98.931,38.96,47.15,48.41,7,1,1.58,database pressure
2022-12-30,inventory-reservation,prod,713031,25449,86.98,374,719,0.473,99.345,39.88,50.46,53.83,5,0,2.01,incident review
2022-12-30,pricing-engine,prod,673923,23482,88.0,348,684,0.02,99.436,54.95,67.87,58.25,3,0,0.82,watch latency
2022-12-30,tax-service,prod,685910,24944,86.56,372,733,0.225,99.395,37.59,64.35,50.3,7,0,1.39,cache warmup
2022-12-30,loyalty-service,prod,711784,26239,87.32,409,808,0.6,99.32,55.53,65.71,63.34,2,0,2.41,cache warmup
2022-12-30,notification-service,prod,675401,23802,86.54,368,751,0.071,99.426,52.1,47.9,32.66,3,0,1.0,watch latency
2022-12-30,auth-gateway,prod,706060,25449,87.03,378,767,0.543,99.331,63.59,48.12,54.08,7,0,2.2,campaign traffic
2022-12-30,analytics-pipeline,prod,696923,23933,85.7,479,948,0.704,99.299,41.39,55.91,43.25,6,0,2.82,campaign traffic
2022-12-30,search-recommendations,prod,706292,26103,86.77,443,859,0.286,99.383,49.94,64.47,32.31,1,0,1.7,cache warmup
2023-01-06,checkout-api,prod,982751,34551,88.99,288,717,0.271,99.446,55.23,53.28,59.7,7,0,1.32,incident review
2023-01-06,cart-service,prod,1024090,35807,87.62,263,610,0.036,99.493,56.57,55.78,36.24,7,0,0.67,release week
2023-01-06,payment-orchestrator,prod,983043,35761,88.45,304,653,0.545,99.391,58.78,67.57,27.56,6,0,2.04,watch latency
2023-01-06,order-ledger,prod,552643,20744,88.5,276,580,0.397,99.421,43.38,58.88,28.01,6,0,1.61,campaign traffic
2023-01-06,inventory-reservation,prod,561892,19445,88.89,333,632,0.558,99.388,54.54,51.05,29.6,5,0,2.14,normal baseline
2023-01-06,pricing-engine,prod,540471,19871,89.21,318,628,0.262,99.448,46.69,62.87,48.24,3,0,1.36,campaign traffic
2023-01-06,tax-service,prod,546030,20725,89.62,313,711,0.178,99.464,41.88,66.84,29.49,5,0,1.14,incident review
2023-01-06,loyalty-service,prod,563108,19502,90.63,255,596,0.265,99.447,42.83,66.23,57.53,2,0,1.23,incident review
2023-01-06,notification-service,prod,574785,20823,88.48,259,508,0.406,99.419,56.94,63.05,56.63,5,0,1.59,release week
2023-01-06,auth-gateway,prod,562377,19960,89.02,334,800,0.315,99.437,50.67,56.85,64.38,3,0,1.53,watch latency
2023-01-06,analytics-pipeline,prod,553823,19895,90.33,408,770,0.291,99.442,55.02,52.7,60.89,5,0,1.63,database pressure
2023-01-06,search-recommendations,prod,548590,21197,88.98,399,768,0.277,99.445,37.76,53.92,46.61,1,0,1.58,release week
2023-01-13,checkout-api,prod,975630,34503,88.65,261,549,0.516,99.397,43.88,62.22,29.81,3,0,1.87,watch latency
2023-01-13,cart-service,prod,1038241,35814,88.25,264,555,0.42,99.416,61.81,61.53,40.18,7,0,1.64,database pressure
2023-01-13,payment-orchestrator,prod,1019680,37191,89.65,295,653,0.338,98.982,42.22,49.27,61.61,7,1,1.5,watch latency
2023-01-13,order-ledger,prod,561309,20891,87.74,321,756,0.19,99.462,49.47,64.06,43.32,5,0,1.19,cache warmup
2023-01-13,inventory-reservation,prod,567751,21765,90.42,286,560,0.665,98.917,53.31,54.96,63.33,3,1,2.3,normal baseline
2023-01-13,pricing-engine,prod,559576,19924,87.95,282,571,0.247,99.001,58.3,69.76,40.93,1,1,1.24,watch latency
2023-01-13,tax-service,prod,575236,20008,89.66,248,566,0.392,99.422,48.15,62.1,42.21,4,0,1.53,incident review
2023-01-13,loyalty-service,prod,555634,19098,90.28,295,559,0.427,99.415,44.27,52.7,38.37,0,0,1.72,release week
2023-01-13,notification-service,prod,566581,18902,89.51,317,624,0.515,99.397,48.75,63.35,33.23,6,0,1.99,campaign traffic
2023-01-13,auth-gateway,prod,537984,18278,90.46,318,616,0.238,99.452,40.05,58.57,53.85,2,0,1.3,normal baseline
2023-01-13,analytics-pipeline,prod,564993,19122,88.66,403,775,0.371,99.426,58.49,47.94,44.72,7,0,1.82,database pressure
2023-01-13,search-recommendations,prod,554720,21397,87.82,442,835,0.284,99.443,47.14,58.0,30.66,2,0,1.69,incident review
2023-01-20,checkout-api,prod,1016357,36201,87.4,332,752,0.293,99.441,52.21,63.8,55.25,0,0,1.47,release week
2023-01-20,cart-service,prod,1038465,36465,88.85,282,620,0.567,99.387,58.89,68.36,39.78,6,0,2.05,campaign traffic
2023-01-20,payment-orchestrator,prod,987382,34518,90.39,266,524,0.139,99.472,45.07,69.51,48.51,2,0,0.94,campaign traffic
2023-01-20,order-ledger,prod,553935,20737,88.7,288,702,0.368,99.426,41.63,57.03,40.3,2,0,1.56,campaign traffic
2023-01-20,inventory-reservation,prod,551053,19503,88.07,276,596,0.656,99.369,40.22,71.05,44.74,1,0,2.25,incident review
2023-01-20,pricing-engine,prod,573895,19559,88.99,314,593,0.276,99.445,62.5,67.64,64.02,6,0,1.39,normal baseline
2023-01-20,tax-service,prod,560511,21320,89.98,260,592,0.427,99.415,55.31,65.27,58.28,7,0,1.64,cache warmup
2023-01-20,loyalty-service,prod,562885,21059,87.5,325,741,0.446,99.411,58.5,49.05,44.93,2,0,1.84,release week
2023-01-20,notification-service,prod,568627,20749,87.62,267,546,0.298,99.44,49.63,53.79,31.88,3,0,1.34,normal baseline
2023-01-20,auth-gateway,prod,573448,19824,90.35,251,629,0.326,99.435,47.51,66.61,55.01,1,0,1.37,normal baseline
2023-01-20,analytics-pipeline,prod,558039,19327,87.25,395,754,0.533,99.393,63.29,62.6,38.83,1,0,2.21,watch latency
2023-01-20,search-recommendations,prod,575816,21832,90.37,304,694,0.182,99.464,50.18,69.18,34.1,6,0,1.13,release week
2023-01-27,checkout-api,prod,1002789,37133,88.5,284,602,0.035,99.493,57.43,52.23,45.67,0,0,0.72,watch latency
2023-01-27,cart-service,prod,1005543,37389,89.44,256,586,0.173,99.015,59.63,71.67,33.21,4,1,1.0,cache warmup
2023-01-27,payment-orchestrator,prod,975304,33919,89.55,317,641,0.52,99.396,49.95,52.63,60.81,3,0,2.0,watch latency
2023-01-27,order-ledger,prod,549000,18160,88.86,319,709,0.463,98.957,52.23,67.93,32.43,0,1,1.87,campaign traffic
2023-01-27,inventory-reservation,prod,565601,20306,87.94,250,611,0.185,99.463,48.49,49.05,57.44,3,0,1.02,normal baseline
2023-01-27,pricing-engine,prod,561306,19577,87.95,325,669,0.381,99.424,51.6,56.49,53.0,3,0,1.67,database pressure
2023-01-27,tax-service,prod,545065,20320,90.68,297,607,0.34,99.432,40.8,66.75,55.93,3,0,1.51,campaign traffic
2023-01-27,loyalty-service,prod,569991,20958,88.32,260,507,0.175,99.465,60.22,57.08,39.35,7,0,1.01,watch latency
2023-01-27,notification-service,prod,547418,20037,87.42,324,611,0.165,99.467,60.83,49.06,43.67,4,0,1.13,normal baseline
2023-01-27,auth-gateway,prod,569303,19162,90.51,333,739,0.499,99.4,43.63,62.53,34.83,7,0,1.99,normal baseline
2023-01-27,analytics-pipeline,prod,549484,20629,89.68,415,932,0.371,99.426,61.53,60.0,37.9,0,0,1.85,watch latency
2023-01-27,search-recommendations,prod,574543,20814,87.43,456,1016,0.198,99.46,43.55,55.82,46.61,4,0,1.51,cache warmup
2023-02-03,checkout-api,prod,982161,34412,88.14,292,699,0.382,99.424,62.11,62.75,44.32,0,0,1.6,campaign traffic
2023-02-03,cart-service,prod,1006169,37578,87.54,300,588,0.02,99.496,62.2,58.76,31.11,4,0,0.72,release week
2023-02-03,payment-orchestrator,prod,1033493,36640,87.62,274,557,0.375,99.425,53.28,48.57,41.74,4,0,1.55,cache warmup
2023-02-03,order-ledger,prod,573138,20803,87.87,286,642,0.469,99.406,59.33,63.09,47.24,1,0,1.81,watch latency
2023-02-03,inventory-reservation,prod,562378,19242,89.62,302,597,0.301,99.44,47.19,50.92,49.42,3,0,1.42,incident review
2023-02-03,pricing-engine,prod,560865,21262,90.66,285,683,0.024,99.495,41.26,69.23,44.76,0,0,0.69,database pressure
2023-02-03,tax-service,prod,552211,20092,89.79,258,552,0.359,99.428,45.86,66.69,52.46,1,0,1.47,cache warmup
2023-02-03,loyalty-service,prod,553021,19284,88.65,302,626,0.231,99.454,67.15,63.42,33.83,7,0,1.25,normal baseline
2023-02-03,notification-service,prod,548113,19897,88.18,309,609,0.061,99.488,62.01,50.14,47.64,6,0,0.84,campaign traffic
2023-02-03,auth-gateway,prod,553118,20433,88.41,250,470,0.029,99.494,56.71,49.67,50.27,6,0,0.63,normal baseline
2023-02-03,analytics-pipeline,prod,575468,21651,89.22,313,698,0.247,99.451,53.86,53.63,57.6,7,0,1.31,campaign traffic
2023-02-03,search-recommendations,prod,540327,18605,88.37,350,664,0.286,99.443,52.94,60.83,27.36,3,0,1.49,cache warmup
2023-02-10,checkout-api,prod,1002436,36008,90.36,333,624,0.233,99.453,58.02,49.82,58.56,5,0,1.32,incident review
2023-02-10,cart-service,prod,992221,35734,88.78,334,745,0.498,99.4,68.67,65.35,49.49,4,0,1.99,campaign traffic
2023-02-10,payment-orchestrator,prod,1037669,38432,90.31,257,551,0.293,99.441,41.43,72.09,47.88,2,0,1.3,campaign traffic
2023-02-10,order-ledger,prod,540135,20561,89.81,268,618,0.563,99.387,62.53,66.27,38.61,0,0,2.0,database pressure
2023-02-10,inventory-reservation,prod,556246,19887,88.96,286,577,0.146,99.471,48.9,64.5,33.51,4,0,1.0,database pressure
2023-02-10,pricing-engine,prod,542556,19620,88.79,335,760,0.344,99.431,65.71,65.09,61.26,7,0,1.6,campaign traffic
2023-02-10,tax-service,prod,571978,19375,88.44,335,788,0.259,99.448,52.44,63.7,38.65,4,0,1.39,campaign traffic
2023-02-10,loyalty-service,prod,554965,21271,90.12,303,628,0.22,99.456,48.04,65.74,42.79,7,0,1.22,database pressure
2023-02-10,notification-service,prod,570357,21118,90.53,261,643,0.532,99.394,58.15,53.26,60.58,5,0,1.91,incident review
2023-02-10,auth-gateway,prod,562175,21790,89.18,274,552,0.111,99.478,42.54,62.36,47.95,0,0,0.89,campaign traffic
2023-02-10,analytics-pipeline,prod,571255,21030,90.13,391,761,0.445,99.411,50.4,53.75,38.73,2,0,1.98,watch latency
2023-02-10,search-recommendations,prod,557927,20708,88.38,410,823,0.599,99.38,58.5,68.04,45.65,1,0,2.41,release week
2023-02-17,checkout-api,prod,1008059,36158,89.61,289,542,0.088,99.482,68.88,67.8,43.3,4,0,0.86,release week
2023-02-17,cart-service,prod,1012267,36104,88.71,296,637,0.551,99.39,53.35,70.53,55.59,1,0,2.04,watch latency
2023-02-17,payment-orchestrator,prod,1028635,37414,88.08,307,693,0.308,99.438,49.6,56.86,42.27,0,0,1.45,normal baseline
2023-02-17,order-ledger,prod,544435,21120,89.0,312,693,0.326,99.435,61.46,71.21,58.26,4,0,1.51,incident review
2023-02-17,inventory-reservation,prod,541000,20763,89.07,306,677,0.474,99.405,42.48,56.98,27.11,6,0,1.87,database pressure
2023-02-17,pricing-engine,prod,541026,18947,88.3,259,533,0.524,99.395,63.5,49.73,36.82,5,0,1.88,normal baseline
2023-02-17,tax-service,prod,541114,18581,89.53,288,638,0.559,99.388,54.89,58.17,53.42,0,0,2.04,normal baseline
2023-02-17,loyalty-service,prod,549021,21186,88.94,335,651,0.138,99.472,56.41,60.54,55.97,2,0,1.09,release week
2023-02-17,notification-service,prod,576237,20856,89.91,311,664,0.327,99.435,56.63,59.96,42.2,7,0,1.51,watch latency
2023-02-17,auth-gateway,prod,549565,18875,89.72,304,703,0.214,99.007,58.92,55.1,33.17,0,1,1.21,normal baseline
2023-02-17,analytics-pipeline,prod,541150,20895,89.59,432,934,0.094,99.481,64.24,60.5,64.96,1,0,1.2,campaign traffic
2023-02-17,search-recommendations,prod,553828,19299,89.08,372,813,0.269,99.446,70.76,71.74,52.12,5,0,1.5,cache warmup
2023-02-24,checkout-api,prod,984970,36767,90.73,260,644,0.026,99.495,59.13,58.61,41.28,7,0,0.64,campaign traffic
2023-02-24,cart-service,prod,1017225,37892,90.22,319,596,0.626,99.375,57.29,75.36,37.7,4,0,2.27,incident review
2023-02-24,payment-orchestrator,prod,1025083,37675,90.39,337,725,0.679,99.364,67.7,63.08,50.37,1,0,2.45,campaign traffic
2023-02-24,order-ledger,prod,563184,18882,89.51,335,742,0.181,99.464,53.53,65.8,41.55,0,0,1.2,campaign traffic
2023-02-24,inventory-reservation,prod,558923,19821,88.88,277,680,0.332,99.434,56.04,74.26,59.97,6,0,1.45,watch latency
2023-02-24,pricing-engine,prod,547731,18250,89.01,318,626,0.161,99.468,69.91,55.65,30.96,6,0,1.11,incident review
2023-02-24,tax-service,prod,557917,19049,87.55,333,755,0.29,99.442,55.34,58.62,30.13,3,0,1.47,incident review
2023-02-24,loyalty-service,prod,564423,20160,89.95,261,500,0.431,99.414,63.2,57.41,64.71,3,0,1.66,release week
2023-02-24,notification-service,prod,568234,19966,90.63,256,580,0.229,99.454,62.0,55.16,53.32,5,0,1.14,incident review
2023-02-24,auth-gateway,prod,549662,18526,90.16,318,593,0.349,99.43,46.86,57.59,49.64,7,0,1.58,database pressure
2023-02-24,analytics-pipeline,prod,565146,21157,89.51,401,871,0.315,99.437,68.3,71.58,63.79,3,0,1.68,normal baseline
2023-02-24,search-recommendations,prod,538397,18900,89.26,419,816,0.143,99.471,42.67,56.47,63.96,5,0,1.29,campaign traffic
2023-03-03,checkout-api,prod,1026660,37217,89.86,314,710,0.02,99.496,44.41,62.16,28.39,0,0,0.75,database pressure
2023-03-03,cart-service,prod,1012874,35680,89.25,338,675,0.379,99.424,62.36,74.85,57.36,3,0,1.7,cache warmup
2023-03-03,payment-orchestrator,prod,1024837,37991,88.96,328,668,0.39,99.422,72.71,55.47,40.13,6,0,1.7,release week
2023-03-03,order-ledger,prod,571144,21910,90.02,248,469,0.33,99.434,53.55,63.03,36.58,3,0,1.38,watch latency
2023-03-03,inventory-reservation,prod,566001,19543,89.73,306,725,0.546,99.391,50.17,59.62,50.44,2,0,2.05,cache warmup
2023-03-03,pricing-engine,prod,569532,19689,88.08,322,697,0.245,99.451,63.07,73.06,31.41,5,0,1.33,campaign traffic
2023-03-03,tax-service,prod,544428,19020,90.14,289,554,0.212,99.458,70.87,75.7,58.77,3,0,1.17,incident review
2023-03-03,loyalty-service,prod,574619,20525,88.32,309,622,0.333,99.433,72.74,59.73,60.68,4,0,1.52,normal baseline
2023-03-03,notification-service,prod,553051,18924,88.92,316,713,0.846,99.331,71.52,54.03,52.95,7,0,2.82,watch latency
2023-03-03,auth-gateway,prod,560104,19860,89.01,262,495,0.821,99.336,59.41,70.69,27.26,5,0,2.64,normal baseline
2023-03-03,analytics-pipeline,prod,543553,20463,89.13,401,867,0.091,99.482,71.25,53.07,37.44,4,0,1.12,campaign traffic
2023-03-03,search-recommendations,prod,569747,19761,88.72,374,707,0.653,99.369,45.81,53.66,58.4,6,0,2.46,incident review
2023-03-10,checkout-api,prod,1002922,34663,89.01,289,662,0.356,99.429,54.06,55.41,49.08,5,0,1.53,watch latency
2023-03-10,cart-service,prod,980278,34989,89.86,336,686,0.235,99.453,71.98,75.71,43.73,2,0,1.33,cache warmup
2023-03-10,payment-orchestrator,prod,1005273,35332,89.32,280,676,0.274,99.445,47.81,72.44,58.59,2,0,1.31,watch latency
2023-03-10,order-ledger,prod,550765,19417,90.66,306,601,0.51,99.398,47.05,58.06,39.96,3,0,1.96,cache warmup
2023-03-10,inventory-reservation,prod,554095,18884,90.4,260,570,0.534,99.393,68.29,68.41,60.23,2,0,1.91,incident review
2023-03-10,pricing-engine,prod,568715,20414,88.22,305,593,0.407,99.419,71.39,55.71,34.97,4,0,1.7,release week
2023-03-10,tax-service,prod,551813,18498,88.81,298,644,0.484,99.403,70.65,54.62,31.17,0,0,1.87,release week
2023-03-10,loyalty-service,prod,539187,20248,90.43,339,652,0.08,99.484,44.82,54.86,43.91,0,0,0.95,normal baseline
2023-03-10,notification-service,prod,545122,18978,90.59,266,532,0.285,99.443,59.68,56.58,62.28,4,0,1.3,watch latency
2023-03-10,auth-gateway,prod,552151,21025,90.69,286,677,0.248,99.45,44.03,67.35,44.04,1,0,1.26,database pressure
2023-03-10,analytics-pipeline,prod,561376,20231,88.43,437,961,0.457,99.409,52.57,74.19,29.42,4,0,2.11,database pressure
2023-03-10,search-recommendations,prod,538671,18985,89.29,322,756,0.149,99.47,57.74,76.38,49.8,0,0,1.09,database pressure
2023-03-17,checkout-api,prod,1028016,35998,88.5,270,617,0.345,99.431,59.46,56.18,64.94,0,0,1.46,cache warmup
2023-03-17,cart-service,prod,977358,36372,89.33,339,666,0.401,99.42,45.84,73.72,34.83,6,0,1.76,release week
2023-03-17,payment-orchestrator,prod,973648,35240,88.03,290,578,0.167,99.467,55.86,54.82,33.76,7,0,1.06,campaign traffic
2023-03-17,order-ledger,prod,552629,20488,89.92,294,574,0.525,99.395,46.05,75.81,47.01,2,0,1.97,watch latency
2023-03-17,inventory-reservation,prod,565277,19223,88.05,290,659,0.548,99.39,71.24,73.34,60.33,4,0,2.01,cache warmup
2023-03-17,pricing-engine,prod,562581,21554,88.7,314,734,0.338,99.432,44.9,51.0,51.32,4,0,1.54,database pressure
2023-03-17,tax-service,prod,546641,21081,89.37,337,763,0.031,99.494,54.96,54.92,37.39,4,0,0.83,campaign traffic
2023-03-17,loyalty-service,prod,543223,19336,87.95,338,739,0.489,99.402,58.88,58.66,38.49,2,0,1.97,normal baseline
2023-03-17,notification-service,prod,576886,22098,89.46,328,639,0.548,99.39,54.02,68.98,53.37,0,0,2.1,watch latency
2023-03-17,auth-gateway,prod,573192,19822,89.91,279,674,0.595,99.381,58.44,56.83,63.93,4,0,2.11,release week
2023-03-17,analytics-pipeline,prod,554510,19804,87.37,405,919,0.02,99.496,73.04,75.04,41.17,2,0,0.95,campaign traffic
2023-03-17,search-recommendations,prod,565528,19644,88.19,374,873,0.534,99.393,54.12,59.98,52.02,4,0,2.17,campaign traffic
2023-03-24,checkout-api,prod,1000704,35527,89.43,289,564,0.286,99.443,58.12,57.56,38.16,4,0,1.36,watch latency
2023-03-24,cart-service,prod,1021982,38275,90.47,255,643,0.193,99.461,65.26,60.6,34.23,5,0,1.05,release week
2023-03-24,payment-orchestrator,prod,1012467,37072,89.98,281,526,0.275,99.445,52.04,67.8,58.79,3,0,1.31,release week
2023-03-24,order-ledger,prod,562208,20223,87.65,271,622,0.634,99.373,64.6,59.84,35.41,6,0,2.19,release week
2023-03-24,inventory-reservation,prod,548719,18312,87.63,316,695,0.285,99.443,73.41,62.33,32.56,2,0,1.41,cache warmup
2023-03-24,pricing-engine,prod,538278,19887,89.62,319,771,0.066,99.487,45.43,56.06,52.26,5,0,0.87,database pressure
2023-03-24,tax-service,prod,539420,20000,88.49,312,753,0.13,99.474,65.11,70.72,54.93,5,0,1.02,normal baseline
2023-03-24,loyalty-service,prod,561406,18923,88.52,318,762,0.62,99.376,53.49,65.99,37.09,0,0,2.26,cache warmup
2023-03-24,notification-service,prod,568702,20722,87.69,324,737,0.275,99.445,70.68,58.16,49.78,6,0,1.41,campaign traffic
2023-03-24,auth-gateway,prod,548827,20493,88.02,304,702,0.336,99.433,61.36,69.91,38.92,7,0,1.51,incident review
2023-03-24,analytics-pipeline,prod,569213,18836,88.36,404,768,0.115,99.477,60.28,57.01,46.93,3,0,1.19,release week
2023-03-24,search-recommendations,prod,572117,22156,88.69,417,771,0.238,99.452,50.6,64.73,54.53,6,0,1.52,watch latency
2023-03-31,checkout-api,prod,1038013,36938,89.18,264,575,0.137,99.473,45.23,55.23,59.13,5,0,0.93,normal baseline
2023-03-31,cart-service,prod,1002416,35894,88.43,279,561,0.49,99.402,52.58,59.74,63.67,2,0,1.84,campaign traffic
2023-03-31,payment-orchestrator,prod,1031607,35848,88.3,298,676,0.143,99.471,68.84,63.34,29.92,4,0,1.02,watch latency
2023-03-31,order-ledger,prod,543742,19684,88.89,291,625,0.59,99.382,48.69,67.94,29.28,2,0,2.12,database pressure
2023-03-31,inventory-reservation,prod,565741,19690,90.65,254,556,0.02,99.496,52.96,66.41,35.23,6,0,0.61,campaign traffic
2023-03-31,pricing-engine,prod,548678,20219,90.75,266,597,0.432,99.414,73.92,58.2,49.18,5,0,1.67,database pressure
2023-03-31,tax-service,prod,559299,20336,90.45,310,703,0.457,99.409,62.18,70.84,27.38,3,0,1.83,database pressure
2023-03-31,loyalty-service,prod,551687,19643,88.29,339,636,0.471,99.406,73.82,73.82,35.29,1,0,1.93,incident review
2023-03-31,notification-service,prod,572844,20599,87.41,318,637,0.558,99.388,64.87,71.91,41.7,0,0,2.1,incident review
2023-03-31,auth-gateway,prod,554688,18462,88.44,331,648,0.272,98.996,51.45,67.08,59.34,3,1,1.41,watch latency
2023-03-31,analytics-pipeline,prod,576942,20694,90.32,390,867,0.497,99.401,55.48,65.18,48.79,1,0,2.11,release week
2023-03-31,search-recommendations,prod,564760,21502,87.89,452,839,0.213,99.457,62.36,67.76,58.73,1,0,1.54,release week
2023-04-07,checkout-api,prod,997227,34452,88.23,248,477,0.423,99.415,62.4,71.6,30.76,0,0,1.61,campaign traffic
2023-04-07,cart-service,prod,1009841,36322,89.19,318,749,0.334,99.433,70.34,60.27,59.73,5,0,1.54,incident review
2023-04-07,payment-orchestrator,prod,1003528,35980,88.33,315,720,0.397,98.971,58.81,67.43,41.84,0,1,1.69,incident review
2023-04-07,order-ledger,prod,563118,21794,90.44,245,581,0.097,99.481,62.7,53.48,42.49,4,0,0.79,cache warmup
2023-04-07,inventory-reservation,prod,551227,20012,88.01,289,720,0.405,99.419,59.46,72.46,29.74,7,0,1.65,release week
2023-04-07,pricing-engine,prod,555696,19543,87.84,268,564,0.187,99.463,58.9,68.11,48.61,2,0,1.06,watch latency
2023-04-07,tax-service,prod,574398,21287,87.56,339,671,0.456,99.409,61.96,52.53,32.75,6,0,1.89,cache warmup
2023-04-07,loyalty-service,prod,553246,19487,88.57,278,616,0.226,99.455,58.67,57.1,28.9,5,0,1.18,cache warmup
2023-04-07,notification-service,prod,566325,19802,90.1,286,653,0.09,99.482,70.77,58.9,58.79,0,0,0.86,database pressure
2023-04-07,auth-gateway,prod,555144,20505,87.71,328,733,0.337,99.433,64.02,53.47,30.69,3,0,1.57,incident review
2023-04-07,analytics-pipeline,prod,547459,21065,88.42,412,808,0.315,99.437,55.12,58.67,29.96,7,0,1.7,release week
2023-04-07,search-recommendations,prod,559700,18923,90.08,433,928,0.406,99.419,71.68,70.57,39.81,7,0,1.98,incident review
2023-04-14,checkout-api,prod,1018816,37023,88.61,300,697,0.102,99.48,61.85,73.59,57.51,0,0,0.92,database pressure
2023-04-14,cart-service,prod,1011225,36222,88.81,251,502,0.02,99.496,66.84,55.44,55.26,1,0,0.61,cache warmup
2023-04-14,payment-orchestrator,prod,978118,34372,88.24,286,650,0.35,99.43,65.29,71.29,40.54,3,0,1.51,watch latency
2023-04-14,order-ledger,prod,559791,20772,90.06,304,622,0.665,99.367,47.29,69.45,47.93,1,0,2.34,database pressure
2023-04-14,inventory-reservation,prod,545812,19946,88.46,325,611,0.02,99.496,71.88,58.73,28.87,7,0,0.77,cache warmup
2023-04-14,pricing-engine,prod,543090,18677,88.18,278,626,0.13,99.474,50.51,76.12,38.21,1,0,0.94,cache warmup
2023-04-14,tax-service,prod,561375,21463,87.58,311,629,0.419,99.416,57.4,64.8,53.48,3,0,1.74,database pressure
2023-04-14,loyalty-service,prod,570389,19995,87.74,309,672,0.474,99.405,69.33,70.05,27.59,3,0,1.87,watch latency
2023-04-14,notification-service,prod,575205,22173,90.21,273,613,0.17,99.466,52.04,66.21,27.2,3,0,1.03,normal baseline
2023-04-14,auth-gateway,prod,540001,18408,89.75,245,532,0.549,99.39,67.68,67.37,27.47,3,0,1.92,normal baseline
2023-04-14,analytics-pipeline,prod,569509,21410,87.62,382,810,0.438,99.412,55.7,60.67,51.91,5,0,1.94,database pressure
2023-04-14,search-recommendations,prod,572888,20431,89.18,348,722,0.75,99.35,60.17,68.13,39.45,6,0,2.65,watch latency
2023-04-21,checkout-api,prod,969865,35127,89.97,250,553,0.033,99.493,54.2,51.07,31.21,7,0,0.64,database pressure
2023-04-21,cart-service,prod,1011375,35725,87.97,304,593,0.644,99.371,49.79,75.58,31.81,3,0,2.28,watch latency
2023-04-21,payment-orchestrator,prod,1008379,34988,89.54,268,534,0.468,99.406,51.34,72.37,42.99,2,0,1.77,watch latency
2023-04-21,order-ledger,prod,557507,20254,90.0,267,574,0.177,99.465,53.74,61.51,43.25,3,0,1.03,release week
2023-04-21,inventory-reservation,prod,568215,19510,90.59,252,599,0.502,99.4,63.42,72.4,59.1,0,0,1.82,release week
2023-04-21,pricing-engine,prod,553075,20392,89.67,279,643,0.232,99.454,45.64,74.59,38.98,5,0,1.2,release week
2023-04-21,tax-service,prod,575078,20031,89.92,271,678,0.388,99.422,45.16,67.32,33.21,1,0,1.57,normal baseline
2023-04-21,loyalty-service,prod,554500,20441,90.19,274,663,0.02,99.496,64.39,74.83,49.51,5,0,0.66,release week
2023-04-21,notification-service,prod,539228,19660,90.15,246,552,0.077,99.485,47.23,60.88,58.5,7,0,0.74,campaign traffic
2023-04-21,auth-gateway,prod,557420,19012,89.4,336,795,0.348,99.43,46.12,61.96,62.79,0,0,1.62,campaign traffic
2023-04-21,analytics-pipeline,prod,573776,20671,87.43,428,864,0.246,99.451,43.6,52.08,48.45,5,0,1.57,database pressure
2023-04-21,search-recommendations,prod,551412,19489,89.81,354,816,0.26,99.448,72.34,69.72,38.29,6,0,1.44,database pressure
2023-04-28,checkout-api,prod,1037161,37160,88.8,332,681,0.631,99.374,43.94,61.54,28.23,2,0,2.31,incident review
2023-04-28,cart-service,prod,970052,34089,89.78,260,493,0.02,99.496,53.07,64.24,44.4,0,0,0.63,watch latency
2023-04-28,payment-orchestrator,prod,994523,34690,88.22,247,604,0.111,99.478,56.16,56.16,53.33,7,0,0.83,incident review
2023-04-28,order-ledger,prod,540069,20058,87.45,332,719,0.246,99.451,53.47,74.84,54.34,3,0,1.35,cache warmup
2023-04-28,inventory-reservation,prod,556703,19492,87.59,297,602,0.041,99.492,68.51,52.77,47.86,6,0,0.76,normal baseline
2023-04-28,pricing-engine,prod,549579,19845,88.37,318,631,0.353,99.429,70.61,52.16,31.97,0,0,1.59,database pressure
2023-04-28,tax-service,prod,546422,19761,89.49,302,714,0.269,99.446,59.3,50.86,27.7,5,0,1.34,release week
2023-04-28,loyalty-service,prod,561342,20628,89.3,279,696,0.648,99.37,68.18,56.31,30.56,7,0,2.24,incident review
2023-04-28,notification-service,prod,555352,19708,88.49,332,676,0.159,99.468,65.91,55.74,64.16,6,0,1.13,database pressure
2023-04-28,auth-gateway,prod,538928,20852,90.24,271,678,0.088,99.482,56.33,75.7,38.61,5,0,0.82,cache warmup
2023-04-28,analytics-pipeline,prod,544012,20358,87.59,396,742,0.189,99.462,65.19,52.24,29.14,6,0,1.35,watch latency
2023-04-28,search-recommendations,prod,571149,19597,89.45,374,854,0.063,99.487,52.42,59.89,32.34,6,0,0.99,cache warmup
2023-05-05,checkout-api,prod,1019422,36578,89.18,252,640,0.32,99.436,67.02,57.04,32.42,1,0,1.36,watch latency
2023-05-05,cart-service,prod,1033547,36544,90.65,276,592,0.079,99.484,54.17,60.86,47.63,5,0,0.81,incident review
2023-05-05,payment-orchestrator,prod,999091,35118,90.14,246,619,0.238,99.452,44.94,66.88,31.08,2,0,1.14,normal baseline
2023-05-05,order-ledger,prod,538109,20899,89.95,306,702,0.258,99.448,52.06,61.37,59.98,5,0,1.32,release week
2023-05-05,inventory-reservation,prod,541826,20925,88.14,278,573,0.563,99.387,64.14,52.55,60.97,2,0,2.03,normal baseline
2023-05-05,pricing-engine,prod,570543,20725,90.18,249,645,0.17,99.466,66.48,71.14,36.99,5,0,0.98,normal baseline
2023-05-05,tax-service,prod,555139,20981,90.27,339,784,0.601,99.38,61.66,58.33,64.05,1,0,2.26,release week
2023-05-05,loyalty-service,prod,540590,17857,89.05,308,681,0.065,99.487,70.06,56.09,60.58,7,0,0.85,database pressure
2023-05-05,notification-service,prod,551093,21239,87.62,261,567,0.533,99.393,43.57,63.32,28.52,6,0,1.91,incident review
2023-05-05,auth-gateway,prod,571165,20584,90.37,331,651,0.189,99.462,68.85,62.22,58.13,2,0,1.21,watch latency
2023-05-05,analytics-pipeline,prod,539719,20603,88.42,340,688,0.384,99.423,49.93,55.57,30.78,0,0,1.72,incident review
2023-05-05,search-recommendations,prod,540588,21077,88.55,299,737,0.398,99.42,58.17,52.81,41.1,4,0,1.66,cache warmup
2023-05-12,checkout-api,prod,1036823,37526,87.46,283,542,0.26,99.448,57.42,73.86,51.62,0,0,1.28,database pressure
2023-05-12,cart-service,prod,988668,34176,90.3,311,651,0.417,99.417,71.37,54.78,63.39,0,0,1.73,incident review
2023-05-12,payment-orchestrator,prod,999624,34519,89.03,287,646,0.844,99.331,69.14,53.49,60.8,4,0,2.75,campaign traffic
2023-05-12,order-ledger,prod,556918,19182,88.37,296,604,0.29,99.442,48.42,50.64,37.32,5,0,1.38,normal baseline
2023-05-12,inventory-reservation,prod,568742,21007,88.67,324,668,0.42,99.416,54.63,63.83,44.82,6,0,1.77,normal baseline
2023-05-12,pricing-engine,prod,542371,20831,89.97,325,609,0.334,99.433,55.55,66.46,41.39,4,0,1.56,cache warmup
2023-05-12,tax-service,prod,564112,21408,89.16,256,550,0.02,99.496,50.81,74.53,61.36,0,0,0.62,incident review
2023-05-12,loyalty-service,prod,564188,19624,89.83,286,538,0.502,99.4,66.22,58.41,55.85,0,0,1.89,incident review
2023-05-12,notification-service,prod,567915,19353,90.3,317,709,0.193,99.461,54.36,61.8,43.19,7,0,1.19,normal baseline
2023-05-12,auth-gateway,prod,544388,19477,88.77,293,642,0.326,99.435,49.43,73.95,39.75,1,0,1.47,incident review
2023-05-12,analytics-pipeline,prod,539157,18038,89.37,361,673,0.221,99.456,50.61,51.46,44.58,7,0,1.36,normal baseline
2023-05-12,search-recommendations,prod,563301,20475,90.41,415,917,0.253,99.449,67.68,72.17,48.35,0,0,1.55,cache warmup
2023-05-19,checkout-api,prod,1018294,37376,88.69,250,516,0.345,99.431,59.76,53.08,34.94,3,0,1.42,watch latency
2023-05-19,cart-service,prod,973387,33906,88.66,329,698,0.174,99.465,44.74,70.5,32.43,4,0,1.17,campaign traffic
2023-05-19,payment-orchestrator,prod,974728,35314,87.6,337,645,0.19,99.462,52.23,49.18,28.77,2,0,1.22,cache warmup
2023-05-19,order-ledger,prod,567347,20213,89.55,321,628,0.31,99.438,57.24,73.69,57.0,5,0,1.49,release week
2023-05-19,inventory-reservation,prod,562925,21633,87.5,258,629,0.381,99.424,56.94,55.7,62.9,0,0,1.53,campaign traffic
2023-05-19,pricing-engine,prod,556636,19054,89.26,317,713,0.241,99.452,54.0,62.62,53.32,5,0,1.31,database pressure
2023-05-19,tax-service,prod,556872,18745,87.81,321,725,0.319,99.436,44.07,68.14,52.0,2,0,1.51,campaign traffic
2023-05-19,loyalty-service,prod,557544,18686,87.83,313,674,0.503,99.399,53.16,49.71,42.98,0,0,1.95,incident review
2023-05-19,notification-service,prod,538038,20298,87.6,291,649,0.043,99.491,49.83,58.33,43.66,0,0,0.75,incident review
2023-05-19,auth-gateway,prod,544031,19876,87.53,251,650,0.407,99.419,62.78,62.99,38.13,3,0,1.57,watch latency
2023-05-19,analytics-pipeline,prod,569963,19528,89.43,455,1016,0.335,99.433,48.02,56.36,41.96,4,0,1.85,watch latency
2023-05-19,search-recommendations,prod,564196,21186,87.58,372,765,0.21,99.458,61.39,58.16,56.59,2,0,1.35,database pressure
2023-05-26,checkout-api,prod,989627,34688,88.99,260,601,0.02,99.496,60.12,52.83,28.44,2,0,0.63,incident review
2023-05-26,cart-service,prod,978053,34790,87.75,288,552,0.451,99.41,62.55,64.81,48.43,1,0,1.77,campaign traffic
2023-05-26,payment-orchestrator,prod,976105,35102,87.87,268,640,0.327,99.435,61.69,53.32,39.55,4,0,1.41,normal baseline
2023-05-26,order-ledger,prod,543456,18244,89.5,282,663,0.225,99.455,47.15,66.96,31.39,6,0,1.19,campaign traffic
2023-05-26,inventory-reservation,prod,576664,20388,88.63,295,656,0.442,99.412,43.5,63.14,34.65,0,0,1.76,watch latency
2023-05-26,pricing-engine,prod,554960,19900,89.66,287,693,0.393,99.421,68.24,51.73,58.89,5,0,1.62,cache warmup
2023-05-26,tax-service,prod,546042,19980,90.6,321,615,0.117,99.477,42.64,58.39,53.64,2,0,1.01,release week
2023-05-26,loyalty-service,prod,545424,20463,88.23,246,623,0.254,99.449,63.06,48.85,56.24,6,0,1.18,normal baseline
2023-05-26,notification-service,prod,567103,21699,89.95,309,617,0.184,99.463,59.58,67.12,45.09,7,0,1.15,normal baseline
2023-05-26,auth-gateway,prod,541215,19857,89.68,340,678,0.131,99.474,41.38,57.62,48.67,0,0,1.08,release week
2023-05-26,analytics-pipeline,prod,542444,19262,89.77,348,656,0.121,99.476,48.28,69.49,55.5,7,0,1.08,cache warmup
2023-05-26,search-recommendations,prod,559489,18950,87.82,448,925,0.203,99.009,62.92,63.59,62.71,1,1,1.5,release week
2023-06-02,checkout-api,prod,985023,34638,87.88,287,638,0.337,99.433,51.82,72.75,56.98,0,0,1.48,normal baseline
2023-06-02,cart-service,prod,1015723,37829,87.39,320,652,0.498,99.4,67.94,48.06,42.38,7,0,1.96,database pressure
2023-06-02,payment-orchestrator,prod,1029072,38121,90.74,268,643,0.685,99.363,52.8,58.41,60.88,2,0,2.31,incident review
2023-06-02,order-ledger,prod,559670,19756,88.51,273,572,0.435,99.413,40.2,56.41,62.1,4,0,1.69,release week
2023-06-02,inventory-reservation,prod,551413,21315,88.64,300,683,0.386,99.423,52.32,51.85,37.42,0,0,1.63,database pressure
2023-06-02,pricing-engine,prod,568626,19006,88.78,271,587,0.283,99.443,62.65,65.07,33.74,0,0,1.31,database pressure
2023-06-02,tax-service,prod,563294,20813,87.78,338,638,0.258,99.448,52.77,65.26,47.37,7,0,1.4,campaign traffic
2023-06-02,loyalty-service,prod,558628,19578,90.69,268,652,0.361,99.428,57.59,52.94,62.69,2,0,1.5,cache warmup
2023-06-02,notification-service,prod,559025,20396,87.74,320,697,0.118,99.476,41.43,64.27,46.23,6,0,1.01,normal baseline
2023-06-02,auth-gateway,prod,575360,20512,88.69,330,723,0.525,98.945,58.92,63.6,42.44,1,1,2.05,normal baseline
2023-06-02,analytics-pipeline,prod,570452,19751,88.54,348,740,0.348,99.43,48.93,48.27,56.31,2,0,1.64,release week
2023-06-02,search-recommendations,prod,540503,21056,89.87,356,685,0.112,99.478,61.76,48.4,38.74,2,0,1.07,watch latency
2023-06-09,checkout-api,prod,987211,33890,90.2,324,674,0.144,99.021,67.12,64.3,41.33,6,1,1.08,watch latency
2023-06-09,cart-service,prod,1017315,37757,90.73,251,513,0.374,99.425,63.19,63.79,47.82,6,0,1.49,normal baseline
2023-06-09,payment-orchestrator,prod,967276,33185,89.5,251,584,0.71,99.358,60.65,65.47,60.43,7,0,2.33,watch latency
2023-06-09,order-ledger,prod,538306,17877,89.39,266,617,0.044,99.041,49.27,55.28,47.4,3,1,0.7,database pressure
2023-06-09,inventory-reservation,prod,537197,17875,90.26,332,638,0.436,99.413,63.8,67.5,54.86,1,0,1.83,incident review
2023-06-09,pricing-engine,prod,561793,19643,88.83,282,553,0.286,99.443,59.13,51.42,63.27,2,0,1.34,cache warmup
2023-06-09,tax-service,prod,539256,19689,88.68,273,530,0.586,99.383,61.4,62.64,46.76,5,0,2.07,normal baseline
2023-06-09,loyalty-service,prod,537140,19888,88.41,311,754,0.135,99.473,65.98,64.82,60.82,5,0,1.03,watch latency
2023-06-09,notification-service,prod,561182,21685,89.85,306,695,0.22,99.456,54.45,53.01,39.21,4,0,1.23,release week
2023-06-09,auth-gateway,prod,570174,19094,90.53,303,685,0.02,99.496,44.58,66.15,60.51,6,0,0.72,watch latency
2023-06-09,analytics-pipeline,prod,572992,22019,87.61,362,811,0.02,99.496,50.48,57.19,27.8,1,0,0.85,release week
2023-06-09,search-recommendations,prod,573415,20072,87.75,435,864,0.318,99.436,53.13,69.19,62.23,7,0,1.76,campaign traffic
2023-06-16,checkout-api,prod,986985,35777,89.47,291,576,0.259,99.448,53.23,53.47,56.91,3,0,1.29,incident review
2023-06-16,cart-service,prod,992431,35308,90.08,327,739,0.354,99.429,67.01,67.44,58.66,3,0,1.61,release week
2023-06-16,payment-orchestrator,prod,976044,35398,90.25,313,641,0.414,99.417,51.65,47.08,42.2,3,0,1.73,campaign traffic
2023-06-16,order-ledger,prod,572209,19316,87.98,304,629,0.478,99.404,61.43,54.33,31.09,1,0,1.87,database pressure
2023-06-16,inventory-reservation,prod,553487,18310,89.22,294,581,0.443,99.411,64.28,56.64,28.22,6,0,1.76,normal baseline
2023-06-16,pricing-engine,prod,559443,19240,89.64,266,586,0.257,99.449,56.01,62.14,35.06,2,0,1.23,campaign traffic
2023-06-16,tax-service,prod,576734,19783,89.1,247,626,0.381,99.424,66.9,58.73,30.74,4,0,1.5,database pressure
2023-06-16,loyalty-service,prod,561817,19512,89.88,331,686,0.02,99.496,41.97,61.34,51.38,1,0,0.79,incident review
2023-06-16,notification-service,prod,557347,21176,89.96,256,515,0.411,99.418,51.1,67.38,62.08,5,0,1.6,cache warmup
2023-06-16,auth-gateway,prod,538082,18050,87.87,326,708,0.413,99.417,62.4,48.77,41.28,2,0,1.76,campaign traffic
2023-06-16,analytics-pipeline,prod,554910,19109,87.34,394,802,0.31,99.438,47.06,68.4,61.48,2,0,1.65,release week
2023-06-16,search-recommendations,prod,569043,19507,88.93,311,752,0.259,99.448,49.06,59.43,45.99,7,0,1.34,normal baseline
2023-06-23,checkout-api,prod,1009022,36734,87.99,254,510,0.496,99.401,65.62,70.39,28.86,0,0,1.8,campaign traffic
2023-06-23,cart-service,prod,1006927,37473,90.05,316,677,0.428,99.414,61.07,62.69,47.96,2,0,1.77,release week
2023-06-23,payment-orchestrator,prod,1006923,37333,88.99,285,712,0.166,99.467,44.18,71.01,43.8,1,0,1.05,incident review
2023-06-23,order-ledger,prod,574338,19994,88.77,323,748,0.317,99.437,57.68,46.35,44.48,4,0,1.51,cache warmup
2023-06-23,inventory-reservation,prod,554847,20750,90.23,324,666,0.295,99.441,53.51,68.92,63.31,6,0,1.46,incident review
2023-06-23,pricing-engine,prod,541285,18292,90.28,319,722,0.1,99.03,61.14,58.45,37.36,6,1,0.96,release week
2023-06-23,tax-service,prod,575861,21096,89.18,318,618,0.326,99.435,45.76,57.41,64.5,1,0,1.52,incident review
2023-06-23,loyalty-service,prod,572523,21113,89.27,258,618,0.227,99.455,57.71,59.79,55.64,5,0,1.14,database pressure
2023-06-23,notification-service,prod,574704,20889,89.17,291,701,0.248,99.45,45.07,59.86,58.07,1,0,1.27,release week
2023-06-23,auth-gateway,prod,576800,22039,90.24,273,649,0.409,99.418,37.74,54.78,53.4,1,0,1.63,watch latency
2023-06-23,analytics-pipeline,prod,571325,21657,88.7,465,921,0.294,99.441,50.74,61.15,49.98,0,0,1.77,incident review
2023-06-23,search-recommendations,prod,560984,19398,88.47,409,904,0.203,99.459,48.85,46.05,64.35,6,0,1.42,release week
2023-06-30,checkout-api,prod,1029771,36651,89.13,256,482,0.363,99.427,66.05,63.3,51.65,3,0,1.48,normal baseline
2023-06-30,cart-service,prod,972230,35426,88.22,260,626,0.429,98.964,49.59,59.34,36.77,3,1,1.65,database pressure
2023-06-30,payment-orchestrator,prod,1015929,37053,89.47,297,598,0.204,99.459,40.78,54.07,32.32,1,0,1.17,cache warmup
2023-06-30,order-ledger,prod,539309,19104,87.92,277,549,0.359,99.428,51.32,49.15,57.7,5,0,1.51,normal baseline
2023-06-30,inventory-reservation,prod,552781,20480,87.51,259,595,0.29,99.442,63.59,63.5,28.91,0,0,1.3,incident review
2023-06-30,pricing-engine,prod,555981,20923,88.93,337,746,0.094,99.481,44.05,66.01,33.18,4,0,0.99,database pressure
2023-06-30,tax-service,prod,560198,18548,89.92,291,560,0.02,99.496,48.1,54.58,31.37,0,0,0.7,normal baseline
2023-06-30,loyalty-service,prod,561447,21010,88.23,318,742,0.526,99.395,38.46,46.65,35.32,4,0,2.02,campaign traffic
2023-06-30,notification-service,prod,561221,18639,90.65,314,684,0.289,99.442,59.91,69.35,47.53,6,0,1.42,campaign traffic
2023-06-30,auth-gateway,prod,538530,19706,88.22,328,642,0.296,99.441,60.29,57.13,38.93,1,0,1.47,normal baseline
2023-06-30,analytics-pipeline,prod,553216,19888,89.2,430,835,0.186,99.463,37.09,54.76,37.06,1,0,1.42,watch latency
2023-06-30,search-recommendations,prod,553199,20268,88.41,376,791,0.384,99.423,48.69,59.32,63.59,4,0,1.8,incident review
2023-07-07,checkout-api,prod,970241,33970,90.6,262,509,0.233,99.453,52.38,51.46,40.16,0,0,1.16,release week
2023-07-07,cart-service,prod,1001206,36456,88.55,290,698,1.083,99.283,56.99,61.75,63.13,7,0,3.35,release week
2023-07-07,payment-orchestrator,prod,995947,35109,87.83,267,506,0.578,99.384,50.84,55.03,55.05,6,0,2.04,release week
2023-07-07,order-ledger,prod,560836,21430,87.83,333,788,0.387,99.423,39.02,47.62,49.39,0,0,1.71,campaign traffic
2023-07-07,inventory-reservation,prod,545734,20321,89.17,335,732,0.352,99.43,65.15,49.65,30.37,5,0,1.62,incident review
2023-07-07,pricing-engine,prod,562725,19499,88.51,279,574,0.259,99.448,45.93,64.07,44.57,4,0,1.27,incident review
2023-07-07,tax-service,prod,549052,21261,89.69,290,566,0.426,99.415,45.01,64.0,48.64,2,0,1.71,database pressure
2023-07-07,loyalty-service,prod,574018,20889,88.8,286,559,0.356,99.429,50.72,49.6,29.9,2,0,1.52,watch latency
2023-07-07,notification-service,prod,570622,21738,90.28,327,708,0.36,99.428,47.93,54.78,54.79,0,0,1.63,release week
2023-07-07,auth-gateway,prod,552770,20334,89.96,334,647,0.02,99.496,46.78,59.11,54.75,7,0,0.79,normal baseline
2023-07-07,analytics-pipeline,prod,547111,19052,87.69,292,587,0.306,99.439,42.91,48.99,60.83,5,0,1.41,database pressure
2023-07-07,search-recommendations,prod,539188,20380,88.93,341,715,0.469,99.406,64.22,54.66,64.39,2,0,1.93,database pressure
2023-07-14,checkout-api,prod,1025730,35280,87.88,271,591,0.367,99.427,47.14,57.86,44.09,4,0,1.52,database pressure
2023-07-14,cart-service,prod,1037255,37817,87.99,298,636,0.457,99.409,51.14,62.37,52.12,5,0,1.8,cache warmup
2023-07-14,payment-orchestrator,prod,1011076,35432,90.35,335,747,0.246,99.001,37.9,64.81,43.29,7,1,1.36,campaign traffic
2023-07-14,order-ledger,prod,557872,21704,90.61,309,738,0.468,99.406,53.24,47.93,36.37,1,0,1.86,watch latency
2023-07-14,inventory-reservation,prod,549310,18895,88.37,257,596,0.152,99.47,39.28,48.34,41.17,2,0,0.95,release week
2023-07-14,pricing-engine,prod,573872,20733,88.54,258,510,0.316,99.437,62.11,63.81,59.7,3,0,1.36,cache warmup
2023-07-14,tax-service,prod,538371,19767,88.4,310,737,0.361,99.428,39.87,66.78,49.47,3,0,1.59,incident review
2023-07-14,loyalty-service,prod,554243,19121,89.97,279,563,0.399,99.42,49.25,51.7,42.64,7,0,1.62,database pressure
2023-07-14,notification-service,prod,550809,19177,89.16,299,617,0.193,99.461,35.71,53.7,57.22,7,0,1.15,cache warmup
2023-07-14,auth-gateway,prod,565497,21945,89.89,295,624,0.434,99.413,42.33,58.1,61.42,5,0,1.74,incident review
2023-07-14,analytics-pipeline,prod,560807,20433,90.45,391,848,0.02,99.496,34.34,68.15,42.78,5,0,0.92,campaign traffic
2023-07-14,search-recommendations,prod,538219,17867,88.51,420,880,0.423,99.415,43.53,57.83,33.1,6,0,1.99,database pressure
2023-07-21,checkout-api,prod,995455,35578,87.86,315,645,0.399,99.42,57.44,65.13,27.58,1,0,1.7,cache warmup
2023-07-21,cart-service,prod,976768,35539,89.6,311,676,0.304,99.439,56.72,43.54,29.28,7,0,1.45,watch latency
2023-07-21,payment-orchestrator,prod,1023541,36945,89.3,338,802,0.344,99.431,61.63,61.87,29.3,6,0,1.61,database pressure
2023-07-21,order-ledger,prod,539106,19227,88.62,330,715,0.425,99.415,39.85,65.78,45.59,5,0,1.8,database pressure
2023-07-21,inventory-reservation,prod,571885,19465,88.47,296,621,0.418,99.416,62.43,66.96,29.81,7,0,1.7,release week
2023-07-21,pricing-engine,prod,562426,21727,90.38,286,578,0.172,99.466,54.0,45.27,47.84,7,0,1.07,campaign traffic
2023-07-21,tax-service,prod,537210,19487,89.88,340,673,0.199,99.46,51.21,67.43,34.77,7,0,1.25,watch latency
2023-07-21,loyalty-service,prod,569949,21508,87.7,326,668,0.02,99.496,49.76,50.33,60.69,6,0,0.77,cache warmup
2023-07-21,notification-service,prod,561957,21850,89.53,248,487,0.364,99.427,58.85,68.49,29.89,6,0,1.46,watch latency
2023-07-21,auth-gateway,prod,545794,21033,89.66,254,639,0.02,99.496,43.58,55.24,41.22,1,0,0.61,watch latency
2023-07-21,analytics-pipeline,prod,569162,20801,88.76,452,876,0.407,99.419,42.16,47.0,52.72,5,0,2.02,watch latency
2023-07-21,search-recommendations,prod,576172,20127,88.41,433,819,0.426,99.415,60.77,58.68,31.93,1,0,2.03,cache warmup
2023-07-28,checkout-api,prod,974889,36312,90.47,260,653,0.02,99.046,59.6,65.39,32.27,0,1,0.63,database pressure
2023-07-28,cart-service,prod,1016769,36302,89.21,307,695,0.267,98.997,59.74,43.15,40.58,6,1,1.35,campaign traffic
2023-07-28,payment-orchestrator,prod,992988,36321,87.99,294,594,0.461,99.408,36.92,46.71,47.59,6,0,1.81,incident review
2023-07-28,order-ledger,prod,547154,19435,89.01,279,622,0.247,99.451,60.89,46.34,53.51,3,0,1.24,release week
2023-07-28,inventory-reservation,prod,569106,19931,87.85,247,601,0.09,99.482,53.34,68.05,37.9,4,0,0.77,release week
2023-07-28,pricing-engine,prod,570515,20596,89.77,339,681,0.428,99.414,47.98,60.0,58.18,5,0,1.82,database pressure
2023-07-28,tax-service,prod,571243,19961,88.42,307,741,0.356,99.429,51.54,62.24,28.87,5,0,1.57,watch latency
2023-07-28,loyalty-service,prod,538460,18957,89.54,255,576,0.434,99.413,59.45,61.87,56.24,0,0,1.65,watch latency
2023-07-28,notification-service,prod,552540,18605,88.92,259,624,0.376,99.425,48.85,67.6,47.53,1,0,1.52,watch latency
2023-07-28,auth-gateway,prod,553660,18953,87.98,318,754,0.152,99.47,62.45,48.94,38.36,1,0,1.09,normal baseline
2023-07-28,analytics-pipeline,prod,543447,20479,88.71,407,916,0.176,99.465,37.73,66.77,38.71,3,0,1.35,campaign traffic
2023-07-28,search-recommendations,prod,564468,21015,90.06,401,771,0.396,98.971,60.03,68.24,30.41,4,1,1.88,incident review
2023-08-04,checkout-api,prod,998683,35770,88.31,287,602,0.037,99.043,54.05,42.91,64.12,6,1,0.73,database pressure
2023-08-04,cart-service,prod,1006086,35045,87.94,337,639,0.248,99.45,50.6,52.66,47.02,6,0,1.37,incident review
2023-08-04,payment-orchestrator,prod,974107,34242,90.52,302,659,0.434,99.413,55.25,64.15,64.32,4,0,1.76,cache warmup
2023-08-04,order-ledger,prod,572027,18937,87.77,328,785,0.02,99.496,35.82,61.06,28.52,1,0,0.78,cache warmup
2023-08-04,inventory-reservation,prod,544429,17964,89.63,334,622,0.097,99.481,32.13,49.52,39.83,5,0,0.98,incident review
2023-08-04,pricing-engine,prod,555385,18484,88.55,290,655,0.145,99.471,54.84,52.13,40.11,1,0,1.01,database pressure
2023-08-04,tax-service,prod,553096,20489,89.65,263,580,0.02,99.496,33.7,49.12,44.58,5,0,0.63,campaign traffic
2023-08-04,loyalty-service,prod,544784,19739,90.28,272,520,0.17,99.466,58.71,59.32,54.42,5,0,1.03,database pressure
2023-08-04,notification-service,prod,565666,20272,89.43,257,506,0.309,99.438,59.26,62.22,36.78,5,0,1.34,incident review
2023-08-04,auth-gateway,prod,574374,21644,89.6,252,636,0.189,99.462,60.69,62.62,40.16,7,0,1.03,release week
2023-08-04,analytics-pipeline,prod,539679,20110,88.79,369,855,0.428,99.414,46.3,66.82,51.39,4,0,1.89,cache warmup
2023-08-04,search-recommendations,prod,555083,19919,87.98,378,742,0.089,99.482,38.46,50.48,51.97,4,0,1.06,campaign traffic
2023-08-11,checkout-api,prod,985113,35990,88.83,290,585,0.123,99.475,53.75,47.94,51.08,5,0,0.95,normal baseline
2023-08-11,cart-service,prod,973116,33722,88.93,249,550,0.32,99.436,44.35,57.28,28.09,4,0,1.35,database pressure
2023-08-11,payment-orchestrator,prod,971346,33998,88.73,279,596,0.096,99.481,34.09,60.92,33.58,0,0,0.86,incident review
2023-08-11,order-ledger,prod,552888,20331,88.58,280,664,0.378,99.424,57.09,47.21,27.1,7,0,1.57,cache warmup
2023-08-11,inventory-reservation,prod,543205,18653,88.11,281,622,0.372,99.426,50.42,61.74,60.55,0,0,1.55,incident review
2023-08-11,pricing-engine,prod,552007,18297,90.31,270,525,0.443,99.411,53.3,66.89,61.21,6,0,1.71,release week
2023-08-11,tax-service,prod,562371,20482,88.71,277,536,0.467,99.407,55.1,54.64,44.46,0,0,1.78,cache warmup
2023-08-11,loyalty-service,prod,541532,19882,90.5,321,635,0.318,99.436,51.76,46.13,45.02,7,0,1.51,release week
2023-08-11,notification-service,prod,560615,21087,88.05,337,647,0.277,99.445,55.92,60.49,50.83,5,0,1.44,incident review
2023-08-11,auth-gateway,prod,576144,20575,88.26,273,633,0.351,99.43,39.36,43.5,61.36,4,0,1.48,campaign traffic
2023-08-11,analytics-pipeline,prod,564213,21246,89.96,404,857,0.553,99.389,47.15,51.83,36.34,1,0,2.28,campaign traffic
2023-08-11,search-recommendations,prod,544469,19795,89.9,383,869,0.298,99.44,52.85,50.01,33.66,0,0,1.6,database pressure
2023-08-18,checkout-api,prod,1033943,35881,90.21,320,602,0.128,99.474,53.27,41.8,45.41,4,0,1.03,release week
2023-08-18,cart-service,prod,1016757,36570,90.05,294,586,0.458,99.408,51.7,41.4,40.08,7,0,1.8,watch latency
2023-08-18,payment-orchestrator,prod,1028840,35986,87.75,274,673,0.525,99.395,44.6,45.43,40.24,7,0,1.92,campaign traffic
2023-08-18,order-ledger,prod,555178,21453,88.67,310,635,0.07,99.486,54.27,51.15,30.21,6,0,0.86,cache warmup
2023-08-18,inventory-reservation,prod,554623,20145,88.97,263,650,0.492,99.402,34.33,51.43,54.7,0,0,1.81,normal baseline
2023-08-18,pricing-engine,prod,571737,21279,90.42,267,595,0.178,99.464,47.77,57.28,37.65,5,0,1.04,cache warmup
2023-08-18,tax-service,prod,547891,19759,88.18,256,487,0.237,99.453,32.94,62.72,39.0,4,0,1.16,database pressure
2023-08-18,loyalty-service,prod,542041,18300,88.02,332,795,0.412,99.418,56.5,60.45,46.08,2,0,1.77,incident review
2023-08-18,notification-service,prod,555754,20238,90.55,307,656,0.286,99.443,46.63,62.96,40.11,3,0,1.4,release week
2023-08-18,auth-gateway,prod,559485,20639,87.5,280,699,0.182,99.464,57.33,58.04,30.21,2,0,1.08,normal baseline
2023-08-18,analytics-pipeline,prod,550420,21190,90.24,436,922,0.651,99.37,41.47,54.95,49.92,5,0,2.6,watch latency
2023-08-18,search-recommendations,prod,572846,19875,89.63,450,877,0.265,99.447,54.54,44.81,27.36,1,0,1.66,campaign traffic
2023-08-25,checkout-api,prod,993288,35803,87.66,281,690,0.308,99.438,40.33,48.75,51.12,0,0,1.39,normal baseline
2023-08-25,cart-service,prod,1015524,35571,89.21,291,671,0.02,99.496,34.39,47.19,53.22,3,0,0.7,watch latency
2023-08-25,payment-orchestrator,prod,1032305,35800,88.61,248,479,0.75,99.35,34.51,46.05,52.68,1,0,2.43,incident review
2023-08-25,order-ledger,prod,569170,20562,90.04,298,723,0.552,99.39,46.94,52.93,36.47,6,0,2.04,normal baseline
2023-08-25,inventory-reservation,prod,552060,19463,90.37,290,706,0.308,99.438,52.8,64.86,55.51,5,0,1.41,watch latency
2023-08-25,pricing-engine,prod,559916,18784,87.46,322,704,0.245,99.451,30.47,56.58,52.83,2,0,1.33,database pressure
2023-08-25,tax-service,prod,537368,20683,90.48,318,758,0.734,99.353,40.97,64.07,62.92,6,0,2.54,watch latency
2023-08-25,loyalty-service,prod,562217,19972,87.73,328,721,0.201,99.46,36.36,47.9,43.7,3,0,1.23,watch latency
2023-08-25,notification-service,prod,563803,20646,87.64,256,660,0.114,99.477,52.91,61.05,45.61,0,0,0.85,incident review
2023-08-25,auth-gateway,prod,561658,20898,89.42,298,672,0.421,99.416,36.18,48.21,40.52,5,0,1.71,database pressure
2023-08-25,analytics-pipeline,prod,540899,19228,88.55,376,799,0.191,99.462,46.61,42.6,38.03,3,0,1.31,campaign traffic
2023-08-25,search-recommendations,prod,552672,20178,87.37,365,773,0.485,98.953,41.15,59.31,63.88,3,1,2.02,database pressure
2023-09-01,checkout-api,prod,1017736,35019,89.58,282,650,0.313,99.437,35.01,63.63,27.54,2,0,1.41,normal baseline
2023-09-01,cart-service,prod,993015,36131,88.29,246,466,0.428,99.414,58.81,57.49,57.57,1,0,1.62,campaign traffic
2023-09-01,payment-orchestrator,prod,1004938,36647,89.57,305,609,0.409,99.418,43.49,53.65,50.05,3,0,1.7,release week
2023-09-01,order-ledger,prod,560131,20500,89.27,332,657,0.427,99.415,39.5,43.31,27.11,3,0,1.81,database pressure
2023-09-01,inventory-reservation,prod,538779,19692,90.31,321,608,0.648,99.37,29.54,43.9,48.75,7,0,2.33,cache warmup
2023-09-01,pricing-engine,prod,561944,19275,89.69,321,729,0.02,99.496,42.68,49.8,42.26,7,0,0.76,campaign traffic
2023-09-01,tax-service,prod,550663,21313,87.55,312,736,0.629,99.374,34.83,53.04,53.18,4,0,2.27,database pressure
2023-09-01,loyalty-service,prod,549698,19618,88.64,258,650,0.027,99.495,47.48,46.52,48.71,3,0,0.64,watch latency
2023-09-01,notification-service,prod,568649,19318,88.12,323,691,0.199,99.46,51.38,44.38,46.34,7,0,1.22,database pressure
2023-09-01,auth-gateway,prod,567026,19248,89.22,334,708,0.419,98.966,36.23,56.61,62.17,6,1,1.79,cache warmup
2023-09-01,analytics-pipeline,prod,575589,21076,90.42,369,805,0.492,99.402,56.78,41.77,55.37,2,0,2.05,cache warmup
2023-09-01,search-recommendations,prod,545447,21274,87.9,388,766,0.225,99.455,38.23,42.68,45.91,3,0,1.43,database pressure
2023-09-08,checkout-api,prod,977839,34254,90.44,271,512,0.216,99.457,44.61,40.01,50.62,4,0,1.14,campaign traffic
2023-09-08,cart-service,prod,969215,35840,89.76,252,631,0.419,99.416,37.28,63.04,29.24,4,0,1.61,campaign traffic
2023-09-08,payment-orchestrator,prod,1012350,35958,87.89,247,557,0.253,99.449,46.54,51.98,52.76,5,0,1.18,incident review
2023-09-08,order-ledger,prod,569274,21986,88.92,286,609,0.093,99.481,37.5,57.09,62.04,6,0,0.87,normal baseline
2023-09-08,inventory-reservation,prod,552020,19663,88.84,332,757,0.576,99.385,49.34,45.54,48.94,2,0,2.18,campaign traffic
2023-09-08,pricing-engine,prod,572828,19112,87.99,294,564,0.212,99.458,29.97,61.89,59.72,0,0,1.18,incident review
2023-09-08,tax-service,prod,565872,21395,89.48,293,649,0.669,99.366,48.41,41.28,63.44,3,0,2.32,normal baseline
2023-09-08,loyalty-service,prod,549705,21400,88.59,304,633,0.467,99.407,50.51,57.07,38.91,1,0,1.84,incident review
2023-09-08,notification-service,prod,558880,18472,87.38,335,785,0.403,99.419,39.99,44.26,50.8,2,0,1.75,watch latency
2023-09-08,auth-gateway,prod,555413,20005,89.69,305,621,0.5,99.4,55.54,47.57,27.99,4,0,1.93,cache warmup
2023-09-08,analytics-pipeline,prod,540262,19451,89.7,423,782,0.345,99.431,56.38,39.74,54.99,2,0,1.8,watch latency
2023-09-08,search-recommendations,prod,566168,21182,90.28,331,785,0.234,99.453,37.19,52.94,44.04,3,0,1.32,database pressure
2023-09-15,checkout-api,prod,1030444,36499,89.13,276,606,0.366,99.427,31.57,43.11,36.16,2,0,1.53,database pressure
2023-09-15,cart-service,prod,998604,37249,88.6,281,565,0.364,99.427,53.61,51.53,54.31,3,0,1.53,campaign traffic
2023-09-15,payment-orchestrator,prod,979182,33597,88.32,273,668,0.296,99.441,31.96,65.19,57.88,0,0,1.35,release week
2023-09-15,order-ledger,prod,538493,18282,89.71,318,694,0.393,99.421,56.99,60.58,62.21,2,0,1.69,database pressure
2023-09-15,inventory-reservation,prod,552374,20594,88.38,328,785,0.286,99.443,32.18,64.76,46.26,4,0,1.44,incident review
2023-09-15,pricing-engine,prod,541681,18239,88.56,262,521,0.02,99.496,49.45,55.42,29.97,3,0,0.63,normal baseline
2023-09-15,tax-service,prod,563915,18649,87.74,246,642,0.421,99.416,46.06,51.42,49.67,4,0,1.6,database pressure
2023-09-15,loyalty-service,prod,547063,18421,87.5,254,578,0.241,99.452,49.78,61.85,54.89,5,0,1.17,release week
2023-09-15,notification-service,prod,545834,19515,89.33,332,634,0.402,99.42,53.5,44.83,39.62,6,0,1.74,campaign traffic
2023-09-15,auth-gateway,prod,555603,18593,87.45,293,576,0.432,99.414,28.88,62.89,62.51,6,0,1.73,database pressure
2023-09-15,analytics-pipeline,prod,549293,20992,87.98,325,712,0.219,99.456,48.97,55.64,44.56,2,0,1.27,cache warmup
2023-09-15,search-recommendations,prod,569393,18931,88.47,473,1028,0.348,99.43,45.79,41.52,29.72,3,0,1.92,watch latency
2023-09-22,checkout-api,prod,1018587,36121,90.61,335,778,0.155,99.469,54.73,57.91,45.39,1,0,1.13,watch latency
2023-09-22,cart-service,prod,972855,35879,89.97,269,614,0.02,99.496,44.31,49.31,37.67,2,0,0.65,incident review
2023-09-22,payment-orchestrator,prod,1001775,35699,90.26,249,496,0.164,99.467,54.73,56.74,37.11,6,0,0.96,database pressure
2023-09-22,order-ledger,prod,546004,18226,88.96,335,784,0.036,99.493,44.15,55.54,36.51,3,0,0.83,release week
2023-09-22,inventory-reservation,prod,547711,18243,88.14,258,602,0.344,99.431,45.9,61.03,62.71,2,0,1.43,database pressure
2023-09-22,pricing-engine,prod,550902,21086,88.48,294,662,0.19,99.462,32.64,45.5,37.17,4,0,1.13,cache warmup
2023-09-22,tax-service,prod,566944,19833,88.71,279,528,0.02,99.496,46.53,43.22,46.89,4,0,0.67,campaign traffic
2023-09-22,loyalty-service,prod,550095,20772,88.69,245,591,0.359,99.428,51.36,52.13,42.04,7,0,1.44,database pressure
2023-09-22,notification-service,prod,570662,21340,89.12,332,694,0.036,99.493,45.07,52.03,58.69,2,0,0.83,campaign traffic
2023-09-22,auth-gateway,prod,544948,18086,89.86,304,694,0.02,99.496,28.53,40.38,57.23,1,0,0.73,campaign traffic
2023-09-22,analytics-pipeline,prod,563898,21763,89.23,323,661,0.157,99.469,30.78,58.44,45.87,6,0,1.11,release week
2023-09-22,search-recommendations,prod,576315,22339,88.5,349,650,0.51,99.398,56.75,62.16,49.73,2,0,2.05,release week
2023-09-29,checkout-api,prod,970142,34622,90.24,336,741,0.167,99.467,51.09,44.11,30.29,1,0,1.16,normal baseline
2023-09-29,cart-service,prod,1030458,36584,89.69,294,686,0.388,99.422,57.55,49.94,31.73,2,0,1.62,incident review
2023-09-29,payment-orchestrator,prod,984097,36516,88.8,256,587,0.303,99.439,35.99,64.42,38.85,4,0,1.33,database pressure
2023-09-29,order-ledger,prod,569240,20305,89.98,296,578,0.275,99.445,54.91,57.31,32.43,1,0,1.35,release week
2023-09-29,inventory-reservation,prod,573581,19995,89.12,309,657,0.507,98.949,34.07,49.75,50.94,2,1,1.95,normal baseline
2023-09-29,pricing-engine,prod,560225,18594,87.85,328,719,0.187,99.463,45.05,60.43,29.19,3,0,1.2,database pressure
2023-09-29,tax-service,prod,561246,21229,89.73,284,703,0.32,99.436,40.45,63.57,62.86,2,0,1.43,watch latency
2023-09-29,loyalty-service,prod,556791,19276,88.05,260,610,0.547,99.391,40.38,39.06,54.45,4,0,1.95,release week
2023-09-29,notification-service,prod,563774,21625,90.44,268,588,0.02,99.496,55.16,55.55,62.92,2,0,0.65,cache warmup
2023-09-29,auth-gateway,prod,566725,20839,89.16,320,612,0.227,99.455,33.18,59.25,54.25,6,0,1.28,database pressure
2023-09-29,analytics-pipeline,prod,551088,19071,88.92,370,747,0.464,99.407,44.87,45.55,53.27,5,0,1.98,watch latency
2023-09-29,search-recommendations,prod,541955,18980,88.1,440,870,0.085,99.483,44.72,53.01,44.85,3,0,1.19,cache warmup
2023-10-06,checkout-api,prod,981408,35777,87.59,286,714,0.094,99.481,57.62,55.63,28.03,0,0,0.87,incident review
2023-10-06,cart-service,prod,1001478,35888,88.31,293,668,0.307,99.439,33.57,56.28,32.31,3,0,1.42,database pressure
2023-10-06,payment-orchestrator,prod,1005152,34677,88.0,276,668,0.461,99.408,31.2,49.65,43.47,1,0,1.77,database pressure
2023-10-06,order-ledger,prod,563065,20729,88.95,272,551,0.251,99.45,38.48,63.78,45.62,3,0,1.23,release week
2023-10-06,inventory-reservation,prod,555044,20561,90.33,303,659,0.311,99.438,54.77,56.96,27.7,6,0,1.45,watch latency
2023-10-06,pricing-engine,prod,548710,18648,89.6,300,674,0.597,99.381,47.02,63.08,48.32,0,0,2.16,campaign traffic
2023-10-06,tax-service,prod,571071,20371,88.51,326,624,0.086,99.483,29.54,46.25,37.39,2,0,0.94,release week
2023-10-06,loyalty-service,prod,576957,19933,89.37,320,769,0.488,99.402,30.45,55.39,50.82,3,0,1.93,release week
2023-10-06,notification-service,prod,545291,18876,90.29,265,659,0.526,99.395,46.51,53.92,64.24,7,0,1.9,watch latency
2023-10-06,auth-gateway,prod,542352,17984,88.4,314,626,0.081,99.484,38.64,40.98,57.82,0,0,0.9,campaign traffic
2023-10-06,analytics-pipeline,prod,558435,20245,88.14,448,945,0.276,99.445,34.91,42.7,40.3,3,0,1.69,release week
2023-10-06,search-recommendations,prod,562366,18732,88.92,427,864,0.378,99.424,49.46,64.58,59.7,1,0,1.89,watch latency
2023-10-13,checkout-api,prod,1004947,34955,90.23,332,633,0.068,99.486,44.38,57.77,34.81,3,0,0.91,cache warmup
2023-10-13,cart-service,prod,998609,36829,89.18,270,591,0.279,99.444,35.36,59.82,47.37,6,0,1.3,release week
2023-10-13,payment-orchestrator,prod,978719,35097,88.69,304,707,0.138,99.472,42.57,62.03,47.86,0,0,1.02,release week
2023-10-13,order-ledger,prod,562997,21359,89.71,261,539,0.197,99.461,28.9,58.6,31.93,1,0,1.07,campaign traffic
2023-10-13,inventory-reservation,prod,565957,21003,90.0,254,636,0.483,99.403,46.49,46.33,56.61,4,0,1.77,incident review
2023-10-13,pricing-engine,prod,576490,22160,89.02,301,705,0.396,99.421,32.13,42.8,34.16,6,0,1.66,database pressure
2023-10-13,tax-service,prod,540605,20094,89.72,312,681,0.435,99.413,44.71,64.01,50.38,1,0,1.78,normal baseline
2023-10-13,loyalty-service,prod,568309,21641,89.41,260,598,0.495,99.401,49.82,43.24,35.58,0,0,1.81,watch latency
2023-10-13,notification-service,prod,537733,19690,90.13,251,514,0.21,99.458,45.78,48.47,63.88,0,0,1.08,normal baseline
2023-10-13,auth-gateway,prod,567301,20904,89.43,318,604,0.368,99.426,35.45,51.27,49.67,5,0,1.63,release week
2023-10-13,analytics-pipeline,prod,567447,19269,89.63,451,977,0.499,99.4,38.36,56.58,45.39,0,0,2.25,incident review
2023-10-13,search-recommendations,prod,550061,18443,90.25,392,730,0.359,99.428,32.14,49.99,51.99,4,0,1.77,watch latency
2023-10-20,checkout-api,prod,981280,34506,89.07,319,755,0.26,99.448,54.69,40.36,30.41,5,0,1.36,campaign traffic
2023-10-20,cart-service,prod,1023471,37474,89.51,262,518,0.246,99.451,36.21,54.81,61.84,5,0,1.2,incident review
2023-10-20,payment-orchestrator,prod,978663,34612,90.02,307,748,0.213,99.457,56.89,43.02,56.38,5,0,1.21,campaign traffic
2023-10-20,order-ledger,prod,551253,19722,87.68,313,757,0.388,99.422,47.35,55.34,52.07,5,0,1.66,cache warmup
2023-10-20,inventory-reservation,prod,575688,19607,89.19,324,638,0.402,99.42,45.39,40.1,29.14,4,0,1.73,campaign traffic
2023-10-20,pricing-engine,prod,546612,20388,88.07,274,583,0.332,99.434,57.89,44.02,53.97,6,0,1.44,incident review
2023-10-20,tax-service,prod,545294,20733,89.51,268,602,0.196,99.461,46.07,53.13,50.85,4,0,1.09,cache warmup
2023-10-20,loyalty-service,prod,545250,19601,90.41,253,573,0.217,99.457,33.07,59.37,49.99,2,0,1.1,database pressure
2023-10-20,notification-service,prod,570532,18925,90.55,320,759,0.385,99.423,39.75,52.97,31.73,3,0,1.67,campaign traffic
2023-10-20,auth-gateway,prod,552331,19558,87.59,323,756,0.234,99.453,46.11,46.76,46.67,0,0,1.3,incident review
2023-10-20,analytics-pipeline,prod,565727,20640,89.14,313,759,0.216,99.457,51.19,47.37,38.64,5,0,1.24,cache warmup
2023-10-20,search-recommendations,prod,550461,20697,89.01,355,736,0.339,99.432,55.5,64.41,58.47,7,0,1.64,normal baseline
2023-10-27,checkout-api,prod,1030289,35439,88.83,247,518,0.426,99.415,31.51,63.88,52.86,4,0,1.61,incident review
2023-10-27,cart-service,prod,972428,35820,87.88,290,559,0.239,99.452,40.2,65.03,54.85,5,0,1.24,campaign traffic
2023-10-27,payment-orchestrator,prod,971807,35045,90.6,262,605,0.298,99.44,38.32,47.91,58.25,3,0,1.33,campaign traffic
2023-10-27,order-ledger,prod,567262,20279,89.87,280,633,0.076,99.485,49.23,61.8,50.81,3,0,0.81,watch latency
2023-10-27,inventory-reservation,prod,560896,20834,87.97,284,572,0.347,99.431,58.77,40.18,49.15,0,0,1.5,cache warmup
2023-10-27,pricing-engine,prod,571225,21170,89.0,306,724,0.318,99.436,34.81,55.16,40.02,2,0,1.47,watch latency
2023-10-27,tax-service,prod,550290,20164,87.56,302,579,0.431,99.414,35.8,50.56,35.13,7,0,1.75,campaign traffic
2023-10-27,loyalty-service,prod,537976,20442,90.13,253,530,0.452,99.41,28.92,64.8,48.5,4,0,1.69,incident review
2023-10-27,notification-service,prod,561790,21303,87.63,270,636,0.435,99.413,30.73,41.73,47.27,7,0,1.69,database pressure
2023-10-27,auth-gateway,prod,542665,20674,89.6,292,700,0.271,99.446,53.49,55.44,62.28,7,0,1.33,database pressure
2023-10-27,analytics-pipeline,prod,573462,19144,88.69,384,815,0.02,99.496,48.25,60.62,49.91,0,0,0.9,campaign traffic
2023-10-27,search-recommendations,prod,572381,19464,89.0,412,879,0.225,99.455,55.43,46.39,33.15,7,0,1.48,watch latency
2023-11-03,checkout-api,prod,1440425,51828,89.07,356,720,0.358,99.428,49.76,46.7,51.84,5,0,1.68,cache warmup
2023-11-03,cart-service,prod,1498293,52490,87.39,382,767,0.642,98.922,58.29,44.56,36.41,4,1,2.45,release week
2023-11-03,payment-orchestrator,prod,1505609,55179,87.64,353,668,0.02,99.496,30.28,63.92,49.68,7,0,0.83,release week
2023-11-03,order-ledger,prod,814830,29516,89.69,347,795,0.295,98.991,29.28,64.5,63.23,1,1,1.51,normal baseline
2023-11-03,inventory-reservation,prod,782689,29087,88.64,356,779,0.2,99.46,40.42,50.73,34.54,3,0,1.29,database pressure
2023-11-03,pricing-engine,prod,786426,28731,88.25,348,697,0.396,99.421,56.52,55.98,53.14,0,0,1.76,database pressure
2023-11-03,tax-service,prod,781252,29403,89.95,373,719,0.567,99.387,34.68,60.85,35.29,1,0,2.25,normal baseline
2023-11-03,loyalty-service,prod,804149,28207,89.41,326,768,0.178,99.464,47.35,50.85,61.39,5,0,1.17,watch latency
2023-11-03,notification-service,prod,794015,28709,88.81,311,609,0.395,99.421,50.84,41.8,61.85,5,0,1.68,release week
2023-11-03,auth-gateway,prod,794521,29422,87.42,301,631,0.198,99.46,36.8,50.6,29.6,4,0,1.16,incident review
2023-11-03,analytics-pipeline,prod,808070,29891,88.74,414,914,0.238,99.452,57.84,60.71,43.23,1,0,1.51,database pressure
2023-11-03,search-recommendations,prod,813512,29979,89.68,450,846,0.02,99.496,37.91,48.43,58.2,4,0,1.05,cache warmup
2023-11-10,checkout-api,prod,1440981,53008,89.24,345,697,0.547,99.391,35.87,49.69,53.96,7,0,2.13,incident review
2023-11-10,cart-service,prod,1488117,51809,89.6,355,727,0.157,99.469,59.45,52.13,63.03,4,0,1.18,normal baseline
2023-11-10,payment-orchestrator,prod,1470826,51465,88.01,306,645,0.02,99.496,53.49,47.68,38.88,5,0,0.73,normal baseline
2023-11-10,order-ledger,prod,826085,30043,90.26,298,617,0.066,99.487,36.67,53.76,30.69,4,0,0.83,database pressure
2023-11-10,inventory-reservation,prod,812184,29360,90.52,338,706,0.423,99.415,43.5,51.52,55.56,2,0,1.81,cache warmup
2023-11-10,pricing-engine,prod,828247,29481,89.04,338,721,0.437,99.413,50.25,62.19,29.28,4,0,1.84,database pressure
2023-11-10,tax-service,prod,803687,28716,90.1,305,662,0.527,99.395,39.04,51.39,30.3,7,0,2.0,campaign traffic
2023-11-10,loyalty-service,prod,815832,28323,88.65,385,863,0.02,99.496,40.72,59.88,56.02,2,0,0.91,incident review
2023-11-10,notification-service,prod,822785,29266,87.68,352,780,0.405,99.419,40.14,53.67,48.12,1,0,1.8,incident review
2023-11-10,auth-gateway,prod,805634,29591,89.92,352,819,0.618,99.376,30.76,46.32,53.4,4,0,2.33,database pressure
2023-11-10,analytics-pipeline,prod,782296,27580,88.48,471,997,0.333,99.433,50.52,59.15,52.44,5,0,1.88,incident review
2023-11-10,search-recommendations,prod,820009,28354,88.66,444,991,0.353,99.429,58.01,45.43,46.4,1,0,1.87,normal baseline
2023-11-17,checkout-api,prod,1491059,52120,89.74,323,682,0.287,99.443,35.33,59.55,57.9,0,0,1.43,incident review
2023-11-17,cart-service,prod,1502404,54225,87.86,340,765,0.475,99.405,33.92,62.58,48.87,5,0,1.94,incident review
2023-11-17,payment-orchestrator,prod,1454628,53521,89.08,352,662,0.405,99.419,57.76,43.92,64.55,3,0,1.8,watch latency
2023-11-17,order-ledger,prod,815623,27704,90.57,315,651,0.275,99.445,47.37,43.52,57.7,1,0,1.39,campaign traffic
2023-11-17,inventory-reservation,prod,830710,30141,87.42,337,661,0.02,99.496,58.12,56.07,62.91,1,0,0.8,database pressure
2023-11-17,pricing-engine,prod,794092,27807,88.97,331,698,0.534,99.393,48.16,56.6,48.56,1,0,2.07,watch latency
2023-11-17,tax-service,prod,791834,29775,89.59,379,802,0.152,99.47,49.55,43.31,32.62,5,0,1.22,watch latency
2023-11-17,loyalty-service,prod,785407,28827,88.25,367,791,0.113,99.477,53.98,47.32,33.47,4,0,1.1,watch latency
2023-11-17,notification-service,prod,835285,29769,88.07,323,743,0.602,99.38,31.66,42.19,43.83,5,0,2.22,campaign traffic
2023-11-17,auth-gateway,prod,827996,29826,90.53,310,644,0.223,99.455,43.41,44.93,33.87,3,0,1.25,database pressure
2023-11-17,analytics-pipeline,prod,819937,29970,87.69,410,889,0.02,99.496,35.57,55.56,62.6,4,0,0.96,incident review
2023-11-17,search-recommendations,prod,822643,29946,88.55,449,951,0.54,99.392,32.34,41.94,53.2,0,0,2.35,release week
2023-11-24,checkout-api,prod,1454268,53602,89.87,290,645,0.33,99.434,42.11,50.95,64.68,7,0,1.47,campaign traffic
2023-11-24,cart-service,prod,1432135,51947,87.78,304,631,0.279,98.994,54.7,63.14,44.71,6,1,1.37,watch latency
2023-11-24,payment-orchestrator,prod,1486679,53409,89.94,294,697,0.237,99.453,47.3,52.57,27.85,2,0,1.25,incident review
2023-11-24,order-ledger,prod,828467,29002,89.58,372,824,0.45,99.41,59.92,61.9,44.84,0,0,1.95,watch latency
2023-11-24,inventory-reservation,prod,830030,30458,89.86,341,765,0.587,99.383,31.82,59.01,43.53,1,0,2.23,incident review
2023-11-24,pricing-engine,prod,789775,28354,87.94,385,738,0.025,99.495,32.5,52.96,40.89,0,0,0.92,release week
2023-11-24,tax-service,prod,828341,28265,88.66,348,789,0.696,99.361,60.35,45.06,28.3,7,0,2.51,campaign traffic
2023-11-24,loyalty-service,prod,816796,28492,90.55,364,732,0.337,99.433,47.19,62.47,52.27,3,0,1.65,incident review
2023-11-24,notification-service,prod,816189,28881,90.46,312,653,0.252,99.45,45.32,65.5,28.44,6,0,1.32,campaign traffic
2023-11-24,auth-gateway,prod,790360,29953,90.16,362,800,0.02,99.496,54.29,41.95,53.7,2,0,0.85,campaign traffic
2023-11-24,analytics-pipeline,prod,792587,29537,87.34,470,1005,0.466,99.407,38.32,42.68,34.7,0,0,2.21,cache warmup
2023-11-24,search-recommendations,prod,805092,29222,89.23,489,1076,0.196,99.461,54.54,66.73,39.53,7,0,1.58,release week
2023-12-01,checkout-api,prod,1480063,53651,88.73,290,679,0.203,99.459,44.17,42.97,41.08,6,0,1.15,cache warmup
2023-12-01,cart-service,prod,1415919,49080,89.06,329,777,0.323,99.435,61.78,49.73,46.2,5,0,1.54,release week
2023-12-01,payment-orchestrator,prod,1419229,49548,88.07,322,620,0.18,99.464,35.59,52.7,28.96,6,0,1.17,release week
2023-12-01,order-ledger,prod,792378,27505,89.13,353,716,0.098,99.48,61.45,45.45,38.28,4,0,1.03,normal baseline
2023-12-01,inventory-reservation,prod,833560,29840,87.67,303,668,0.284,99.443,34.96,57.29,58.94,1,0,1.38,watch latency
2023-12-01,pricing-engine,prod,821506,28654,89.1,366,715,0.172,99.466,49.26,44.02,53.63,5,0,1.24,release week
2023-12-01,tax-service,prod,796015,30205,88.88,322,694,0.43,99.414,34.91,66.41,40.43,5,0,1.79,watch latency
2023-12-01,loyalty-service,prod,788843,28001,89.41,301,576,0.469,99.406,53.79,46.15,60.93,2,0,1.84,database pressure
2023-12-01,notification-service,prod,795040,29695,90.0,383,832,0.03,99.494,53.77,62.54,36.57,0,0,0.93,watch latency
2023-12-01,auth-gateway,prod,823214,28835,89.05,373,782,0.151,99.47,57.93,53.29,60.59,5,0,1.21,release week
2023-12-01,analytics-pipeline,prod,779485,28584,88.57,487,1019,0.118,99.476,39.67,52.21,43.69,5,0,1.38,campaign traffic
2023-12-01,search-recommendations,prod,828936,30983,90.21,470,883,0.062,99.488,59.92,67.29,44.68,2,0,1.2,campaign traffic
2023-12-08,checkout-api,prod,1487480,51727,88.78,292,711,0.02,99.496,62.62,61.52,43.63,1,0,0.7,normal baseline
2023-12-08,cart-service,prod,1446796,52446,88.18,353,820,0.387,99.423,52.96,65.26,63.58,7,0,1.75,campaign traffic
2023-12-08,payment-orchestrator,prod,1452908,52617,88.24,326,782,0.473,99.405,45.48,60.57,30.61,4,0,1.91,normal baseline
2023-12-08,order-ledger,prod,813474,29750,89.86,343,680,0.344,99.431,38.55,61.76,60.24,7,0,1.62,incident review
2023-12-08,inventory-reservation,prod,805399,28357,89.37,370,700,0.343,99.431,52.21,48.23,60.56,0,0,1.68,incident review
2023-12-08,pricing-engine,prod,796709,27320,89.5,329,725,0.406,99.419,54.97,66.69,37.84,4,0,1.75,watch latency
2023-12-08,tax-service,prod,829895,28645,90.1,357,662,0.02,99.496,43.99,46.25,55.64,7,0,0.84,incident review
2023-12-08,loyalty-service,prod,817916,29725,89.97,294,691,0.352,99.43,39.35,55.33,27.61,1,0,1.53,watch latency
2023-12-08,notification-service,prod,786262,26859,87.41,369,695,0.02,99.496,37.06,61.79,34.9,6,0,0.87,incident review
2023-12-08,auth-gateway,prod,806732,29971,89.04,303,594,0.609,99.378,54.98,48.21,36.88,0,0,2.2,incident review
2023-12-08,analytics-pipeline,prod,810860,28445,89.67,414,767,0.138,99.022,56.31,59.72,45.04,5,1,1.27,campaign traffic
2023-12-08,search-recommendations,prod,811802,29570,87.5,477,888,0.678,99.364,33.04,57.01,47.93,0,0,2.76,campaign traffic
2023-12-15,checkout-api,prod,1417436,51027,88.82,351,747,0.624,99.375,48.62,61.96,52.09,3,0,2.34,watch latency
2023-12-15,cart-service,prod,1468832,51741,88.39,305,700,0.114,99.477,34.97,49.32,62.11,7,0,0.96,incident review
2023-12-15,payment-orchestrator,prod,1428771,50061,89.48,356,829,0.512,99.398,53.35,44.42,56.39,6,0,2.07,incident review
2023-12-15,order-ledger,prod,828891,29400,90.17,337,784,0.579,99.384,48.97,50.69,55.22,3,0,2.2,incident review
2023-12-15,inventory-reservation,prod,825171,31058,88.3,297,580,0.195,99.461,38.06,54.41,51.9,5,0,1.15,cache warmup
2023-12-15,pricing-engine,prod,816016,29983,90.33,331,763,0.367,99.427,47.09,61.57,47.0,0,0,1.65,normal baseline
2023-12-15,tax-service,prod,808882,29235,90.49,306,644,0.378,99.424,47.54,47.35,36.62,4,0,1.62,cache warmup
2023-12-15,loyalty-service,prod,824368,31216,90.41,346,674,0.02,99.496,34.75,43.66,34.03,2,0,0.82,release week
2023-12-15,notification-service,prod,804117,30158,88.72,384,801,0.31,99.438,43.02,65.82,44.87,1,0,1.63,cache warmup
2023-12-15,auth-gateway,prod,830800,29971,89.28,382,741,0.336,99.433,35.23,68.31,64.84,4,0,1.69,database pressure
2023-12-15,analytics-pipeline,prod,809972,28099,87.92,414,928,0.519,99.396,62.0,67.97,47.97,4,0,2.22,cache warmup
2023-12-15,search-recommendations,prod,835176,28670,88.04,478,964,0.08,99.484,60.36,55.72,37.03,7,0,1.26,campaign traffic
2023-12-22,checkout-api,prod,1495877,54112,89.73,324,621,0.13,99.474,59.78,64.05,64.03,7,0,1.04,normal baseline
2023-12-22,cart-service,prod,1435734,52915,88.51,353,731,0.02,99.496,46.93,55.61,62.07,5,0,0.83,campaign traffic
2023-12-22,payment-orchestrator,prod,1418477,49632,90.21,353,739,0.548,99.39,58.88,47.39,32.67,0,0,2.15,normal baseline
2023-12-22,order-ledger,prod,831808,29269,88.06,317,592,0.085,99.483,45.39,69.65,47.32,4,0,0.92,cache warmup
2023-12-22,inventory-reservation,prod,801487,30140,88.49,379,856,0.147,99.471,63.51,55.45,46.83,4,0,1.21,cache warmup
2023-12-22,pricing-engine,prod,785952,29321,87.38,370,785,0.317,99.437,38.75,67.59,29.59,1,0,1.62,watch latency
2023-12-22,tax-service,prod,816263,28637,89.35,312,638,0.694,99.361,54.66,47.07,29.19,6,0,2.43,cache warmup
2023-12-22,loyalty-service,prod,826166,28576,88.05,380,832,0.387,99.423,48.6,47.01,58.35,0,0,1.81,normal baseline
2023-12-22,notification-service,prod,803288,30430,89.88,361,821,0.373,99.425,50.34,67.44,31.35,5,0,1.73,watch latency
2023-12-22,auth-gateway,prod,801896,29064,89.69,330,794,0.165,99.467,47.83,50.78,49.54,7,0,1.15,cache warmup
2023-12-22,analytics-pipeline,prod,815785,29776,89.83,437,820,0.439,99.412,50.47,63.93,64.93,6,0,2.07,incident review
2023-12-22,search-recommendations,prod,812040,29334,88.99,437,943,0.523,99.395,36.15,59.11,32.39,2,0,2.28,campaign traffic
2023-12-29,checkout-api,prod,1441931,50255,87.87,341,705,0.02,99.496,61.1,48.48,28.8,0,0,0.81,release week
2023-12-29,cart-service,prod,1454305,52329,90.15,367,810,0.495,99.401,36.18,65.95,35.65,4,0,2.05,watch latency
2023-12-29,payment-orchestrator,prod,1500948,54735,90.12,338,628,0.02,99.496,53.54,70.77,32.87,2,0,0.8,release week
2023-12-29,order-ledger,prod,827078,31143,87.62,324,729,0.476,99.405,42.55,62.23,47.84,3,0,1.91,cache warmup
2023-12-29,inventory-reservation,prod,822455,28331,90.17,353,677,0.451,99.41,49.17,45.02,62.14,6,0,1.91,cache warmup
2023-12-29,pricing-engine,prod,815229,28063,88.94,373,710,0.716,99.357,47.84,49.31,43.79,6,0,2.62,watch latency
2023-12-29,tax-service,prod,829373,29036,87.83,301,566,0.476,99.405,57.9,67.04,36.34,1,0,1.86,incident review
2023-12-29,loyalty-service,prod,790461,27632,87.55,334,646,0.028,99.494,46.66,68.3,59.21,4,0,0.81,release week
2023-12-29,notification-service,prod,800278,29862,89.75,375,741,0.46,99.408,62.41,50.66,59.33,5,0,1.98,database pressure
2023-12-29,auth-gateway,prod,820369,30937,89.63,376,876,0.202,99.46,63.71,63.3,50.35,7,0,1.34,campaign traffic
2023-12-29,analytics-pipeline,prod,831103,30274,89.67,422,894,0.367,99.427,49.22,63.35,36.31,2,0,1.85,incident review
2023-12-29,search-recommendations,prod,821222,30473,89.15,429,794,0.213,99.007,63.22,52.19,49.86,7,1,1.49,incident review
2024-01-05,checkout-api,prod,1107910,40815,91.52,225,476,0.294,99.501,57.18,68.43,62.15,6,0,1.24,normal baseline
2024-01-05,cart-service,prod,1166538,42314,91.21,222,445,0.304,99.499,40.9,45.7,62.19,0,0,1.25,normal baseline
2024-01-05,payment-orchestrator,prod,1125871,39756,90.37,274,688,0.121,99.536,63.37,52.39,41.45,0,0,0.91,normal baseline
2024-01-05,order-ledger,prod,615941,20556,91.83,226,433,0.129,99.534,48.04,45.97,60.78,4,0,0.82,release week
2024-01-05,inventory-reservation,prod,633850,21964,89.82,268,621,0.147,99.531,60.27,60.79,60.48,0,0,0.96,campaign traffic
2024-01-05,pricing-engine,prod,641522,23510,89.26,246,560,0.502,99.46,60.7,49.54,60.61,6,0,1.8,release week
2024-01-05,tax-service,prod,633395,21615,89.17,283,582,0.183,99.523,41.07,56.93,35.25,0,0,1.09,campaign traffic
2024-01-05,loyalty-service,prod,632044,23237,92.05,282,576,0.125,99.535,54.88,52.35,39.07,2,0,0.94,campaign traffic
2024-01-05,notification-service,prod,618490,21371,90.0,296,597,0.188,99.522,66.15,56.74,35.89,4,0,1.13,campaign traffic
2024-01-05,auth-gateway,prod,650018,23832,89.95,259,513,0.065,99.547,52.95,52.23,55.76,6,0,0.74,campaign traffic
2024-01-05,analytics-pipeline,prod,641268,22668,89.53,398,762,0.193,99.521,45.13,60.97,45.14,0,0,1.37,campaign traffic
2024-01-05,search-recommendations,prod,624966,21723,91.27,379,840,0.201,99.52,46.9,63.22,50.16,6,0,1.34,cache warmup
2024-01-12,checkout-api,prod,1131746,41124,91.62,300,653,0.32,99.496,57.3,59.97,58.35,4,0,1.47,normal baseline
2024-01-12,cart-service,prod,1115042,39292,91.64,302,629,0.16,99.528,64.26,50.66,53.09,1,0,1.07,campaign traffic
2024-01-12,payment-orchestrator,prod,1152466,41797,91.28,301,656,0.197,99.521,53.58,61.97,64.84,7,0,1.16,incident review
2024-01-12,order-ledger,prod,647870,23931,92.24,218,444,0.285,99.503,46.56,52.21,38.63,5,0,1.2,incident review
2024-01-12,inventory-reservation,prod,634943,23485,90.87,225,488,0.326,99.495,64.13,51.78,50.96,7,0,1.31,release week
2024-01-12,pricing-engine,prod,631979,24277,92.01,263,633,0.148,99.53,52.92,66.97,55.37,3,0,0.95,campaign traffic
2024-01-12,tax-service,prod,640414,21900,91.37,275,695,0.02,99.556,37.68,60.59,54.01,7,0,0.66,normal baseline
2024-01-12,loyalty-service,prod,615363,22100,90.98,259,502,0.307,99.499,44.71,71.52,45.31,3,0,1.34,watch latency
2024-01-12,notification-service,prod,630975,22841,91.89,268,630,0.169,99.526,39.57,57.13,36.22,0,0,1.02,normal baseline
2024-01-12,auth-gateway,prod,616206,23267,90.81,226,546,0.456,99.469,58.18,62.86,54.85,0,0,1.64,normal baseline
2024-01-12,analytics-pipeline,prod,621604,21906,91.92,374,866,0.393,99.031,42.99,67.94,31.48,7,1,1.81,watch latency
2024-01-12,search-recommendations,prod,641306,21902,88.97,368,734,0.172,99.526,38.3,71.42,58.03,2,0,1.25,cache warmup
2024-01-19,checkout-api,prod,1131294,40398,92.13,258,535,0.44,99.472,50.8,55.94,33.39,5,0,1.67,incident review
2024-01-19,cart-service,prod,1135369,39896,89.53,226,588,0.035,99.553,46.44,71.78,37.47,3,0,0.59,release week
2024-01-19,payment-orchestrator,prod,1110137,39561,90.31,233,575,0.332,99.494,65.5,57.91,55.76,7,0,1.35,database pressure
2024-01-19,order-ledger,prod,617908,20742,91.48,259,634,0.145,99.531,55.36,61.66,54.06,2,0,0.94,database pressure
2024-01-19,inventory-reservation,prod,618261,21036,89.53,303,686,0.67,98.976,60.22,53.04,39.76,3,1,2.35,cache warmup
2024-01-19,pricing-engine,prod,619099,23199,90.08,260,648,0.313,99.497,39.14,56.78,49.94,4,0,1.36,incident review
2024-01-19,tax-service,prod,642396,23846,92.27,253,566,0.364,99.487,62.78,55.04,44.6,2,0,1.47,normal baseline
2024-01-19,loyalty-service,prod,621830,21190,89.93,289,707,0.271,99.506,43.54,61.02,32.22,6,0,1.32,cache warmup
2024-01-19,notification-service,prod,651811,23514,91.08,306,712,0.497,99.461,49.46,61.34,61.08,1,0,1.92,campaign traffic
2024-01-19,auth-gateway,prod,643656,24730,91.0,231,512,0.43,99.474,68.1,72.37,42.38,6,0,1.59,watch latency
2024-01-19,analytics-pipeline,prod,637958,21884,91.79,385,763,0.02,99.556,45.82,60.98,28.59,0,0,0.91,campaign traffic
2024-01-19,search-recommendations,prod,642593,24366,89.53,440,841,0.183,99.523,41.63,72.42,52.86,7,0,1.44,incident review
2024-01-26,checkout-api,prod,1131877,40527,92.1,255,574,0.111,99.538,48.78,50.96,41.48,6,0,0.84,incident review
2024-01-26,cart-service,prod,1125450,39224,91.01,255,553,0.318,99.496,60.95,72.17,36.45,4,0,1.36,release week
2024-01-26,payment-orchestrator,prod,1147984,42029,90.71,264,499,0.341,99.492,43.35,53.84,39.63,4,0,1.44,normal baseline
2024-01-26,order-ledger,prod,642508,21980,90.0,235,443,0.321,99.496,48.57,48.04,48.7,3,0,1.32,cache warmup
2024-01-26,inventory-reservation,prod,627812,23418,89.96,294,710,0.321,99.496,47.77,53.63,43.82,6,0,1.46,release week
2024-01-26,pricing-engine,prod,630134,22864,90.98,265,525,0.535,99.453,67.0,62.42,30.44,6,0,1.93,normal baseline
2024-01-26,tax-service,prod,628702,24168,91.75,244,616,0.391,99.482,63.49,72.49,29.79,1,0,1.52,campaign traffic
2024-01-26,loyalty-service,prod,645107,24103,92.24,299,597,0.794,99.401,42.71,50.03,32.19,1,0,2.65,release week
2024-01-26,notification-service,prod,649947,22436,90.66,243,636,0.323,99.495,53.17,57.75,54.05,7,0,1.35,cache warmup
2024-01-26,auth-gateway,prod,627077,22780,92.23,252,629,0.102,99.54,61.53,69.83,31.78,3,0,0.81,release week
2024-01-26,analytics-pipeline,prod,650029,23594,91.61,339,733,0.103,99.539,52.71,56.79,34.04,5,0,1.01,normal baseline
2024-01-26,search-recommendations,prod,642883,24401,89.35,317,609,0.386,99.483,40.64,48.14,48.11,2,0,1.67,campaign traffic
2024-02-02,checkout-api,prod,1158462,40231,90.85,270,654,0.126,99.535,53.03,52.75,53.14,3,0,0.92,database pressure
2024-02-02,cart-service,prod,1138642,42066,90.22,304,678,0.686,99.423,40.9,57.96,27.8,6,0,2.39,watch latency
2024-02-02,payment-orchestrator,prod,1148569,41400,90.5,312,637,0.475,99.015,54.62,67.3,38.43,5,1,1.88,campaign traffic
2024-02-02,order-ledger,prod,631134,21232,90.1,279,661,0.396,99.481,65.66,69.44,28.37,5,0,1.61,cache warmup
2024-02-02,inventory-reservation,prod,626714,22386,91.84,300,629,0.407,99.479,51.24,58.89,35.2,4,0,1.68,cache warmup
2024-02-02,pricing-engine,prod,618012,22169,91.53,265,672,0.591,99.442,40.49,50.78,29.85,0,0,2.07,watch latency
2024-02-02,tax-service,prod,640545,23494,90.05,263,517,0.378,99.484,64.39,55.26,33.07,5,0,1.53,database pressure
2024-02-02,loyalty-service,prod,648334,21866,91.46,280,686,0.194,99.521,68.17,69.42,31.85,3,0,1.11,release week
2024-02-02,notification-service,prod,619597,21092,90.62,236,609,0.247,99.511,48.86,61.41,35.35,0,0,1.14,watch latency
2024-02-02,auth-gateway,prod,633467,22315,90.38,250,520,0.591,99.442,51.84,52.18,58.49,3,0,2.03,database pressure
2024-02-02,analytics-pipeline,prod,644641,22443,90.89,328,772,0.375,99.035,53.46,52.82,56.77,4,1,1.67,cache warmup
2024-02-02,search-recommendations,prod,621841,20883,90.16,402,783,0.026,99.555,52.15,69.47,31.36,1,0,0.96,watch latency
2024-02-09,checkout-api,prod,1122357,41090,91.02,239,534,0.461,99.468,67.85,66.18,45.27,6,0,1.68,release week
2024-02-09,cart-service,prod,1169420,40963,92.06,242,501,0.479,99.464,69.93,49.19,41.18,4,0,1.74,watch latency
2024-02-09,payment-orchestrator,prod,1131638,40454,89.88,302,628,0.045,99.551,58.98,59.97,50.04,1,0,0.78,cache warmup
2024-02-09,order-ledger,prod,623788,20858,91.98,284,683,0.163,99.527,53.98,66.55,33.75,7,0,1.04,campaign traffic
2024-02-09,inventory-reservation,prod,627426,21526,92.29,250,505,0.217,99.517,47.47,66.68,52.48,2,0,1.1,incident review
2024-02-09,pricing-engine,prod,621856,23552,92.45,260,634,0.205,99.519,66.94,60.09,30.64,7,0,1.09,normal baseline
2024-02-09,tax-service,prod,618865,20928,89.28,305,596,0.02,99.556,60.29,69.15,41.77,6,0,0.73,normal baseline
2024-02-09,loyalty-service,prod,641233,24631,90.75,310,597,0.142,99.532,46.07,56.39,64.86,2,0,1.04,watch latency
2024-02-09,notification-service,prod,641406,24329,90.34,226,598,0.334,99.493,60.71,60.19,42.74,6,0,1.34,database pressure
2024-02-09,auth-gateway,prod,635316,23668,91.4,308,591,0.301,99.5,70.27,72.07,47.66,2,0,1.44,database pressure
2024-02-09,analytics-pipeline,prod,623892,22545,91.48,409,900,0.51,99.458,52.49,58.6,51.24,5,0,2.18,release week
2024-02-09,search-recommendations,prod,624930,21951,91.68,419,939,0.02,99.556,53.93,57.06,36.73,6,0,0.98,watch latency
2024-02-16,checkout-api,prod,1151578,40233,89.79,247,560,0.424,99.475,48.74,50.5,27.78,7,0,1.61,cache warmup
2024-02-16,cart-service,prod,1140735,41222,89.43,224,575,0.423,99.475,66.86,54.38,32.21,6,0,1.55,watch latency
2024-02-16,payment-orchestrator,prod,1162038,40367,90.35,279,675,0.367,99.487,63.94,57.44,41.29,4,0,1.54,normal baseline
2024-02-16,order-ledger,prod,635715,22865,92.39,257,496,0.447,99.471,49.29,60.87,63.91,5,0,1.69,watch latency
2024-02-16,inventory-reservation,prod,627505,24086,91.85,222,474,0.298,99.5,52.7,62.62,36.48,2,0,1.24,watch latency
2024-02-16,pricing-engine,prod,637033,23073,91.56,236,552,0.241,99.512,71.3,56.53,54.79,1,0,1.13,campaign traffic
2024-02-16,tax-service,prod,640016,22670,90.05,231,502,0.338,99.492,47.13,67.91,32.69,0,0,1.36,release week
2024-02-16,loyalty-service,prod,632159,21124,92.06,305,668,0.472,99.466,47.35,69.93,45.87,6,0,1.86,release week
2024-02-16,notification-service,prod,642026,24099,89.96,252,534,0.215,99.517,66.59,75.2,37.21,4,0,1.1,incident review
2024-02-16,auth-gateway,prod,623481,22716,92.06,311,681,0.372,99.486,45.16,61.14,40.0,2,0,1.62,release week
2024-02-16,analytics-pipeline,prod,632996,23615,91.62,305,733,0.51,99.458,60.86,65.59,48.24,6,0,1.95,release week
2024-02-16,search-recommendations,prod,633195,21662,90.38,357,703,0.229,99.514,71.46,63.32,39.02,2,0,1.37,watch latency
2024-02-23,checkout-api,prod,1133474,39274,91.2,263,614,0.429,99.474,65.95,70.09,59.17,5,0,1.66,release week
2024-02-23,cart-service,prod,1102924,38071,89.26,261,633,0.218,99.516,61.45,59.73,47.49,0,0,1.13,release week
2024-02-23,payment-orchestrator,prod,1162368,41899,92.14,283,700,0.562,99.448,62.36,65.77,47.04,4,0,2.03,cache warmup
2024-02-23,order-ledger,prod,646898,21784,90.73,253,522,0.197,99.521,65.13,73.98,63.38,3,0,1.05,cache warmup
2024-02-23,inventory-reservation,prod,624605,21436,92.46,241,582,0.525,99.455,63.57,57.76,53.75,5,0,1.85,database pressure
2024-02-23,pricing-engine,prod,630528,24098,89.71,269,588,0.02,99.556,62.6,68.47,56.95,5,0,0.65,release week
2024-02-23,tax-service,prod,633460,22754,91.13,295,575,0.382,99.484,56.94,70.04,35.24,1,0,1.61,release week
2024-02-23,loyalty-service,prod,616892,22398,91.73,289,650,0.361,99.488,48.95,71.62,53.48,2,0,1.54,campaign traffic
2024-02-23,notification-service,prod,617441,21360,90.26,237,491,0.337,99.493,57.47,62.52,63.44,2,0,1.37,incident review
2024-02-23,auth-gateway,prod,643799,21577,90.91,243,458,0.084,99.543,49.57,58.35,43.55,6,0,0.75,campaign traffic
2024-02-23,analytics-pipeline,prod,651023,22537,90.47,417,936,0.51,99.458,47.26,51.64,57.75,0,0,2.2,release week
2024-02-23,search-recommendations,prod,645633,21936,89.52,324,708,0.324,99.495,57.97,53.32,36.38,1,0,1.53,release week
2024-03-01,checkout-api,prod,1145525,39691,90.86,300,634,0.297,99.501,71.55,60.87,64.88,7,0,1.41,watch latency
2024-03-01,cart-service,prod,1143522,41249,92.1,223,532,0.376,99.485,68.61,59.71,62.42,6,0,1.44,release week
2024-03-01,payment-orchestrator,prod,1126661,40036,92.38,304,639,0.02,99.556,48.16,58.69,41.84,4,0,0.73,incident review
2024-03-01,order-ledger,prod,629775,22275,92.17,229,544,0.273,99.505,56.4,74.6,59.96,5,0,1.19,database pressure
2024-03-01,inventory-reservation,prod,634725,21933,91.94,244,601,0.316,99.497,61.48,76.03,43.05,1,0,1.33,watch latency
2024-03-01,pricing-engine,prod,625390,21360,89.76,277,534,0.199,99.52,61.79,56.38,40.52,7,0,1.11,watch latency
2024-03-01,tax-service,prod,644387,24579,90.39,261,606,0.119,99.536,55.32,73.71,54.16,3,0,0.88,cache warmup
2024-03-01,loyalty-service,prod,651951,24570,91.15,225,501,0.261,99.508,71.14,71.11,30.34,4,0,1.15,watch latency
2024-03-01,notification-service,prod,616887,23403,90.92,281,681,0.288,99.502,71.68,68.29,38.92,3,0,1.34,database pressure
2024-03-01,auth-gateway,prod,633321,23509,90.26,263,650,0.48,99.464,64.56,50.63,47.27,1,0,1.78,watch latency
2024-03-01,analytics-pipeline,prod,641467,23243,90.33,354,683,0.045,99.101,50.67,54.58,56.28,5,1,0.9,campaign traffic
2024-03-01,search-recommendations,prod,637269,23636,90.63,311,716,0.072,99.546,48.37,58.23,63.22,4,0,0.87,incident review
2024-03-08,checkout-api,prod,1169393,41909,91.31,303,700,0.404,99.479,51.99,51.11,30.29,2,0,1.68,incident review
2024-03-08,cart-service,prod,1112781,39173,91.12,244,632,0.072,99.546,71.89,73.51,57.94,5,0,0.72,database pressure
2024-03-08,payment-orchestrator,prod,1116522,40188,90.67,241,531,0.328,99.494,47.41,51.58,59.59,2,0,1.36,release week
2024-03-08,order-ledger,prod,648745,23246,91.04,261,559,0.265,99.507,53.76,59.99,37.64,6,0,1.24,watch latency
2024-03-08,inventory-reservation,prod,641864,24448,92.32,265,508,0.289,99.502,58.92,60.45,60.93,6,0,1.31,database pressure
2024-03-08,pricing-engine,prod,633834,21281,90.71,263,493,0.714,99.417,71.37,72.0,36.75,2,0,2.37,watch latency
2024-03-08,tax-service,prod,641923,22031,89.63,307,623,0.34,99.492,68.97,75.56,53.0,4,0,1.53,database pressure
2024-03-08,loyalty-service,prod,620689,21672,89.82,222,570,0.132,99.534,67.03,54.23,58.0,4,0,0.82,cache warmup
2024-03-08,notification-service,prod,635870,23330,90.28,251,515,0.469,99.466,54.59,70.56,38.41,3,0,1.73,watch latency
2024-03-08,auth-gateway,prod,640707,23742,91.97,294,605,0.919,99.376,47.81,73.55,38.66,0,0,2.95,release week
2024-03-08,analytics-pipeline,prod,639427,23503,91.31,328,715,0.271,99.506,44.47,51.94,55.85,0,0,1.41,release week
2024-03-08,search-recommendations,prod,648194,21904,89.45,396,896,0.239,99.512,54.87,69.06,29.93,1,0,1.48,release week
2024-03-15,checkout-api,prod,1139295,41359,90.91,230,473,0.02,99.556,63.69,72.34,43.76,4,0,0.56,incident review
2024-03-15,cart-service,prod,1133618,39073,89.24,307,588,0.449,99.47,50.07,63.35,32.1,6,0,1.8,database pressure
2024-03-15,payment-orchestrator,prod,1137452,40641,89.58,266,576,0.265,99.507,52.92,58.24,54.15,4,0,1.25,watch latency
2024-03-15,order-ledger,prod,626859,23754,90.36,284,700,0.309,99.498,68.74,62.96,61.57,6,0,1.4,campaign traffic
2024-03-15,inventory-reservation,prod,627692,22665,92.25,261,515,0.409,99.478,52.49,63.68,39.95,4,0,1.6,release week
2024-03-15,pricing-engine,prod,619797,23925,89.59,228,600,0.28,99.504,71.98,63.11,52.41,1,0,1.21,normal baseline
2024-03-15,tax-service,prod,632259,22872,92.42,260,580,0.435,99.473,68.06,64.45,31.87,6,0,1.67,database pressure
2024-03-15,loyalty-service,prod,648189,24012,91.14,308,579,0.222,99.516,64.53,62.69,31.43,1,0,1.24,incident review
2024-03-15,notification-service,prod,637011,21973,91.72,281,606,0.473,99.465,71.33,71.49,48.78,7,0,1.81,watch latency
2024-03-15,auth-gateway,prod,614576,21528,92.13,303,596,0.296,99.501,61.07,68.74,53.82,3,0,1.41,watch latency
2024-03-15,analytics-pipeline,prod,617289,23296,91.34,376,791,0.251,99.51,45.76,57.12,56.08,6,0,1.46,release week
2024-03-15,search-recommendations,prod,624549,22814,91.86,310,673,0.323,99.495,56.14,59.89,56.89,7,0,1.5,cache warmup
2024-03-22,checkout-api,prod,1119000,39372,92.03,218,502,0.031,99.554,46.97,62.01,41.27,4,0,0.56,release week
2024-03-22,cart-service,prod,1126719,41721,89.42,268,620,0.37,99.486,57.05,52.31,52.63,5,0,1.52,database pressure
2024-03-22,payment-orchestrator,prod,1141529,41821,90.36,238,454,0.341,99.492,53.93,65.95,29.75,1,0,1.38,incident review
2024-03-22,order-ledger,prod,622058,23849,89.9,230,473,0.364,99.487,68.45,67.33,62.08,0,0,1.42,watch latency
2024-03-22,inventory-reservation,prod,618039,22213,91.58,236,490,0.352,99.49,48.69,56.84,56.98,2,0,1.4,cache warmup
2024-03-22,pricing-engine,prod,616265,22281,90.07,277,563,0.1,99.54,64.97,71.18,43.75,0,0,0.86,normal baseline
2024-03-22,tax-service,prod,642159,23989,91.24,292,716,0.319,99.496,60.27,56.49,31.54,2,0,1.45,cache warmup
2024-03-22,loyalty-service,prod,649601,22910,90.26,219,452,0.601,99.44,52.87,76.17,63.85,5,0,1.99,cache warmup
2024-03-22,notification-service,prod,623332,20804,89.92,304,577,0.695,99.421,72.03,58.17,32.98,3,0,2.41,campaign traffic
2024-03-22,auth-gateway,prod,616854,21409,91.85,301,577,0.446,99.471,48.22,73.24,50.93,7,0,1.78,cache warmup
2024-03-22,analytics-pipeline,prod,618222,22052,89.64,319,633,0.191,99.522,46.17,62.26,35.51,3,0,1.19,normal baseline
2024-03-22,search-recommendations,prod,636728,21376,89.4,321,603,0.138,99.532,67.56,71.68,62.39,0,0,1.06,incident review
2024-03-29,checkout-api,prod,1163629,40753,92.48,225,568,0.284,99.503,68.65,67.87,29.7,5,0,1.21,normal baseline
2024-03-29,cart-service,prod,1150110,42228,91.43,265,533,0.44,99.472,65.2,72.63,57.69,2,0,1.69,normal baseline
2024-03-29,payment-orchestrator,prod,1171069,40430,89.34,262,501,0.128,99.534,48.12,76.73,39.05,6,0,0.9,incident review
2024-03-29,order-ledger,prod,644393,23137,89.67,276,525,0.276,99.505,65.05,64.62,45.84,2,0,1.3,watch latency
2024-03-29,inventory-reservation,prod,626423,22706,90.86,262,509,0.098,99.54,65.36,56.4,27.39,7,0,0.83,cache warmup
2024-03-29,pricing-engine,prod,635761,22116,89.84,231,568,0.373,99.485,70.85,64.73,27.4,7,0,1.44,normal baseline
2024-03-29,tax-service,prod,619935,20660,90.48,232,445,0.303,99.499,62.28,62.82,37.71,4,0,1.27,cache warmup
2024-03-29,loyalty-service,prod,623594,22045,89.87,239,592,0.229,99.514,48.96,67.57,35.77,3,0,1.1,campaign traffic
2024-03-29,notification-service,prod,631899,23935,91.67,227,538,0.156,99.529,67.94,74.63,31.05,6,0,0.9,database pressure
2024-03-29,auth-gateway,prod,648166,24011,92.02,309,627,0.387,99.483,56.93,61.8,34.68,1,0,1.65,campaign traffic
2024-03-29,analytics-pipeline,prod,632181,21736,89.21,346,726,0.185,99.523,53.1,65.11,54.8,4,0,1.23,database pressure
2024-03-29,search-recommendations,prod,630204,21246,91.27,355,662,0.564,99.447,48.22,54.52,32.92,2,0,2.2,database pressure
2024-04-05,checkout-api,prod,1133427,41206,91.53,223,471,0.473,99.465,73.05,74.59,58.42,5,0,1.68,watch latency
2024-04-05,cart-service,prod,1136305,41588,89.48,260,509,0.02,99.556,45.23,54.3,28.33,0,0,0.63,normal baseline
2024-04-05,payment-orchestrator,prod,1107336,40849,91.47,224,554,0.313,99.497,50.74,66.76,60.03,7,0,1.28,database pressure
2024-04-05,order-ledger,prod,623756,22501,92.28,229,576,0.193,99.521,48.03,60.25,53.65,3,0,0.99,campaign traffic
2024-04-05,inventory-reservation,prod,617526,21694,90.48,303,705,0.355,99.489,73.6,62.74,41.72,4,0,1.56,normal baseline
2024-04-05,pricing-engine,prod,618268,22129,89.58,300,564,0.108,99.538,62.12,58.23,54.4,0,0,0.94,incident review
2024-04-05,tax-service,prod,647808,24431,92.2,226,583,0.46,99.468,70.83,75.69,56.3,1,0,1.65,cache warmup
2024-04-05,loyalty-service,prod,626917,21063,91.61,261,568,0.231,99.514,58.85,65.56,37.29,7,0,1.16,database pressure
2024-04-05,notification-service,prod,635044,23296,90.22,301,598,0.305,99.499,56.01,54.04,60.37,7,0,1.43,campaign traffic
2024-04-05,auth-gateway,prod,638382,21527,90.58,259,594,0.268,99.506,56.09,53.98,35.69,1,0,1.24,release week
2024-04-05,analytics-pipeline,prod,643730,24447,90.17,368,737,0.674,99.425,54.22,62.03,58.45,6,0,2.5,cache warmup
2024-04-05,search-recommendations,prod,612944,20831,90.39,369,811,0.059,99.548,51.88,58.72,60.77,2,0,0.97,cache warmup
2024-04-12,checkout-api,prod,1127077,41769,92.38,261,508,0.49,99.462,45.93,76.11,61.4,3,0,1.81,incident review
2024-04-12,cart-service,prod,1110745,39874,91.27,244,474,0.145,99.531,48.25,67.38,30.43,6,0,0.9,watch latency
2024-04-12,payment-orchestrator,prod,1123509,40916,91.58,276,621,0.08,99.544,65.12,75.81,33.55,0,0,0.81,incident review
2024-04-12,order-ledger,prod,621347,21617,90.72,301,731,0.215,99.517,44.37,54.16,28.73,5,0,1.21,normal baseline
2024-04-12,inventory-reservation,prod,646582,22022,89.61,241,616,0.02,99.556,72.52,53.31,39.01,2,0,0.59,normal baseline
2024-04-12,pricing-engine,prod,648470,21889,90.9,220,523,0.103,99.539,70.27,71.97,42.85,4,0,0.75,release week
2024-04-12,tax-service,prod,627131,23921,92.11,257,649,0.363,99.487,54.48,51.43,40.53,4,0,1.48,watch latency
2024-04-12,loyalty-service,prod,644155,22056,90.9,246,593,0.427,99.475,67.85,64.36,36.11,4,0,1.61,campaign traffic
2024-04-12,notification-service,prod,612349,22823,90.87,233,487,0.362,99.488,50.91,65.45,27.51,6,0,1.42,watch latency
2024-04-12,auth-gateway,prod,625875,22580,89.33,280,560,0.426,99.475,65.22,55.45,39.09,5,0,1.69,watch latency
2024-04-12,analytics-pipeline,prod,636438,24070,89.12,383,866,0.414,99.477,45.54,54.1,30.99,1,0,1.89,campaign traffic
2024-04-12,search-recommendations,prod,621060,22640,89.99,377,821,0.154,99.079,50.98,73.54,40.05,5,1,1.22,incident review
2024-04-19,checkout-api,prod,1151587,41881,91.29,217,590,0.326,99.495,50.26,61.54,42.02,7,0,1.3,incident review
2024-04-19,cart-service,prod,1139504,41526,91.87,280,542,0.227,99.515,59.12,61.32,53.46,7,0,1.19,incident review
2024-04-19,payment-orchestrator,prod,1131247,39623,90.68,233,499,0.348,99.49,56.53,61.7,29.17,0,0,1.39,incident review
2024-04-19,order-ledger,prod,636621,21913,90.69,301,698,0.149,99.53,66.73,73.03,57.96,1,0,1.04,incident review
2024-04-19,inventory-reservation,prod,638965,23643,91.34,304,632,0.164,99.527,50.08,68.83,63.65,7,0,1.09,campaign traffic
2024-04-19,pricing-engine,prod,646919,23965,89.95,242,580,0.343,99.491,65.84,65.68,36.58,3,0,1.39,database pressure
2024-04-19,tax-service,prod,618079,23205,92.17,312,712,0.674,99.425,51.27,51.19,59.17,0,0,2.38,database pressure
2024-04-19,loyalty-service,prod,630017,21597,92.11,265,609,0.262,99.508,62.88,60.29,50.1,7,0,1.24,normal baseline
2024-04-19,notification-service,prod,635716,23031,91.85,219,454,0.56,99.448,66.23,54.58,56.54,4,0,1.89,normal baseline
2024-04-19,auth-gateway,prod,641911,21508,92.1,252,516,0.02,99.556,46.55,65.42,64.68,4,0,0.61,release week
2024-04-19,analytics-pipeline,prod,647566,23985,91.32,346,709,0.263,99.507,59.67,52.98,57.8,5,0,1.43,normal baseline
2024-04-19,search-recommendations,prod,627207,22498,91.98,402,855,0.299,99.5,45.26,61.93,41.86,5,0,1.64,normal baseline
2024-04-26,checkout-api,prod,1112985,41001,90.21,264,645,0.069,99.546,47.06,52.23,44.19,0,0,0.76,campaign traffic
2024-04-26,cart-service,prod,1135234,41080,91.56,242,533,0.058,99.548,60.84,65.88,50.47,2,0,0.68,campaign traffic
2024-04-26,payment-orchestrator,prod,1111410,39542,91.43,268,635,0.352,99.49,69.99,50.73,38.96,5,0,1.48,normal baseline
2024-04-26,order-ledger,prod,618554,22683,89.25,296,664,0.279,99.504,50.25,66.02,30.98,3,0,1.36,cache warmup
2024-04-26,inventory-reservation,prod,645181,24386,89.84,290,603,0.178,99.524,49.39,71.12,56.54,0,0,1.09,campaign traffic
2024-04-26,pricing-engine,prod,634487,22441,89.41,257,554,0.52,99.456,56.08,74.23,50.45,7,0,1.87,watch latency
2024-04-26,tax-service,prod,613199,23676,90.99,255,542,0.182,99.524,50.17,57.76,50.62,7,0,1.02,incident review
2024-04-26,loyalty-service,prod,635983,23751,91.85,306,750,0.227,99.515,62.38,51.11,28.49,1,0,1.25,cache warmup
2024-04-26,notification-service,prod,626808,22336,89.62,251,642,0.322,99.496,69.66,53.31,47.9,2,0,1.36,cache warmup
2024-04-26,auth-gateway,prod,621406,20957,92.31,277,668,0.161,99.528,52.46,57.38,56.72,5,0,1.02,incident review
2024-04-26,analytics-pipeline,prod,644169,22407,89.24,396,867,0.208,99.518,49.62,59.95,46.07,4,0,1.4,database pressure
2024-04-26,search-recommendations,prod,636244,23994,90.75,361,679,0.373,99.485,59.96,52.02,30.82,7,0,1.74,database pressure
2024-05-03,checkout-api,prod,1146463,42677,89.29,244,464,0.408,99.478,56.9,54.26,57.42,6,0,1.56,campaign traffic
2024-05-03,cart-service,prod,1164380,42186,90.25,265,622,0.022,99.556,50.37,67.81,55.79,3,0,0.64,campaign traffic
2024-05-03,payment-orchestrator,prod,1160010,42169,91.8,259,564,0.02,99.556,58.37,57.14,43.29,6,0,0.63,database pressure
2024-05-03,order-ledger,prod,624582,21054,91.25,280,687,0.152,99.53,45.6,75.0,46.01,4,0,1.0,watch latency
2024-05-03,inventory-reservation,prod,638314,23325,90.07,270,533,0.616,99.437,45.31,55.67,41.39,1,0,2.14,release week
2024-05-03,pricing-engine,prod,642228,23738,89.79,267,548,0.02,99.556,58.14,60.73,60.15,2,0,0.64,incident review
2024-05-03,tax-service,prod,630528,21526,91.16,273,519,0.584,99.443,57.79,70.05,52.71,0,0,2.07,database pressure
2024-05-03,loyalty-service,prod,651142,22560,92.16,286,607,0.362,99.488,62.11,55.27,47.57,3,0,1.54,incident review
2024-05-03,notification-service,prod,614029,21723,91.31,222,584,0.174,99.525,53.38,57.48,39.38,2,0,0.93,incident review
2024-05-03,auth-gateway,prod,612999,20728,92.32,301,687,0.624,99.435,62.64,55.09,31.65,1,0,2.23,watch latency
2024-05-03,analytics-pipeline,prod,622719,21854,91.6,350,693,0.182,99.524,68.25,56.97,45.15,4,0,1.23,watch latency
2024-05-03,search-recommendations,prod,646952,24605,91.0,370,737,0.515,99.457,56.09,56.43,38.35,3,0,2.11,watch latency
2024-05-10,checkout-api,prod,1145574,42195,91.9,300,598,0.29,99.502,60.71,50.58,59.13,5,0,1.39,incident review
2024-05-10,cart-service,prod,1117927,39963,91.57,282,662,0.398,99.48,51.88,60.16,29.92,0,0,1.62,release week
2024-05-10,payment-orchestrator,prod,1156577,39849,91.63,290,672,0.216,99.517,60.84,71.17,44.41,7,0,1.19,database pressure
2024-05-10,order-ledger,prod,633033,23695,91.5,259,569,0.12,99.536,48.75,71.84,58.41,6,0,0.88,cache warmup
2024-05-10,inventory-reservation,prod,624007,23147,89.68,261,625,0.281,99.504,52.0,73.87,41.11,6,0,1.28,cache warmup
2024-05-10,pricing-engine,prod,647643,24546,89.63,243,543,0.501,99.46,56.7,66.65,29.37,4,0,1.79,release week
2024-05-10,tax-service,prod,633667,21464,90.47,281,688,0.02,99.556,53.03,51.51,28.67,1,0,0.67,normal baseline
2024-05-10,loyalty-service,prod,621944,20935,90.48,228,554,0.356,99.489,49.69,67.93,61.75,1,0,1.4,normal baseline
2024-05-10,notification-service,prod,626526,23077,91.65,237,521,0.18,99.524,48.15,72.83,27.67,7,0,0.98,database pressure
2024-05-10,auth-gateway,prod,645839,24798,90.23,233,492,0.305,99.499,60.39,56.77,58.5,6,0,1.28,incident review
2024-05-10,analytics-pipeline,prod,649719,23663,89.84,330,675,0.02,99.556,47.47,59.15,55.79,6,0,0.78,normal baseline
2024-05-10,search-recommendations,prod,618395,20952,90.69,419,871,0.363,99.487,56.35,71.61,49.45,7,0,1.84,incident review
2024-05-17,checkout-api,prod,1134617,42232,91.9,272,570,0.485,99.463,50.65,50.75,48.62,1,0,1.82,release week
2024-05-17,cart-service,prod,1150502,39855,90.24,285,596,0.169,99.526,65.94,74.86,33.0,0,0,1.06,incident review
2024-05-17,payment-orchestrator,prod,1157767,39869,91.35,290,627,0.399,99.48,45.11,68.51,54.34,4,0,1.64,cache warmup
2024-05-17,order-ledger,prod,616690,21025,90.47,266,559,0.343,99.491,71.13,60.59,32.99,1,0,1.45,database pressure
2024-05-17,inventory-reservation,prod,646916,23993,92.05,263,651,0.65,99.43,55.69,57.26,52.93,1,0,2.21,watch latency
2024-05-17,pricing-engine,prod,646865,23140,91.36,243,599,0.325,99.495,51.51,58.09,62.17,5,0,1.35,cache warmup
2024-05-17,tax-service,prod,616318,22231,91.63,254,527,0.442,99.472,63.8,70.86,37.91,7,0,1.67,campaign traffic
2024-05-17,loyalty-service,prod,638040,23766,90.14,306,672,0.271,99.056,63.72,62.66,51.03,1,1,1.36,campaign traffic
2024-05-17,notification-service,prod,624987,22306,91.65,231,504,0.274,99.505,54.89,61.97,62.25,4,0,1.2,cache warmup
2024-05-17,auth-gateway,prod,616160,23279,91.71,303,639,0.23,99.514,51.6,52.04,55.98,1,0,1.25,incident review
2024-05-17,analytics-pipeline,prod,641766,24123,91.64,361,798,0.212,99.518,61.42,70.87,40.05,5,0,1.33,database pressure
2024-05-17,search-recommendations,prod,649504,22970,90.78,289,690,0.386,99.483,42.82,58.59,60.54,0,0,1.61,normal baseline
2024-05-24,checkout-api,prod,1146141,41046,90.2,218,546,0.567,99.447,46.11,55.0,44.32,1,0,1.9,campaign traffic
2024-05-24,cart-service,prod,1151064,42496,89.55,253,531,0.485,99.463,45.86,58.36,62.6,7,0,1.78,incident review
2024-05-24,payment-orchestrator,prod,1167139,41527,90.57,255,480,0.4,99.03,45.65,70.82,37.36,1,1,1.57,release week
2024-05-24,order-ledger,prod,618663,23802,90.37,296,643,0.12,99.536,44.47,66.3,27.39,6,0,0.96,release week
2024-05-24,inventory-reservation,prod,642414,22520,90.75,302,730,0.02,99.556,63.25,48.87,57.21,6,0,0.72,normal baseline
2024-05-24,pricing-engine,prod,627590,23289,91.06,255,566,0.02,99.556,62.31,63.39,54.19,4,0,0.62,campaign traffic
2024-05-24,tax-service,prod,612648,23219,91.07,268,591,0.02,99.556,63.59,61.78,52.31,4,0,0.65,campaign traffic
2024-05-24,loyalty-service,prod,621052,22206,90.2,248,544,0.318,99.046,62.86,68.29,50.88,3,1,1.35,incident review
2024-05-24,notification-service,prod,634173,21400,91.87,230,570,0.09,99.542,49.28,57.8,50.03,6,0,0.74,campaign traffic
2024-05-24,auth-gateway,prod,619048,21209,91.72,235,484,0.054,99.549,52.74,50.06,61.77,6,0,0.66,normal baseline
2024-05-24,analytics-pipeline,prod,640307,24323,90.83,392,751,0.195,99.521,55.14,54.39,39.2,4,0,1.36,campaign traffic
2024-05-24,search-recommendations,prod,627073,22661,91.15,425,947,0.258,99.508,45.22,49.1,59.98,0,0,1.59,incident review
2024-05-31,checkout-api,prod,1171665,41363,90.66,310,750,0.569,99.446,48.35,48.81,36.18,1,0,2.11,database pressure
2024-05-31,cart-service,prod,1108854,41271,89.59,259,542,0.232,99.514,68.6,64.89,59.51,3,0,1.16,watch latency
2024-05-31,payment-orchestrator,prod,1118602,40595,89.71,261,575,0.448,99.47,46.14,73.24,47.06,0,0,1.7,cache warmup
2024-05-31,order-ledger,prod,629385,22772,91.12,248,615,0.229,99.514,66.84,72.88,51.65,1,0,1.12,cache warmup
2024-05-31,inventory-reservation,prod,622156,21399,92.06,219,504,0.121,99.536,60.3,55.05,39.49,5,0,0.79,watch latency
2024-05-31,pricing-engine,prod,624740,22644,91.48,271,562,0.29,99.502,44.49,62.09,34.71,1,0,1.33,normal baseline
2024-05-31,tax-service,prod,626687,22277,89.72,298,650,0.264,99.507,43.95,67.74,55.68,4,0,1.32,release week
2024-05-31,loyalty-service,prod,651850,22653,91.62,297,572,0.324,99.495,58.76,71.91,37.84,7,0,1.47,normal baseline
2024-05-31,notification-service,prod,647484,23544,91.49,218,481,0.272,99.506,43.15,69.45,61.4,1,0,1.16,cache warmup
2024-05-31,auth-gateway,prod,635323,21740,91.25,271,556,0.128,99.534,52.24,68.91,35.64,3,0,0.92,campaign traffic
2024-05-31,analytics-pipeline,prod,629742,22300,89.48,385,857,0.158,99.528,42.49,55.69,64.79,4,0,1.25,normal baseline
2024-05-31,search-recommendations,prod,644638,23466,90.09,357,664,0.05,99.55,68.29,53.87,62.13,2,0,0.92,database pressure
2024-06-07,checkout-api,prod,1120617,39320,89.3,281,590,0.779,99.404,40.95,69.91,57.59,5,0,2.57,release week
2024-06-07,cart-service,prod,1159122,40655,91.22,268,607,0.054,99.549,48.47,67.85,63.36,2,0,0.73,normal baseline
2024-06-07,payment-orchestrator,prod,1144510,41069,91.82,307,727,0.379,99.484,63.04,63.64,50.59,5,0,1.63,incident review
2024-06-07,order-ledger,prod,625157,23578,90.47,261,669,0.516,99.457,63.38,71.01,57.69,5,0,1.87,campaign traffic
2024-06-07,inventory-reservation,prod,648100,24605,92.15,311,655,0.177,99.525,55.17,64.29,63.02,1,0,1.13,release week
2024-06-07,pricing-engine,prod,630737,23237,91.74,256,526,0.582,99.444,65.21,61.83,52.35,0,0,2.03,database pressure
2024-06-07,tax-service,prod,648417,23351,91.99,236,483,0.037,99.553,42.57,60.07,59.08,0,0,0.62,normal baseline
2024-06-07,loyalty-service,prod,644580,24144,91.99,252,499,0.157,99.529,62.07,68.36,57.05,4,0,0.95,release week
2024-06-07,notification-service,prod,647692,21940,91.78,245,479,0.242,99.512,51.92,61.26,42.37,4,0,1.15,watch latency
2024-06-07,auth-gateway,prod,649625,24067,90.29,310,681,0.297,99.501,66.15,65.64,38.19,7,0,1.43,normal baseline
2024-06-07,analytics-pipeline,prod,645214,23937,91.28,330,739,0.298,99.5,47.53,51.75,61.69,2,0,1.48,database pressure
2024-06-07,search-recommendations,prod,639931,22807,91.97,335,731,0.496,99.461,41.65,52.39,46.84,1,0,1.98,campaign traffic
2024-06-14,checkout-api,prod,1107622,38206,90.8,285,567,0.273,99.505,56.07,70.05,40.75,5,0,1.32,cache warmup
2024-06-14,cart-service,prod,1118930,39112,89.55,293,603,0.278,99.504,43.64,64.52,34.92,1,0,1.35,campaign traffic
2024-06-14,payment-orchestrator,prod,1106778,41097,92.2,280,595,0.266,99.507,56.34,55.8,63.41,2,0,1.29,database pressure
2024-06-14,order-ledger,prod,624921,21698,89.75,234,593,0.248,99.51,53.84,50.31,52.16,6,0,1.14,release week
2024-06-14,inventory-reservation,prod,641571,24255,90.78,254,628,0.306,99.499,64.83,47.98,36.75,0,0,1.33,incident review
2024-06-14,pricing-engine,prod,640926,21518,92.04,226,591,0.289,99.502,44.71,65.86,63.68,6,0,1.22,watch latency
2024-06-14,tax-service,prod,646039,22673,91.1,247,529,0.184,99.523,49.99,63.29,29.75,3,0,1.01,normal baseline
2024-06-14,loyalty-service,prod,614391,21868,90.31,248,634,0.029,99.554,45.69,51.49,50.79,1,0,0.62,watch latency
2024-06-14,notification-service,prod,621455,22593,91.87,303,706,0.056,99.549,58.92,68.17,45.16,1,0,0.81,incident review
2024-06-14,auth-gateway,prod,619250,23474,89.52,232,615,0.407,99.479,47.11,51.53,53.7,6,0,1.53,database pressure
2024-06-14,analytics-pipeline,prod,634153,24103,89.46,404,751,0.195,99.521,64.8,47.55,49.72,7,0,1.39,normal baseline
2024-06-14,search-recommendations,prod,651762,24944,89.14,327,619,0.394,99.481,50.14,58.48,27.26,1,0,1.71,release week
2024-06-21,checkout-api,prod,1135733,39573,89.72,220,517,0.471,99.466,40.14,62.94,43.16,4,0,1.67,watch latency
2024-06-21,cart-service,prod,1153018,39970,89.37,271,648,0.076,99.545,66.97,67.32,39.87,5,0,0.79,normal baseline
2024-06-21,payment-orchestrator,prod,1108612,40834,89.24,232,519,0.32,99.496,45.97,57.83,44.8,3,0,1.31,cache warmup
2024-06-21,order-ledger,prod,620583,23296,90.25,284,664,0.101,99.54,60.86,53.23,53.67,5,0,0.88,release week
2024-06-21,inventory-reservation,prod,613310,22986,89.2,250,506,0.149,99.53,40.54,47.54,34.42,0,0,0.93,cache warmup
2024-06-21,pricing-engine,prod,650484,23202,89.86,275,671,0.362,99.488,54.59,55.91,55.12,2,0,1.52,database pressure
2024-06-21,tax-service,prod,646251,24853,90.31,287,567,0.732,99.414,39.23,65.48,29.44,6,0,2.47,watch latency
2024-06-21,loyalty-service,prod,621891,20916,91.47,255,598,0.424,99.475,64.8,61.6,35.82,7,0,1.63,incident review
2024-06-21,notification-service,prod,648721,23236,91.28,307,707,0.044,99.551,64.17,71.52,55.07,4,0,0.79,incident review
2024-06-21,auth-gateway,prod,624561,23255,91.91,305,726,0.59,99.442,49.8,54.19,62.94,6,0,2.15,incident review
2024-06-21,analytics-pipeline,prod,646420,21914,89.42,356,833,0.347,99.491,48.33,66.17,38.53,6,0,1.66,campaign traffic
2024-06-21,search-recommendations,prod,623699,20966,90.51,341,792,0.192,99.522,67.03,63.26,34.89,3,0,1.24,database pressure
2024-06-28,checkout-api,prod,1138345,41563,89.89,247,587,0.02,99.556,54.7,49.13,38.81,0,0,0.6,normal baseline
2024-06-28,cart-service,prod,1148545,40179,89.23,300,684,0.22,99.516,46.59,48.91,62.58,7,0,1.22,campaign traffic
2024-06-28,payment-orchestrator,prod,1147915,39889,90.48,281,547,0.524,99.455,53.62,57.19,43.71,1,0,1.93,normal baseline
2024-06-28,order-ledger,prod,646028,22674,90.87,302,588,0.303,99.499,39.41,47.1,51.34,0,0,1.43,cache warmup
2024-06-28,inventory-reservation,prod,635333,21252,90.46,231,486,0.02,99.556,48.35,62.64,31.54,5,0,0.56,watch latency
2024-06-28,pricing-engine,prod,636241,23972,92.07,273,638,0.541,99.452,53.2,54.71,35.45,5,0,1.96,normal baseline
2024-06-28,tax-service,prod,628862,21873,90.14,228,475,0.099,99.54,51.01,50.68,31.96,5,0,0.75,normal baseline
2024-06-28,loyalty-service,prod,625039,21041,89.3,288,582,0.02,99.556,62.48,59.77,33.8,5,0,0.69,release week
2024-06-28,notification-service,prod,615128,22329,90.36,306,722,0.226,99.515,60.7,66.48,53.56,3,0,1.24,incident review
2024-06-28,auth-gateway,prod,650450,22010,91.97,262,615,0.193,99.521,46.18,47.53,48.35,0,0,1.06,cache warmup
2024-06-28,analytics-pipeline,prod,632661,22272,91.95,279,619,0.228,99.514,57.21,61.59,45.72,2,0,1.19,watch latency
2024-06-28,search-recommendations,prod,637754,23353,89.47,414,778,0.356,99.489,65.38,64.3,54.32,7,0,1.81,cache warmup
2024-07-05,checkout-api,prod,1103716,39208,90.71,245,482,0.756,99.409,64.23,57.95,59.96,5,0,2.43,normal baseline
2024-07-05,cart-service,prod,1149028,40361,89.3,293,597,0.328,99.494,39.44,67.8,51.75,2,0,1.47,cache warmup
2024-07-05,payment-orchestrator,prod,1115744,40851,89.86,260,604,0.268,99.506,55.67,64.01,56.48,0,0,1.25,campaign traffic
2024-07-05,order-ledger,prod,618294,22239,90.04,312,589,0.273,99.505,53.89,46.16,52.18,7,0,1.38,database pressure
2024-07-05,inventory-reservation,prod,646456,22859,89.96,298,637,0.582,99.444,51.49,52.34,50.07,5,0,2.12,campaign traffic
2024-07-05,pricing-engine,prod,622444,23909,91.64,245,608,0.246,99.511,43.63,54.19,51.96,3,0,1.16,campaign traffic
2024-07-05,tax-service,prod,621445,21245,91.54,287,710,0.527,99.455,44.62,46.89,60.41,0,0,1.95,release week
2024-07-05,loyalty-service,prod,633308,22192,92.21,288,615,0.351,99.49,62.04,60.23,54.0,5,0,1.52,database pressure
2024-07-05,notification-service,prod,635980,22817,91.58,302,719,0.254,99.509,37.22,66.29,52.94,6,0,1.31,normal baseline
2024-07-05,auth-gateway,prod,620273,22906,91.81,252,614,0.198,99.52,58.85,50.75,45.39,3,0,1.05,database pressure
2024-07-05,analytics-pipeline,prod,625705,22816,90.2,360,798,0.059,99.548,59.5,64.39,33.85,5,0,0.95,cache warmup
2024-07-05,search-recommendations,prod,651050,22382,91.24,410,891,0.482,99.464,55.26,67.96,32.32,3,0,2.12,watch latency
2024-07-12,checkout-api,prod,1170604,41275,89.75,237,551,0.561,99.448,51.97,51.24,42.04,1,0,1.93,release week
2024-07-12,cart-service,prod,1161149,42651,90.25,301,712,0.487,99.463,51.7,48.35,50.88,5,0,1.89,release week
2024-07-12,payment-orchestrator,prod,1161705,42608,90.47,226,517,0.173,99.525,52.41,65.43,53.85,7,0,0.93,watch latency
2024-07-12,order-ledger,prod,622265,22347,89.28,310,597,0.364,99.487,59.8,51.61,40.46,6,0,1.6,release week
2024-07-12,inventory-reservation,prod,640959,21503,90.0,249,501,0.446,99.471,44.05,66.33,43.78,1,0,1.67,incident review
2024-07-12,pricing-engine,prod,615162,23589,89.46,252,611,0.338,99.492,53.37,61.85,61.32,1,0,1.4,incident review
2024-07-12,tax-service,prod,624991,21868,90.01,248,525,0.816,99.397,38.55,56.12,46.42,7,0,2.59,database pressure
2024-07-12,loyalty-service,prod,632776,21171,90.18,239,621,0.02,99.556,57.96,53.64,62.24,5,0,0.58,watch latency
2024-07-12,notification-service,prod,633567,22302,90.7,283,641,0.29,99.502,42.31,51.46,31.48,5,0,1.36,database pressure
2024-07-12,auth-gateway,prod,632205,23226,90.85,243,482,0.321,99.496,59.46,62.03,39.75,6,0,1.34,release week
2024-07-12,analytics-pipeline,prod,616930,23813,89.66,381,838,0.104,99.089,61.78,46.58,55.86,5,1,1.11,campaign traffic
2024-07-12,search-recommendations,prod,629268,22030,88.93,424,946,0.407,99.479,63.69,53.82,64.47,2,0,1.96,incident review
2024-07-19,checkout-api,prod,1153904,40103,90.52,269,652,0.54,99.452,49.54,48.68,49.09,6,0,1.95,normal baseline
2024-07-19,cart-service,prod,1116068,40173,89.58,280,608,0.181,99.524,56.5,57.24,38.05,7,0,1.08,database pressure
2024-07-19,payment-orchestrator,prod,1165294,41494,91.99,269,542,0.551,99.45,36.83,64.67,32.47,4,0,1.97,database pressure
2024-07-19,order-ledger,prod,650511,22763,89.45,234,583,0.265,99.507,40.62,67.9,42.66,6,0,1.18,database pressure
2024-07-19,inventory-reservation,prod,639342,23974,90.08,269,575,0.109,99.538,37.85,46.22,35.55,2,0,0.87,normal baseline
2024-07-19,pricing-engine,prod,644857,23748,90.05,288,663,0.361,99.488,62.45,47.33,61.03,5,0,1.54,database pressure
2024-07-19,tax-service,prod,638246,22848,90.23,219,440,0.178,99.524,45.65,55.73,31.52,4,0,0.93,incident review
2024-07-19,loyalty-service,prod,647228,23811,92.33,224,482,0.02,99.556,51.45,66.12,35.5,5,0,0.55,campaign traffic
2024-07-19,notification-service,prod,629236,21442,91.98,278,569,0.464,99.467,57.54,68.14,50.47,3,0,1.78,cache warmup
2024-07-19,auth-gateway,prod,616382,20874,91.64,263,659,0.134,99.533,45.33,62.73,32.92,1,0,0.92,incident review
2024-07-19,analytics-pipeline,prod,647222,22152,92.1,324,752,0.265,99.507,40.02,54.48,38.12,3,0,1.38,release week
2024-07-19,search-recommendations,prod,640142,22400,89.27,321,733,0.405,99.479,41.5,66.07,64.94,2,0,1.73,cache warmup
2024-07-26,checkout-api,prod,1134316,40985,90.36,275,680,0.394,99.481,35.81,54.9,46.94,0,0,1.6,campaign traffic
2024-07-26,cart-service,prod,1119103,40504,90.63,272,561,0.188,99.522,37.46,48.96,61.37,3,0,1.07,watch latency
2024-07-26,payment-orchestrator,prod,1113357,39237,89.95,269,589,0.23,99.514,42.45,62.96,61.25,2,0,1.17,release week
2024-07-26,order-ledger,prod,640726,22912,90.63,223,597,0.222,99.516,53.56,54.01,30.02,7,0,1.05,campaign traffic
2024-07-26,inventory-reservation,prod,632420,23142,89.92,229,435,0.304,99.499,59.75,65.72,56.79,2,0,1.27,release week
2024-07-26,pricing-engine,prod,642309,23164,92.02,273,688,0.265,99.507,60.12,54.25,64.77,2,0,1.27,cache warmup
2024-07-26,tax-service,prod,620699,23251,91.74,290,575,0.324,99.495,37.89,58.99,30.92,1,0,1.45,watch latency
2024-07-26,loyalty-service,prod,617688,22920,90.62,309,641,0.353,99.489,37.03,55.46,56.05,7,0,1.57,normal baseline
2024-07-26,notification-service,prod,625738,22316,89.29,217,549,0.345,99.491,47.44,51.25,56.11,2,0,1.34,release week
2024-07-26,auth-gateway,prod,632905,23508,89.25,290,654,0.07,99.546,49.52,49.12,28.88,2,0,0.82,watch latency
2024-07-26,analytics-pipeline,prod,633732,21492,90.49,411,862,0.207,99.519,52.43,64.55,38.44,4,0,1.43,campaign traffic
2024-07-26,search-recommendations,prod,635514,21608,91.78,301,615,0.107,99.539,41.61,65.06,32.56,0,0,0.94,campaign traffic
2024-08-02,checkout-api,prod,1111640,40856,91.71,274,569,0.411,99.028,39.38,44.75,45.3,1,1,1.64,normal baseline
2024-08-02,cart-service,prod,1165474,42857,91.33,297,572,0.434,99.473,32.3,55.74,27.88,0,0,1.75,incident review
2024-08-02,payment-orchestrator,prod,1134010,40025,91.76,273,512,0.287,99.503,49.04,57.92,46.6,6,0,1.32,cache warmup
2024-08-02,order-ledger,prod,636664,22859,91.14,277,618,0.29,99.502,45.28,66.8,63.2,3,0,1.34,release week
2024-08-02,inventory-reservation,prod,647903,23021,91.0,246,534,0.458,99.468,46.22,59.87,38.32,5,0,1.69,watch latency
2024-08-02,pricing-engine,prod,641713,22983,91.02,289,694,0.092,99.542,41.2,50.53,27.92,1,0,0.87,release week
2024-08-02,tax-service,prod,647521,24078,91.85,219,547,0.703,99.419,57.02,56.66,48.35,7,0,2.24,campaign traffic
2024-08-02,loyalty-service,prod,651816,23756,92.13,303,705,0.231,99.514,37.15,58.95,32.85,5,0,1.25,watch latency
2024-08-02,notification-service,prod,620588,21336,91.41,306,729,0.272,99.506,46.93,56.53,32.55,7,0,1.36,incident review
2024-08-02,auth-gateway,prod,640054,22392,91.33,241,630,0.13,99.534,35.55,62.82,57.03,4,0,0.86,database pressure
2024-08-02,analytics-pipeline,prod,630216,21571,92.01,415,895,0.165,99.527,46.64,59.15,64.86,2,0,1.34,campaign traffic
2024-08-02,search-recommendations,prod,640914,22336,89.41,274,559,0.02,99.556,41.76,46.62,30.13,5,0,0.66,watch latency
2024-08-09,checkout-api,prod,1111942,39527,91.57,217,554,0.466,99.467,35.56,63.56,42.2,7,0,1.65,database pressure
2024-08-09,cart-service,prod,1163323,43251,89.82,270,684,0.223,99.515,59.6,51.43,34.31,2,0,1.16,watch latency
2024-08-09,payment-orchestrator,prod,1163529,43135,89.57,238,495,0.498,99.46,45.51,66.03,27.17,1,0,1.77,cache warmup
2024-08-09,order-ledger,prod,634445,23908,92.43,237,506,0.596,99.441,51.9,46.32,41.68,2,0,2.02,watch latency
2024-08-09,inventory-reservation,prod,630330,22851,90.2,304,570,0.166,99.527,49.41,45.17,56.3,3,0,1.09,normal baseline
2024-08-09,pricing-engine,prod,636509,21646,91.94,235,467,0.391,99.482,39.2,63.89,62.72,2,0,1.5,cache warmup
2024-08-09,tax-service,prod,614940,22923,91.85,266,536,0.16,99.528,31.25,45.84,27.86,6,0,0.99,cache warmup
2024-08-09,loyalty-service,prod,647509,24213,89.97,230,473,0.078,99.544,39.44,44.79,53.34,3,0,0.7,cache warmup
2024-08-09,notification-service,prod,649441,23950,92.16,311,606,0.31,99.498,45.15,63.18,48.71,0,0,1.47,watch latency
2024-08-09,auth-gateway,prod,627669,23549,89.14,293,577,0.078,99.544,59.99,61.55,32.07,7,0,0.85,incident review
2024-08-09,analytics-pipeline,prod,638405,23989,90.49,362,804,0.472,99.466,58.1,57.14,38.52,5,0,1.98,campaign traffic
2024-08-09,search-recommendations,prod,644350,24591,91.78,275,680,0.21,99.518,52.67,67.09,46.17,7,0,1.14,normal baseline
2024-08-16,checkout-api,prod,1168653,41367,92.47,233,474,0.225,99.515,59.9,62.79,52.56,5,0,1.08,watch latency
2024-08-16,cart-service,prod,1119992,39772,89.25,255,599,0.027,99.555,42.92,45.24,58.15,1,0,0.63,release week
2024-08-16,payment-orchestrator,prod,1104098,38004,90.07,222,421,0.254,99.509,37.19,65.98,64.61,6,0,1.13,cache warmup
2024-08-16,order-ledger,prod,646339,22610,91.01,312,652,0.053,99.549,40.06,56.04,51.84,6,0,0.83,normal baseline
2024-08-16,inventory-reservation,prod,641866,22828,89.32,281,576,0.02,99.556,58.74,47.83,39.52,5,0,0.67,campaign traffic
2024-08-16,pricing-engine,prod,627011,21671,90.75,232,462,0.275,99.055,54.67,54.14,47.81,4,1,1.2,normal baseline
2024-08-16,tax-service,prod,615035,22035,91.16,265,648,0.171,99.526,41.35,58.72,37.5,3,0,1.02,database pressure
2024-08-16,loyalty-service,prod,643778,24666,89.56,239,550,0.55,99.45,47.11,63.58,28.32,2,0,1.91,cache warmup
2024-08-16,notification-service,prod,612513,21427,89.2,294,561,0.413,99.477,40.39,44.24,57.62,0,0,1.69,incident review
2024-08-16,auth-gateway,prod,636420,23859,90.52,311,640,0.211,99.518,34.99,63.28,45.29,0,0,1.22,normal baseline
2024-08-16,analytics-pipeline,prod,632190,24098,89.66,386,784,0.306,99.049,48.0,65.33,30.39,3,1,1.62,release week
2024-08-16,search-recommendations,prod,646076,23715,89.92,307,603,0.31,99.498,55.49,41.41,59.52,2,0,1.46,watch latency
2024-08-23,checkout-api,prod,1144029,40973,89.11,312,643,0.387,99.483,44.91,49.39,28.51,7,0,1.66,campaign traffic
2024-08-23,cart-service,prod,1159504,41243,90.07,223,435,0.181,99.524,50.62,44.98,43.09,5,0,0.95,watch latency
2024-08-23,payment-orchestrator,prod,1164438,42533,91.2,237,564,0.299,99.5,54.53,55.57,45.68,3,0,1.27,normal baseline
2024-08-23,order-ledger,prod,625047,22431,89.61,223,512,0.6,99.44,30.57,51.25,64.02,1,0,2.0,normal baseline
2024-08-23,inventory-reservation,prod,624597,20845,92.23,237,514,0.345,99.491,47.78,59.26,47.18,3,0,1.39,watch latency
2024-08-23,pricing-engine,prod,614442,22825,89.66,245,558,0.209,99.518,48.02,62.93,34.03,3,0,1.07,watch latency
2024-08-23,tax-service,prod,633379,21497,90.06,306,719,0.223,99.515,55.82,54.36,36.71,6,0,1.24,normal baseline
2024-08-23,loyalty-service,prod,625751,21437,91.37,237,496,0.257,99.509,52.32,51.8,63.48,4,0,1.17,release week
2024-08-23,notification-service,prod,640271,22331,91.51,232,568,0.214,99.517,50.88,43.64,54.55,6,0,1.05,campaign traffic
2024-08-23,auth-gateway,prod,630950,21820,90.43,273,602,0.882,99.384,50.58,40.4,41.21,6,0,2.81,release week
2024-08-23,analytics-pipeline,prod,636645,22782,89.18,316,718,0.158,99.528,34.36,40.86,46.27,4,0,1.1,cache warmup
2024-08-23,search-recommendations,prod,613945,20670,91.88,364,738,0.416,99.477,55.44,47.32,59.48,1,0,1.85,watch latency
2024-08-30,checkout-api,prod,1106272,38158,91.63,287,707,0.413,99.477,37.32,40.93,58.74,6,0,1.67,normal baseline
2024-08-30,cart-service,prod,1151915,41242,90.27,284,559,1.093,99.341,58.72,57.15,55.9,7,0,3.36,release week
2024-08-30,payment-orchestrator,prod,1162967,41955,89.67,268,679,0.6,99.44,32.9,54.33,58.09,5,0,2.1,cache warmup
2024-08-30,order-ledger,prod,641775,21821,89.85,293,705,0.301,99.5,47.78,61.1,31.55,1,0,1.4,release week
2024-08-30,inventory-reservation,prod,624735,23101,89.38,262,560,0.453,99.469,41.84,62.84,49.36,4,0,1.71,watch latency
2024-08-30,pricing-engine,prod,648180,22696,91.89,293,549,0.347,99.491,29.15,59.92,40.72,4,0,1.52,normal baseline
2024-08-30,tax-service,prod,629248,23972,91.7,287,542,0.509,99.458,37.19,47.59,45.25,3,0,1.91,cache warmup
2024-08-30,loyalty-service,prod,612790,20585,90.08,307,636,0.425,99.475,32.63,51.43,40.17,5,0,1.75,normal baseline
2024-08-30,notification-service,prod,615692,21610,89.89,228,480,0.097,99.541,50.59,41.74,39.92,4,0,0.75,normal baseline
2024-08-30,auth-gateway,prod,646882,22198,91.75,285,684,0.085,99.543,39.87,53.18,48.56,0,0,0.85,normal baseline
2024-08-30,analytics-pipeline,prod,647108,23981,90.54,400,881,0.325,99.495,51.86,46.29,35.98,1,0,1.7,campaign traffic
2024-08-30,search-recommendations,prod,612939,21278,89.23,337,663,0.308,99.498,42.97,60.03,59.85,1,0,1.52,watch latency
2024-09-06,checkout-api,prod,1133312,41981,91.35,274,610,0.847,99.391,54.1,59.75,29.84,7,0,2.73,watch latency
2024-09-06,cart-service,prod,1160020,40838,91.22,234,524,0.265,99.507,30.63,65.29,39.42,1,0,1.18,release week
2024-09-06,payment-orchestrator,prod,1120147,39402,89.44,245,482,0.02,99.106,45.07,60.51,40.59,0,1,0.59,cache warmup
2024-09-06,order-ledger,prod,640698,22144,92.36,276,636,0.535,99.453,58.12,61.37,41.08,6,0,1.95,cache warmup
2024-09-06,inventory-reservation,prod,642155,22034,90.82,230,503,0.146,99.531,45.07,47.6,46.64,2,0,0.88,cache warmup
2024-09-06,pricing-engine,prod,622313,21865,89.71,282,633,0.255,99.509,45.33,43.71,60.89,4,0,1.26,release week
2024-09-06,tax-service,prod,618786,23874,89.77,256,531,0.593,99.441,40.56,54.3,47.02,7,0,2.05,incident review
2024-09-06,loyalty-service,prod,634652,21762,91.22,275,581,0.413,99.477,57.15,44.94,54.3,1,0,1.64,watch latency
2024-09-06,notification-service,prod,618962,23345,90.74,231,467,0.174,99.525,51.38,43.29,50.1,6,0,0.95,watch latency
2024-09-06,auth-gateway,prod,636611,21761,92.22,247,518,0.244,99.511,41.53,61.15,36.03,0,0,1.16,cache warmup
2024-09-06,analytics-pipeline,prod,622414,21204,91.06,327,636,0.033,99.553,31.73,64.33,34.71,4,0,0.81,database pressure
2024-09-06,search-recommendations,prod,649408,21800,90.18,370,844,0.207,99.519,41.54,56.49,53.24,2,0,1.34,watch latency
2024-09-13,checkout-api,prod,1172626,40956,91.76,273,658,0.521,99.456,33.01,55.99,46.29,7,0,1.91,normal baseline
2024-09-13,cart-service,prod,1129793,39087,91.42,307,598,0.054,99.549,51.45,46.71,32.83,4,0,0.82,database pressure
2024-09-13,payment-orchestrator,prod,1150248,41417,90.48,299,692,0.31,99.498,44.58,64.59,29.68,6,0,1.44,normal baseline
2024-09-13,order-ledger,prod,632135,24296,90.46,302,677,0.205,99.519,54.29,43.65,61.96,4,0,1.18,database pressure
2024-09-13,inventory-reservation,prod,622370,21291,90.36,286,559,0.477,99.465,56.19,53.19,63.16,4,0,1.83,incident review
2024-09-13,pricing-engine,prod,621057,23757,91.01,250,643,0.439,99.472,44.88,61.17,36.54,0,0,1.65,campaign traffic
2024-09-13,tax-service,prod,634670,24221,90.97,233,445,0.051,99.55,43.78,39.97,37.5,3,0,0.64,watch latency
2024-09-13,loyalty-service,prod,612205,22758,91.33,255,648,0.268,99.506,54.03,40.12,51.91,2,0,1.24,release week
2024-09-13,notification-service,prod,618401,21423,90.4,278,556,0.345,99.491,29.11,40.16,42.17,0,0,1.48,normal baseline
2024-09-13,auth-gateway,prod,627046,22495,90.58,299,610,0.35,99.49,48.96,46.57,34.42,6,0,1.54,incident review
2024-09-13,analytics-pipeline,prod,645765,21773,91.7,432,966,0.309,99.498,48.58,40.79,55.87,6,0,1.73,cache warmup
2024-09-13,search-recommendations,prod,619031,23828,90.14,386,836,0.434,99.473,48.79,55.36,32.75,7,0,1.94,incident review
2024-09-20,checkout-api,prod,1109701,40821,89.17,304,629,0.02,99.556,42.74,40.07,43.17,0,0,0.73,watch latency
2024-09-20,cart-service,prod,1150164,41126,89.65,279,529,0.494,99.461,44.25,51.27,27.95,4,0,1.85,incident review
2024-09-20,payment-orchestrator,prod,1101780,39274,92.16,291,559,0.422,99.476,55.32,59.1,41.0,6,0,1.7,incident review
2024-09-20,order-ledger,prod,622168,23316,90.86,275,686,0.247,99.511,29.34,57.08,33.29,1,0,1.23,database pressure
2024-09-20,inventory-reservation,prod,615181,22925,89.98,280,673,0.28,99.504,54.42,62.67,57.93,3,0,1.32,watch latency
2024-09-20,pricing-engine,prod,640917,24391,89.79,261,539,0.308,99.498,46.29,58.75,45.51,1,0,1.35,incident review
2024-09-20,tax-service,prod,615119,22619,90.01,299,595,0.577,99.445,45.22,55.52,43.63,5,0,2.11,watch latency
2024-09-20,loyalty-service,prod,632920,23885,90.99,227,582,0.08,99.544,49.73,47.65,41.42,7,0,0.71,database pressure
2024-09-20,notification-service,prod,630548,21986,90.7,312,755,0.75,99.41,55.53,45.42,60.66,5,0,2.57,incident review
2024-09-20,auth-gateway,prod,632920,21653,89.63,288,549,0.246,99.511,48.35,48.59,47.89,2,0,1.25,campaign traffic
2024-09-20,analytics-pipeline,prod,637647,22722,89.9,314,731,0.469,99.466,41.48,55.91,30.62,6,0,1.87,cache warmup
2024-09-20,search-recommendations,prod,630243,24173,90.05,387,869,0.752,99.41,57.29,64.35,43.29,0,0,2.74,incident review
2024-09-27,checkout-api,prod,1132306,41676,90.2,307,621,0.419,99.476,42.22,58.97,27.75,2,0,1.73,watch latency
2024-09-27,cart-service,prod,1122805,40224,91.45,266,669,0.648,99.43,36.43,45.74,46.57,3,0,2.21,cache warmup
2024-09-27,payment-orchestrator,prod,1105214,38360,89.3,227,454,0.356,99.489,29.53,54.19,56.13,0,0,1.39,campaign traffic
2024-09-27,order-ledger,prod,636689,23319,90.88,302,685,0.255,99.509,42.54,63.2,34.01,1,0,1.31,database pressure
2024-09-27,inventory-reservation,prod,625971,21761,91.64,269,572,0.467,99.467,55.92,45.8,32.32,6,0,1.77,watch latency
2024-09-27,pricing-engine,prod,628471,22304,91.09,288,610,0.02,99.556,51.18,62.94,50.06,5,0,0.69,release week
2024-09-27,tax-service,prod,620486,21921,89.2,253,638,0.604,99.439,37.53,48.67,33.15,0,0,2.07,incident review
2024-09-27,loyalty-service,prod,617704,23496,91.45,243,494,0.379,99.484,28.21,61.03,63.82,7,0,1.49,watch latency
2024-09-27,notification-service,prod,628275,23426,89.66,223,423,0.732,99.414,57.33,44.07,28.1,6,0,2.33,normal baseline
2024-09-27,auth-gateway,prod,648400,22943,91.62,255,580,0.389,99.482,49.58,58.84,38.28,1,0,1.54,normal baseline
2024-09-27,analytics-pipeline,prod,645853,24627,89.75,415,865,0.191,99.522,53.77,55.92,60.19,2,0,1.4,normal baseline
2024-09-27,search-recommendations,prod,647430,21872,89.57,308,669,0.59,99.442,38.23,47.34,43.94,0,0,2.16,watch latency
2024-10-04,checkout-api,prod,1169881,42442,89.84,283,580,0.445,99.471,47.47,61.36,62.61,1,0,1.74,cache warmup
2024-10-04,cart-service,prod,1137920,40960,91.55,280,527,0.706,99.419,55.11,39.48,27.19,5,0,2.39,normal baseline
2024-10-04,payment-orchestrator,prod,1110619,38492,90.8,261,554,0.362,99.488,50.57,54.53,47.06,6,0,1.48,campaign traffic
2024-10-04,order-ledger,prod,619986,23608,91.41,255,525,0.091,99.542,57.82,41.0,56.38,0,0,0.79,campaign traffic
2024-10-04,inventory-reservation,prod,636179,21247,92.44,233,610,0.361,99.488,57.27,63.66,37.81,5,0,1.42,release week
2024-10-04,pricing-engine,prod,644352,22855,89.69,252,490,0.538,99.452,58.01,60.22,52.33,0,0,1.91,incident review
2024-10-04,tax-service,prod,630272,23742,91.88,264,657,0.475,99.465,42.95,60.09,39.12,4,0,1.77,database pressure
2024-10-04,loyalty-service,prod,630957,23306,89.55,230,548,0.02,99.556,36.24,61.93,54.21,4,0,0.56,campaign traffic
2024-10-04,notification-service,prod,624676,21847,89.81,299,626,0.196,99.521,46.4,60.52,60.06,6,0,1.15,campaign traffic
2024-10-04,auth-gateway,prod,642458,24455,92.28,251,534,0.299,99.5,44.43,51.09,43.38,1,0,1.3,watch latency
2024-10-04,analytics-pipeline,prod,623150,23257,89.86,359,731,0.171,99.526,50.71,53.01,30.85,3,0,1.22,campaign traffic
2024-10-04,search-recommendations,prod,636465,21570,90.15,353,729,0.391,99.482,37.71,42.6,64.8,4,0,1.76,database pressure
2024-10-11,checkout-api,prod,1168776,42837,90.6,307,591,0.352,99.49,55.16,57.68,44.63,7,0,1.56,normal baseline
2024-10-11,cart-service,prod,1109485,40692,89.34,250,532,0.41,99.478,32.23,52.19,62.5,4,0,1.58,release week
2024-10-11,payment-orchestrator,prod,1153355,41183,90.21,299,652,0.096,99.541,31.95,43.49,48.25,4,0,0.9,release week
2024-10-11,order-ledger,prod,627975,23577,92.3,247,601,0.754,99.409,36.7,42.38,61.38,1,0,2.43,normal baseline
2024-10-11,inventory-reservation,prod,615946,23142,91.0,287,644,0.02,99.556,50.33,60.96,42.27,1,0,0.69,release week
2024-10-11,pricing-engine,prod,630044,22810,90.42,232,590,0.212,99.518,57.39,48.31,60.81,4,0,1.04,normal baseline
2024-10-11,tax-service,prod,626309,23457,90.08,228,557,0.288,99.502,29.61,59.73,49.34,5,0,1.23,watch latency
2024-10-11,loyalty-service,prod,643291,22976,90.81,281,651,0.178,99.524,56.74,48.99,30.18,3,0,1.07,database pressure
2024-10-11,notification-service,prod,649165,21830,90.34,242,601,0.283,99.503,34.79,62.41,35.84,2,0,1.25,cache warmup
2024-10-11,auth-gateway,prod,623815,21895,91.51,251,600,0.233,99.513,50.38,41.55,56.58,3,0,1.14,normal baseline
2024-10-11,analytics-pipeline,prod,637304,24367,91.04,367,813,0.412,99.478,46.69,44.7,46.49,6,0,1.85,cache warmup
2024-10-11,search-recommendations,prod,631947,22447,90.24,311,664,0.186,99.523,37.73,58.2,43.48,2,0,1.16,campaign traffic
2024-10-18,checkout-api,prod,1173043,42422,91.23,254,477,0.436,99.473,41.25,55.59,59.52,0,0,1.65,campaign traffic
2024-10-18,cart-service,prod,1151830,42606,91.82,225,451,0.508,99.458,53.65,54.26,42.7,5,0,1.77,release week
2024-10-18,payment-orchestrator,prod,1104489,39133,91.27,308,645,0.116,99.537,45.29,54.36,30.69,7,0,0.98,incident review
2024-10-18,order-ledger,prod,628814,23573,89.91,223,432,0.133,99.533,36.44,51.15,35.54,5,0,0.83,watch latency
2024-10-18,inventory-reservation,prod,628999,22073,90.12,239,476,0.246,99.511,46.7,40.38,55.22,6,0,1.15,database pressure
2024-10-18,pricing-engine,prod,623030,23983,91.86,287,597,0.492,99.462,35.39,61.74,59.73,1,0,1.87,incident review
2024-10-18,tax-service,prod,646213,21747,91.04,233,619,0.458,99.468,34.24,64.47,50.3,7,0,1.66,incident review
2024-10-18,loyalty-service,prod,627170,21001,89.44,257,547,0.591,99.442,55.35,62.42,56.31,0,0,2.05,watch latency
2024-10-18,notification-service,prod,646019,22881,90.96,217,441,0.074,99.545,35.98,63.54,52.37,1,0,0.67,incident review
2024-10-18,auth-gateway,prod,617427,21889,89.71,312,748,0.074,99.545,31.31,39.57,43.47,5,0,0.88,watch latency
2024-10-18,analytics-pipeline,prod,644704,24614,91.7,412,778,0.18,99.524,56.8,42.09,53.66,2,0,1.36,normal baseline
2024-10-18,search-recommendations,prod,634765,23804,90.6,279,694,0.325,99.495,54.27,53.6,46.6,5,0,1.43,campaign traffic
2024-10-25,checkout-api,prod,1168254,41895,90.67,273,619,0.213,99.517,48.65,64.55,35.81,2,0,1.14,cache warmup
2024-10-25,cart-service,prod,1134376,40749,89.92,300,626,0.219,99.516,55.96,58.03,53.41,2,0,1.21,incident review
2024-10-25,payment-orchestrator,prod,1149937,42707,89.37,270,542,0.076,99.545,32.42,53.72,52.76,2,0,0.79,cache warmup
2024-10-25,order-ledger,prod,616465,22927,91.46,264,505,0.544,99.001,37.22,39.63,44.15,7,1,1.95,watch latency
2024-10-25,inventory-reservation,prod,615315,23577,90.52,293,554,0.185,99.523,37.12,58.62,36.22,4,0,1.11,watch latency
2024-10-25,pricing-engine,prod,651678,22209,91.16,294,716,0.135,99.533,54.16,59.78,29.9,3,0,0.99,cache warmup
2024-10-25,tax-service,prod,626717,23658,89.62,226,439,0.329,99.494,55.8,64.06,38.25,4,0,1.32,cache warmup
2024-10-25,loyalty-service,prod,626733,22522,92.34,308,728,0.099,99.54,52.67,47.54,41.23,4,0,0.93,database pressure
2024-10-25,notification-service,prod,629159,23441,90.34,296,593,0.335,99.493,38.33,59.51,37.61,3,0,1.49,release week
2024-10-25,auth-gateway,prod,642178,23136,89.39,274,578,0.169,99.526,36.41,44.65,39.11,7,0,1.03,cache warmup
2024-10-25,analytics-pipeline,prod,627523,24039,91.31,339,756,0.212,99.518,45.4,55.01,47.47,6,0,1.28,watch latency
2024-10-25,search-recommendations,prod,615176,21518,91.56,394,806,0.276,99.505,47.29,58.31,46.22,2,0,1.56,release week
2024-11-01,checkout-api,prod,1655290,60065,91.37,295,609,0.392,99.482,47.91,65.39,40.39,5,0,1.63,release week
2024-11-01,cart-service,prod,1653416,60082,90.3,264,519,0.5,99.46,50.35,55.5,56.15,6,0,1.84,campaign traffic
2024-11-01,payment-orchestrator,prod,1662786,60549,90.22,263,663,0.349,99.49,42.33,44.55,39.47,1,0,1.46,incident review
2024-11-01,order-ledger,prod,888945,31673,89.21,286,649,0.317,99.497,35.1,49.0,29.5,4,0,1.43,normal baseline
2024-11-01,inventory-reservation,prod,920255,32858,90.32,306,609,0.219,99.516,29.83,59.87,64.5,6,0,1.23,incident review
2024-11-01,pricing-engine,prod,925247,33298,91.22,338,692,0.02,99.556,51.04,44.42,50.56,2,0,0.8,campaign traffic
2024-11-01,tax-service,prod,899130,33252,91.36,356,810,0.591,99.442,43.22,53.36,57.55,2,0,2.27,normal baseline
2024-11-01,loyalty-service,prod,933621,32653,90.42,349,712,0.316,99.497,49.82,51.2,58.04,4,0,1.56,release week
2024-11-01,notification-service,prod,935737,33737,89.33,343,749,0.441,99.472,43.8,60.4,39.95,0,0,1.87,database pressure
2024-11-01,auth-gateway,prod,929139,33522,91.21,331,767,0.142,99.532,47.85,60.28,45.46,0,0,1.09,cache warmup
2024-11-01,analytics-pipeline,prod,916642,34226,91.89,370,789,0.591,99.442,42.19,64.33,32.76,5,0,2.3,normal baseline
2024-11-01,search-recommendations,prod,943120,34004,91.59,436,980,0.364,99.487,47.95,52.54,55.18,3,0,1.88,database pressure
2024-11-08,checkout-api,prod,1643396,60343,90.66,338,795,0.236,99.513,49.16,46.76,30.92,0,0,1.34,incident review
2024-11-08,cart-service,prod,1638800,59149,89.82,312,652,0.191,99.522,54.9,61.31,40.22,2,0,1.17,cache warmup
2024-11-08,payment-orchestrator,prod,1673380,61546,90.08,352,800,0.02,99.556,58.18,46.99,45.78,1,0,0.83,database pressure
2024-11-08,order-ledger,prod,907298,32127,90.07,331,720,0.338,99.492,34.08,47.24,50.08,1,0,1.58,watch latency
2024-11-08,inventory-reservation,prod,908445,32429,89.68,328,650,0.649,99.43,39.85,57.01,42.72,3,0,2.35,database pressure
2024-11-08,pricing-engine,prod,894638,30938,92.19,339,751,0.168,99.526,37.98,59.6,52.51,7,0,1.17,cache warmup
2024-11-08,tax-service,prod,889969,31001,89.62,312,637,0.168,99.526,32.32,52.43,48.41,5,0,1.11,watch latency
2024-11-08,loyalty-service,prod,893926,31198,90.87,311,698,0.317,99.497,30.39,42.63,31.29,0,0,1.48,database pressure
2024-11-08,notification-service,prod,923035,33765,90.19,330,617,0.394,99.481,35.19,57.38,63.55,0,0,1.72,cache warmup
2024-11-08,auth-gateway,prod,906326,31849,90.3,277,558,0.619,99.436,57.48,50.96,49.25,4,0,2.16,release week
2024-11-08,analytics-pipeline,prod,891723,30784,90.81,347,699,0.243,99.511,49.38,47.84,41.82,4,0,1.38,release week
2024-11-08,search-recommendations,prod,923119,34495,90.17,378,815,0.02,99.556,52.99,54.85,56.22,2,0,0.89,normal baseline
2024-11-15,checkout-api,prod,1620549,56404,89.81,317,752,0.046,99.551,37.62,54.58,56.29,0,0,0.82,release week
2024-11-15,cart-service,prod,1625680,57915,90.64,271,522,0.652,99.43,37.97,53.19,46.25,0,0,2.23,campaign traffic
2024-11-15,payment-orchestrator,prod,1609764,59073,89.56,357,755,0.243,99.511,51.37,60.63,56.03,2,0,1.4,watch latency
2024-11-15,order-ledger,prod,940661,33435,91.55,336,758,0.128,99.534,35.28,59.19,45.13,7,0,1.07,database pressure
2024-11-15,inventory-reservation,prod,913011,33223,91.93,277,546,0.416,99.477,54.96,52.55,36.07,7,0,1.66,campaign traffic
2024-11-15,pricing-engine,prod,897892,32313,91.29,355,822,0.517,99.457,56.47,51.36,58.41,6,0,2.08,incident review
2024-11-15,tax-service,prod,923764,33355,91.11,303,696,0.106,99.539,42.95,66.36,35.03,2,0,0.94,watch latency
2024-11-15,loyalty-service,prod,923332,34595,92.04,346,764,0.23,99.064,45.47,51.89,52.44,5,1,1.35,campaign traffic
2024-11-15,notification-service,prod,945220,33197,89.71,276,689,0.624,99.435,33.51,62.46,46.15,7,0,2.17,normal baseline
2024-11-15,auth-gateway,prod,926666,32712,91.53,303,739,0.179,99.524,32.54,51.65,36.42,5,0,1.12,normal baseline
2024-11-15,analytics-pipeline,prod,908004,33630,91.9,399,912,0.426,99.475,49.81,56.7,33.51,0,0,1.95,cache warmup
2024-11-15,search-recommendations,prod,906194,32036,89.78,403,850,0.109,99.538,33.11,50.49,63.43,2,0,1.17,watch latency
2024-11-22,checkout-api,prod,1672477,60737,91.91,309,603,0.231,99.514,36.88,46.0,62.89,2,0,1.26,watch latency
2024-11-22,cart-service,prod,1661510,57893,90.32,345,676,0.187,99.523,37.71,58.46,36.37,6,0,1.23,database pressure
2024-11-22,payment-orchestrator,prod,1655032,59527,89.27,267,615,0.256,99.509,44.53,63.56,31.9,4,0,1.23,incident review
2024-11-22,order-ledger,prod,940175,33878,91.92,355,800,0.164,99.527,56.24,49.52,48.65,1,0,1.2,database pressure
2024-11-22,inventory-reservation,prod,937657,32367,90.16,309,708,0.533,99.453,39.83,51.25,64.44,0,0,2.02,watch latency
2024-11-22,pricing-engine,prod,931988,33861,89.89,315,611,0.02,99.556,55.62,48.78,61.03,2,0,0.75,release week
2024-11-22,tax-service,prod,887708,32142,91.94,291,568,0.401,99.48,36.24,53.98,60.19,4,0,1.65,release week
2024-11-22,loyalty-service,prod,889805,30968,90.16,300,634,0.586,99.443,39.48,58.86,31.33,3,0,2.13,campaign traffic
2024-11-22,notification-service,prod,925700,32654,89.24,313,681,0.217,99.517,37.82,46.83,58.17,0,0,1.24,campaign traffic
2024-11-22,auth-gateway,prod,926326,34836,90.07,279,673,0.358,99.038,54.09,48.43,35.24,7,1,1.51,incident review
2024-11-22,analytics-pipeline,prod,919291,33208,90.77,407,889,0.02,99.556,49.86,45.11,39.41,6,0,0.95,release week
2024-11-22,search-recommendations,prod,887684,31370,89.92,363,815,0.471,99.466,33.24,53.73,60.32,5,0,1.99,watch latency
2024-11-29,checkout-api,prod,1701448,62449,91.95,331,705,0.02,99.556,38.26,55.33,28.44,4,0,0.79,release week
2024-11-29,cart-service,prod,1670812,58371,91.82,352,755,0.281,99.504,58.46,54.91,34.61,4,0,1.48,release week
2024-11-29,payment-orchestrator,prod,1685201,58790,91.76,345,690,0.667,99.427,40.57,64.98,32.06,2,0,2.43,release week
2024-11-29,order-ledger,prod,888902,31542,90.93,290,634,0.491,99.462,37.73,54.44,38.98,7,0,1.87,database pressure
2024-11-29,inventory-reservation,prod,910153,31519,89.09,331,727,0.02,99.556,36.95,47.89,46.18,6,0,0.79,incident review
2024-11-29,pricing-engine,prod,906553,32125,89.28,297,630,0.02,99.106,33.86,60.11,37.58,0,1,0.71,campaign traffic
2024-11-29,tax-service,prod,895428,32131,91.13,355,715,0.42,99.476,40.75,63.76,54.62,1,0,1.84,incident review
2024-11-29,loyalty-service,prod,894638,31396,90.75,320,771,0.497,99.461,32.92,43.91,57.08,0,0,1.95,normal baseline
2024-11-29,notification-service,prod,931204,34906,90.53,284,553,0.02,99.556,32.96,61.34,52.05,0,0,0.68,watch latency
2024-11-29,auth-gateway,prod,931746,33489,91.21,327,761,0.362,99.488,35.46,52.11,38.61,0,0,1.63,cache warmup
2024-11-29,analytics-pipeline,prod,899700,32830,91.67,439,891,0.29,99.502,58.38,45.99,53.25,1,0,1.7,normal baseline
2024-11-29,search-recommendations,prod,944757,32759,90.56,348,712,0.251,99.51,43.02,63.2,35.93,5,0,1.4,cache warmup
2024-12-06,checkout-api,prod,1659826,58676,89.71,284,661,0.113,99.537,55.2,54.26,43.61,7,0,0.91,incident review
2024-12-06,cart-service,prod,1597938,56786,89.5,279,647,0.178,99.524,62.46,59.34,37.23,2,0,1.07,campaign traffic
2024-12-06,payment-orchestrator,prod,1656316,60153,89.54,311,662,0.787,99.403,43.03,57.61,30.68,7,0,2.66,cache warmup
2024-12-06,order-ledger,prod,901456,33261,91.5,264,658,0.672,99.426,62.29,53.14,30.2,2,0,2.27,watch latency
2024-12-06,inventory-reservation,prod,906722,33756,89.76,319,767,0.124,99.535,47.36,54.28,52.17,4,0,1.02,normal baseline
2024-12-06,pricing-engine,prod,944760,32484,91.94,286,539,0.382,99.484,47.66,62.47,33.34,3,0,1.59,watch latency
2024-12-06,tax-service,prod,911948,31212,92.42,266,526,0.216,99.517,62.6,57.85,57.88,2,0,1.13,incident review
2024-12-06,loyalty-service,prod,930610,31892,89.55,307,632,0.31,99.498,34.56,67.94,53.94,7,0,1.46,cache warmup
2024-12-06,notification-service,prod,923971,34453,90.76,322,700,0.676,99.425,58.35,67.09,46.94,4,0,2.41,incident review
2024-12-06,auth-gateway,prod,906094,32229,91.77,282,610,0.028,99.554,58.61,56.17,49.01,1,0,0.7,release week
2024-12-06,analytics-pipeline,prod,908951,32564,89.32,477,909,0.757,99.409,49.66,67.06,61.21,3,0,2.95,release week
2024-12-06,search-recommendations,prod,894539,33500,91.77,359,844,0.084,99.543,55.5,45.35,63.04,7,0,1.01,cache warmup
2024-12-13,checkout-api,prod,1688779,60982,91.59,286,543,0.42,99.476,47.53,59.47,62.46,5,0,1.69,incident review
2024-12-13,cart-service,prod,1671368,60106,91.47,338,804,0.776,99.405,60.93,66.34,45.26,0,0,2.69,incident review
2024-12-13,payment-orchestrator,prod,1685772,61038,89.63,299,685,0.274,99.505,52.7,59.79,39.64,2,0,1.35,normal baseline
2024-12-13,order-ledger,prod,893780,31926,91.93,321,632,0.216,99.517,42.65,50.27,37.42,0,0,1.25,watch latency
2024-12-13,inventory-reservation,prod,890423,31462,91.97,297,693,0.218,99.516,60.69,44.1,29.04,0,0,1.21,watch latency
2024-12-13,pricing-engine,prod,890172,33252,89.13,334,680,0.408,99.478,42.19,65.56,43.65,2,0,1.76,database pressure
2024-12-13,tax-service,prod,900679,33163,90.49,332,714,0.411,99.478,50.52,69.19,41.29,3,0,1.76,database pressure
2024-12-13,loyalty-service,prod,945044,34178,92.21,275,688,0.058,99.548,45.98,65.05,61.12,5,0,0.76,normal baseline
2024-12-13,notification-service,prod,891676,32877,91.42,266,568,0.382,99.484,59.67,56.28,36.04,1,0,1.54,campaign traffic
2024-12-13,auth-gateway,prod,892554,33503,91.06,268,518,0.102,99.54,56.83,52.28,34.46,5,0,0.85,campaign traffic
2024-12-13,analytics-pipeline,prod,909077,34210,90.14,397,813,0.569,99.446,58.86,62.61,42.21,2,0,2.3,release week
2024-12-13,search-recommendations,prod,892389,32697,89.43,443,852,0.25,99.51,49.04,65.31,35.62,2,0,1.61,watch latency
2024-12-20,checkout-api,prod,1631576,57437,92.29,346,752,0.073,99.095,35.57,54.79,45.73,5,1,0.95,cache warmup
2024-12-20,cart-service,prod,1605397,58207,91.25,291,674,0.331,99.494,46.24,63.55,34.44,3,0,1.47,normal baseline
2024-12-20,payment-orchestrator,prod,1616994,56568,90.16,333,737,0.096,99.541,64.42,54.59,59.27,6,0,0.98,cache warmup
2024-12-20,order-ledger,prod,941554,32456,89.6,267,587,0.244,99.511,55.99,58.41,34.26,5,0,1.2,incident review
2024-12-20,inventory-reservation,prod,940961,33894,89.5,275,555,0.448,99.47,50.53,55.01,38.79,1,0,1.73,release week
2024-12-20,pricing-engine,prod,943793,32470,89.27,273,551,0.08,99.544,40.23,66.99,63.41,6,0,0.81,incident review
2024-12-20,tax-service,prod,935018,34317,91.98,313,648,0.314,99.497,45.28,48.19,55.75,4,0,1.48,incident review
2024-12-20,loyalty-service,prod,912031,32783,90.22,306,657,0.268,99.506,60.63,63.65,46.77,5,0,1.35,release week
2024-12-20,notification-service,prod,901820,32471,91.35,356,838,0.306,99.499,46.2,65.56,39.69,6,0,1.56,normal baseline
2024-12-20,auth-gateway,prod,927325,33524,89.48,294,682,0.174,99.525,56.27,61.26,39.01,4,0,1.09,release week
2024-12-20,analytics-pipeline,prod,933433,32272,90.82,451,883,0.295,99.501,60.1,67.75,62.6,0,0,1.74,cache warmup
2024-12-20,search-recommendations,prod,935637,34694,90.0,428,875,0.192,99.522,42.3,66.79,35.26,2,0,1.43,database pressure
2024-12-27,checkout-api,prod,1681184,60740,90.34,302,651,0.149,99.53,44.53,67.18,58.02,4,0,1.04,cache warmup
2024-12-27,cart-service,prod,1657584,58618,91.49,294,712,0.467,99.467,43.38,57.92,44.75,2,0,1.82,watch latency
2024-12-27,payment-orchestrator,prod,1687612,59502,91.1,315,716,0.694,99.421,57.81,68.46,59.25,2,0,2.43,cache warmup
2024-12-27,order-ledger,prod,898337,32221,90.65,294,702,0.192,99.522,43.14,51.13,61.16,0,0,1.13,database pressure
2024-12-27,inventory-reservation,prod,907312,32635,91.15,266,624,0.29,99.502,62.54,54.57,49.22,4,0,1.32,incident review
2024-12-27,pricing-engine,prod,944327,33330,90.78,290,714,0.518,99.456,61.13,57.89,52.82,2,0,1.94,release week
2024-12-27,tax-service,prod,901436,31305,89.29,324,703,0.02,99.556,62.32,60.33,61.31,7,0,0.77,incident review
2024-12-27,loyalty-service,prod,944891,33934,91.98,268,540,0.161,99.528,65.47,46.62,45.09,6,0,1.0,release week
2024-12-27,notification-service,prod,910597,32821,91.31,355,736,0.422,99.476,54.36,64.22,54.36,2,0,1.84,normal baseline
2024-12-27,auth-gateway,prod,894061,33239,89.7,298,609,0.359,99.488,40.84,58.84,54.82,6,0,1.56,campaign traffic
2024-12-27,analytics-pipeline,prod,898099,33456,92.36,317,624,0.19,99.522,38.83,56.38,61.67,1,0,1.18,incident review
2024-12-27,search-recommendations,prod,894615,32470,89.8,409,865,0.202,99.52,50.46,47.27,58.29,5,0,1.41,incident review
2025-01-03,checkout-api,prod,1294671,45016,93.64,250,617,0.253,99.119,50.17,57.17,35.06,3,1,1.19,normal baseline
2025-01-03,cart-service,prod,1258756,45432,93.53,230,541,0.256,99.569,46.12,69.0,43.62,0,0,1.15,cache warmup
2025-01-03,payment-orchestrator,prod,1278955,44497,91.85,236,588,0.33,99.554,61.93,53.77,27.12,7,0,1.35,database pressure
2025-01-03,order-ledger,prod,702099,24472,92.32,246,594,0.02,99.616,42.48,50.74,36.22,1,0,0.6,campaign traffic
2025-01-03,inventory-reservation,prod,695664,25647,91.31,204,397,0.404,99.539,65.33,53.88,32.22,3,0,1.46,release week
2025-01-03,pricing-engine,prod,707864,25410,91.12,231,490,0.308,99.558,55.53,69.01,43.48,5,0,1.28,normal baseline
2025-01-03,tax-service,prod,725945,25273,92.23,269,653,0.732,99.474,51.64,57.84,47.97,4,0,2.43,release week
2025-01-03,loyalty-service,prod,713596,26702,92.9,239,566,0.02,99.616,42.72,66.79,57.41,5,0,0.58,campaign traffic
2025-01-03,notification-service,prod,687860,23440,94.26,208,565,0.718,99.476,44.86,56.06,64.47,2,0,2.26,release week
2025-01-03,auth-gateway,prod,690686,25320,91.45,191,413,0.315,99.557,65.38,55.37,54.34,0,0,1.21,campaign traffic
2025-01-03,analytics-pipeline,prod,702641,23805,92.25,289,648,0.397,99.541,45.19,66.22,37.77,5,0,1.63,release week
2025-01-03,search-recommendations,prod,697092,26443,91.44,330,643,0.467,99.527,54.77,65.7,43.65,5,0,1.9,normal baseline
2025-01-10,checkout-api,prod,1297137,45889,92.8,195,381,0.407,99.539,53.02,50.39,41.45,5,0,1.45,release week
2025-01-10,cart-service,prod,1240380,45291,93.54,251,545,0.419,99.536,58.92,50.52,33.34,6,0,1.61,campaign traffic
2025-01-10,payment-orchestrator,prod,1248895,44697,92.3,198,548,0.127,99.595,59.95,69.31,57.42,2,0,0.76,database pressure
2025-01-10,order-ledger,prod,692690,25568,91.18,204,561,0.323,99.555,47.46,53.62,63.15,3,0,1.26,database pressure
2025-01-10,inventory-reservation,prod,720903,26974,93.98,192,482,0.132,99.594,43.36,70.59,62.87,3,0,0.76,campaign traffic
2025-01-10,pricing-engine,prod,709622,26911,94.26,200,441,0.989,99.422,43.91,55.43,61.37,1,0,2.92,database pressure
2025-01-10,tax-service,prod,713328,25482,93.42,211,485,0.413,99.537,38.43,60.05,50.39,5,0,1.5,normal baseline
2025-01-10,loyalty-service,prod,709786,27086,91.84,284,575,0.403,99.539,48.61,46.72,34.42,2,0,1.64,database pressure
2025-01-10,notification-service,prod,687239,24578,92.38,282,606,0.276,99.565,66.11,50.44,33.25,3,0,1.32,incident review
2025-01-10,auth-gateway,prod,687003,25862,93.15,262,600,0.202,99.58,39.14,46.32,56.66,6,0,1.09,cache warmup
2025-01-10,analytics-pipeline,prod,691303,24046,90.72,388,838,0.622,99.496,42.54,70.1,58.05,5,0,2.42,cache warmup
2025-01-10,search-recommendations,prod,695239,25571,93.89,384,775,0.214,99.577,56.67,60.56,47.31,5,0,1.39,campaign traffic
2025-01-17,checkout-api,prod,1262401,44828,94.01,242,591,0.096,99.601,49.71,58.8,43.93,2,0,0.78,cache warmup
2025-01-17,cart-service,prod,1259096,44234,91.19,217,563,0.39,99.542,48.82,57.31,58.42,4,0,1.46,release week
2025-01-17,payment-orchestrator,prod,1251792,43484,93.95,210,462,0.267,99.567,51.11,52.34,31.57,0,0,1.13,incident review
2025-01-17,order-ledger,prod,710695,24480,91.81,200,436,0.338,99.552,63.09,67.99,37.91,5,0,1.29,cache warmup
2025-01-17,inventory-reservation,prod,708529,24369,92.2,212,451,0.555,99.509,63.41,54.96,51.15,5,0,1.86,watch latency
2025-01-17,pricing-engine,prod,708019,24525,92.97,272,579,0.501,99.52,67.63,70.37,32.71,2,0,1.86,database pressure
2025-01-17,tax-service,prod,717377,25767,91.15,244,530,0.16,99.588,56.77,63.43,59.68,3,0,0.94,release week
2025-01-17,loyalty-service,prod,693005,24768,92.45,226,488,0.355,99.549,47.55,47.75,37.03,0,0,1.39,cache warmup
2025-01-17,notification-service,prod,701967,25653,91.53,280,591,0.322,99.556,47.06,71.33,47.35,3,0,1.43,database pressure
2025-01-17,auth-gateway,prod,705681,26480,93.9,283,631,0.358,99.548,64.9,47.27,60.35,6,0,1.52,cache warmup
2025-01-17,analytics-pipeline,prod,699219,26752,91.78,291,544,0.133,99.593,38.94,51.26,38.12,0,0,0.98,normal baseline
2025-01-17,search-recommendations,prod,695255,26573,91.82,394,852,0.29,99.562,53.66,58.48,56.92,0,0,1.6,database pressure
2025-01-24,checkout-api,prod,1274635,44909,94.02,246,536,0.697,99.481,53.27,66.95,33.38,5,0,2.29,normal baseline
2025-01-24,cart-service,prod,1305030,47323,91.22,220,419,0.02,99.616,56.04,48.04,42.87,1,0,0.54,database pressure
2025-01-24,payment-orchestrator,prod,1246624,46177,93.95,200,508,0.154,99.589,48.17,55.28,46.05,1,0,0.83,campaign traffic
2025-01-24,order-ledger,prod,690067,24904,93.66,198,478,0.537,99.513,50.67,65.05,31.69,0,0,1.78,cache warmup
2025-01-24,inventory-reservation,prod,712757,24627,93.2,220,524,0.16,99.588,57.18,69.86,61.01,0,0,0.89,normal baseline
2025-01-24,pricing-engine,prod,723615,27205,92.99,260,558,0.384,99.543,68.02,48.77,37.23,2,0,1.54,watch latency
2025-01-24,tax-service,prod,708569,25268,94.06,196,393,0.343,99.551,52.97,61.47,53.97,4,0,1.29,normal baseline
2025-01-24,loyalty-service,prod,700203,23902,93.28,231,515,0.489,99.522,50.11,66.17,57.55,1,0,1.73,campaign traffic
2025-01-24,notification-service,prod,726020,27210,91.71,205,538,0.22,99.576,68.03,67.58,30.78,7,0,1.01,campaign traffic
2025-01-24,auth-gateway,prod,698197,25042,91.67,266,515,0.367,99.547,48.16,52.31,37.21,7,0,1.51,database pressure
2025-01-24,analytics-pipeline,prod,724812,25075,91.35,287,605,0.217,99.577,61.39,58.48,56.72,7,0,1.18,incident review
2025-01-24,search-recommendations,prod,692868,24367,91.35,317,763,0.253,99.569,41.9,58.47,54.36,7,0,1.34,incident review
2025-01-31,checkout-api,prod,1299499,45000,91.38,204,422,0.135,99.593,49.12,54.07,44.88,0,0,0.79,incident review
2025-01-31,cart-service,prod,1251907,45629,91.37,228,514,0.267,99.567,63.22,62.17,43.68,3,0,1.18,normal baseline
2025-01-31,payment-orchestrator,prod,1278808,46052,93.45,236,587,0.305,99.559,63.65,65.52,51.5,3,0,1.29,release week
2025-01-31,order-ledger,prod,689663,24845,93.0,191,466,0.227,99.575,59.01,68.95,28.59,4,0,0.99,incident review
2025-01-31,inventory-reservation,prod,693071,23688,92.9,224,592,0.283,99.563,56.28,56.88,35.35,7,0,1.21,campaign traffic
2025-01-31,pricing-engine,prod,709504,23875,93.9,223,524,0.308,99.558,43.65,63.21,43.8,2,0,1.27,incident review
2025-01-31,tax-service,prod,705198,24302,92.22,196,411,0.434,99.533,61.98,67.75,41.69,2,0,1.52,incident review
2025-01-31,loyalty-service,prod,698759,24329,91.96,249,602,0.278,99.564,40.92,51.91,48.67,6,0,1.25,database pressure
2025-01-31,notification-service,prod,693451,25315,92.44,266,604,0.677,99.485,61.82,70.37,44.0,2,0,2.28,cache warmup
2025-01-31,auth-gateway,prod,700979,24109,91.54,228,606,0.227,99.575,46.01,60.45,49.98,3,0,1.07,watch latency
2025-01-31,analytics-pipeline,prod,716586,25845,93.67,301,639,0.07,99.606,45.19,54.57,57.27,4,0,0.84,incident review
2025-01-31,search-recommendations,prod,702956,23864,92.69,413,780,0.161,99.588,49.32,69.08,64.45,2,0,1.32,normal baseline
2025-02-07,checkout-api,prod,1251937,46093,91.31,190,447,0.404,99.539,48.87,64.87,40.12,2,0,1.43,watch latency
2025-02-07,cart-service,prod,1304928,46353,93.76,193,503,0.46,99.078,65.29,68.62,30.11,5,1,1.58,database pressure
2025-02-07,payment-orchestrator,prod,1259798,45348,92.9,251,650,0.438,99.532,70.85,72.42,54.53,2,0,1.65,incident review
2025-02-07,order-ledger,prod,687693,23552,93.18,228,570,0.062,99.608,40.93,58.82,57.11,6,0,0.66,watch latency
2025-02-07,inventory-reservation,prod,688064,25240,93.8,258,532,0.106,99.599,48.13,59.38,45.24,2,0,0.84,cache warmup
2025-02-07,pricing-engine,prod,721854,25710,92.92,269,606,0.442,99.532,51.77,72.96,32.12,0,0,1.7,cache warmup
2025-02-07,tax-service,prod,713022,27116,92.75,264,614,0.22,99.576,46.26,66.4,38.13,2,0,1.14,release week
2025-02-07,loyalty-service,prod,689472,25613,91.77,251,484,0.083,99.603,55.68,50.64,36.55,1,0,0.77,cache warmup
2025-02-07,notification-service,prod,726628,25411,93.16,215,461,0.609,99.498,67.17,57.41,38.11,0,0,2.0,database pressure
2025-02-07,auth-gateway,prod,693017,24822,92.27,219,590,0.765,99.467,62.44,48.88,36.0,7,0,2.4,incident review
2025-02-07,analytics-pipeline,prod,712127,26502,91.49,272,656,0.02,99.616,58.96,53.82,39.87,6,0,0.65,incident review
2025-02-07,search-recommendations,prod,703545,26775,92.4,296,627,0.197,99.581,52.75,59.83,40.07,6,0,1.15,incident review
2025-02-14,checkout-api,prod,1252951,44338,92.26,249,579,0.426,99.085,59.11,55.68,59.62,5,1,1.62,cache warmup
2025-02-14,cart-service,prod,1272567,45463,91.16,193,509,0.2,99.58,68.24,62.68,55.83,1,0,0.93,normal baseline
2025-02-14,payment-orchestrator,prod,1303639,46225,92.92,240,467,0.22,99.576,53.92,52.77,53.35,0,0,1.08,watch latency
2025-02-14,order-ledger,prod,705403,25660,91.67,237,470,0.266,99.567,55.0,55.0,36.6,0,0,1.19,normal baseline
2025-02-14,inventory-reservation,prod,693627,25224,92.72,242,552,0.155,99.589,56.74,53.0,50.26,0,0,0.93,release week
2025-02-14,pricing-engine,prod,689599,25883,92.92,256,509,0.02,99.616,52.87,73.85,44.26,0,0,0.62,database pressure
2025-02-14,tax-service,prod,719187,25343,92.83,240,463,0.024,99.615,64.87,65.99,33.61,3,0,0.59,normal baseline
2025-02-14,loyalty-service,prod,718688,25753,91.66,191,489,1.037,99.413,46.9,73.58,57.3,0,0,3.02,release week
2025-02-14,notification-service,prod,691675,24424,93.72,219,430,0.102,99.6,42.58,66.21,28.57,6,0,0.74,campaign traffic
2025-02-14,auth-gateway,prod,726515,24870,91.16,213,568,0.443,99.531,67.66,49.43,38.16,4,0,1.58,watch latency
2025-02-14,analytics-pipeline,prod,712264,24155,93.04,370,739,0.3,99.56,65.16,63.46,54.73,4,0,1.57,watch latency
2025-02-14,search-recommendations,prod,726954,27115,93.79,345,807,0.414,99.537,41.76,55.68,51.4,1,0,1.8,cache warmup
2025-02-21,checkout-api,prod,1267995,44272,93.0,263,639,0.155,99.589,55.8,61.28,38.05,6,0,0.97,database pressure
2025-02-21,cart-service,prod,1289406,46395,91.87,276,666,0.12,99.596,58.61,60.68,54.52,2,0,0.91,database pressure
2025-02-21,payment-orchestrator,prod,1251567,44159,91.01,205,534,0.216,99.577,59.32,51.18,47.87,2,0,0.99,normal baseline
2025-02-21,order-ledger,prod,701307,25723,94.2,192,446,0.082,99.604,58.84,75.4,39.18,4,0,0.63,watch latency
2025-02-21,inventory-reservation,prod,699220,26315,91.29,243,564,0.119,99.596,46.24,72.52,63.04,6,0,0.84,database pressure
2025-02-21,pricing-engine,prod,704449,26706,93.54,224,553,0.371,99.546,55.49,68.99,38.03,2,0,1.43,normal baseline
2025-02-21,tax-service,prod,694300,25656,93.44,224,466,0.487,99.523,55.28,67.74,56.15,1,0,1.71,cache warmup
2025-02-21,loyalty-service,prod,699264,25832,91.69,284,683,0.716,99.477,68.59,61.08,50.03,5,0,2.42,normal baseline
2025-02-21,notification-service,prod,724261,26525,93.18,243,484,0.117,99.597,63.62,63.06,28.92,7,0,0.83,release week
2025-02-21,auth-gateway,prod,709845,26111,91.92,281,642,0.02,99.616,42.48,60.03,43.65,7,0,0.67,incident review
2025-02-21,analytics-pipeline,prod,718297,25263,92.45,346,764,0.285,99.563,53.69,58.84,28.05,6,0,1.48,release week
2025-02-21,search-recommendations,prod,696609,24555,91.73,304,600,0.522,99.516,60.11,59.61,27.78,1,0,1.98,campaign traffic
2025-02-28,checkout-api,prod,1262808,45711,93.35,271,520,0.477,99.525,45.89,55.44,54.89,7,0,1.79,normal baseline
2025-02-28,cart-service,prod,1300636,45769,91.77,267,576,0.065,99.607,57.02,59.45,64.0,7,0,0.76,release week
2025-02-28,payment-orchestrator,prod,1295607,47687,92.68,265,511,0.313,99.557,50.17,50.76,35.27,6,0,1.37,normal baseline
2025-02-28,order-ledger,prod,702540,24377,92.75,209,412,0.207,99.579,52.91,66.73,54.65,1,0,0.98,campaign traffic
2025-02-28,inventory-reservation,prod,706951,25121,93.97,200,434,0.02,99.166,66.41,75.45,27.62,6,1,0.49,watch latency
2025-02-28,pricing-engine,prod,691333,23394,92.49,217,534,0.355,99.549,48.67,57.87,51.5,6,0,1.37,normal baseline
2025-02-28,tax-service,prod,717959,26176,92.46,228,564,0.546,99.511,50.96,59.16,43.28,5,0,1.87,campaign traffic
2025-02-28,loyalty-service,prod,718797,26668,91.58,246,498,0.275,99.565,69.78,67.07,51.61,7,0,1.23,release week
2025-02-28,notification-service,prod,725357,25745,94.06,232,526,0.407,99.539,50.95,72.77,28.63,4,0,1.53,watch latency
2025-02-28,auth-gateway,prod,692074,25631,91.2,198,496,0.115,99.597,54.66,71.34,30.06,2,0,0.73,database pressure
2025-02-28,analytics-pipeline,prod,691707,24342,91.16,351,820,0.3,99.56,65.02,57.22,38.22,6,0,1.53,normal baseline
2025-02-28,search-recommendations,prod,692020,25385,91.99,275,589,0.071,99.606,50.43,71.82,55.79,6,0,0.79,release week
2025-03-07,checkout-api,prod,1246530,43721,93.3,189,423,0.364,99.547,51.91,58.24,33.92,4,0,1.33,incident review
2025-03-07,cart-service,prod,1244323,44211,92.42,254,644,0.284,99.563,50.31,67.39,33.06,2,0,1.27,database pressure
2025-03-07,payment-orchestrator,prod,1293447,45689,92.8,222,566,0.305,99.559,49.12,74.84,58.13,1,0,1.26,incident review
2025-03-07,order-ledger,prod,726358,25924,94.04,251,597,0.02,99.616,57.43,68.74,50.09,6,0,0.61,release week
2025-03-07,inventory-reservation,prod,704931,26329,92.16,276,574,0.306,99.559,59.89,51.0,40.74,2,0,1.38,campaign traffic
2025-03-07,pricing-engine,prod,720330,25981,91.29,264,667,0.038,99.162,59.15,73.54,45.39,3,1,0.68,cache warmup
2025-03-07,tax-service,prod,695894,24179,93.29,237,507,0.02,99.616,61.05,57.8,43.78,0,0,0.58,watch latency
2025-03-07,loyalty-service,prod,722096,26637,92.77,247,486,0.372,99.546,49.88,59.38,63.8,4,0,1.48,watch latency
2025-03-07,notification-service,prod,688859,23527,92.09,227,464,0.659,99.488,46.49,58.87,53.83,0,0,2.15,incident review
2025-03-07,auth-gateway,prod,710253,26364,92.48,208,565,0.087,99.603,69.45,65.07,57.35,7,0,0.68,cache warmup
2025-03-07,analytics-pipeline,prod,705537,23981,91.84,296,680,0.089,99.602,50.52,72.38,64.22,1,0,0.88,release week
2025-03-07,search-recommendations,prod,706247,26984,92.28,362,685,0.224,99.575,61.27,51.45,43.04,7,0,1.36,incident review
2025-03-14,checkout-api,prod,1291033,46887,91.39,231,438,0.206,99.579,47.27,57.71,54.94,1,0,1.03,incident review
2025-03-14,cart-service,prod,1243108,43475,92.22,259,539,0.435,99.533,58.18,74.69,57.56,6,0,1.66,database pressure
2025-03-14,payment-orchestrator,prod,1259038,45210,92.78,259,644,0.02,99.616,60.34,59.03,62.77,5,0,0.63,database pressure
2025-03-14,order-ledger,prod,709596,23975,92.32,258,585,0.087,99.603,56.34,58.89,41.32,7,0,0.79,incident review
2025-03-14,inventory-reservation,prod,690626,25143,91.95,192,406,0.466,99.527,71.74,60.86,44.71,1,0,1.59,campaign traffic
2025-03-14,pricing-engine,prod,698688,25130,92.13,207,449,0.325,99.555,61.57,64.65,27.21,6,0,1.27,watch latency
2025-03-14,tax-service,prod,704068,26411,91.85,189,537,0.555,99.509,71.9,58.75,35.81,6,0,1.81,release week
2025-03-14,loyalty-service,prod,715071,25476,91.52,284,646,0.072,99.606,47.72,56.0,60.67,5,0,0.81,release week
2025-03-14,notification-service,prod,692830,25731,93.41,284,694,0.238,99.572,46.14,73.02,47.77,2,0,1.23,release week
2025-03-14,auth-gateway,prod,700564,24455,92.65,205,539,0.315,99.557,53.12,62.94,37.72,6,0,1.24,normal baseline
2025-03-14,analytics-pipeline,prod,724175,24668,93.54,322,689,0.438,99.532,62.11,64.52,55.75,2,0,1.81,normal baseline
2025-03-14,search-recommendations,prod,713659,27144,91.79,331,745,0.247,99.571,60.43,64.06,31.26,0,0,1.35,database pressure
2025-03-21,checkout-api,prod,1279726,45631,93.78,214,545,0.513,99.517,71.33,63.49,33.62,4,0,1.76,cache warmup
2025-03-21,cart-service,prod,1287351,45739,93.23,217,414,0.058,99.608,65.15,72.06,47.97,5,0,0.63,campaign traffic
2025-03-21,payment-orchestrator,prod,1236736,44551,92.91,191,431,0.222,99.576,53.09,57.42,54.58,1,0,0.98,cache warmup
2025-03-21,order-ledger,prod,689944,26400,91.21,232,529,0.18,99.584,45.67,74.09,55.31,6,0,0.97,incident review
2025-03-21,inventory-reservation,prod,691569,24769,91.1,258,545,0.256,99.569,56.05,67.27,56.17,3,0,1.21,incident review
2025-03-21,pricing-engine,prod,713232,24783,94.01,224,425,0.089,99.602,62.35,62.48,29.85,4,0,0.72,normal baseline
2025-03-21,tax-service,prod,720134,24804,91.52,224,579,0.02,99.616,59.72,65.72,45.08,1,0,0.55,database pressure
2025-03-21,loyalty-service,prod,708326,24908,91.3,189,490,0.446,99.531,53.65,58.92,32.88,6,0,1.53,normal baseline
2025-03-21,notification-service,prod,702096,24254,91.4,240,587,0.202,99.58,68.59,72.94,59.98,4,0,1.04,database pressure
2025-03-21,auth-gateway,prod,688417,23591,92.91,240,612,0.794,99.461,70.84,75.15,30.92,4,0,2.52,campaign traffic
2025-03-21,analytics-pipeline,prod,694735,23358,91.64,351,791,0.337,99.553,61.75,64.71,31.14,1,0,1.62,campaign traffic
2025-03-21,search-recommendations,prod,718652,24667,93.44,271,667,0.266,99.567,49.02,53.13,56.11,3,0,1.27,cache warmup
2025-03-28,checkout-api,prod,1259998,46294,92.94,211,409,0.407,99.539,53.57,59.99,28.05,0,0,1.49,campaign traffic
2025-03-28,cart-service,prod,1296527,46420,91.62,232,558,0.223,99.575,45.32,71.11,53.69,7,0,1.07,cache warmup
2025-03-28,payment-orchestrator,prod,1283198,44466,93.67,203,546,0.761,99.468,60.8,69.56,62.09,1,0,2.35,database pressure
2025-03-28,order-ledger,prod,711525,24713,93.7,238,607,0.301,99.56,57.08,61.93,53.0,6,0,1.28,cache warmup
2025-03-28,inventory-reservation,prod,720897,25048,91.01,270,648,0.749,99.47,45.04,61.38,57.51,1,0,2.47,release week
2025-03-28,pricing-engine,prod,697757,25417,91.01,208,485,0.223,99.575,70.35,53.25,51.11,5,0,1.02,database pressure
2025-03-28,tax-service,prod,721857,24657,93.98,248,485,0.088,99.602,72.46,60.95,36.59,3,0,0.77,campaign traffic
2025-03-28,loyalty-service,prod,689577,23704,92.53,274,545,0.179,99.134,66.04,75.75,37.06,3,1,1.06,watch latency
2025-03-28,notification-service,prod,725578,24847,93.29,232,529,0.171,99.586,44.29,60.92,53.66,5,0,0.94,normal baseline
2025-03-28,auth-gateway,prod,712024,25510,93.42,218,590,0.02,99.616,63.63,54.48,50.03,0,0,0.53,cache warmup
2025-03-28,analytics-pipeline,prod,702937,25040,92.13,372,776,0.334,99.553,68.45,57.87,53.69,5,0,1.66,release week
2025-03-28,search-recommendations,prod,717147,26517,92.14,323,657,0.02,99.616,59.08,66.39,40.61,5,0,0.77,release week
2025-04-04,checkout-api,prod,1283790,45977,93.66,260,605,0.053,99.609,47.26,62.82,60.49,3,0,0.71,incident review
2025-04-04,cart-service,prod,1239453,43881,91.96,254,616,0.586,99.503,63.73,51.33,44.92,4,0,2.03,cache warmup
2025-04-04,payment-orchestrator,prod,1237048,44624,91.43,282,694,0.288,99.562,65.43,75.43,63.55,3,0,1.35,normal baseline
2025-04-04,order-ledger,prod,708015,26085,92.87,274,620,0.617,99.497,45.51,72.47,32.3,4,0,2.15,incident review
2025-04-04,inventory-reservation,prod,707632,23907,92.36,237,583,0.333,99.553,71.36,71.16,42.39,0,0,1.36,normal baseline
2025-04-04,pricing-engine,prod,715121,26503,92.32,262,565,0.02,99.616,55.16,69.48,48.64,2,0,0.63,database pressure
2025-04-04,tax-service,prod,695360,23615,91.9,284,653,0.423,99.535,61.84,74.01,50.74,4,0,1.69,campaign traffic
2025-04-04,loyalty-service,prod,703260,24627,93.23,267,544,0.268,99.566,49.95,75.79,42.86,7,0,1.26,release week
2025-04-04,notification-service,prod,707998,26924,91.42,248,615,0.153,99.589,68.95,67.97,30.71,1,0,0.93,release week
2025-04-04,auth-gateway,prod,689215,24256,91.12,246,483,0.12,99.596,68.19,67.22,52.44,0,0,0.85,watch latency
2025-04-04,analytics-pipeline,prod,721365,25591,93.98,295,589,0.14,99.592,68.8,69.2,35.34,4,0,1.01,database pressure
2025-04-04,search-recommendations,prod,690956,23757,91.42,380,766,0.457,99.529,67.46,60.37,27.28,5,0,1.99,release week
2025-04-11,checkout-api,prod,1250382,46052,91.87,206,395,0.42,99.536,62.11,75.8,48.95,2,0,1.51,normal baseline
2025-04-11,cart-service,prod,1283655,45456,92.91,283,548,0.394,99.541,61.17,65.43,41.4,3,0,1.61,watch latency
2025-04-11,payment-orchestrator,prod,1239028,45708,91.19,266,543,0.271,99.566,72.73,73.6,30.34,5,0,1.27,incident review
2025-04-11,order-ledger,prod,720944,27478,93.79,282,581,0.291,99.562,71.41,67.37,61.86,4,0,1.36,incident review
2025-04-11,inventory-reservation,prod,713317,25828,90.88,268,567,0.487,99.523,64.16,70.98,28.74,7,0,1.81,cache warmup
2025-04-11,pricing-engine,prod,718360,24532,92.16,219,415,0.385,99.093,70.83,67.44,59.23,0,1,1.45,incident review
2025-04-11,tax-service,prod,693376,24598,92.19,258,494,0.104,99.599,51.56,75.48,64.53,2,0,0.83,cache warmup
2025-04-11,loyalty-service,prod,699930,26402,92.52,204,524,0.268,99.566,55.32,76.35,63.3,2,0,1.12,incident review
2025-04-11,notification-service,prod,718305,27327,90.99,278,555,0.135,99.593,71.52,76.43,49.72,2,0,0.96,incident review
2025-04-11,auth-gateway,prod,695967,24145,93.98,220,479,0.185,99.583,63.04,72.16,32.04,1,0,0.95,watch latency
2025-04-11,analytics-pipeline,prod,692946,23535,90.96,356,661,0.258,99.568,71.89,68.19,58.53,3,0,1.44,normal baseline
2025-04-11,search-recommendations,prod,721321,25006,92.95,345,739,0.175,99.585,54.89,67.41,57.69,2,0,1.2,release week
2025-04-18,checkout-api,prod,1241818,45235,92.77,267,594,0.192,99.582,55.33,64.59,45.59,4,0,1.07,normal baseline
2025-04-18,cart-service,prod,1262244,45595,93.42,198,494,0.167,99.587,54.3,62.15,60.67,1,0,0.86,watch latency
2025-04-18,payment-orchestrator,prod,1238520,43588,91.63,245,633,0.385,99.543,63.06,51.66,33.33,3,0,1.51,database pressure
2025-04-18,order-ledger,prod,687727,26044,93.64,212,493,0.689,99.482,63.96,67.1,53.8,6,0,2.19,database pressure
2025-04-18,inventory-reservation,prod,719930,27330,94.07,215,538,0.263,99.567,60.34,62.09,58.45,0,0,1.14,incident review
2025-04-18,pricing-engine,prod,691721,25640,92.53,194,421,0.324,99.555,47.19,55.3,48.61,1,0,1.24,incident review
2025-04-18,tax-service,prod,718256,26625,92.86,233,577,0.3,99.56,55.44,66.59,50.71,0,0,1.27,database pressure
2025-04-18,loyalty-service,prod,692341,25492,93.47,240,630,0.229,99.574,70.69,70.28,54.24,5,0,1.11,campaign traffic
2025-04-18,notification-service,prod,703619,23967,93.25,218,415,0.32,99.556,67.66,69.99,63.31,3,0,1.28,campaign traffic
2025-04-18,auth-gateway,prod,713030,24699,91.74,216,523,0.448,99.53,72.2,71.34,28.28,6,0,1.6,cache warmup
2025-04-18,analytics-pipeline,prod,726940,27160,91.54,306,719,0.313,99.557,70.98,72.29,29.39,4,0,1.46,campaign traffic
2025-04-18,search-recommendations,prod,725846,24844,94.06,308,612,0.37,99.546,64.5,59.42,41.5,1,0,1.61,normal baseline
2025-04-25,checkout-api,prod,1290697,44942,93.9,230,475,0.288,99.562,61.13,73.96,44.68,4,0,1.23,normal baseline
2025-04-25,cart-service,prod,1249099,46136,91.3,273,560,0.343,99.551,53.42,59.02,55.66,4,0,1.46,cache warmup
2025-04-25,payment-orchestrator,prod,1259611,46242,91.65,267,658,0.02,99.616,43.86,52.5,52.31,4,0,0.64,campaign traffic
2025-04-25,order-ledger,prod,711410,26942,90.95,280,587,0.436,99.533,51.52,69.03,64.7,0,0,1.71,normal baseline
2025-04-25,inventory-reservation,prod,700889,25474,94.06,269,583,0.064,99.607,66.51,63.6,50.61,7,0,0.76,database pressure
2025-04-25,pricing-engine,prod,697651,24016,91.2,245,477,0.116,99.597,70.06,54.42,31.07,4,0,0.83,normal baseline
2025-04-25,tax-service,prod,726337,27686,91.66,197,422,0.136,99.593,60.09,61.4,40.73,4,0,0.78,normal baseline
2025-04-25,loyalty-service,prod,713684,26814,93.16,216,582,0.106,99.599,68.0,61.42,51.15,1,0,0.75,release week
2025-04-25,notification-service,prod,689905,25602,94.19,230,532,0.339,99.552,49.22,67.1,53.87,4,0,1.36,watch latency
2025-04-25,auth-gateway,prod,701719,25120,93.56,227,523,0.155,99.589,47.77,72.19,49.61,0,0,0.89,normal baseline
2025-04-25,analytics-pipeline,prod,703623,25109,91.95,305,606,0.02,99.616,61.23,69.86,47.04,5,0,0.73,cache warmup
2025-04-25,search-recommendations,prod,715343,24176,91.29,397,774,0.38,99.544,48.68,63.92,51.91,7,0,1.83,normal baseline
2025-05-02,checkout-api,prod,1276416,45120,92.39,214,440,0.02,99.616,67.03,63.57,56.66,6,0,0.53,normal baseline
2025-05-02,cart-service,prod,1267432,45391,91.95,217,470,0.28,99.564,50.14,72.85,48.14,3,0,1.18,cache warmup
2025-05-02,payment-orchestrator,prod,1303894,47182,93.93,215,491,0.432,99.534,49.48,70.02,44.21,4,0,1.56,cache warmup
2025-05-02,order-ledger,prod,715649,26809,92.45,267,582,0.11,99.598,49.59,71.54,61.23,0,0,0.87,incident review
2025-05-02,inventory-reservation,prod,710773,25455,92.08,266,671,0.549,99.51,63.78,71.6,55.47,3,0,1.96,campaign traffic
2025-05-02,pricing-engine,prod,700125,25745,92.97,201,549,0.183,99.583,57.12,68.14,35.76,1,0,0.9,cache warmup
2025-05-02,tax-service,prod,708782,25186,94.1,268,599,0.323,99.555,57.94,58.9,59.5,5,0,1.4,cache warmup
2025-05-02,loyalty-service,prod,721349,27527,93.44,226,515,0.194,99.581,56.46,75.56,50.11,7,0,0.99,incident review
2025-05-02,notification-service,prod,716046,25313,91.45,219,579,0.292,99.562,46.5,52.75,64.06,4,0,1.22,campaign traffic
2025-05-02,auth-gateway,prod,692841,25087,90.88,281,624,0.333,99.553,58.89,62.17,29.74,2,0,1.46,incident review
2025-05-02,analytics-pipeline,prod,713553,24641,90.99,390,744,0.483,99.523,62.09,59.17,62.6,3,0,2.07,campaign traffic
2025-05-02,search-recommendations,prod,688946,24349,91.59,263,599,0.125,99.595,62.6,75.19,34.11,4,0,0.9,release week
2025-05-09,checkout-api,prod,1258392,45209,93.77,234,512,0.261,99.568,69.27,74.83,64.84,5,0,1.17,incident review
2025-05-09,cart-service,prod,1304854,45525,94.22,222,454,0.522,99.516,68.16,60.16,29.11,7,0,1.8,database pressure
2025-05-09,payment-orchestrator,prod,1246258,44825,92.51,215,549,0.02,99.616,57.18,53.11,47.82,0,0,0.53,database pressure
2025-05-09,order-ledger,prod,719575,27253,91.65,196,477,0.407,99.539,59.61,72.26,47.37,6,0,1.45,campaign traffic
2025-05-09,inventory-reservation,prod,715999,24321,91.32,229,485,0.249,99.57,47.27,51.21,37.91,4,0,1.13,cache warmup
2025-05-09,pricing-engine,prod,710413,25543,94.0,242,464,0.296,99.561,52.59,75.11,43.71,6,0,1.28,campaign traffic
2025-05-09,tax-service,prod,719985,24504,93.16,272,542,0.347,99.551,57.99,56.86,57.28,2,0,1.47,campaign traffic
2025-05-09,loyalty-service,prod,711059,26748,93.09,191,510,0.569,99.506,60.8,70.14,35.41,1,0,1.85,campaign traffic
2025-05-09,notification-service,prod,700192,25465,91.63,199,432,0.324,99.555,57.09,72.31,50.33,0,0,1.25,campaign traffic
2025-05-09,auth-gateway,prod,688488,23339,94.2,225,551,0.48,99.524,67.55,65.19,36.16,1,0,1.7,watch latency
2025-05-09,analytics-pipeline,prod,726814,25910,90.82,405,821,0.166,99.587,67.32,72.69,62.58,7,0,1.32,watch latency
2025-05-09,search-recommendations,prod,692691,26295,92.36,324,631,0.023,99.615,52.19,57.35,41.84,0,0,0.78,normal baseline
2025-05-16,checkout-api,prod,1300123,45762,93.0,201,437,0.38,99.544,63.43,52.09,64.69,3,0,1.4,watch latency
2025-05-16,cart-service,prod,1267036,45307,91.6,202,510,0.152,99.59,42.63,71.34,37.27,4,0,0.83,incident review
2025-05-16,payment-orchestrator,prod,1271460,44492,91.04,224,474,0.09,99.602,58.76,71.16,31.14,3,0,0.72,watch latency
2025-05-16,order-ledger,prod,695963,25841,92.61,249,576,0.538,99.062,48.73,56.01,58.34,0,1,1.9,release week
2025-05-16,inventory-reservation,prod,690487,24106,93.1,265,586,0.238,99.572,61.37,51.98,58.95,4,0,1.18,database pressure
2025-05-16,pricing-engine,prod,700929,25232,94.2,227,594,0.266,99.567,67.75,71.09,27.95,7,0,1.17,database pressure
2025-05-16,tax-service,prod,689691,24351,91.35,231,550,0.688,99.482,63.55,53.25,48.68,0,0,2.23,campaign traffic
2025-05-16,loyalty-service,prod,714137,27203,93.41,225,602,0.248,99.57,60.91,74.27,30.38,6,0,1.12,campaign traffic
2025-05-16,notification-service,prod,723321,26488,92.93,247,566,0.06,99.608,51.24,58.54,47.2,2,0,0.7,incident review
2025-05-16,auth-gateway,prod,691483,25193,92.52,276,624,0.183,99.583,45.72,67.14,41.56,1,0,1.07,watch latency
2025-05-16,analytics-pipeline,prod,710755,26324,91.33,348,744,0.18,99.584,49.22,55.17,51.29,2,0,1.22,cache warmup
2025-05-16,search-recommendations,prod,726335,25088,91.71,402,892,0.414,99.537,44.65,61.44,46.65,4,0,1.93,incident review
2025-05-23,checkout-api,prod,1259719,44801,91.09,224,527,0.349,99.55,67.26,62.17,60.33,0,0,1.37,normal baseline
2025-05-23,cart-service,prod,1284663,47509,92.97,190,371,0.466,99.527,44.62,71.64,44.23,2,0,1.59,normal baseline
2025-05-23,payment-orchestrator,prod,1270254,44148,93.35,233,455,0.37,99.546,68.98,56.05,36.44,7,0,1.44,cache warmup
2025-05-23,order-ledger,prod,711228,24438,92.8,189,498,0.243,99.571,53.64,57.36,32.87,2,0,1.03,incident review
2025-05-23,inventory-reservation,prod,694164,25419,92.65,244,548,0.085,99.603,68.84,55.95,28.27,4,0,0.75,campaign traffic
2025-05-23,pricing-engine,prod,707976,26847,91.84,231,607,0.437,99.533,43.55,64.0,31.18,7,0,1.61,release week
2025-05-23,tax-service,prod,696254,25814,92.3,258,634,0.078,99.154,41.5,62.81,54.43,5,1,0.77,release week
2025-05-23,loyalty-service,prod,724076,25754,91.81,272,689,0.176,99.585,53.76,59.98,45.27,1,0,1.04,normal baseline
2025-05-23,notification-service,prod,716041,24442,93.53,205,396,0.02,99.616,70.75,65.75,51.08,0,0,0.51,watch latency
2025-05-23,auth-gateway,prod,703129,26784,93.91,203,393,0.414,99.537,65.16,52.1,48.92,0,0,1.49,release week
2025-05-23,analytics-pipeline,prod,720909,27450,91.59,299,562,0.214,99.577,46.66,62.06,44.96,4,0,1.2,database pressure
2025-05-23,search-recommendations,prod,710180,26913,93.99,285,705,0.326,99.555,48.91,63.46,62.83,0,0,1.45,watch latency
2025-05-30,checkout-api,prod,1305954,46738,91.35,214,509,0.316,99.557,61.67,49.23,36.39,6,0,1.27,incident review
2025-05-30,cart-service,prod,1259343,45828,93.1,236,510,0.022,99.616,50.88,65.65,46.14,7,0,0.58,database pressure
2025-05-30,payment-orchestrator,prod,1308061,47301,92.77,253,598,0.381,99.544,46.1,52.63,30.46,6,0,1.51,cache warmup
2025-05-30,order-ledger,prod,724663,27653,92.18,198,532,0.631,99.494,55.72,73.25,35.79,7,0,2.02,incident review
2025-05-30,inventory-reservation,prod,689114,23865,94.03,189,423,0.253,99.569,53.61,52.98,32.02,1,0,1.05,incident review
2025-05-30,pricing-engine,prod,690944,25004,91.81,192,417,0.155,99.589,56.5,49.5,35.04,6,0,0.82,cache warmup
2025-05-30,tax-service,prod,698841,26103,91.37,199,468,0.391,99.542,52.06,61.39,62.54,0,0,1.42,database pressure
2025-05-30,loyalty-service,prod,699875,24597,91.13,271,636,0.466,99.527,66.21,58.47,53.38,7,0,1.77,release week
2025-05-30,notification-service,prod,723672,26140,92.77,267,656,0.398,99.54,60.1,52.73,51.72,7,0,1.59,release week
2025-05-30,auth-gateway,prod,694196,26510,93.62,189,412,0.444,99.531,47.8,59.02,61.13,0,0,1.53,database pressure
2025-05-30,analytics-pipeline,prod,711317,24310,93.96,333,746,0.285,99.113,49.48,59.34,59.05,4,1,1.45,normal baseline
2025-05-30,search-recommendations,prod,710718,24753,91.0,264,670,0.02,99.616,68.62,53.32,50.16,3,0,0.64,incident review
2025-06-06,checkout-api,prod,1255363,44749,91.02,204,534,0.507,99.519,58.45,62.66,33.02,0,0,1.72,normal baseline
2025-06-06,cart-service,prod,1279485,44880,94.14,204,540,0.099,99.6,48.48,54.21,44.21,6,0,0.7,watch latency
2025-06-06,payment-orchestrator,prod,1241233,42908,93.0,252,652,0.38,99.544,66.49,72.13,42.53,5,0,1.51,campaign traffic
2025-06-06,order-ledger,prod,720130,27173,94.13,265,669,0.204,99.579,52.76,68.39,47.89,7,0,1.1,database pressure
2025-06-06,inventory-reservation,prod,726550,25533,92.05,267,500,0.02,99.616,41.17,52.73,37.93,1,0,0.64,campaign traffic
2025-06-06,pricing-engine,prod,722236,27335,93.64,267,531,0.236,99.573,49.81,53.45,54.91,6,0,1.18,normal baseline
2025-06-06,tax-service,prod,707118,24083,91.28,235,485,0.251,99.57,56.97,72.91,32.43,6,0,1.15,watch latency
2025-06-06,loyalty-service,prod,720178,27360,93.71,231,534,0.279,99.564,59.88,55.49,57.36,6,0,1.21,cache warmup
2025-06-06,notification-service,prod,725428,25940,92.27,200,497,0.395,99.541,67.9,56.17,37.35,0,0,1.43,normal baseline
2025-06-06,auth-gateway,prod,723225,25643,93.13,235,458,0.633,99.493,50.49,70.18,39.67,2,0,2.1,incident review
2025-06-06,analytics-pipeline,prod,701429,25596,93.79,321,761,0.02,99.616,48.94,70.86,28.6,7,0,0.76,watch latency
2025-06-06,search-recommendations,prod,714256,24744,93.0,288,589,0.152,99.14,46.46,67.02,36.0,3,1,1.02,watch latency
2025-06-13,checkout-api,prod,1308223,45452,91.61,246,465,0.02,99.616,64.08,63.45,62.12,1,0,0.6,campaign traffic
2025-06-13,cart-service,prod,1258047,43485,92.89,276,577,0.387,99.543,64.98,51.54,54.1,1,0,1.58,cache warmup
2025-06-13,payment-orchestrator,prod,1255993,44244,93.15,241,587,0.02,99.166,60.18,55.89,36.43,3,1,0.59,cache warmup
2025-06-13,order-ledger,prod,698430,25512,93.9,231,554,0.365,99.547,46.52,59.64,64.69,4,0,1.43,incident review
2025-06-13,inventory-reservation,prod,689408,25850,91.41,264,564,0.118,99.596,55.48,66.86,54.15,3,0,0.88,incident review
2025-06-13,pricing-engine,prod,709106,24220,93.74,258,619,0.232,99.574,56.55,52.03,42.65,4,0,1.15,campaign traffic
2025-06-13,tax-service,prod,712417,25366,91.6,237,492,0.303,99.559,47.09,70.12,52.91,0,0,1.28,incident review
2025-06-13,loyalty-service,prod,719849,27436,92.97,190,518,0.507,99.519,60.1,46.95,47.84,5,0,1.69,incident review
2025-06-13,notification-service,prod,714590,26659,92.29,213,549,0.258,99.568,43.78,71.95,43.75,7,0,1.12,cache warmup
2025-06-13,auth-gateway,prod,688077,25164,91.93,191,494,0.469,99.526,66.06,51.69,45.13,0,0,1.6,campaign traffic
2025-06-13,analytics-pipeline,prod,701852,26396,91.17,372,722,0.416,99.537,57.96,60.25,37.23,3,0,1.87,cache warmup
2025-06-13,search-recommendations,prod,718293,26669,92.96,323,700,0.277,99.565,48.69,57.06,36.13,6,0,1.41,release week
2025-06-20,checkout-api,prod,1288189,47619,93.25,224,440,0.294,99.561,63.88,50.7,42.9,0,0,1.23,normal baseline
2025-06-20,cart-service,prod,1268213,46995,90.95,225,437,0.246,99.571,56.78,62.13,49.1,1,0,1.11,campaign traffic
2025-06-20,payment-orchestrator,prod,1271037,47124,93.4,229,472,0.473,99.525,52.12,58.45,41.2,0,0,1.69,incident review
2025-06-20,order-ledger,prod,726634,27002,92.46,276,668,0.331,99.554,55.81,69.08,41.81,3,0,1.44,release week
2025-06-20,inventory-reservation,prod,717816,24357,93.86,258,633,0.527,99.515,58.51,46.24,37.71,5,0,1.89,normal baseline
2025-06-20,pricing-engine,prod,724660,24873,94.01,204,476,0.4,99.54,51.88,66.49,49.13,5,0,1.45,database pressure
2025-06-20,tax-service,prod,716900,25298,92.43,258,563,0.133,99.593,65.16,59.11,58.22,1,0,0.91,database pressure
2025-06-20,loyalty-service,prod,703055,26249,91.36,250,549,0.54,99.512,65.26,59.56,45.48,7,0,1.91,incident review
2025-06-20,notification-service,prod,724560,27451,93.85,237,494,0.316,99.557,55.24,59.31,58.9,3,0,1.32,normal baseline
2025-06-20,auth-gateway,prod,722330,25495,92.79,245,479,0.394,99.541,57.01,61.1,39.44,4,0,1.53,release week
2025-06-20,analytics-pipeline,prod,719219,24515,93.68,399,833,0.4,99.54,46.32,57.06,55.24,5,0,1.89,normal baseline
2025-06-20,search-recommendations,prod,701244,24888,93.17,314,650,0.568,99.506,61.3,62.37,29.75,3,0,2.12,release week
2025-06-27,checkout-api,prod,1245918,44638,92.33,200,415,0.118,99.596,50.26,53.13,28.99,5,0,0.74,watch latency
2025-06-27,cart-service,prod,1289818,46496,91.16,207,399,0.281,99.564,38.32,56.18,35.23,6,0,1.16,database pressure
2025-06-27,payment-orchestrator,prod,1261886,45235,93.52,239,503,0.422,99.536,39.16,49.31,39.58,6,0,1.59,incident review
2025-06-27,order-ledger,prod,720401,25500,93.43,231,561,0.203,99.579,45.56,59.87,53.54,7,0,1.02,incident review
2025-06-27,inventory-reservation,prod,723731,25156,91.63,214,504,0.337,99.553,54.51,64.26,55.72,5,0,1.32,release week
2025-06-27,pricing-engine,prod,692304,24763,93.91,268,636,0.342,99.552,45.29,51.08,57.07,0,0,1.45,watch latency
2025-06-27,tax-service,prod,717731,25698,92.25,193,474,0.13,99.594,52.24,66.36,58.04,1,0,0.75,incident review
2025-06-27,loyalty-service,prod,707241,25252,93.7,196,472,0.082,99.604,61.04,56.72,55.98,1,0,0.64,watch latency
2025-06-27,notification-service,prod,700557,24479,94.3,193,438,0.02,99.616,51.07,49.01,33.54,0,0,0.48,release week
2025-06-27,auth-gateway,prod,717906,24886,91.73,206,542,0.117,99.597,38.6,55.38,46.27,6,0,0.75,cache warmup
2025-06-27,analytics-pipeline,prod,688533,26213,93.87,360,761,0.456,99.529,51.97,65.04,49.47,5,0,1.94,campaign traffic
2025-06-27,search-recommendations,prod,703253,26261,92.5,307,655,0.285,99.563,38.74,66.76,36.72,7,0,1.39,cache warmup
2025-07-04,checkout-api,prod,1297076,46865,91.44,228,459,0.119,99.596,42.69,51.05,32.81,3,0,0.8,watch latency
2025-07-04,cart-service,prod,1263789,43684,92.0,224,472,0.176,99.585,60.1,64.53,64.52,6,0,0.94,release week
2025-07-04,payment-orchestrator,prod,1294743,47849,91.87,250,489,0.552,99.51,41.68,64.26,46.98,5,0,1.94,campaign traffic
2025-07-04,order-ledger,prod,719524,26504,93.71,281,534,0.125,99.595,51.66,48.84,28.92,3,0,0.94,cache warmup
2025-07-04,inventory-reservation,prod,696713,24105,93.78,193,438,0.147,99.591,52.07,50.87,31.34,4,0,0.8,watch latency
2025-07-04,pricing-engine,prod,690581,23600,93.46,193,526,0.02,99.616,53.26,54.54,29.61,4,0,0.48,normal baseline
2025-07-04,tax-service,prod,722607,24472,93.17,210,419,0.306,99.559,55.68,56.48,31.94,4,0,1.23,incident review
2025-07-04,loyalty-service,prod,692223,25743,92.88,198,394,0.289,99.562,57.53,45.26,40.04,3,0,1.16,normal baseline
2025-07-04,notification-service,prod,721970,26384,93.82,236,585,0.281,99.564,40.18,68.89,36.52,7,0,1.23,cache warmup
2025-07-04,auth-gateway,prod,694584,24786,93.69,280,527,0.309,99.558,47.58,56.2,41.46,3,0,1.39,incident review
2025-07-04,analytics-pipeline,prod,718156,25543,93.17,299,688,0.169,99.586,54.07,56.97,46.94,7,0,1.09,release week
2025-07-04,search-recommendations,prod,697624,23869,93.45,328,640,0.3,99.56,65.01,49.6,56.79,5,0,1.48,normal baseline
2025-07-11,checkout-api,prod,1286551,46334,93.67,249,620,0.519,99.516,63.4,46.58,59.18,0,0,1.85,database pressure
2025-07-11,cart-service,prod,1300806,46948,93.58,228,597,0.354,99.549,37.81,49.78,54.38,6,0,1.39,database pressure
2025-07-11,payment-orchestrator,prod,1259814,46111,92.34,217,465,0.186,99.583,48.5,46.7,34.47,3,0,0.95,cache warmup
2025-07-11,order-ledger,prod,711717,24319,92.69,281,624,0.458,99.528,39.83,47.2,50.45,0,0,1.77,campaign traffic
2025-07-11,inventory-reservation,prod,696279,25691,92.89,270,506,0.224,99.575,55.94,51.63,42.58,7,0,1.16,cache warmup
2025-07-11,pricing-engine,prod,698250,23934,93.17,236,584,0.31,99.558,50.36,56.77,46.34,6,0,1.3,release week
2025-07-11,tax-service,prod,708870,25358,92.82,220,452,0.12,99.596,44.58,59.83,34.02,5,0,0.79,normal baseline
2025-07-11,loyalty-service,prod,703421,26534,91.31,256,552,0.125,99.595,62.95,60.0,57.99,5,0,0.88,database pressure
2025-07-11,notification-service,prod,702833,24476,93.85,231,473,0.294,99.561,49.41,50.81,31.23,5,0,1.25,database pressure
2025-07-11,auth-gateway,prod,713213,25327,94.06,274,594,0.227,99.575,48.38,67.84,60.45,3,0,1.18,watch latency
2025-07-11,analytics-pipeline,prod,716328,25555,93.85,407,898,0.308,99.558,48.72,47.84,39.15,3,0,1.67,cache warmup
2025-07-11,search-recommendations,prod,715617,25155,91.18,294,673,0.327,99.555,47.63,69.18,41.03,6,0,1.47,incident review
2025-07-18,checkout-api,prod,1274461,46228,92.28,236,600,0.331,99.554,44.56,60.12,45.54,5,0,1.35,campaign traffic
2025-07-18,cart-service,prod,1261922,44534,93.23,245,541,0.165,99.587,40.69,67.37,28.05,1,0,0.96,database pressure
2025-07-18,payment-orchestrator,prod,1286652,45518,92.21,253,620,0.111,99.598,53.09,59.84,49.66,4,0,0.84,watch latency
2025-07-18,order-ledger,prod,719544,25832,93.47,200,441,0.459,99.528,52.33,63.3,47.93,4,0,1.59,normal baseline
2025-07-18,inventory-reservation,prod,712272,26736,90.92,250,547,0.302,99.56,40.24,47.13,53.19,7,0,1.31,database pressure
2025-07-18,pricing-engine,prod,705120,26418,94.25,197,467,0.129,99.594,52.63,66.41,39.36,3,0,0.76,watch latency
2025-07-18,tax-service,prod,688763,23830,91.53,234,490,0.339,99.552,40.81,60.76,33.96,0,0,1.37,cache warmup
2025-07-18,loyalty-service,prod,720001,26477,93.53,279,595,0.115,99.597,58.95,43.95,64.45,5,0,0.91,campaign traffic
2025-07-18,notification-service,prod,717111,26842,93.53,214,514,0.492,99.522,62.03,64.27,49.98,4,0,1.71,database pressure
2025-07-18,auth-gateway,prod,700827,25331,91.1,213,559,0.553,99.509,55.52,55.26,28.15,7,0,1.86,normal baseline
2025-07-18,analytics-pipeline,prod,687070,24316,92.51,333,626,0.314,99.557,44.4,54.21,54.0,7,0,1.53,database pressure
2025-07-18,search-recommendations,prod,689091,26003,91.65,276,643,0.433,99.533,46.12,54.71,30.43,4,0,1.7,release week
2025-07-25,checkout-api,prod,1281603,46995,93.91,226,475,0.256,99.569,61.44,46.95,36.29,1,0,1.14,normal baseline
2025-07-25,cart-service,prod,1250046,44320,91.53,189,467,0.222,99.576,33.57,66.22,57.78,4,0,0.97,watch latency
2025-07-25,payment-orchestrator,prod,1252504,46232,91.68,274,572,0.274,99.565,39.01,55.88,43.91,1,0,1.29,normal baseline
2025-07-25,order-ledger,prod,706319,23997,91.57,209,426,0.342,99.102,57.06,45.47,42.52,7,1,1.32,campaign traffic
2025-07-25,inventory-reservation,prod,725894,24584,92.39,211,579,0.164,99.587,55.34,56.48,35.24,7,0,0.88,release week
2025-07-25,pricing-engine,prod,700688,25389,93.63,247,632,0.186,99.133,57.78,67.82,61.46,4,1,1.01,campaign traffic
2025-07-25,tax-service,prod,706181,26289,93.8,256,620,0.153,99.589,49.19,46.83,47.47,0,0,0.95,database pressure
2025-07-25,loyalty-service,prod,695264,25904,92.7,246,477,0.335,99.553,48.97,45.4,34.1,2,0,1.38,watch latency
2025-07-25,notification-service,prod,724415,26131,92.98,213,574,0.183,99.133,58.2,49.52,51.77,4,1,0.93,campaign traffic
2025-07-25,auth-gateway,prod,688052,25460,91.32,189,372,0.02,99.166,44.28,44.24,41.78,5,1,0.47,campaign traffic
2025-07-25,analytics-pipeline,prod,710149,26635,91.29,341,736,0.332,99.554,46.42,49.45,38.67,1,0,1.59,release week
2025-07-25,search-recommendations,prod,702829,25238,93.34,267,567,0.295,99.561,40.3,47.08,41.3,2,0,1.33,database pressure
2025-08-01,checkout-api,prod,1303534,46191,93.73,208,553,0.334,99.553,50.19,62.65,50.51,1,0,1.3,incident review
2025-08-01,cart-service,prod,1288137,46445,91.08,190,399,0.265,99.567,44.78,45.83,42.13,5,0,1.09,cache warmup
2025-08-01,payment-orchestrator,prod,1278154,47403,92.35,269,595,0.02,99.616,33.52,58.12,54.08,1,0,0.65,incident review
2025-08-01,order-ledger,prod,712203,25969,91.61,202,471,0.227,99.575,41.72,45.69,45.06,3,0,1.02,cache warmup
2025-08-01,inventory-reservation,prod,702764,25300,93.31,221,548,0.077,99.605,58.32,56.03,58.61,2,0,0.68,incident review
2025-08-01,pricing-engine,prod,720823,26803,92.82,199,430,0.307,99.559,36.24,54.08,27.21,4,0,1.21,cache warmup
2025-08-01,tax-service,prod,718977,27222,93.68,224,478,0.3,99.56,61.05,59.87,32.86,3,0,1.25,normal baseline
2025-08-01,loyalty-service,prod,704501,24619,92.1,240,584,0.106,99.599,51.29,44.5,32.55,3,0,0.8,release week
2025-08-01,notification-service,prod,721301,25821,93.47,191,437,0.385,99.543,51.88,43.07,41.29,7,0,1.39,database pressure
2025-08-01,auth-gateway,prod,688394,24403,94.02,193,439,0.268,99.116,53.05,47.72,45.19,7,1,1.1,database pressure
2025-08-01,analytics-pipeline,prod,688472,25680,91.5,319,626,0.344,99.551,55.4,67.05,34.33,2,0,1.57,release week
2025-08-01,search-recommendations,prod,689335,24713,91.96,256,595,0.295,99.561,59.82,55.16,28.22,6,0,1.31,normal baseline
2025-08-08,checkout-api,prod,1302989,47634,93.52,222,419,0.267,99.567,38.0,55.92,61.34,1,0,1.16,watch latency
2025-08-08,cart-service,prod,1237568,43567,92.71,227,598,0.441,99.532,51.54,49.37,35.04,2,0,1.61,normal baseline
2025-08-08,payment-orchestrator,prod,1291222,44762,92.91,232,556,0.572,99.506,52.07,64.31,34.23,0,0,1.95,incident review
2025-08-08,order-ledger,prod,715363,25559,93.54,240,519,0.097,99.601,41.51,42.72,36.81,6,0,0.78,normal baseline
2025-08-08,inventory-reservation,prod,687312,25203,91.35,258,623,0.346,99.551,55.37,58.23,38.19,5,0,1.44,cache warmup
2025-08-08,pricing-engine,prod,712519,27152,92.03,265,611,0.088,99.602,47.96,55.28,33.04,6,0,0.81,campaign traffic
2025-08-08,tax-service,prod,715306,25580,91.88,230,506,0.195,99.581,34.5,49.06,34.0,7,0,1.0,release week
2025-08-08,loyalty-service,prod,695569,25489,92.18,263,546,0.288,99.562,40.18,45.35,36.17,7,0,1.3,cache warmup
2025-08-08,notification-service,prod,699640,24128,93.8,247,486,0.09,99.602,34.22,56.9,46.2,4,0,0.77,database pressure
2025-08-08,auth-gateway,prod,695589,24157,94.04,235,617,0.214,99.577,50.62,43.28,41.21,1,0,1.06,database pressure
2025-08-08,analytics-pipeline,prod,715662,25412,90.97,274,513,0.558,99.508,34.64,42.25,56.47,5,0,2.0,normal baseline
2025-08-08,search-recommendations,prod,699328,24384,92.14,340,757,0.107,99.599,45.31,57.21,60.93,5,0,1.02,database pressure
2025-08-15,checkout-api,prod,1259154,44738,92.85,192,371,0.392,99.542,49.13,62.5,27.38,5,0,1.41,cache warmup
2025-08-15,cart-service,prod,1236736,44603,93.31,189,363,0.156,99.589,56.23,54.38,30.83,0,0,0.81,incident review
2025-08-15,payment-orchestrator,prod,1264960,44799,93.09,253,510,0.286,99.563,52.11,64.67,30.63,3,0,1.28,incident review
2025-08-15,order-ledger,prod,714278,26467,93.39,190,500,0.504,99.519,32.81,51.55,43.81,2,0,1.68,normal baseline
2025-08-15,inventory-reservation,prod,691524,26213,94.17,253,640,0.473,99.525,56.39,54.3,37.28,1,0,1.74,campaign traffic
2025-08-15,pricing-engine,prod,723841,26546,92.52,259,610,0.478,99.524,43.83,62.16,36.34,4,0,1.77,release week
2025-08-15,tax-service,prod,703244,24945,94.04,200,455,0.182,99.584,51.98,57.97,40.94,1,0,0.9,normal baseline
2025-08-15,loyalty-service,prod,712019,26178,93.84,238,553,0.195,99.581,55.27,41.18,59.16,1,0,1.02,cache warmup
2025-08-15,notification-service,prod,724299,26593,93.15,253,591,0.294,99.561,58.79,61.33,44.04,2,0,1.3,release week
2025-08-15,auth-gateway,prod,704590,26956,92.52,195,448,0.776,99.465,58.5,45.21,50.24,0,0,2.37,watch latency
2025-08-15,analytics-pipeline,prod,706598,25152,92.34,334,670,0.23,99.574,46.67,63.94,48.78,2,0,1.32,release week
2025-08-15,search-recommendations,prod,717961,25164,93.38,303,737,0.2,99.58,46.33,46.7,36.58,3,0,1.17,cache warmup
2025-08-22,checkout-api,prod,1279220,45040,92.33,248,488,0.305,99.559,58.98,53.88,52.09,7,0,1.31,normal baseline
2025-08-22,cart-service,prod,1288922,45935,92.56,228,610,0.354,99.549,47.43,60.8,51.98,4,0,1.39,cache warmup
2025-08-22,payment-orchestrator,prod,1296721,45306,92.38,254,551,0.02,99.616,43.09,64.06,48.35,5,0,0.61,campaign traffic
2025-08-22,order-ledger,prod,715569,26698,93.95,204,461,0.716,99.027,33.33,63.23,51.36,5,1,2.24,database pressure
2025-08-22,inventory-reservation,prod,725870,26751,91.18,237,485,0.39,99.542,52.68,51.25,48.2,0,0,1.5,cache warmup
2025-08-22,pricing-engine,prod,692246,23557,92.48,256,489,0.386,99.543,58.16,43.19,44.51,1,0,1.53,release week
2025-08-22,tax-service,prod,710424,24159,91.93,235,488,0.253,99.569,47.37,59.51,47.17,4,0,1.15,watch latency
2025-08-22,loyalty-service,prod,716349,26140,93.21,250,527,0.375,99.545,55.1,48.67,51.64,1,0,1.49,normal baseline
2025-08-22,notification-service,prod,701861,25291,91.99,193,487,0.3,99.56,48.04,61.21,29.1,5,0,1.18,normal baseline
2025-08-22,auth-gateway,prod,701924,26868,92.09,196,384,0.093,99.601,31.22,53.92,61.45,2,0,0.67,normal baseline
2025-08-22,analytics-pipeline,prod,693356,25799,92.21,409,902,0.373,99.545,49.07,65.19,41.39,3,0,1.84,incident review
2025-08-22,search-recommendations,prod,724030,25304,91.61,329,737,0.372,99.546,57.83,53.43,55.45,2,0,1.66,incident review
2025-08-29,checkout-api,prod,1273714,46765,91.13,253,635,0.631,99.494,57.42,55.12,60.45,6,0,2.14,release week
2025-08-29,cart-service,prod,1255345,45033,92.8,194,376,0.052,99.61,45.15,45.48,62.85,3,0,0.56,cache warmup
2025-08-29,payment-orchestrator,prod,1297029,47850,94.21,216,537,0.314,99.557,43.97,41.56,64.4,4,0,1.26,database pressure
2025-08-29,order-ledger,prod,722954,27040,92.95,216,417,0.614,99.497,51.1,65.28,62.78,5,0,2.01,campaign traffic
2025-08-29,inventory-reservation,prod,704294,23888,93.99,194,483,0.197,99.581,45.97,60.58,31.23,0,0,0.92,normal baseline
2025-08-29,pricing-engine,prod,713490,27098,93.18,256,609,0.02,99.616,34.83,61.89,41.04,0,0,0.62,incident review
2025-08-29,tax-service,prod,690362,23399,92.8,197,540,0.267,99.567,35.82,57.03,56.93,0,0,1.1,cache warmup
2025-08-29,loyalty-service,prod,710445,24391,91.24,197,516,0.421,99.536,30.88,57.52,32.83,0,0,1.49,database pressure
2025-08-29,notification-service,prod,711810,26860,94.12,257,630,0.473,99.525,31.45,44.11,48.05,1,0,1.75,release week
2025-08-29,auth-gateway,prod,694671,25660,91.14,197,550,0.583,99.503,39.4,57.63,32.64,5,0,1.89,incident review
2025-08-29,analytics-pipeline,prod,726180,25478,91.82,331,790,0.687,99.483,48.6,52.24,58.16,0,0,2.45,campaign traffic
2025-08-29,search-recommendations,prod,704954,25400,91.98,361,839,0.211,99.578,59.15,56.87,51.22,5,0,1.33,campaign traffic
2025-09-05,checkout-api,prod,1301365,46980,92.14,212,425,0.04,99.612,57.91,43.87,34.77,5,0,0.57,incident review
2025-09-05,cart-service,prod,1306184,46874,90.99,231,568,0.13,99.594,40.15,41.02,37.32,5,0,0.84,watch latency
2025-09-05,payment-orchestrator,prod,1269036,44617,92.73,195,383,0.665,99.487,41.78,54.99,43.28,0,0,2.1,watch latency
2025-09-05,order-ledger,prod,706321,24855,92.32,245,522,0.329,99.554,32.7,44.12,36.7,6,0,1.37,release week
2025-09-05,inventory-reservation,prod,711435,24062,93.66,280,653,0.401,99.54,51.32,54.02,28.16,0,0,1.62,campaign traffic
2025-09-05,pricing-engine,prod,697677,26390,92.92,257,662,0.339,99.552,46.75,44.26,29.97,4,0,1.42,watch latency
2025-09-05,tax-service,prod,721281,25226,92.22,272,651,0.02,99.616,49.64,51.4,60.19,7,0,0.65,watch latency
2025-09-05,loyalty-service,prod,689708,23185,93.45,247,590,0.043,99.611,45.8,48.8,36.54,0,0,0.66,normal baseline
2025-09-05,notification-service,prod,710073,25559,92.66,229,453,0.503,99.519,58.06,40.18,41.45,2,0,1.77,release week
2025-09-05,auth-gateway,prod,709380,25688,92.47,246,494,0.303,99.559,40.41,45.46,27.95,5,0,1.3,campaign traffic
2025-09-05,analytics-pipeline,prod,707320,24090,93.95,260,516,0.36,99.548,42.24,43.69,35.39,2,0,1.48,cache warmup
2025-09-05,search-recommendations,prod,712131,24385,91.45,374,850,0.264,99.567,51.29,60.79,31.74,2,0,1.49,database pressure
2025-09-12,checkout-api,prod,1292580,46688,92.82,200,560,0.071,99.606,35.18,50.07,56.02,7,0,0.62,database pressure
2025-09-12,cart-service,prod,1303957,45368,93.27,272,689,0.417,99.537,51.0,61.45,58.95,7,0,1.65,incident review
2025-09-12,payment-orchestrator,prod,1262415,46401,92.83,275,678,0.521,99.516,49.32,40.64,57.28,7,0,1.91,normal baseline
2025-09-12,order-ledger,prod,693661,24836,92.68,213,439,0.405,99.539,36.02,62.67,39.6,3,0,1.48,watch latency
2025-09-12,inventory-reservation,prod,712495,25878,93.94,215,454,0.156,99.589,48.33,42.07,56.5,6,0,0.87,database pressure
2025-09-12,pricing-engine,prod,704254,25549,93.1,249,542,0.458,99.528,47.4,54.91,58.75,0,0,1.7,cache warmup
2025-09-12,tax-service,prod,724271,25787,92.31,282,666,0.02,99.616,46.2,60.89,52.61,5,0,0.68,normal baseline
2025-09-12,loyalty-service,prod,726302,26768,93.54,206,567,0.185,99.583,42.13,51.51,45.2,0,0,0.92,release week
2025-09-12,notification-service,prod,701311,25846,92.32,203,385,0.24,99.572,56.13,63.37,52.52,5,0,1.05,normal baseline
2025-09-12,auth-gateway,prod,713097,26912,91.95,202,473,0.125,99.595,50.31,58.82,58.67,4,0,0.76,database pressure
2025-09-12,analytics-pipeline,prod,711252,27131,93.75,339,664,0.135,99.143,49.36,55.56,41.1,7,1,1.09,normal baseline
2025-09-12,search-recommendations,prod,723319,26650,92.04,288,557,0.423,99.535,37.87,51.24,55.29,0,0,1.7,normal baseline
2025-09-19,checkout-api,prod,1255030,44987,93.87,283,576,0.265,99.567,57.48,43.03,32.02,5,0,1.29,database pressure
2025-09-19,cart-service,prod,1274961,45108,91.48,267,506,0.39,99.542,38.23,41.58,55.3,7,0,1.57,release week
2025-09-19,payment-orchestrator,prod,1290693,45733,92.12,191,382,0.462,99.528,52.88,55.25,34.8,0,0,1.58,release week
2025-09-19,order-ledger,prod,714100,24944,93.61,222,512,0.52,99.516,43.61,39.37,50.2,4,0,1.79,incident review
2025-09-19,inventory-reservation,prod,722008,27489,93.17,264,590,0.21,99.578,36.1,58.8,62.65,1,0,1.11,normal baseline
2025-09-19,pricing-engine,prod,712975,25876,92.18,280,654,0.158,99.588,33.65,54.98,35.93,4,0,1.02,normal baseline
2025-09-19,tax-service,prod,725971,26553,91.44,273,573,0.157,99.589,43.12,46.44,32.36,4,0,1.0,incident review
2025-09-19,loyalty-service,prod,711207,26803,91.7,272,688,0.612,99.048,57.06,57.78,61.86,6,1,2.13,campaign traffic
2025-09-19,notification-service,prod,692723,26336,94.1,223,531,0.058,99.608,50.47,42.12,36.94,6,0,0.64,incident review
2025-09-19,auth-gateway,prod,725380,27304,92.75,239,510,0.142,99.592,52.49,61.6,64.84,3,0,0.89,release week
2025-09-19,analytics-pipeline,prod,704486,26474,92.97,262,530,0.181,99.584,57.62,62.56,40.54,3,0,1.03,campaign traffic
2025-09-19,search-recommendations,prod,687228,24913,92.72,378,731,0.241,99.572,54.25,41.59,48.93,1,0,1.44,release week
2025-09-26,checkout-api,prod,1277263,46730,92.29,195,499,0.513,99.517,55.13,41.0,56.49,4,0,1.72,incident review
2025-09-26,cart-service,prod,1271359,44007,93.98,274,650,0.335,99.553,54.84,59.44,55.05,5,0,1.45,campaign traffic
2025-09-26,payment-orchestrator,prod,1251361,43843,93.5,241,630,0.189,99.582,32.91,53.3,52.2,7,0,1.01,campaign traffic
2025-09-26,order-ledger,prod,688083,23143,91.19,274,678,0.311,99.558,36.96,65.02,39.34,6,0,1.39,database pressure
2025-09-26,inventory-reservation,prod,723558,24509,93.29,192,464,0.225,99.575,52.47,55.16,33.66,4,0,0.99,campaign traffic
2025-09-26,pricing-engine,prod,720537,26771,92.24,226,501,0.151,99.59,41.32,43.03,52.3,7,0,0.88,normal baseline
2025-09-26,tax-service,prod,716127,24999,92.3,197,524,0.219,99.576,31.98,47.64,60.17,6,0,0.99,cache warmup
2025-09-26,loyalty-service,prod,698763,26240,92.56,278,547,0.274,99.565,53.63,63.16,48.89,3,0,1.3,cache warmup
2025-09-26,notification-service,prod,720533,26342,92.97,272,661,0.473,99.525,42.32,59.01,43.66,6,0,1.79,release week
2025-09-26,auth-gateway,prod,706561,23941,91.0,222,461,0.536,99.513,32.35,49.2,56.33,1,0,1.83,database pressure
2025-09-26,analytics-pipeline,prod,719537,24864,93.02,317,728,0.416,99.537,56.43,53.5,56.04,4,0,1.74,watch latency
2025-09-26,search-recommendations,prod,719160,26319,93.04,277,527,0.02,99.616,35.06,62.97,42.71,6,0,0.67,release week
2025-10-03,checkout-api,prod,1252485,43673,93.28,276,688,0.62,99.496,38.56,54.31,44.89,6,0,2.16,normal baseline
2025-10-03,cart-service,prod,1260588,45212,92.65,226,602,0.092,99.602,50.7,49.54,50.06,7,0,0.73,release week
2025-10-03,payment-orchestrator,prod,1267988,46745,91.39,239,543,0.409,99.538,43.16,59.61,36.72,2,0,1.55,database pressure
2025-10-03,order-ledger,prod,724694,26728,91.4,280,565,0.283,99.563,33.26,47.34,47.75,2,0,1.33,database pressure
2025-10-03,inventory-reservation,prod,716946,26712,91.78,205,544,0.198,99.58,49.0,55.38,32.36,7,0,0.95,incident review
2025-10-03,pricing-engine,prod,696093,24286,93.19,192,518,0.273,99.565,29.77,63.96,56.67,0,0,1.11,incident review
2025-10-03,tax-service,prod,719108,25956,92.48,273,656,0.226,99.575,34.84,46.01,27.65,4,0,1.17,incident review
2025-10-03,loyalty-service,prod,696028,25470,91.01,255,596,0.262,99.568,35.46,63.76,32.9,6,0,1.22,database pressure
2025-10-03,notification-service,prod,690430,24746,93.17,279,683,0.478,99.524,41.21,40.06,59.85,6,0,1.82,watch latency
2025-10-03,auth-gateway,prod,692483,23251,91.71,281,659,0.09,99.602,37.45,51.36,33.83,1,0,0.85,incident review
2025-10-03,analytics-pipeline,prod,701042,24077,91.52,287,667,0.262,99.568,48.09,59.21,56.98,5,0,1.29,watch latency
2025-10-03,search-recommendations,prod,721012,26206,92.16,350,807,0.02,99.616,38.84,56.27,32.21,4,0,0.83,campaign traffic
2025-10-10,checkout-api,prod,1271703,44783,91.74,210,515,0.078,99.604,52.36,48.98,34.46,6,0,0.66,watch latency
2025-10-10,cart-service,prod,1244462,45896,93.0,271,645,0.58,99.504,55.05,64.57,39.11,1,0,2.05,release week
2025-10-10,payment-orchestrator,prod,1287613,47116,92.42,200,460,0.14,99.592,32.0,52.95,61.2,6,0,0.8,release week
2025-10-10,order-ledger,prod,707628,24417,93.06,221,484,0.02,99.616,49.64,47.04,40.95,1,0,0.54,normal baseline
2025-10-10,inventory-reservation,prod,693990,24867,92.22,283,629,0.241,99.572,45.48,43.51,52.66,5,0,1.23,incident review
2025-10-10,pricing-engine,prod,702869,24873,91.88,190,450,0.677,99.485,57.22,46.37,39.0,7,0,2.11,campaign traffic
2025-10-10,tax-service,prod,692690,26081,91.52,229,582,0.02,99.616,51.23,55.35,64.32,3,0,0.56,release week
2025-10-10,loyalty-service,prod,722057,26547,93.01,233,596,0.455,99.529,47.84,57.25,63.21,6,0,1.66,database pressure
2025-10-10,notification-service,prod,704222,24307,92.87,239,502,0.085,99.603,34.74,60.34,40.5,0,0,0.74,release week
2025-10-10,auth-gateway,prod,715602,24582,94.13,272,623,0.438,99.532,51.11,47.37,55.71,1,0,1.7,normal baseline
2025-10-10,analytics-pipeline,prod,720983,25627,90.73,358,796,0.145,99.591,57.59,54.56,57.71,2,0,1.16,release week
2025-10-10,search-recommendations,prod,694081,24811,93.27,282,607,0.559,99.508,32.41,43.13,53.79,7,0,2.02,cache warmup
2025-10-17,checkout-api,prod,1240983,42907,93.32,282,680,0.02,99.616,32.23,56.61,49.55,3,0,0.68,cache warmup
2025-10-17,cart-service,prod,1274769,44245,93.19,203,539,0.38,99.544,44.45,58.41,35.09,2,0,1.4,campaign traffic
2025-10-17,payment-orchestrator,prod,1308441,45314,92.26,191,488,0.446,99.531,44.26,39.35,54.25,7,0,1.54,incident review
2025-10-17,order-ledger,prod,724343,26775,93.02,205,536,0.02,99.616,28.86,46.28,47.54,7,0,0.51,cache warmup
2025-10-17,inventory-reservation,prod,713556,27149,91.77,195,508,0.202,99.58,52.09,50.02,54.03,1,0,0.94,cache warmup
2025-10-17,pricing-engine,prod,716045,26155,93.56,252,486,0.372,99.546,33.57,52.37,30.39,7,0,1.49,release week
2025-10-17,tax-service,prod,716453,26993,91.07,200,473,0.305,99.559,35.43,49.49,37.21,6,0,1.21,release week
2025-10-17,loyalty-service,prod,714014,26469,93.44,230,573,0.125,99.595,53.83,47.17,28.44,5,0,0.82,cache warmup
2025-10-17,notification-service,prod,687324,23081,92.36,273,609,0.383,99.543,44.05,58.64,31.64,4,0,1.56,normal baseline
2025-10-17,auth-gateway,prod,702153,24796,92.59,268,554,0.037,99.613,45.89,63.39,58.55,1,0,0.69,watch latency
2025-10-17,analytics-pipeline,prod,718044,24952,91.09,258,664,0.274,99.565,34.24,46.77,47.18,1,0,1.26,campaign traffic
2025-10-17,search-recommendations,prod,710595,25637,92.68,322,704,0.441,99.532,56.43,52.9,38.59,5,0,1.82,campaign traffic
2025-10-24,checkout-api,prod,1276129,44158,91.25,264,512,0.02,99.616,53.82,39.6,61.33,5,0,0.64,database pressure
2025-10-24,cart-service,prod,1299236,47719,93.9,192,409,0.039,99.612,52.88,53.16,61.19,5,0,0.52,incident review
2025-10-24,payment-orchestrator,prod,1247704,43267,92.19,198,450,0.502,99.52,42.85,55.09,60.01,3,0,1.69,incident review
2025-10-24,order-ledger,prod,726195,25320,92.05,233,487,0.277,99.115,43.48,47.82,64.02,5,1,1.21,campaign traffic
2025-10-24,inventory-reservation,prod,707500,24287,93.16,235,563,0.57,99.506,36.23,52.93,43.34,4,0,1.95,release week
2025-10-24,pricing-engine,prod,716539,25266,91.66,250,625,0.483,99.523,54.83,62.82,48.03,5,0,1.76,cache warmup
2025-10-24,tax-service,prod,689677,23569,93.28,205,507,0.518,99.516,44.99,54.02,36.87,1,0,1.75,watch latency
2025-10-24,loyalty-service,prod,726316,24895,93.66,239,470,0.311,99.558,39.49,59.28,52.37,7,0,1.31,campaign traffic
2025-10-24,notification-service,prod,693294,23362,90.94,266,558,0.203,99.579,31.62,52.22,54.64,2,0,1.1,normal baseline
2025-10-24,auth-gateway,prod,711762,24657,93.33,241,581,0.269,99.566,54.82,49.61,61.41,0,0,1.21,database pressure
2025-10-24,analytics-pipeline,prod,703389,26028,92.5,344,667,0.363,99.547,53.47,46.07,46.79,0,0,1.67,incident review
2025-10-24,search-recommendations,prod,697928,24666,93.06,348,737,0.457,99.529,33.47,44.77,36.73,7,0,1.92,watch latency
2025-10-31,checkout-api,prod,1263551,46272,91.6,276,658,0.082,99.604,55.47,58.45,60.76,4,0,0.82,normal baseline
2025-10-31,cart-service,prod,1289327,45645,93.53,245,521,0.538,99.512,52.73,51.48,63.7,1,0,1.89,normal baseline
2025-10-31,payment-orchestrator,prod,1305275,46736,92.14,254,494,0.374,99.545,29.89,50.35,45.33,0,0,1.5,database pressure
2025-10-31,order-ledger,prod,722704,27013,92.66,229,545,0.116,99.597,52.71,50.68,56.59,4,0,0.8,cache warmup
2025-10-31,inventory-reservation,prod,690293,24664,93.28,218,486,0.426,99.535,47.22,51.92,60.26,4,0,1.55,cache warmup
2025-10-31,pricing-engine,prod,709390,25100,91.6,268,556,0.099,99.6,50.93,60.61,43.7,1,0,0.84,database pressure
2025-10-31,tax-service,prod,718395,26449,93.56,284,597,0.134,99.593,35.81,61.75,34.7,7,0,0.97,incident review
2025-10-31,loyalty-service,prod,688760,25043,93.22,210,446,0.357,99.549,40.83,63.69,54.42,0,0,1.36,cache warmup
2025-10-31,notification-service,prod,714974,25599,91.36,256,546,0.02,99.616,29.3,41.16,52.39,0,0,0.62,release week
2025-10-31,auth-gateway,prod,690453,23835,91.79,250,618,0.02,99.616,53.8,40.21,29.52,3,0,0.61,watch latency
2025-10-31,analytics-pipeline,prod,712798,25960,92.0,306,593,0.277,99.565,51.38,49.99,52.47,3,0,1.37,campaign traffic
2025-10-31,search-recommendations,prod,704610,26903,93.27,321,676,0.558,99.508,51.41,45.99,55.58,6,0,2.11,incident review
2025-11-07,checkout-api,prod,1883216,66089,93.98,274,661,0.34,99.552,48.91,50.7,57.27,3,0,1.46,cache warmup
2025-11-07,cart-service,prod,1807879,64477,93.74,281,623,0.209,99.578,56.93,46.27,35.68,0,0,1.15,normal baseline
2025-11-07,payment-orchestrator,prod,1810974,66203,93.67,247,495,0.02,99.616,49.22,55.03,36.58,3,0,0.6,release week
2025-11-07,order-ledger,prod,1016595,36475,93.98,262,613,0.614,99.497,56.2,58.83,41.24,0,0,2.12,release week
2025-11-07,inventory-reservation,prod,1039254,38407,93.92,246,635,0.386,99.543,34.34,50.55,29.49,0,0,1.51,watch latency
2025-11-07,pricing-engine,prod,1036636,37747,91.78,279,543,0.231,99.574,54.09,41.93,62.84,6,0,1.2,cache warmup
2025-11-07,tax-service,prod,1043908,38112,91.75,312,587,0.638,99.492,56.82,64.27,59.13,6,0,2.29,incident review
2025-11-07,loyalty-service,prod,1014902,36938,92.54,303,706,0.316,99.557,59.56,52.08,53.56,1,0,1.46,campaign traffic
2025-11-07,notification-service,prod,1047946,37111,91.57,234,606,0.174,99.585,33.58,49.38,61.96,2,0,0.96,watch latency
2025-11-07,auth-gateway,prod,1005038,36268,93.44,238,540,0.263,99.567,51.27,57.91,53.55,3,0,1.19,incident review
2025-11-07,analytics-pipeline,prod,1021063,37193,93.1,398,815,0.351,99.55,35.37,48.38,58.41,0,0,1.76,database pressure
2025-11-07,search-recommendations,prod,998059,35379,91.86,309,674,0.411,99.538,31.25,54.54,45.28,2,0,1.71,incident review
2025-11-14,checkout-api,prod,1867525,66402,92.22,254,477,0.314,99.557,49.38,45.06,45.19,6,0,1.35,release week
2025-11-14,cart-service,prod,1832543,66058,92.02,299,718,0.568,99.506,42.05,42.09,33.8,0,0,2.09,release week
2025-11-14,payment-orchestrator,prod,1813365,65115,93.02,304,604,0.238,99.572,41.62,57.14,35.36,6,0,1.27,campaign traffic
2025-11-14,order-ledger,prod,1024535,37128,91.11,308,649,0.056,99.609,56.02,45.5,28.71,7,0,0.82,database pressure
2025-11-14,inventory-reservation,prod,1005727,37420,93.05,241,609,0.369,99.546,34.48,60.83,40.14,6,0,1.46,normal baseline
2025-11-14,pricing-engine,prod,1009172,35955,92.76,254,625,0.64,99.492,37.75,62.67,30.58,6,0,2.16,release week
2025-11-14,tax-service,prod,1040841,36167,91.8,267,508,0.188,99.582,39.61,50.33,48.21,5,0,1.06,database pressure
2025-11-14,loyalty-service,prod,1000866,35183,93.76,314,603,0.02,99.616,30.83,49.93,64.36,4,0,0.75,incident review
2025-11-14,notification-service,prod,1023483,35480,93.58,298,682,0.212,99.578,38.27,57.72,29.05,2,0,1.19,watch latency
2025-11-14,auth-gateway,prod,1005799,37259,93.31,235,619,0.268,99.566,48.19,41.34,29.26,0,0,1.19,database pressure
2025-11-14,analytics-pipeline,prod,1013558,36511,92.13,415,783,0.4,99.54,31.42,59.1,42.28,6,0,1.92,campaign traffic
2025-11-14,search-recommendations,prod,1031828,37724,92.5,371,772,0.246,99.571,49.9,63.36,50.37,1,0,1.44,normal baseline
2025-11-21,checkout-api,prod,1882619,68879,92.19,321,672,0.121,99.596,53.88,52.29,31.25,2,0,1.02,cache warmup
2025-11-21,cart-service,prod,1820373,64704,93.59,263,638,0.267,99.567,48.69,64.45,34.47,7,0,1.25,watch latency
2025-11-21,payment-orchestrator,prod,1815797,65983,93.18,247,642,0.297,99.561,51.78,59.97,58.33,1,0,1.29,watch latency
2025-11-21,order-ledger,prod,1028725,37897,91.48,235,481,0.418,99.536,60.49,59.09,42.33,6,0,1.57,database pressure
2025-11-21,inventory-reservation,prod,1025138,36319,93.49,293,688,0.519,99.516,45.79,51.39,33.48,5,0,1.95,normal baseline
2025-11-21,pricing-engine,prod,1011528,35167,92.56,250,599,0.468,99.526,46.91,43.8,57.55,7,0,1.72,incident review
2025-11-21,tax-service,prod,1008367,34787,93.84,242,590,0.16,99.588,46.29,54.51,38.27,5,0,0.94,cache warmup
2025-11-21,loyalty-service,prod,1039725,37530,91.08,314,711,0.196,99.581,52.61,61.06,27.8,0,0,1.19,normal baseline
2025-11-21,notification-service,prod,1043235,36222,92.46,245,504,0.309,99.558,50.52,41.65,63.86,2,0,1.32,campaign traffic
2025-11-21,auth-gateway,prod,1028232,38395,92.34,292,694,0.215,99.577,45.92,42.91,29.16,7,0,1.19,incident review
2025-11-21,analytics-pipeline,prod,997447,35501,91.16,377,738,0.361,99.548,58.1,57.45,56.43,7,0,1.74,cache warmup
2025-11-21,search-recommendations,prod,1053725,36770,91.09,372,703,0.61,99.498,60.62,45.97,60.31,5,0,2.35,watch latency
2025-11-28,checkout-api,prod,1810810,64347,92.93,328,765,0.6,99.5,56.77,51.71,49.29,2,0,2.23,cache warmup
2025-11-28,cart-service,prod,1837132,67183,94.04,272,631,0.642,99.492,52.97,47.46,46.75,7,0,2.21,cache warmup
2025-11-28,payment-orchestrator,prod,1833026,64573,93.19,280,556,0.099,99.6,33.1,51.98,30.65,7,0,0.87,database pressure
2025-11-28,order-ledger,prod,1042671,38294,91.58,299,708,0.276,99.565,36.14,57.89,63.05,5,0,1.36,normal baseline
2025-11-28,inventory-reservation,prod,1005180,36084,93.97,300,662,0.132,99.594,50.07,63.39,41.15,3,0,1.0,database pressure
2025-11-28,pricing-engine,prod,1021037,36945,91.52,237,510,0.284,99.563,55.37,66.1,59.38,2,0,1.24,release week
2025-11-28,tax-service,prod,1042333,37113,93.79,244,559,0.335,99.103,51.28,63.36,27.06,7,1,1.38,cache warmup
2025-11-28,loyalty-service,prod,1003195,36573,93.35,302,580,0.443,99.531,40.43,67.33,27.53,7,0,1.78,campaign traffic
2025-11-28,notification-service,prod,1037492,35725,93.59,251,502,0.588,99.502,46.02,60.48,58.53,7,0,2.03,campaign traffic
2025-11-28,auth-gateway,prod,1052423,38866,93.88,257,600,0.058,99.608,32.93,66.55,53.09,7,0,0.72,campaign traffic
2025-11-28,analytics-pipeline,prod,1035840,36460,91.13,389,748,0.216,99.577,35.34,63.35,53.26,3,0,1.41,watch latency
2025-11-28,search-recommendations,prod,999573,35286,91.39,369,723,0.361,99.548,47.07,57.37,44.25,0,0,1.72,cache warmup
2025-12-05,checkout-api,prod,1812224,66341,93.29,324,656,0.534,99.513,44.74,53.16,58.11,1,0,2.05,release week
2025-12-05,cart-service,prod,1826081,66097,92.72,245,616,0.394,99.541,52.27,59.38,31.26,7,0,1.53,watch latency
2025-12-05,payment-orchestrator,prod,1894230,68580,92.45,247,606,0.248,99.57,44.79,65.23,54.6,5,0,1.17,watch latency
2025-12-05,order-ledger,prod,1034646,36506,93.06,251,480,0.348,99.55,46.75,57.59,53.77,1,0,1.43,normal baseline
2025-12-05,inventory-reservation,prod,1020515,37454,93.49,295,576,0.165,99.587,54.4,57.43,34.15,1,0,1.07,watch latency
2025-12-05,pricing-engine,prod,1004693,37243,93.1,273,532,0.202,99.58,36.59,43.34,48.31,7,0,1.11,database pressure
2025-12-05,tax-service,prod,1024256,35223,91.7,276,563,0.02,99.616,40.11,59.11,35.98,3,0,0.66,normal baseline
2025-12-05,loyalty-service,prod,1045094,37008,91.65,294,572,0.398,99.54,34.37,64.85,61.68,4,0,1.65,database pressure
2025-12-05,notification-service,prod,1026092,37634,92.71,248,496,0.259,99.568,43.12,65.62,29.45,1,0,1.2,database pressure
2025-12-05,auth-gateway,prod,1002666,36690,93.63,321,644,0.546,99.511,50.43,63.29,63.81,1,0,2.08,database pressure
2025-12-05,analytics-pipeline,prod,1008547,34932,93.95,374,761,0.094,99.601,36.01,50.57,55.78,7,0,1.07,incident review
2025-12-05,search-recommendations,prod,1019940,36197,91.09,357,739,0.205,99.579,49.18,61.93,44.81,2,0,1.31,incident review
2025-12-12,checkout-api,prod,1860755,65156,91.91,267,579,0.367,99.547,38.88,53.46,56.4,1,0,1.51,cache warmup
2025-12-12,cart-service,prod,1812180,66188,91.52,239,620,0.602,99.5,48.03,63.93,31.29,0,0,2.04,normal baseline
2025-12-12,payment-orchestrator,prod,1887452,68652,93.88,288,679,0.217,99.577,48.37,63.55,29.98,3,0,1.18,incident review
2025-12-12,order-ledger,prod,1013950,37244,93.04,302,646,0.228,99.574,62.63,63.37,52.13,6,0,1.24,watch latency
2025-12-12,inventory-reservation,prod,1029315,37035,92.35,251,639,0.339,99.552,61.26,48.3,39.57,1,0,1.41,release week
2025-12-12,pricing-engine,prod,1015395,36193,90.96,255,601,0.277,99.565,62.64,52.1,42.76,7,0,1.26,normal baseline
2025-12-12,tax-service,prod,1015117,37959,92.29,257,528,0.378,99.544,42.66,66.77,57.71,1,0,1.52,campaign traffic
2025-12-12,loyalty-service,prod,1022047,36377,93.55,297,670,0.475,99.075,38.71,62.92,30.9,3,1,1.85,cache warmup
2025-12-12,notification-service,prod,1033381,36771,93.85,282,619,0.321,99.556,46.95,51.27,46.26,4,0,1.43,release week
2025-12-12,auth-gateway,prod,1015730,37278,92.79,306,628,0.138,99.592,56.33,62.65,52.65,2,0,1.03,incident review
2025-12-12,analytics-pipeline,prod,1024194,35534,93.12,344,759,0.298,99.56,62.04,65.68,40.72,4,0,1.51,watch latency
2025-12-12,search-recommendations,prod,996582,34702,92.92,368,738,0.02,99.616,42.26,59.88,46.9,0,0,0.87,database pressure
2025-12-19,checkout-api,prod,1843260,66429,92.35,281,560,0.482,99.524,63.77,57.65,50.31,2,0,1.83,release week
2025-12-19,cart-service,prod,1841584,66678,91.63,284,660,0.51,99.518,49.08,63.86,48.07,4,0,1.91,incident review
2025-12-19,payment-orchestrator,prod,1822380,66507,92.24,264,513,0.442,99.532,58.07,57.41,50.15,0,0,1.69,campaign traffic
2025-12-19,order-ledger,prod,1034124,35579,93.7,265,621,0.3,99.56,48.87,48.84,30.5,5,0,1.34,incident review
2025-12-19,inventory-reservation,prod,1035159,35784,91.71,302,583,0.175,99.585,61.06,66.23,49.22,2,0,1.11,normal baseline
2025-12-19,pricing-engine,prod,1038458,37264,92.2,284,635,0.02,99.616,38.49,45.02,29.34,5,0,0.68,database pressure
2025-12-19,tax-service,prod,1051995,38075,91.94,255,559,0.222,99.576,48.73,49.48,60.59,5,0,1.12,release week
2025-12-19,loyalty-service,prod,1045293,37698,91.39,257,542,0.239,99.572,53.01,67.26,37.85,6,0,1.17,release week
2025-12-19,notification-service,prod,1031835,35618,91.98,258,625,0.025,99.615,48.84,56.96,42.71,6,0,0.64,campaign traffic
2025-12-19,auth-gateway,prod,1000147,35655,92.53,271,668,0.254,99.119,48.65,51.9,62.71,5,1,1.24,normal baseline
2025-12-19,analytics-pipeline,prod,1023317,37883,93.1,390,786,0.325,99.555,59.55,64.73,48.71,0,0,1.68,watch latency
2025-12-19,search-recommendations,prod,1007225,37182,91.67,424,922,0.521,99.516,57.92,55.16,31.02,1,0,2.24,watch latency
2025-12-26,checkout-api,prod,1874958,66541,93.31,261,643,0.159,99.588,56.36,66.84,55.95,7,0,0.98,release week
2025-12-26,cart-service,prod,1817293,64055,92.19,238,504,0.221,99.576,42.75,58.35,47.41,6,0,1.08,normal baseline
2025-12-26,payment-orchestrator,prod,1804047,64413,91.59,277,626,0.118,99.596,64.19,52.79,28.17,5,0,0.91,incident review
2025-12-26,order-ledger,prod,1033106,35583,90.99,325,630,0.069,99.606,61.83,46.25,37.58,2,0,0.89,normal baseline
2025-12-26,inventory-reservation,prod,1036149,37259,93.23,290,552,0.438,99.532,60.32,53.54,56.11,2,0,1.74,release week
2025-12-26,pricing-engine,prod,1044742,37008,92.65,321,676,0.234,99.573,55.04,60.64,56.11,0,0,1.3,watch latency
2025-12-26,tax-service,prod,1002255,35743,93.84,316,758,0.02,99.616,45.15,46.64,28.61,6,0,0.75,cache warmup
2025-12-26,loyalty-service,prod,999444,37486,91.29,326,649,0.167,99.587,43.85,63.69,39.96,3,0,1.14,incident review
2025-12-26,notification-service,prod,1020881,35233,92.73,247,468,0.141,99.592,39.62,47.76,50.65,3,0,0.9,cache warmup
2025-12-26,auth-gateway,prod,996782,37226,91.1,317,604,0.358,99.548,58.06,69.57,63.95,0,0,1.6,incident review
2025-12-26,analytics-pipeline,prod,1038904,37354,93.5,374,723,0.293,99.561,52.4,63.21,61.52,4,0,1.56,watch latency
2025-12-26,search-recommendations,prod,1019545,38162,91.98,312,714,0.602,99.5,36.67,60.8,51.13,2,0,2.2,database pressure
2026-01-02,checkout-api,prod,1402592,50340,94.42,175,487,0.569,99.566,65.33,48.45,42.59,1,0,1.81,cache warmup
2026-01-02,cart-service,prod,1419485,51678,93.0,203,560,0.352,99.61,62.97,59.57,59.78,4,0,1.33,cache warmup
2026-01-02,payment-orchestrator,prod,1385112,50381,94.33,164,341,0.316,99.617,41.07,58.39,30.11,6,0,1.15,watch latency
2026-01-02,order-ledger,prod,764249,27210,95.42,188,415,0.231,99.634,46.6,48.61,27.99,6,0,0.99,release week
2026-01-02,inventory-reservation,prod,773193,26566,94.79,199,437,0.536,99.573,61.83,54.32,49.52,7,0,1.78,campaign traffic
2026-01-02,pricing-engine,prod,765643,26346,93.97,216,445,0.02,99.676,62.77,61.78,46.49,6,0,0.53,campaign traffic
2026-01-02,tax-service,prod,767172,27528,95.49,201,457,0.295,99.621,61.58,50.21,41.5,6,0,1.18,incident review
2026-01-02,loyalty-service,prod,799496,27720,95.93,236,537,0.101,99.66,39.7,60.03,47.48,5,0,0.78,normal baseline
2026-01-02,notification-service,prod,784473,28751,93.21,183,370,0.081,99.664,61.91,56.28,38.14,0,0,0.61,incident review
2026-01-02,auth-gateway,prod,793014,29168,95.02,171,416,0.154,99.649,50.12,65.22,41.92,1,0,0.76,watch latency
2026-01-02,analytics-pipeline,prod,787592,29859,95.03,311,707,0.343,99.611,58.81,67.03,60.66,1,0,1.55,campaign traffic
2026-01-02,search-recommendations,prod,764633,28237,95.11,214,487,0.186,99.643,36.98,70.16,56.62,6,0,0.94,incident review
2026-01-09,checkout-api,prod,1427238,50681,95.64,208,534,0.15,99.65,51.15,60.6,52.44,0,0,0.84,database pressure
2026-01-09,cart-service,prod,1396650,50575,95.41,194,397,0.353,99.609,60.74,66.16,57.93,5,0,1.31,database pressure
2026-01-09,payment-orchestrator,prod,1410381,51581,95.83,183,388,0.102,99.66,40.47,46.74,49.79,0,0,0.66,campaign traffic
2026-01-09,order-ledger,prod,796082,29394,92.91,166,426,0.574,99.565,41.6,62.47,60.14,1,0,1.8,campaign traffic
2026-01-09,inventory-reservation,prod,789678,28604,93.07,190,365,0.315,99.617,37.5,62.57,46.69,2,0,1.21,cache warmup
2026-01-09,pricing-engine,prod,791878,29940,92.79,189,511,0.222,99.636,56.01,60.23,49.88,1,0,0.98,incident review
2026-01-09,tax-service,prod,791359,28453,93.07,245,561,0.203,99.639,63.45,48.41,27.53,0,0,1.05,release week
2026-01-09,loyalty-service,prod,796579,27401,94.44,194,514,0.6,99.56,41.92,52.1,61.66,7,0,1.93,incident review
2026-01-09,notification-service,prod,801798,29763,93.77,179,498,0.13,99.654,41.46,49.98,54.32,0,0,0.72,watch latency
2026-01-09,auth-gateway,prod,799563,28803,95.35,168,421,0.366,99.607,54.74,62.43,37.58,2,0,1.29,incident review
2026-01-09,analytics-pipeline,prod,766835,26348,94.04,333,749,0.426,99.595,63.98,70.0,61.53,5,0,1.8,release week
2026-01-09,search-recommendations,prod,785525,29186,92.68,343,786,0.398,99.6,39.1,48.56,28.69,6,0,1.76,release week
2026-01-16,checkout-api,prod,1412362,50114,95.63,220,474,0.228,99.634,63.54,66.32,60.25,5,0,1.06,normal baseline
2026-01-16,cart-service,prod,1433739,50390,94.54,189,445,0.413,99.597,44.76,69.51,46.5,4,0,1.45,release week
2026-01-16,payment-orchestrator,prod,1443450,52670,94.56,183,437,0.454,99.589,56.59,65.33,37.27,3,0,1.54,cache warmup
2026-01-16,order-ledger,prod,779134,27430,93.4,187,473,0.402,99.6,48.79,62.29,57.1,2,0,1.42,cache warmup
2026-01-16,inventory-reservation,prod,794856,27120,95.78,188,480,0.482,99.584,62.62,68.35,48.78,3,0,1.62,database pressure
2026-01-16,pricing-engine,prod,783803,29378,95.72,186,384,0.428,99.594,56.92,51.86,47.86,0,0,1.48,database pressure
2026-01-16,tax-service,prod,771768,27659,94.44,165,459,0.154,99.649,56.06,59.13,37.59,3,0,0.75,campaign traffic
2026-01-16,loyalty-service,prod,797179,28207,95.17,198,553,0.271,99.626,67.64,50.88,40.02,0,0,1.12,cache warmup
2026-01-16,notification-service,prod,764769,27553,95.13,186,531,0.064,99.667,61.54,47.4,43.96,0,0,0.57,campaign traffic
2026-01-16,auth-gateway,prod,772078,27635,94.08,234,505,0.139,99.652,49.01,59.59,56.51,3,0,0.87,campaign traffic
2026-01-16,analytics-pipeline,prod,801958,29612,92.67,249,559,0.468,99.586,54.61,66.59,44.34,7,0,1.72,watch latency
2026-01-16,search-recommendations,prod,782407,28619,95.12,272,568,0.085,99.663,42.79,65.2,32.27,3,0,0.82,incident review
2026-01-23,checkout-api,prod,1432488,51944,95.44,196,384,0.106,99.659,43.65,49.36,46.08,7,0,0.7,normal baseline
2026-01-23,cart-service,prod,1418745,49409,94.66,188,393,0.265,99.627,67.12,55.6,52.1,2,0,1.08,database pressure
2026-01-23,payment-orchestrator,prod,1423904,50462,95.88,188,379,0.02,99.676,56.67,65.98,63.14,5,0,0.47,normal baseline
2026-01-23,order-ledger,prod,780659,27458,95.49,247,496,0.373,99.605,45.5,55.12,58.63,2,0,1.48,watch latency
2026-01-23,inventory-reservation,prod,795749,29836,95.39,240,601,0.388,99.602,63.2,66.49,42.72,5,0,1.5,watch latency
2026-01-23,pricing-engine,prod,770928,27864,94.46,199,508,0.033,99.673,60.73,63.11,63.73,7,0,0.52,watch latency
2026-01-23,tax-service,prod,795098,27396,95.92,236,486,0.245,99.631,66.5,72.31,44.82,5,0,1.14,normal baseline
2026-01-23,loyalty-service,prod,786905,29495,95.13,208,417,0.398,99.6,48.24,68.85,29.87,0,0,1.46,incident review
2026-01-23,notification-service,prod,791773,27763,94.12,235,588,0.144,99.651,41.32,61.51,36.39,0,0,0.88,cache warmup
2026-01-23,auth-gateway,prod,778138,29209,93.35,191,431,0.171,99.646,43.22,66.22,41.19,3,0,0.85,watch latency
2026-01-23,analytics-pipeline,prod,800627,29739,95.2,328,713,0.402,99.6,55.63,68.94,44.04,7,0,1.73,watch latency
2026-01-23,search-recommendations,prod,792401,28093,93.75,268,550,0.227,99.635,53.81,71.32,27.12,4,0,1.16,normal baseline
2026-01-30,checkout-api,prod,1402056,51848,93.42,256,562,0.418,99.596,45.39,65.87,57.47,5,0,1.61,release week
2026-01-30,cart-service,prod,1392445,48772,95.76,178,416,0.211,99.638,43.4,65.22,51.04,3,0,0.92,database pressure
2026-01-30,payment-orchestrator,prod,1380283,48886,93.75,199,402,0.566,99.567,52.57,52.99,52.93,1,0,1.86,cache warmup
2026-01-30,order-ledger,prod,770386,28154,93.34,242,565,0.509,99.578,39.97,68.15,40.28,0,0,1.81,release week
2026-01-30,inventory-reservation,prod,773261,28665,95.22,224,444,0.386,99.603,65.29,60.67,41.24,7,0,1.46,normal baseline
2026-01-30,pricing-engine,prod,783954,26518,94.97,181,389,0.571,99.566,66.43,48.13,64.48,6,0,1.83,campaign traffic
2026-01-30,tax-service,prod,771992,27431,94.26,165,464,0.136,99.653,45.93,69.63,63.42,0,0,0.71,normal baseline
2026-01-30,loyalty-service,prod,774824,27593,94.72,186,471,0.37,99.606,43.85,54.88,43.05,1,0,1.34,campaign traffic
2026-01-30,notification-service,prod,799515,28213,93.73,167,428,0.456,99.589,44.48,69.42,50.69,0,0,1.51,cache warmup
2026-01-30,auth-gateway,prod,794398,30126,94.46,184,498,0.233,99.633,50.16,56.81,48.64,7,0,0.99,cache warmup
2026-01-30,analytics-pipeline,prod,792300,27996,93.43,362,718,0.02,99.676,59.78,61.22,44.75,1,0,0.85,incident review
2026-01-30,search-recommendations,prod,784325,28676,94.19,294,552,0.135,99.653,60.73,56.45,39.5,3,0,0.99,database pressure
2026-02-06,checkout-api,prod,1389366,50669,93.69,242,464,0.255,99.629,50.49,72.06,62.85,3,0,1.18,watch latency
2026-02-06,cart-service,prod,1425916,51664,94.44,169,394,0.154,99.649,52.36,51.48,47.05,5,0,0.76,cache warmup
2026-02-06,payment-orchestrator,prod,1384466,49605,95.47,187,419,0.343,99.611,63.73,67.98,42.56,6,0,1.27,cache warmup
2026-02-06,order-ledger,prod,784232,27421,93.9,205,536,0.02,99.676,65.55,70.39,47.08,5,0,0.51,database pressure
2026-02-06,inventory-reservation,prod,770597,27475,94.9,241,613,0.383,99.603,48.22,55.58,53.01,5,0,1.49,watch latency
2026-02-06,pricing-engine,prod,795874,29229,94.53,230,452,0.073,99.665,62.55,57.46,42.96,6,0,0.69,cache warmup
2026-02-06,tax-service,prod,776521,26599,94.73,220,535,0.02,99.676,70.57,50.32,45.68,6,0,0.54,incident review
2026-02-06,loyalty-service,prod,766224,28221,95.49,185,388,0.632,99.554,54.35,72.89,37.5,1,0,1.99,watch latency
2026-02-06,notification-service,prod,776303,27642,93.51,218,567,0.278,99.624,53.63,67.38,46.14,4,0,1.18,release week
2026-02-06,auth-gateway,prod,798736,30018,94.3,201,482,0.453,99.589,54.98,49.6,60.21,3,0,1.58,normal baseline
2026-02-06,analytics-pipeline,prod,766344,28968,95.43,309,694,0.039,99.672,46.3,59.07,43.07,4,0,0.78,release week
2026-02-06,search-recommendations,prod,791212,27537,95.44,252,583,0.635,99.103,60.61,62.42,56.18,5,1,2.15,cache warmup
2026-02-13,checkout-api,prod,1395007,49465,93.18,250,564,0.212,99.638,55.44,52.61,57.73,6,0,1.09,database pressure
2026-02-13,cart-service,prod,1417838,50070,94.84,200,448,0.628,99.554,55.29,51.94,53.22,2,0,2.01,watch latency
2026-02-13,payment-orchestrator,prod,1392300,49019,95.22,207,482,0.548,99.57,46.06,69.71,50.89,7,0,1.83,incident review
2026-02-13,order-ledger,prod,793313,27760,93.97,248,605,0.404,99.599,68.47,52.28,36.4,4,0,1.56,database pressure
2026-02-13,inventory-reservation,prod,785148,27987,95.73,245,492,0.15,99.65,62.77,50.78,44.03,3,0,0.92,cache warmup
2026-02-13,pricing-engine,prod,768719,26398,95.87,169,445,0.194,99.641,68.19,58.25,55.39,4,0,0.86,normal baseline
2026-02-13,tax-service,prod,780763,28313,95.76,183,480,0.02,99.226,70.46,71.26,33.27,0,1,0.46,incident review
2026-02-13,loyalty-service,prod,795071,29901,93.72,164,371,0.698,99.54,68.07,71.3,61.48,0,0,2.11,database pressure
2026-02-13,notification-service,prod,767539,28564,92.72,228,609,0.315,99.617,61.13,70.45,50.71,1,0,1.29,release week
2026-02-13,auth-gateway,prod,796497,28514,93.74,219,570,0.545,99.571,47.98,73.69,62.81,3,0,1.85,watch latency
2026-02-13,analytics-pipeline,prod,788041,29460,93.21,315,663,0.511,99.578,66.52,58.18,39.89,3,0,1.98,normal baseline
2026-02-13,search-recommendations,prod,772071,28155,93.17,315,630,0.174,99.645,58.93,65.72,36.86,5,0,1.14,incident review
2026-02-20,checkout-api,prod,1428296,52007,95.48,246,635,0.02,99.676,42.45,58.6,39.55,1,0,0.6,cache warmup
2026-02-20,cart-service,prod,1392919,50568,94.39,255,635,0.249,99.63,46.66,53.62,56.56,6,0,1.19,incident review
2026-02-20,payment-orchestrator,prod,1371684,49423,94.28,210,538,0.322,99.616,54.63,64.0,59.72,2,0,1.27,watch latency
2026-02-20,order-ledger,prod,798313,28149,95.0,249,545,0.298,99.62,63.72,66.07,32.99,5,0,1.3,normal baseline
2026-02-20,inventory-reservation,prod,792449,27050,95.68,230,497,0.239,99.632,51.49,66.24,58.67,5,0,1.11,cache warmup
2026-02-20,pricing-engine,prod,770906,29010,95.54,233,535,0.314,99.617,53.97,65.21,58.59,6,0,1.3,normal baseline
2026-02-20,tax-service,prod,797153,28857,95.92,204,403,0.13,99.654,69.4,61.51,38.11,2,0,0.78,database pressure
2026-02-20,loyalty-service,prod,798478,30024,95.12,227,533,0.361,99.608,54.05,69.7,63.63,2,0,1.41,incident review
2026-02-20,notification-service,prod,797326,29247,94.47,188,392,0.303,99.619,45.15,68.97,33.43,5,0,1.17,campaign traffic
2026-02-20,auth-gateway,prod,775392,26569,94.13,250,591,0.418,99.596,61.11,56.21,32.16,2,0,1.6,campaign traffic
2026-02-20,analytics-pipeline,prod,790740,29667,93.67,249,507,0.198,99.64,61.15,64.3,49.3,3,0,1.05,normal baseline
2026-02-20,search-recommendations,prod,771789,26170,93.39,304,572,0.18,99.644,43.12,74.24,61.73,5,0,1.12,incident review
2026-02-27,checkout-api,prod,1434625,51856,95.0,226,482,0.517,99.577,65.09,64.3,32.15,5,0,1.79,release week
2026-02-27,cart-service,prod,1391824,49012,92.64,250,613,0.317,99.617,44.52,50.36,59.42,0,0,1.35,normal baseline
2026-02-27,payment-orchestrator,prod,1382893,48505,93.56,168,404,0.238,99.632,66.93,59.16,38.31,6,0,0.97,cache warmup
2026-02-27,order-ledger,prod,769317,28961,92.78,213,534,0.393,99.601,58.64,53.71,63.28,1,0,1.46,database pressure
2026-02-27,inventory-reservation,prod,786095,27314,93.45,170,340,0.02,99.226,70.64,60.08,61.85,4,1,0.43,campaign traffic
2026-02-27,pricing-engine,prod,794460,29717,93.79,206,545,0.088,99.662,62.91,66.53,32.15,5,0,0.68,release week
2026-02-27,tax-service,prod,768720,29041,95.09,166,492,0.345,99.611,43.34,59.61,38.14,3,0,1.23,campaign traffic
2026-02-27,loyalty-service,prod,779222,26870,94.88,244,467,0.173,99.645,55.94,53.47,32.64,7,0,0.97,campaign traffic
2026-02-27,notification-service,prod,780825,27495,94.96,184,406,0.104,99.659,59.92,75.54,46.4,1,0,0.67,normal baseline
2026-02-27,auth-gateway,prod,769695,26823,94.45,235,478,0.351,99.61,54.05,64.87,52.12,0,0,1.4,cache warmup
2026-02-27,analytics-pipeline,prod,767827,28373,92.88,303,669,0.432,99.594,47.57,55.83,58.2,1,0,1.75,release week
2026-02-27,search-recommendations,prod,766172,28129,92.99,280,629,0.033,99.673,67.68,60.11,51.57,4,0,0.7,campaign traffic
2026-03-06,checkout-api,prod,1385195,50107,92.77,241,523,0.37,99.156,54.05,67.15,45.92,7,1,1.46,release week
2026-03-06,cart-service,prod,1395372,51197,95.3,236,620,0.246,99.631,54.68,65.42,63.88,6,0,1.14,normal baseline
2026-03-06,payment-orchestrator,prod,1425576,50430,94.83,235,480,0.29,99.622,56.64,62.87,39.08,2,0,1.25,cache warmup
2026-03-06,order-ledger,prod,793447,27667,92.82,226,473,0.02,99.676,52.33,73.03,38.16,2,0,0.55,normal baseline
2026-03-06,inventory-reservation,prod,762993,26923,95.92,205,463,0.467,99.587,70.26,62.88,53.78,4,0,1.62,cache warmup
2026-03-06,pricing-engine,prod,776068,28872,96,180,479,0.505,99.579,69.18,61.18,40.61,6,0,1.66,database pressure
2026-03-06,tax-service,prod,793371,29955,93.49,238,578,0.301,99.62,43.31,72.89,57.41,5,0,1.28,incident review
2026-03-06,loyalty-service,prod,788846,28384,94.02,245,491,0.309,99.618,68.15,58.62,30.77,4,0,1.32,database pressure
2026-03-06,notification-service,prod,799540,29648,93.14,167,398,0.292,99.172,66.58,63.26,42.87,7,1,1.1,campaign traffic
2026-03-06,auth-gateway,prod,790475,28467,93.85,165,431,0.252,99.18,63.77,59.29,56.84,3,1,1.0,normal baseline
2026-03-06,analytics-pipeline,prod,796016,27907,95.31,267,520,0.257,99.629,62.37,67.77,64.48,1,0,1.24,incident review
2026-03-06,search-recommendations,prod,763599,28208,93.64,263,609,0.084,99.663,67.54,52.94,61.68,3,0,0.79,database pressure
2026-03-13,checkout-api,prod,1433682,51804,93.01,166,364,0.196,99.641,55.15,60.98,35.13,2,0,0.86,cache warmup
2026-03-13,cart-service,prod,1425807,52165,93.69,246,618,0.259,99.628,59.24,54.74,63.97,2,0,1.19,incident review
2026-03-13,payment-orchestrator,prod,1395658,51085,94.96,175,476,0.617,99.557,60.88,58.32,60.87,1,0,1.93,watch latency
2026-03-13,order-ledger,prod,790073,28002,96,164,459,0.087,99.663,66.69,74.56,57.28,3,0,0.58,database pressure
2026-03-13,inventory-reservation,prod,781403,26684,93.0,179,393,0.122,99.656,66.54,68.3,47.37,5,0,0.7,normal baseline
2026-03-13,pricing-engine,prod,794039,27709,93.02,223,580,0.02,99.676,53.58,74.49,63.5,3,0,0.55,watch latency
2026-03-13,tax-service,prod,767507,27078,93.27,182,473,0.101,99.66,60.06,58.41,30.96,3,0,0.66,normal baseline
2026-03-13,loyalty-service,prod,787064,27882,95.15,196,550,0.414,99.597,52.76,65.59,59.95,0,0,1.47,cache warmup
2026-03-13,notification-service,prod,770732,27069,93.06,241,576,0.111,99.658,62.56,74.75,50.82,3,0,0.81,normal baseline
2026-03-13,auth-gateway,prod,777617,29222,95.3,169,333,0.256,99.629,57.67,63.75,46.8,5,0,1.02,cache warmup
2026-03-13,analytics-pipeline,prod,799412,29646,94.71,231,477,0.437,99.593,45.87,65.21,43.45,5,0,1.61,database pressure
2026-03-13,search-recommendations,prod,778424,28897,95.66,315,723,0.02,99.676,64.93,76.08,30.73,6,0,0.75,incident review
2026-03-20,checkout-api,prod,1430875,51209,92.86,175,415,0.238,99.632,63.64,60.1,34.66,7,0,0.99,watch latency
2026-03-20,cart-service,prod,1442930,50446,95.44,213,411,0.02,99.676,48.0,61.71,53.29,3,0,0.52,cache warmup
2026-03-20,payment-orchestrator,prod,1381842,50645,92.77,235,525,0.086,99.663,56.41,60.64,39.24,7,0,0.74,incident review
2026-03-20,order-ledger,prod,794665,28933,93.52,166,429,0.4,99.6,49.41,65.25,57.18,7,0,1.37,cache warmup
2026-03-20,inventory-reservation,prod,763779,28162,93.96,198,454,0.361,99.608,69.32,72.68,32.72,0,0,1.34,database pressure
2026-03-20,pricing-engine,prod,791250,28661,94.93,251,584,0.531,99.574,63.64,64.25,48.79,0,0,1.89,incident review
2026-03-20,tax-service,prod,767778,27701,96,166,354,0.139,99.652,68.93,74.85,40.53,4,0,0.72,database pressure
2026-03-20,loyalty-service,prod,800281,27130,94.01,243,637,0.02,99.676,62.62,52.78,38.11,6,0,0.59,database pressure
2026-03-20,notification-service,prod,794102,29740,95.34,185,473,0.489,99.132,53.52,60.12,50.2,1,1,1.63,watch latency
2026-03-20,auth-gateway,prod,801439,27453,95.0,195,435,0.318,99.616,58.05,71.39,32.56,0,0,1.23,incident review
2026-03-20,analytics-pipeline,prod,795286,27541,93.04,295,674,0.17,99.646,44.56,62.1,27.74,0,0,1.08,database pressure
2026-03-20,search-recommendations,prod,788521,29009,94.32,312,599,0.23,99.634,72.13,65.15,63.07,1,0,1.27,incident review
2026-03-27,checkout-api,prod,1394182,48519,94.3,193,515,0.598,99.56,47.2,70.58,61.13,6,0,1.92,normal baseline
2026-03-27,cart-service,prod,1382841,48380,95.08,230,464,0.343,99.611,45.17,71.31,49.75,5,0,1.37,incident review
2026-03-27,payment-orchestrator,prod,1394035,48576,95.32,177,412,0.457,99.589,65.28,66.15,29.29,1,0,1.54,campaign traffic
2026-03-27,order-ledger,prod,795540,27447,94.59,207,490,0.433,99.593,54.98,67.91,33.97,4,0,1.54,watch latency
2026-03-27,inventory-reservation,prod,792750,30078,94.78,184,494,0.02,99.676,61.66,71.0,49.46,7,0,0.46,incident review
2026-03-27,pricing-engine,prod,781048,28526,92.89,212,423,0.469,99.586,63.5,65.71,36.81,6,0,1.64,normal baseline
2026-03-27,tax-service,prod,775017,27585,95.31,183,496,0.206,99.639,45.75,62.54,43.2,1,0,0.92,cache warmup
2026-03-27,loyalty-service,prod,780981,28574,95.48,186,524,0.02,99.676,56.59,65.08,61.38,2,0,0.46,normal baseline
2026-03-27,notification-service,prod,799198,29439,93.68,227,548,0.459,99.588,70.51,58.84,59.56,1,0,1.65,release week
2026-03-27,auth-gateway,prod,770928,29316,94.98,250,576,0.482,99.584,52.47,73.66,62.57,0,0,1.76,normal baseline
2026-03-27,analytics-pipeline,prod,793188,27723,92.67,354,723,0.02,99.676,58.19,69.02,29.73,1,0,0.84,release week
2026-03-27,search-recommendations,prod,763085,28259,93.02,320,719,0.115,99.657,47.81,63.9,61.07,7,0,1.0,incident review
2026-04-03,checkout-api,prod,1436072,51925,93.41,214,424,0.488,99.582,69.76,62.34,45.95,6,0,1.7,incident review
2026-04-03,cart-service,prod,1442934,51032,95.66,248,514,0.113,99.657,50.91,56.8,28.84,0,0,0.83,normal baseline
2026-04-03,payment-orchestrator,prod,1415082,49057,92.87,253,611,0.602,99.11,72.07,53.5,57.26,2,1,2.07,cache warmup
2026-04-03,order-ledger,prod,767044,26432,92.92,233,584,0.357,99.609,68.46,55.86,61.46,6,0,1.41,database pressure
2026-04-03,inventory-reservation,prod,775323,27478,93.75,168,437,0.218,99.636,47.91,59.06,62.4,1,0,0.92,watch latency
2026-04-03,pricing-engine,prod,782772,28861,93.43,256,598,0.583,99.563,71.78,70.33,31.75,6,0,2.03,incident review
2026-04-03,tax-service,prod,792224,29203,95.27,214,479,0.501,99.58,47.5,56.87,35.61,2,0,1.73,incident review
2026-04-03,loyalty-service,prod,776374,29018,95.27,222,482,0.455,99.589,54.31,61.31,33.16,7,0,1.63,database pressure
2026-04-03,notification-service,prod,788704,28157,95.58,250,536,0.595,99.561,67.76,74.7,30.96,3,0,2.04,watch latency
2026-04-03,auth-gateway,prod,787921,27978,93.12,172,497,0.422,99.596,44.7,70.31,63.46,2,0,1.44,cache warmup
2026-04-03,analytics-pipeline,prod,776098,29341,95.37,281,642,0.285,99.623,53.53,54.61,37.76,5,0,1.34,watch latency
2026-04-03,search-recommendations,prod,771366,29239,92.47,374,821,0.117,99.657,72.57,51.69,28.68,0,0,1.12,incident review
2026-04-10,checkout-api,prod,1404433,49539,95.12,192,539,0.241,99.632,56.28,75.99,57.45,7,0,1.03,cache warmup
2026-04-10,cart-service,prod,1402117,51698,92.81,190,502,0.079,99.664,72.8,75.45,48.76,2,0,0.62,cache warmup
2026-04-10,payment-orchestrator,prod,1382871,49568,93.09,240,484,0.464,99.587,53.21,51.84,48.3,7,0,1.69,watch latency
2026-04-10,order-ledger,prod,788100,29732,93.34,172,471,0.02,99.676,48.58,60.57,44.41,4,0,0.43,database pressure
2026-04-10,inventory-reservation,prod,799677,27638,94.66,216,542,0.41,99.598,73.16,61.47,49.12,1,0,1.51,normal baseline
2026-04-10,pricing-engine,prod,766307,26868,93.61,256,578,0.144,99.651,67.61,76.09,61.34,1,0,0.93,incident review
2026-04-10,tax-service,prod,799803,29468,95.74,218,519,0.515,99.577,57.9,76.24,58.83,3,0,1.77,campaign traffic
2026-04-10,loyalty-service,prod,762455,28452,92.86,221,567,0.387,99.603,56.32,67.67,61.76,0,0,1.46,release week
2026-04-10,notification-service,prod,768776,28825,95.5,208,544,0.378,99.604,53.01,72.6,61.34,2,0,1.41,cache warmup
2026-04-10,auth-gateway,prod,766919,28119,94.92,196,544,0.498,99.58,70.05,59.9,42.88,1,0,1.68,incident review
2026-04-10,analytics-pipeline,prod,763967,26378,93.42,310,685,0.319,99.616,69.35,52.22,34.55,3,0,1.49,watch latency
2026-04-10,search-recommendations,prod,794832,28235,94.6,376,791,0.474,99.585,45.33,67.66,33.0,0,0,2.02,campaign traffic
2026-04-17,checkout-api,prod,1411358,51095,94.8,197,497,0.02,99.676,71.35,59.41,57.55,0,0,0.49,incident review
2026-04-17,cart-service,prod,1410697,50512,93.65,187,372,0.244,99.631,61.72,72.58,56.42,0,0,1.03,release week
2026-04-17,payment-orchestrator,prod,1400040,49795,93.88,208,525,0.078,99.664,45.57,61.81,60.53,0,0,0.66,cache warmup
2026-04-17,order-ledger,prod,777574,28659,95.88,233,610,0.244,99.181,60.19,62.68,48.3,3,1,1.13,cache warmup
2026-04-17,inventory-reservation,prod,766157,26284,94.58,238,623,0.456,99.589,62.16,73.78,49.01,6,0,1.67,watch latency
2026-04-17,pricing-engine,prod,779579,27907,94.44,211,428,0.136,99.653,45.38,52.94,46.45,3,0,0.81,campaign traffic
2026-04-17,tax-service,prod,775917,28972,94.7,228,467,0.459,99.588,60.34,70.57,48.15,0,0,1.65,incident review
2026-04-17,loyalty-service,prod,779309,28597,94.73,248,556,0.405,99.599,52.83,74.63,57.14,4,0,1.56,cache warmup
2026-04-17,notification-service,prod,771719,26725,95.72,221,517,0.167,99.647,52.59,64.97,53.33,7,0,0.91,watch latency
2026-04-17,auth-gateway,prod,801490,30382,95.05,165,466,0.408,99.598,70.97,64.51,36.38,3,0,1.39,normal baseline
2026-04-17,analytics-pipeline,prod,792654,27384,95.67,265,546,0.02,99.676,57.93,66.62,52.07,7,0,0.64,release week
2026-04-17,search-recommendations,prod,786503,26671,93.12,250,627,0.702,99.54,72.45,62.06,34.07,1,0,2.31,watch latency
2026-04-24,checkout-api,prod,1404894,49835,93.15,178,451,0.181,99.644,73.34,70.0,39.86,7,0,0.85,watch latency
2026-04-24,cart-service,prod,1442124,52382,95.93,168,446,0.242,99.632,53.83,71.36,33.78,2,0,0.98,release week
2026-04-24,payment-orchestrator,prod,1398933,49007,94.61,164,492,0.334,99.613,65.14,60.31,29.79,5,0,1.2,incident review
2026-04-24,order-ledger,prod,790236,27132,94.3,190,385,0.342,99.612,54.29,59.55,54.83,5,0,1.28,watch latency
2026-04-24,inventory-reservation,prod,774141,29201,94.35,240,595,0.059,99.668,52.73,74.91,37.33,1,0,0.68,incident review
2026-04-24,pricing-engine,prod,773433,27701,94.49,192,459,0.497,99.581,63.31,72.18,34.08,2,0,1.67,watch latency
2026-04-24,tax-service,prod,792627,30044,94.29,215,426,0.109,99.658,52.02,61.05,50.28,7,0,0.75,watch latency
2026-04-24,loyalty-service,prod,762044,27923,93.07,243,555,0.117,99.657,54.76,54.26,37.53,1,0,0.83,cache warmup
2026-04-24,notification-service,prod,765138,25899,94.94,215,412,0.209,99.638,56.94,60.19,44.01,0,0,1.0,campaign traffic
2026-04-24,auth-gateway,prod,798801,29329,92.95,222,504,0.672,99.546,63.92,68.81,37.47,4,0,2.17,watch latency
2026-04-24,analytics-pipeline,prod,795264,26961,94.11,327,627,0.34,99.612,62.72,71.01,43.01,5,0,1.58,normal baseline
2026-04-24,search-recommendations,prod,801228,29862,95.58,263,572,0.072,99.666,59.65,55.37,52.43,1,0,0.77,cache warmup
2026-05-01,checkout-api,prod,1397944,48774,93.87,214,426,0.179,99.644,66.99,55.92,51.67,2,0,0.92,database pressure
2026-05-01,cart-service,prod,1391380,50043,94.92,184,430,0.104,99.659,50.98,63.16,28.65,2,0,0.67,watch latency
2026-05-01,payment-orchestrator,prod,1422430,52431,93.82,241,614,0.241,99.632,55.18,70.83,56.93,0,0,1.14,cache warmup
2026-05-01,order-ledger,prod,768745,28520,95.22,163,482,0.071,99.666,43.26,69.22,34.9,6,0,0.54,campaign traffic
2026-05-01,inventory-reservation,prod,763727,28684,95.82,180,368,0.241,99.632,68.42,52.21,61.74,5,0,1.0,watch latency
2026-05-01,pricing-engine,prod,766300,28223,94.11,220,450,0.391,99.602,61.66,74.61,42.72,0,0,1.47,campaign traffic
2026-05-01,tax-service,prod,765731,28154,94.52,251,610,0.453,99.589,67.41,63.13,63.62,5,0,1.69,cache warmup
2026-05-01,loyalty-service,prod,778670,27949,92.99,184,427,0.539,99.572,69.45,68.69,48.16,2,0,1.76,normal baseline
2026-05-01,notification-service,prod,794267,30119,94.5,233,497,0.315,99.617,61.43,63.22,42.63,0,0,1.31,database pressure
2026-05-01,auth-gateway,prod,795350,28884,93.37,194,457,0.02,99.676,52.13,69.51,58.13,5,0,0.48,cache warmup
2026-05-01,analytics-pipeline,prod,781497,28828,94.63,249,547,0.25,99.63,72.52,58.01,31.8,1,0,1.18,incident review
2026-05-01,search-recommendations,prod,774783,28916,95.25,283,610,0.182,99.644,51.13,64.2,46.13,3,0,1.08,campaign traffic
2026-05-08,checkout-api,prod,1427810,52422,95.86,239,514,0.02,99.676,60.89,64.88,57.83,7,0,0.58,database pressure
2026-05-08,cart-service,prod,1386493,48491,93.09,216,526,0.495,99.581,68.05,51.41,43.88,2,0,1.72,campaign traffic
2026-05-08,payment-orchestrator,prod,1394854,49899,95.31,251,567,0.36,99.608,50.79,58.23,30.13,1,0,1.46,watch latency
2026-05-08,order-ledger,prod,794228,28828,94.96,226,482,0.096,99.661,54.29,74.79,39.58,5,0,0.74,normal baseline
2026-05-08,inventory-reservation,prod,789960,27098,95.28,202,415,0.381,99.604,66.38,59.37,46.45,7,0,1.4,campaign traffic
2026-05-08,pricing-engine,prod,792762,28995,92.98,219,532,0.783,99.523,70.55,52.78,59.28,7,0,2.45,cache warmup
2026-05-08,tax-service,prod,775905,26534,95.58,182,415,0.308,99.618,70.73,62.84,46.52,0,0,1.17,release week
2026-05-08,loyalty-service,prod,794908,29273,93.81,202,412,0.507,99.579,51.14,73.85,59.46,0,0,1.72,release week
2026-05-08,notification-service,prod,799334,29975,94.63,194,488,0.071,99.666,71.03,58.24,57.41,6,0,0.61,cache warmup
2026-05-08,auth-gateway,prod,779279,28757,94.56,231,542,0.324,99.165,60.58,62.17,60.7,4,1,1.32,cache warmup
2026-05-08,analytics-pipeline,prod,781924,27613,95.57,302,651,0.409,99.148,51.89,55.5,42.44,5,1,1.69,database pressure
2026-05-08,search-recommendations,prod,797880,29199,94.87,327,649,0.189,99.642,48.45,75.17,42.1,2,0,1.2,campaign traffic
2026-05-15,checkout-api,prod,1403253,50660,95.81,167,354,0.02,99.676,48.45,53.59,61.68,0,0,0.42,watch latency
2026-05-15,cart-service,prod,1396969,49719,94.85,226,575,0.085,99.663,49.62,65.27,48.16,6,0,0.71,database pressure
2026-05-15,payment-orchestrator,prod,1429549,49755,94.03,251,506,0.3,99.62,50.43,54.11,54.87,0,0,1.31,normal baseline
2026-05-15,order-ledger,prod,793866,27750,93.35,172,448,0.423,99.595,53.42,53.56,44.34,7,0,1.44,incident review
2026-05-15,inventory-reservation,prod,778819,29522,92.99,245,599,0.193,99.641,51.98,66.48,58.35,1,0,1.03,release week
2026-05-15,pricing-engine,prod,791342,27044,94.16,254,555,0.475,99.585,51.09,73.13,37.63,3,0,1.75,campaign traffic
2026-05-15,tax-service,prod,785134,28225,95.48,170,377,0.258,99.628,56.24,49.55,55.83,0,0,1.02,database pressure
2026-05-15,loyalty-service,prod,786340,27855,93.59,180,520,0.429,99.594,46.35,72.51,30.01,5,0,1.47,cache warmup
2026-05-15,notification-service,prod,774861,28469,95.68,168,330,0.056,99.669,63.73,50.39,40.05,0,0,0.51,incident review
2026-05-15,auth-gateway,prod,773351,28942,95.09,211,434,0.477,99.585,55.19,50.22,55.97,4,0,1.66,database pressure
2026-05-15,analytics-pipeline,prod,764155,28654,94.02,285,563,0.338,99.612,59.56,66.99,41.4,1,0,1.48,database pressure
2026-05-15,search-recommendations,prod,788211,28132,93.09,240,602,0.691,99.542,58.31,73.46,52.91,5,0,2.26,normal baseline
