date,cluster,primary_service,storage_gb,connections,slow_queries,replication_lag_ms,cache_hit_pct,index_bloat_pct,lock_waits,failed_backups,status,notes,linked_jira
2018-06-01,checkout-db-primary,checkout-api,112.17,615,4,56.83,96.34,7.51,1,7,green,replica healthy,ATLAS-2161
2018-06-01,orders-db-primary,loyalty-service,130.06,350,24,16.54,92.92,11.45,5,1,green,migration window planned,ATLAS-5740
2018-06-01,payments-ledger-primary,cart-service,146.49,166,38,26.81,92.29,13.5,7,7,green,vacuum completed,ATLAS-2191
2018-06-01,cart-redis-cluster,analytics-pipeline,38.59,760,31,17.31,98.11,0,5,6,green,backup verified,ATLAS-1346
2018-06-01,kafka-ordering-cluster,cart-service,138.54,411,19,58.19,92.96,9.75,11,2,green,replica healthy,ATLAS-1806
2018-06-01,warehouse-atlas,inventory-reservation,620.01,646,16,0,95.67,5.21,4,0,green,migration window planned,ATLAS-2560
2018-06-08,checkout-db-primary,auth-gateway,120.48,612,15,17.68,93.25,11.3,5,7,green,migration window planned,ATLAS-3799
2018-06-08,orders-db-primary,notification-service,141.59,613,16,14.38,98.89,0,10,6,green,backup verified,ATLAS-5824
2018-06-08,payments-ledger-primary,notification-service,120.96,311,27,6.9,93.06,11.63,8,4,green,vacuum completed,ATLAS-3453
2018-06-08,cart-redis-cluster,search-recommendations,47.07,346,5,0,90.98,18.3,9,0,green,replica healthy,ATLAS-2553
2018-06-08,kafka-ordering-cluster,auth-gateway,120.03,644,0,33.99,94.75,10.39,1,4,green,connection pool reviewed,ATLAS-3490
2018-06-08,warehouse-atlas,inventory-reservation,615.84,253,11,0,91.69,13.46,9,2,green,index maintenance due,ATLAS-1871
2018-06-15,checkout-db-primary,auth-gateway,147.38,580,19,60.53,95.76,2.96,11,0,green,index maintenance due,ATLAS-3034
2018-06-15,orders-db-primary,payment-orchestrator,148.53,417,23,46.73,92.06,15.25,10,4,green,index maintenance due,ATLAS-3505
2018-06-15,payments-ledger-primary,analytics-pipeline,111.1,590,1,33.15,93.89,12.36,14,5,green,replica healthy,ATLAS-4141
2018-06-15,cart-redis-cluster,analytics-pipeline,42.96,152,9,0,94.69,5.86,16,0,green,backup verified,ATLAS-5001
2018-06-15,kafka-ordering-cluster,tax-service,124.35,201,9,68.53,95.21,4.69,16,7,green,replica healthy,ATLAS-3528
2018-06-15,warehouse-atlas,tax-service,624.51,622,7,65.57,97.41,3.31,0,4,green,connection pool reviewed,ATLAS-1691
2018-06-22,checkout-db-primary,tax-service,117.66,317,4,0,95.42,7.41,2,5,green,migration window planned,ATLAS-5676
2018-06-22,orders-db-primary,pricing-engine,116.41,767,17,0,92.8,12.9,7,6,green,connection pool reviewed,ATLAS-4849
2018-06-22,payments-ledger-primary,order-ledger,148.62,622,0,22.32,94.1,11.95,11,2,green,connection pool reviewed,ATLAS-6164
2018-06-22,cart-redis-cluster,order-ledger,51.97,259,20,46.23,95.95,4.96,12,3,green,migration window planned,ATLAS-2947
2018-06-22,kafka-ordering-cluster,payment-orchestrator,110.83,127,22,44.79,94.51,4.81,8,1,green,connection pool reviewed,ATLAS-2598
2018-06-22,warehouse-atlas,loyalty-service,649.76,438,13,0,93.34,8.15,7,2,green,vacuum completed,ATLAS-1878
2018-06-29,checkout-db-primary,tax-service,134.81,248,9,78.03,95.25,9.18,4,6,green,backup verified,ATLAS-1333
2018-06-29,orders-db-primary,auth-gateway,121.43,132,30,50.8,92.35,14.87,4,5,green,connection pool reviewed,ATLAS-4429
2018-06-29,payments-ledger-primary,analytics-pipeline,117.28,255,18,61.09,90.48,18.88,11,5,green,replica healthy,ATLAS-2891
2018-06-29,cart-redis-cluster,search-recommendations,39.29,604,21,32.42,94.25,14.1,15,5,green,replica healthy,ATLAS-1925
2018-06-29,kafka-ordering-cluster,loyalty-service,126.22,265,39,18.3,90.95,15.48,14,6,green,migration window planned,ATLAS-3263
2018-06-29,warehouse-atlas,checkout-api,677.41,228,9,35.02,98.88,0,8,4,green,replica healthy,ATLAS-3874
2018-07-06,checkout-db-primary,order-ledger,134.69,780,20,28.22,93.74,13.81,2,7,green,index maintenance due,ATLAS-2614
2018-07-06,orders-db-primary,checkout-api,114.8,238,7,72.54,91.81,19.81,10,4,green,vacuum completed,ATLAS-4484
2018-07-06,payments-ledger-primary,inventory-reservation,131.36,222,10,46.89,94.78,8.07,12,7,green,migration window planned,ATLAS-1030
2018-07-06,cart-redis-cluster,notification-service,39.95,416,10,13.4,94.31,11.05,8,4,green,migration window planned,ATLAS-5295
2018-07-06,kafka-ordering-cluster,loyalty-service,147.88,618,19,8.58,96.97,1.23,1,6,green,migration window planned,ATLAS-4173
2018-07-06,warehouse-atlas,loyalty-service,705.26,111,24,36.9,93.2,13.5,8,7,green,backup verified,ATLAS-1260
2018-07-13,checkout-db-primary,pricing-engine,145.7,638,14,45.21,97.88,0.11,10,2,green,replica healthy,ATLAS-2838
2018-07-13,orders-db-primary,auth-gateway,118.81,697,20,7.34,98.81,0.49,4,2,green,replica healthy,ATLAS-3024
2018-07-13,payments-ledger-primary,notification-service,129.2,591,5,18.36,98.62,0,1,3,green,replica healthy,ATLAS-2888
2018-07-13,cart-redis-cluster,order-ledger,48.74,294,23,0,95.89,4.75,13,0,green,vacuum completed,ATLAS-1876
2018-07-13,kafka-ordering-cluster,order-ledger,141.79,316,13,62.47,97.37,3.52,0,5,green,migration window planned,ATLAS-2763
2018-07-13,warehouse-atlas,loyalty-service,597.33,285,15,26.45,91.51,13.85,14,4,green,migration window planned,ATLAS-5498
2018-07-20,checkout-db-primary,search-recommendations,126.96,156,17,46.55,95.95,6.96,0,1,green,connection pool reviewed,ATLAS-5669
2018-07-20,orders-db-primary,auth-gateway,114.47,657,2,0,94.23,13.34,5,7,green,index maintenance due,ATLAS-3104
2018-07-20,payments-ledger-primary,order-ledger,125.65,311,15,80.07,93.84,7.09,14,1,green,migration window planned,ATLAS-2604
2018-07-20,cart-redis-cluster,order-ledger,48.72,164,28,23.73,93.37,8.19,15,7,green,index maintenance due,ATLAS-2656
2018-07-20,kafka-ordering-cluster,auth-gateway,112.56,132,27,0,97.26,2.19,14,6,green,index maintenance due,ATLAS-2081
2018-07-20,warehouse-atlas,auth-gateway,560.23,125,12,37.31,92.9,12.46,10,1,green,connection pool reviewed,ATLAS-4787
2018-07-27,checkout-db-primary,tax-service,145.61,597,29,17.81,94.68,12.27,8,0,green,replica healthy,ATLAS-1237
2018-07-27,orders-db-primary,tax-service,125.48,665,22,0,93.25,10.93,3,6,green,migration window planned,ATLAS-4580
2018-07-27,payments-ledger-primary,notification-service,123.98,491,0,40.09,95.05,2.96,7,2,green,migration window planned,ATLAS-1567
2018-07-27,cart-redis-cluster,loyalty-service,46.42,581,5,25.73,95.35,9.0,15,4,green,connection pool reviewed,ATLAS-1207
2018-07-27,kafka-ordering-cluster,loyalty-service,137.63,554,25,109.27,94.5,13.1,6,5,green,migration window planned,ATLAS-2906
2018-07-27,warehouse-atlas,auth-gateway,649.87,355,22,0,96.99,4.95,2,7,green,backup verified,ATLAS-5308
2018-08-03,checkout-db-primary,tax-service,147.32,607,26,0,92.75,11.64,5,0,green,index maintenance due,ATLAS-6034
2018-08-03,orders-db-primary,notification-service,112.82,442,31,16.06,97.84,0,4,5,green,replica healthy,ATLAS-5156
2018-08-03,payments-ledger-primary,search-recommendations,146.78,478,11,19.86,94.52,10.43,10,6,green,index maintenance due,ATLAS-2612
2018-08-03,cart-redis-cluster,search-recommendations,44.07,766,37,18.75,95.88,6.57,9,7,green,migration window planned,ATLAS-5513
2018-08-03,kafka-ordering-cluster,checkout-api,128.08,424,11,69.67,94.53,11.73,6,2,green,migration window planned,ATLAS-5334
2018-08-03,warehouse-atlas,tax-service,651.16,91,23,49.87,94.38,13.86,4,4,green,replica healthy,ATLAS-5294
2018-08-10,checkout-db-primary,loyalty-service,146.93,346,35,37.88,96.29,7.91,5,6,green,migration window planned,ATLAS-2666
2018-08-10,orders-db-primary,cart-service,131.48,753,22,55.16,95.1,6.88,3,0,green,vacuum completed,ATLAS-2454
2018-08-10,payments-ledger-primary,auth-gateway,114.37,500,20,5.05,94.87,9.84,1,7,green,replica healthy,ATLAS-3212
2018-08-10,cart-redis-cluster,analytics-pipeline,50.06,198,31,83.28,93.55,7.85,10,2,green,replica healthy,ATLAS-2902
2018-08-10,kafka-ordering-cluster,notification-service,130.12,649,15,33.67,93.01,10.73,8,4,green,vacuum completed,ATLAS-1617
2018-08-10,warehouse-atlas,auth-gateway,670.47,596,19,91.03,93.03,11.41,8,0,green,index maintenance due,ATLAS-5656
2018-08-17,checkout-db-primary,payment-orchestrator,125.77,89,17,17.09,95.91,7.53,1,7,green,migration window planned,ATLAS-2944
2018-08-17,orders-db-primary,analytics-pipeline,116.5,286,2,0,92.19,11.49,12,2,green,replica healthy,ATLAS-4330
2018-08-17,payments-ledger-primary,checkout-api,132.03,530,26,60.75,98.77,0.07,7,0,green,vacuum completed,ATLAS-5001
2018-08-17,cart-redis-cluster,tax-service,51.49,182,0,35.49,95.53,6.97,16,2,green,index maintenance due,ATLAS-3929
2018-08-17,kafka-ordering-cluster,payment-orchestrator,145.78,721,12,0,96.08,8.65,9,1,green,migration window planned,ATLAS-2408
2018-08-17,warehouse-atlas,auth-gateway,597.52,692,0,16.41,96.01,2.5,7,2,green,replica healthy,ATLAS-4693
2018-08-24,checkout-db-primary,inventory-reservation,142.9,111,13,5.19,92.11,13.29,1,7,green,backup verified,ATLAS-1216
2018-08-24,orders-db-primary,checkout-api,148.96,690,27,39.75,93.44,7.9,16,0,green,backup verified,ATLAS-1360
2018-08-24,payments-ledger-primary,payment-orchestrator,142.66,193,19,20.44,93.99,6.78,12,4,green,connection pool reviewed,ATLAS-5800
2018-08-24,cart-redis-cluster,payment-orchestrator,41.25,687,38,9.87,91.32,20.42,6,3,green,vacuum completed,ATLAS-3937
2018-08-24,kafka-ordering-cluster,analytics-pipeline,123.2,273,31,42.67,95.22,3.21,8,1,green,migration window planned,ATLAS-3827
2018-08-24,warehouse-atlas,auth-gateway,588.23,127,19,2.38,98.73,0,12,4,green,backup verified,ATLAS-4491
2018-08-31,checkout-db-primary,payment-orchestrator,130.18,669,11,0,97.04,5.88,14,6,green,migration window planned,ATLAS-4497
2018-08-31,orders-db-primary,loyalty-service,113.1,776,22,16.08,90.8,17.2,0,3,green,migration window planned,ATLAS-2856
2018-08-31,payments-ledger-primary,checkout-api,123.58,619,12,21.75,93.01,10.01,13,1,green,vacuum completed,ATLAS-2624
2018-08-31,cart-redis-cluster,pricing-engine,51.32,351,0,37.85,97.55,2.45,9,3,green,replica healthy,ATLAS-2592
2018-08-31,kafka-ordering-cluster,loyalty-service,135.2,629,17,67.78,96.06,4.03,5,4,green,backup verified,ATLAS-5502
2018-08-31,warehouse-atlas,tax-service,557.43,215,17,0,95.66,4.01,14,2,green,backup verified,ATLAS-5866
2018-09-07,checkout-db-primary,payment-orchestrator,111.06,644,16,0,96.11,0.64,5,7,green,index maintenance due,ATLAS-2416
2018-09-07,orders-db-primary,payment-orchestrator,146.51,687,24,30.77,96.48,4.27,0,5,green,vacuum completed,ATLAS-4750
2018-09-07,payments-ledger-primary,pricing-engine,135.65,448,18,35.99,97.7,3.13,12,5,green,connection pool reviewed,ATLAS-3833
2018-09-07,cart-redis-cluster,search-recommendations,44.91,595,0,0,91.1,17.4,8,6,green,migration window planned,ATLAS-2596
2018-09-07,kafka-ordering-cluster,search-recommendations,135.15,440,2,15.03,95.81,0.6,14,0,green,backup verified,ATLAS-2125
2018-09-07,warehouse-atlas,search-recommendations,615.68,144,23,42.25,92.52,16.97,14,2,green,migration window planned,ATLAS-3933
2018-09-14,checkout-db-primary,auth-gateway,116.69,170,25,13.23,97.26,4.02,10,2,green,vacuum completed,ATLAS-3204
2018-09-14,orders-db-primary,checkout-api,119.69,121,3,0,94.54,7.69,7,2,green,migration window planned,ATLAS-3836
2018-09-14,payments-ledger-primary,inventory-reservation,111.82,324,12,0,97.45,0,2,2,green,vacuum completed,ATLAS-1884
2018-09-14,cart-redis-cluster,tax-service,50.03,171,11,27.38,92.85,14.31,7,7,green,migration window planned,ATLAS-5859
2018-09-14,kafka-ordering-cluster,pricing-engine,120.68,337,10,54.4,94.95,3.26,9,3,green,replica healthy,ATLAS-1737
2018-09-14,warehouse-atlas,search-recommendations,623.97,574,12,2.4,92.02,16.49,9,2,green,index maintenance due,ATLAS-3791
2018-09-21,checkout-db-primary,cart-service,126.31,97,0,7.8,92.63,16.0,4,4,green,index maintenance due,ATLAS-6077
2018-09-21,orders-db-primary,notification-service,146.23,364,28,39.76,97.23,4.5,14,1,green,index maintenance due,ATLAS-1035
2018-09-21,payments-ledger-primary,auth-gateway,144.85,310,19,80.35,95.0,8.18,4,0,green,replica healthy,ATLAS-6035
2018-09-21,cart-redis-cluster,order-ledger,41.88,332,5,0,96.0,8.23,16,3,green,replica healthy,ATLAS-3379
2018-09-21,kafka-ordering-cluster,payment-orchestrator,149.13,90,13,0,97.63,0,15,6,green,replica healthy,ATLAS-4058
2018-09-21,warehouse-atlas,auth-gateway,576.49,462,1,0,96.0,5.02,5,2,green,migration window planned,ATLAS-2108
2018-09-28,checkout-db-primary,notification-service,136.99,651,22,32.6,91.92,14.15,7,7,green,replica healthy,ATLAS-2463
2018-09-28,orders-db-primary,cart-service,134.98,269,3,0,95.31,8.28,12,0,green,vacuum completed,ATLAS-6080
2018-09-28,payments-ledger-primary,payment-orchestrator,137.24,717,28,25.82,94.52,9.45,0,6,green,backup verified,ATLAS-1637
2018-09-28,cart-redis-cluster,loyalty-service,49.21,334,5,2.99,90.45,18.0,1,3,green,backup verified,ATLAS-2988
2018-09-28,kafka-ordering-cluster,cart-service,141.61,229,0,32.0,98.23,0.95,13,1,green,backup verified,ATLAS-3720
2018-09-28,warehouse-atlas,analytics-pipeline,724.37,190,7,75.66,94.22,9.1,7,6,green,replica healthy,ATLAS-2976
2018-10-05,checkout-db-primary,loyalty-service,148.09,268,14,25.49,96.02,0.32,12,0,green,replica healthy,ATLAS-1559
2018-10-05,orders-db-primary,checkout-api,121.95,510,11,0,91.24,15.54,15,6,green,replica healthy,ATLAS-4675
2018-10-05,payments-ledger-primary,payment-orchestrator,147.59,152,10,53.66,95.37,6.2,16,5,green,migration window planned,ATLAS-1647
2018-10-05,cart-redis-cluster,payment-orchestrator,44.05,224,3,64.96,91.03,18.61,13,7,green,vacuum completed,ATLAS-4352
2018-10-05,kafka-ordering-cluster,cart-service,137.12,211,0,96.44,94.31,7.72,12,2,green,connection pool reviewed,ATLAS-2378
2018-10-05,warehouse-atlas,payment-orchestrator,556.52,110,15,38.66,97.21,2.4,13,6,green,vacuum completed,ATLAS-2165
2018-10-12,checkout-db-primary,checkout-api,136.17,390,1,7.58,96.06,8.03,14,3,green,vacuum completed,ATLAS-5073
2018-10-12,orders-db-primary,cart-service,140.33,636,43,52.85,94.41,7.73,16,2,green,index maintenance due,ATLAS-4074
2018-10-12,payments-ledger-primary,cart-service,140.45,709,19,0,91.38,14.6,16,1,green,migration window planned,ATLAS-5287
2018-10-12,cart-redis-cluster,tax-service,38.77,450,0,64.53,97.46,0.78,10,2,green,replica healthy,ATLAS-2803
2018-10-12,kafka-ordering-cluster,search-recommendations,127.73,734,10,0,95.58,7.98,14,5,green,vacuum completed,ATLAS-1425
2018-10-12,warehouse-atlas,order-ledger,602.6,746,4,66.59,93.14,9.93,5,6,green,vacuum completed,ATLAS-2205
2018-10-19,checkout-db-primary,analytics-pipeline,138.31,418,42,27.11,98.19,0.23,10,2,green,replica healthy,ATLAS-2076
2018-10-19,orders-db-primary,loyalty-service,117.16,151,9,4.35,96.72,2.51,15,6,green,migration window planned,ATLAS-2120
2018-10-19,payments-ledger-primary,notification-service,128.24,127,9,18.57,93.84,10.8,0,4,green,backup verified,ATLAS-4431
2018-10-19,cart-redis-cluster,cart-service,48.19,284,12,0,95.46,2.24,6,1,green,migration window planned,ATLAS-3373
2018-10-19,kafka-ordering-cluster,cart-service,112.14,695,23,28.11,93.1,9.67,15,3,green,connection pool reviewed,ATLAS-4570
2018-10-19,warehouse-atlas,search-recommendations,623.79,428,13,12.15,93.52,15.27,5,4,green,index maintenance due,ATLAS-3697
2018-10-26,checkout-db-primary,inventory-reservation,122.0,116,32,0,96.25,6.57,2,3,green,replica healthy,ATLAS-2500
2018-10-26,orders-db-primary,loyalty-service,137.91,721,6,19.56,94.27,7.18,1,7,green,migration window planned,ATLAS-6089
2018-10-26,payments-ledger-primary,search-recommendations,141.82,749,0,0,94.18,11.47,15,0,green,connection pool reviewed,ATLAS-3295
2018-10-26,cart-redis-cluster,notification-service,39.74,583,20,58.76,95.62,8.51,15,5,green,replica healthy,ATLAS-2786
2018-10-26,kafka-ordering-cluster,auth-gateway,122.72,714,30,35.33,93.79,7.75,8,4,green,migration window planned,ATLAS-3922
2018-10-26,warehouse-atlas,inventory-reservation,707.35,589,26,40.98,94.99,7.28,10,3,green,vacuum completed,ATLAS-4656
2018-11-02,checkout-db-primary,analytics-pipeline,126.57,629,10,26.66,95.77,9.07,7,1,green,migration window planned,ATLAS-1779
2018-11-02,orders-db-primary,loyalty-service,133.07,762,15,0,94.3,5.92,3,6,green,backup verified,ATLAS-3235
2018-11-02,payments-ledger-primary,loyalty-service,145.65,602,13,45.39,96.41,5.58,9,6,green,index maintenance due,ATLAS-3000
2018-11-02,cart-redis-cluster,tax-service,38.67,346,0,0,92.04,14.39,8,1,green,vacuum completed,ATLAS-3735
2018-11-02,kafka-ordering-cluster,loyalty-service,129.69,517,26,53.51,95.88,1.17,13,4,green,replica healthy,ATLAS-1426
2018-11-02,warehouse-atlas,order-ledger,733.57,343,20,17.88,93.25,8.93,2,7,green,migration window planned,ATLAS-5066
2018-11-09,checkout-db-primary,analytics-pipeline,118.02,361,15,26.37,95.93,6.46,12,1,green,replica healthy,ATLAS-4785
2018-11-09,orders-db-primary,loyalty-service,131.17,310,19,74.55,96.06,3.78,14,6,green,backup verified,ATLAS-4339
2018-11-09,payments-ledger-primary,tax-service,116.81,249,2,34.27,94.5,8.87,9,6,green,replica healthy,ATLAS-3037
2018-11-09,cart-redis-cluster,auth-gateway,42.7,651,8,21.86,96.49,0,4,0,green,backup verified,ATLAS-1021
2018-11-09,kafka-ordering-cluster,inventory-reservation,139.21,247,14,41.83,91.97,14.99,3,6,green,backup verified,ATLAS-2335
2018-11-09,warehouse-atlas,cart-service,717.1,613,20,64.62,94.57,12.07,13,4,green,migration window planned,ATLAS-2326
2018-11-16,checkout-db-primary,cart-service,134.78,322,14,36.85,95.83,3.08,4,0,green,connection pool reviewed,ATLAS-1466
2018-11-16,orders-db-primary,payment-orchestrator,121.31,291,28,110.87,97.63,1.24,10,0,green,vacuum completed,ATLAS-2344
2018-11-16,payments-ledger-primary,inventory-reservation,133.08,243,24,63.73,95.27,9.85,4,1,green,index maintenance due,ATLAS-5812
2018-11-16,cart-redis-cluster,inventory-reservation,41.89,696,14,0.25,94.11,10.77,10,7,green,connection pool reviewed,ATLAS-3192
2018-11-16,kafka-ordering-cluster,auth-gateway,149.45,234,16,5.56,96.95,3.68,13,0,green,index maintenance due,ATLAS-1904
2018-11-16,warehouse-atlas,analytics-pipeline,582.46,591,0,51.78,94.21,10.45,0,1,green,replica healthy,ATLAS-5882
2018-11-23,checkout-db-primary,tax-service,138.22,541,19,36.72,92.4,12.99,7,1,green,index maintenance due,ATLAS-3755
2018-11-23,orders-db-primary,search-recommendations,143.95,248,21,4.33,94.01,7.62,14,4,green,migration window planned,ATLAS-1571
2018-11-23,payments-ledger-primary,notification-service,128.12,615,37,80.73,95.74,1.28,13,1,green,vacuum completed,ATLAS-3913
2018-11-23,cart-redis-cluster,cart-service,39.35,490,26,1.92,93.2,9.01,12,0,green,migration window planned,ATLAS-5030
2018-11-23,kafka-ordering-cluster,pricing-engine,110.05,378,34,78.83,91.45,21.16,8,3,green,vacuum completed,ATLAS-4337
2018-11-23,warehouse-atlas,inventory-reservation,584.07,270,16,11.81,96.73,5.37,11,5,green,vacuum completed,ATLAS-2006
2018-11-30,checkout-db-primary,payment-orchestrator,146.78,409,17,6.8,93.43,11.12,9,1,green,index maintenance due,ATLAS-4656
2018-11-30,orders-db-primary,search-recommendations,121.98,450,19,0,95.73,4.97,6,0,green,backup verified,ATLAS-6023
2018-11-30,payments-ledger-primary,auth-gateway,143.85,463,25,93.91,94.54,8.67,8,4,green,index maintenance due,ATLAS-1230
2018-11-30,cart-redis-cluster,order-ledger,38.54,588,0,44.59,96.83,5.83,8,1,green,replica healthy,ATLAS-4544
2018-11-30,kafka-ordering-cluster,cart-service,113.71,242,23,51.39,94.63,12.02,0,1,green,replica healthy,ATLAS-3641
2018-11-30,warehouse-atlas,cart-service,597.99,564,25,18.7,92.26,12.04,14,5,green,backup verified,ATLAS-2200
2018-12-07,checkout-db-primary,notification-service,143.41,697,13,22.74,94.34,12.11,0,1,green,vacuum completed,ATLAS-3252
2018-12-07,orders-db-primary,notification-service,148.96,672,21,20.38,93.94,12.78,14,5,green,replica healthy,ATLAS-4237
2018-12-07,payments-ledger-primary,payment-orchestrator,113.8,518,0,44.23,94.86,11.42,1,7,green,migration window planned,ATLAS-2469
2018-12-07,cart-redis-cluster,tax-service,43.34,126,12,52.68,94.61,12.6,11,3,green,connection pool reviewed,ATLAS-3479
2018-12-07,kafka-ordering-cluster,tax-service,114.02,592,18,10.03,95.26,7.63,10,3,green,migration window planned,ATLAS-1781
2018-12-07,warehouse-atlas,payment-orchestrator,653.14,705,36,59.02,93.99,7.29,16,7,green,connection pool reviewed,ATLAS-4552
2018-12-14,checkout-db-primary,auth-gateway,110.34,623,4,17.75,93.6,13.67,6,5,green,migration window planned,ATLAS-4238
2018-12-14,orders-db-primary,analytics-pipeline,110.01,295,8,30.05,95.51,9.86,5,7,green,replica healthy,ATLAS-5166
2018-12-14,payments-ledger-primary,inventory-reservation,123.46,333,20,0,95.71,4.66,3,2,green,migration window planned,ATLAS-4942
2018-12-14,cart-redis-cluster,pricing-engine,40.48,81,42,27.72,93.84,10.07,6,1,green,vacuum completed,ATLAS-3133
2018-12-14,kafka-ordering-cluster,analytics-pipeline,113.64,511,29,1.24,97.75,2.54,15,4,green,migration window planned,ATLAS-4929
2018-12-14,warehouse-atlas,analytics-pipeline,601.58,629,16,0,97.57,2.18,2,0,green,connection pool reviewed,ATLAS-1474
2018-12-21,checkout-db-primary,search-recommendations,139.36,444,15,0,97.11,0,12,4,green,migration window planned,ATLAS-5488
2018-12-21,orders-db-primary,auth-gateway,122.24,703,0,14.04,94.46,9.38,3,5,green,connection pool reviewed,ATLAS-5690
2018-12-21,payments-ledger-primary,order-ledger,139.31,359,7,7.17,97.2,4.25,0,0,green,connection pool reviewed,ATLAS-2615
2018-12-21,cart-redis-cluster,cart-service,48.56,295,32,0,92.6,11.05,14,6,green,index maintenance due,ATLAS-1627
2018-12-21,kafka-ordering-cluster,order-ledger,110.71,279,11,73.22,94.45,6.69,8,4,green,vacuum completed,ATLAS-4537
2018-12-21,warehouse-atlas,tax-service,565.34,776,23,26.96,95.84,9.01,3,2,green,vacuum completed,ATLAS-5983
2018-12-28,checkout-db-primary,tax-service,114.44,724,0,27.75,96.52,4.29,3,5,green,vacuum completed,ATLAS-2756
2018-12-28,orders-db-primary,search-recommendations,120.74,118,0,26.53,95.9,4.66,8,5,green,replica healthy,ATLAS-2430
2018-12-28,payments-ledger-primary,checkout-api,113.98,480,26,28.38,95.86,8.12,10,0,green,connection pool reviewed,ATLAS-4648
2018-12-28,cart-redis-cluster,notification-service,43.03,258,16,0,96.38,6.85,13,7,green,backup verified,ATLAS-4179
2018-12-28,kafka-ordering-cluster,cart-service,132.58,183,17,8.74,95.28,3.36,3,5,green,index maintenance due,ATLAS-5438
2018-12-28,warehouse-atlas,auth-gateway,718.85,634,13,0,93.1,17.0,15,2,green,replica healthy,ATLAS-1933
2019-01-04,checkout-db-primary,pricing-engine,195.58,262,36,20.49,90.33,17.28,10,3,green,migration window planned,ATLAS-2116
2019-01-04,orders-db-primary,tax-service,210.33,734,9,68.67,95.19,11.2,15,4,green,vacuum completed,ATLAS-4544
2019-01-04,payments-ledger-primary,loyalty-service,227.57,287,24,16.81,93.54,8.36,0,1,green,connection pool reviewed,ATLAS-3146
2019-01-04,cart-redis-cluster,auth-gateway,77.55,110,32,44.32,94.37,9.47,13,0,green,migration window planned,ATLAS-3132
2019-01-04,kafka-ordering-cluster,notification-service,217.79,687,20,19.23,93.51,7.92,1,4,green,index maintenance due,ATLAS-1180
2019-01-04,warehouse-atlas,inventory-reservation,1012.82,88,29,49.96,97.86,0,13,7,green,backup verified,ATLAS-2176
2019-01-11,checkout-db-primary,order-ledger,203.27,621,25,41.28,93.17,16.74,4,1,green,backup verified,ATLAS-4868
2019-01-11,orders-db-primary,analytics-pipeline,195.3,388,0,0,92.32,12.87,16,6,green,migration window planned,ATLAS-5944
2019-01-11,payments-ledger-primary,notification-service,226.16,463,20,61.53,97.24,2.76,6,0,green,replica healthy,ATLAS-2979
2019-01-11,cart-redis-cluster,checkout-api,68.7,416,0,0,92.43,14.44,1,6,green,index maintenance due,ATLAS-3400
2019-01-11,kafka-ordering-cluster,order-ledger,226.22,319,21,28.59,92.64,10.75,16,0,green,replica healthy,ATLAS-1782
2019-01-11,warehouse-atlas,auth-gateway,1060.94,707,33,7.74,95.5,9.86,13,6,green,index maintenance due,ATLAS-2573
2019-01-18,checkout-db-primary,order-ledger,217.03,497,14,55.83,94.72,8.89,1,3,green,connection pool reviewed,ATLAS-4974
2019-01-18,orders-db-primary,loyalty-service,221.02,194,20,116.39,95.47,2.91,1,6,green,replica healthy,ATLAS-3844
2019-01-18,payments-ledger-primary,auth-gateway,209.02,194,27,0,97.08,3.31,5,0,green,replica healthy,ATLAS-4714
2019-01-18,cart-redis-cluster,notification-service,70.89,108,13,0,97.66,0.6,8,0,green,vacuum completed,ATLAS-2534
2019-01-18,kafka-ordering-cluster,pricing-engine,206.36,731,6,18.23,93.98,10.18,1,3,green,replica healthy,ATLAS-4697
2019-01-18,warehouse-atlas,analytics-pipeline,1018.64,620,6,42.19,92.42,15.84,15,7,green,backup verified,ATLAS-1748
2019-01-25,checkout-db-primary,tax-service,220.6,560,28,3.6,94.62,4.64,16,0,green,replica healthy,ATLAS-3474
2019-01-25,orders-db-primary,pricing-engine,199.56,227,9,43.62,92.57,13.07,7,4,green,index maintenance due,ATLAS-1771
2019-01-25,payments-ledger-primary,analytics-pipeline,214.67,281,0,32.46,94.74,12.58,0,6,green,backup verified,ATLAS-5923
2019-01-25,cart-redis-cluster,notification-service,71.58,327,20,0,93.06,9.13,15,1,green,connection pool reviewed,ATLAS-5941
2019-01-25,kafka-ordering-cluster,cart-service,197.79,550,17,30.37,94.57,8.46,12,4,green,connection pool reviewed,ATLAS-5627
2019-01-25,warehouse-atlas,loyalty-service,1100.58,110,23,3.52,93.95,11.51,8,4,green,index maintenance due,ATLAS-1696
2019-02-01,checkout-db-primary,search-recommendations,213.21,145,26,21.87,97.48,1.69,9,2,green,backup verified,ATLAS-3539
2019-02-01,orders-db-primary,order-ledger,201.49,346,3,13.07,93.84,12.27,8,1,green,migration window planned,ATLAS-3001
2019-02-01,payments-ledger-primary,inventory-reservation,204.58,98,23,12.67,94.11,11.56,1,5,green,connection pool reviewed,ATLAS-2065
2019-02-01,cart-redis-cluster,notification-service,73.38,769,28,1.26,95.0,6.3,14,0,green,backup verified,ATLAS-1809
2019-02-01,kafka-ordering-cluster,checkout-api,217.78,322,36,49.39,94.69,12.18,0,6,green,replica healthy,ATLAS-3000
2019-02-01,warehouse-atlas,inventory-reservation,964.18,106,63,14.08,94.91,8.02,3,6,green,migration window planned,ATLAS-2807
2019-02-08,checkout-db-primary,loyalty-service,226.91,152,28,3.39,93.54,15.4,12,7,green,replica healthy,ATLAS-1860
2019-02-08,orders-db-primary,loyalty-service,201.51,408,22,0,94.49,11.82,13,6,green,index maintenance due,ATLAS-3862
2019-02-08,payments-ledger-primary,auth-gateway,216.5,480,19,44.21,95.09,7.99,1,5,green,vacuum completed,ATLAS-4169
2019-02-08,cart-redis-cluster,notification-service,79.21,171,26,50.42,93.79,9.46,16,5,green,backup verified,ATLAS-2513
2019-02-08,kafka-ordering-cluster,notification-service,206.52,630,15,0,93.79,9.01,4,3,green,index maintenance due,ATLAS-2428
2019-02-08,warehouse-atlas,tax-service,1029.92,718,25,37.1,91.92,14.67,2,7,green,migration window planned,ATLAS-1669
2019-02-15,checkout-db-primary,auth-gateway,204.14,609,38,76.3,95.8,9.25,5,1,green,index maintenance due,ATLAS-3480
2019-02-15,orders-db-primary,analytics-pipeline,198.27,182,13,0,95.3,5.78,14,1,green,replica healthy,ATLAS-1192
2019-02-15,payments-ledger-primary,inventory-reservation,199.75,110,10,34.94,94.77,11.49,16,4,green,index maintenance due,ATLAS-6124
2019-02-15,cart-redis-cluster,payment-orchestrator,77.88,417,20,31.87,92.3,13.04,6,7,green,replica healthy,ATLAS-2471
2019-02-15,kafka-ordering-cluster,notification-service,196.94,691,17,61.97,92.45,16.23,10,2,green,index maintenance due,ATLAS-4988
2019-02-15,warehouse-atlas,cart-service,953.17,157,13,25.57,95.87,5.98,14,6,green,backup verified,ATLAS-1737
2019-02-22,checkout-db-primary,inventory-reservation,214.2,185,46,0,97.26,0.65,5,4,green,replica healthy,ATLAS-6183
2019-02-22,orders-db-primary,payment-orchestrator,192.4,401,13,14.53,93.35,15.12,10,6,green,index maintenance due,ATLAS-1788
2019-02-22,payments-ledger-primary,pricing-engine,200.34,182,18,0,95.78,5.84,3,3,green,connection pool reviewed,ATLAS-4449
2019-02-22,cart-redis-cluster,inventory-reservation,66.71,423,29,43.44,92.61,10.6,12,5,green,index maintenance due,ATLAS-3310
2019-02-22,kafka-ordering-cluster,cart-service,196.3,317,12,10.62,93.65,12.25,7,6,green,vacuum completed,ATLAS-6142
2019-02-22,warehouse-atlas,analytics-pipeline,999.02,544,39,0,95.06,7.84,13,0,green,migration window planned,ATLAS-3515
2019-03-01,checkout-db-primary,tax-service,201.11,540,31,4.5,96.56,7.3,3,1,green,connection pool reviewed,ATLAS-2712
2019-03-01,orders-db-primary,inventory-reservation,192.25,650,36,17.35,93.9,8.14,4,0,green,migration window planned,ATLAS-2301
2019-03-01,payments-ledger-primary,analytics-pipeline,217.28,708,16,15.8,95.68,9.64,11,6,green,backup verified,ATLAS-2980
2019-03-01,cart-redis-cluster,pricing-engine,69.69,612,7,79.68,95.89,8.26,16,5,green,migration window planned,ATLAS-1509
2019-03-01,kafka-ordering-cluster,inventory-reservation,198.24,239,27,0,92.44,14.12,12,2,green,connection pool reviewed,ATLAS-2565
2019-03-01,warehouse-atlas,analytics-pipeline,964.29,474,11,3.62,94.53,11.0,7,3,green,index maintenance due,ATLAS-4357
2019-03-08,checkout-db-primary,order-ledger,205.07,411,21,0,93.16,15.16,8,1,green,connection pool reviewed,ATLAS-3944
2019-03-08,orders-db-primary,analytics-pipeline,208.71,448,36,41.64,94.76,9.14,2,6,green,migration window planned,ATLAS-5616
2019-03-08,payments-ledger-primary,checkout-api,206.07,643,27,33.16,94.13,10.45,3,5,green,connection pool reviewed,ATLAS-5571
2019-03-08,cart-redis-cluster,loyalty-service,71.65,617,26,27.55,92.38,19.04,16,3,green,migration window planned,ATLAS-2350
2019-03-08,kafka-ordering-cluster,pricing-engine,214.64,293,12,10.98,95.92,5.21,1,1,green,migration window planned,ATLAS-4142
2019-03-08,warehouse-atlas,notification-service,1121.76,113,1,57.71,92.4,11.96,3,5,green,backup verified,ATLAS-2040
2019-03-15,checkout-db-primary,cart-service,193.64,511,41,48.98,95.23,7.04,6,1,green,replica healthy,ATLAS-4180
2019-03-15,orders-db-primary,analytics-pipeline,218.43,151,4,28.41,94.86,5.71,4,5,green,connection pool reviewed,ATLAS-2425
2019-03-15,payments-ledger-primary,tax-service,191.8,249,39,78.9,96.21,4.61,2,1,green,vacuum completed,ATLAS-1060
2019-03-15,cart-redis-cluster,search-recommendations,77.56,336,19,49.0,92.52,11.98,13,7,green,index maintenance due,ATLAS-2942
2019-03-15,kafka-ordering-cluster,tax-service,198.76,459,9,23.35,95.32,9.77,13,7,green,connection pool reviewed,ATLAS-4654
2019-03-15,warehouse-atlas,search-recommendations,1005.94,674,16,13.55,93.04,12.91,7,2,green,vacuum completed,ATLAS-4906
2019-03-22,checkout-db-primary,cart-service,221.66,244,33,47.91,94.36,10.33,9,6,green,connection pool reviewed,ATLAS-2898
2019-03-22,orders-db-primary,loyalty-service,204.7,201,26,13.07,90.18,20.47,5,0,green,vacuum completed,ATLAS-5141
2019-03-22,payments-ledger-primary,order-ledger,204.8,523,29,40.31,92.25,11.77,1,2,green,connection pool reviewed,ATLAS-4466
2019-03-22,cart-redis-cluster,search-recommendations,69.93,586,16,42.4,97.77,0.27,16,5,green,connection pool reviewed,ATLAS-6076
2019-03-22,kafka-ordering-cluster,tax-service,203.87,301,22,24.88,94.55,7.25,16,1,green,migration window planned,ATLAS-5237
2019-03-22,warehouse-atlas,checkout-api,1067.18,197,0,73.75,89.21,23.77,10,1,green,backup verified,ATLAS-1219
2019-03-29,checkout-db-primary,notification-service,217.52,643,11,0,92.29,15.7,7,2,green,index maintenance due,ATLAS-3762
2019-03-29,orders-db-primary,analytics-pipeline,223.66,366,23,0,94.09,14.05,2,7,green,index maintenance due,ATLAS-2539
2019-03-29,payments-ledger-primary,tax-service,208.49,464,15,6.28,96.63,5.3,6,4,green,replica healthy,ATLAS-2536
2019-03-29,cart-redis-cluster,order-ledger,73.63,100,32,17.82,98.0,0.15,6,4,green,migration window planned,ATLAS-6074
2019-03-29,kafka-ordering-cluster,search-recommendations,192.95,92,31,12.25,93.02,9.01,10,0,green,backup verified,ATLAS-2122
2019-03-29,warehouse-atlas,auth-gateway,1080.59,689,8,0,95.75,3.57,9,1,green,backup verified,ATLAS-3256
2019-04-05,checkout-db-primary,tax-service,219.59,159,12,12.44,92.73,10.59,11,2,green,connection pool reviewed,ATLAS-5161
2019-04-05,orders-db-primary,loyalty-service,198.23,466,14,78.6,94.25,11.4,10,7,green,connection pool reviewed,ATLAS-3653
2019-04-05,payments-ledger-primary,checkout-api,212.46,279,22,0,96.94,4.41,6,6,green,migration window planned,ATLAS-5372
2019-04-05,cart-redis-cluster,checkout-api,76.26,705,13,0,96.59,4.33,14,4,green,vacuum completed,ATLAS-5013
2019-04-05,kafka-ordering-cluster,notification-service,193.5,664,15,41.34,93.41,9.76,11,7,green,connection pool reviewed,ATLAS-4046
2019-04-05,warehouse-atlas,tax-service,1146.05,651,35,12.59,96.32,4.58,12,4,green,connection pool reviewed,ATLAS-5415
2019-04-12,checkout-db-primary,notification-service,219.06,534,14,12.67,93.42,9.43,2,3,green,migration window planned,ATLAS-2091
2019-04-12,orders-db-primary,search-recommendations,213.77,288,34,0,92.33,13.1,13,2,green,backup verified,ATLAS-1978
2019-04-12,payments-ledger-primary,pricing-engine,220.52,120,32,10.92,96.94,4.65,1,3,green,connection pool reviewed,ATLAS-2220
2019-04-12,cart-redis-cluster,tax-service,67.79,358,35,70.94,95.78,7.74,5,5,green,connection pool reviewed,ATLAS-6193
2019-04-12,kafka-ordering-cluster,checkout-api,203.31,268,15,45.35,94.13,8.41,15,6,green,migration window planned,ATLAS-5472
2019-04-12,warehouse-atlas,tax-service,1143.79,626,12,18.16,93.8,11.72,9,7,green,index maintenance due,ATLAS-5475
2019-04-19,checkout-db-primary,search-recommendations,195.86,521,18,47.72,94.45,10.81,7,0,green,connection pool reviewed,ATLAS-3739
2019-04-19,orders-db-primary,checkout-api,198.85,382,12,78.4,96.59,5.02,15,0,green,replica healthy,ATLAS-6066
2019-04-19,payments-ledger-primary,analytics-pipeline,212.38,755,32,5.31,95.68,5.54,15,4,green,vacuum completed,ATLAS-4601
2019-04-19,cart-redis-cluster,tax-service,72.06,111,44,0,97.67,3.16,12,7,green,vacuum completed,ATLAS-5554
2019-04-19,kafka-ordering-cluster,auth-gateway,218.3,109,31,0,93.93,10.48,2,4,green,backup verified,ATLAS-6061
2019-04-19,warehouse-atlas,pricing-engine,1018.96,747,13,5.41,92.88,11.83,1,3,green,backup verified,ATLAS-5226
2019-04-26,checkout-db-primary,loyalty-service,209.36,491,33,0,95.95,2.47,9,4,green,replica healthy,ATLAS-5332
2019-04-26,orders-db-primary,checkout-api,213.81,489,19,35.75,90.69,18.58,16,0,green,backup verified,ATLAS-1318
2019-04-26,payments-ledger-primary,search-recommendations,202.79,609,38,7.49,94.31,11.02,12,7,green,migration window planned,ATLAS-1366
2019-04-26,cart-redis-cluster,auth-gateway,69.61,358,31,11.99,95.53,9.55,5,1,green,backup verified,ATLAS-4250
2019-04-26,kafka-ordering-cluster,inventory-reservation,196.27,241,14,85.8,93.8,13.64,7,2,green,index maintenance due,ATLAS-5670
2019-04-26,warehouse-atlas,auth-gateway,1063.27,313,12,55.97,94.2,6.45,9,7,green,connection pool reviewed,ATLAS-1026
2019-05-03,checkout-db-primary,payment-orchestrator,215.06,648,31,7.21,94.99,8.74,13,4,green,vacuum completed,ATLAS-3448
2019-05-03,orders-db-primary,notification-service,229.06,708,11,26.2,95.03,7.35,12,4,green,vacuum completed,ATLAS-1088
2019-05-03,payments-ledger-primary,cart-service,229.78,204,17,127.48,92.42,13.18,11,4,green,index maintenance due,ATLAS-2140
2019-05-03,cart-redis-cluster,inventory-reservation,68.99,247,23,20.52,92.87,18.29,5,4,green,migration window planned,ATLAS-3272
2019-05-03,kafka-ordering-cluster,search-recommendations,203.11,638,12,62.17,94.28,11.0,11,3,green,migration window planned,ATLAS-4045
2019-05-03,warehouse-atlas,pricing-engine,1136.68,560,42,92.28,95.36,8.5,3,6,green,vacuum completed,ATLAS-5363
2019-05-10,checkout-db-primary,search-recommendations,216.98,152,5,95.31,94.35,9.86,7,3,green,index maintenance due,ATLAS-3248
2019-05-10,orders-db-primary,auth-gateway,228.63,140,8,0,92.77,18.08,1,5,green,vacuum completed,ATLAS-3590
2019-05-10,payments-ledger-primary,search-recommendations,221.43,212,17,71.83,95.59,8.87,4,5,green,backup verified,ATLAS-3091
2019-05-10,cart-redis-cluster,analytics-pipeline,72.88,730,21,53.84,94.94,5.31,5,1,green,backup verified,ATLAS-6018
2019-05-10,kafka-ordering-cluster,payment-orchestrator,193.6,251,23,50.58,92.58,14.23,3,0,green,vacuum completed,ATLAS-6139
2019-05-10,warehouse-atlas,payment-orchestrator,1121.73,290,15,112.71,97.52,0.78,11,2,green,connection pool reviewed,ATLAS-1989
2019-05-17,checkout-db-primary,search-recommendations,223.85,614,22,35.78,90.37,17.58,2,7,green,replica healthy,ATLAS-5662
2019-05-17,orders-db-primary,auth-gateway,209.9,386,17,0,94.86,9.2,13,0,green,backup verified,ATLAS-4078
2019-05-17,payments-ledger-primary,checkout-api,208.84,192,24,0,95.35,6.28,9,1,green,migration window planned,ATLAS-3575
2019-05-17,cart-redis-cluster,order-ledger,72.41,623,11,17.85,94.0,14.01,4,5,green,vacuum completed,ATLAS-5314
2019-05-17,kafka-ordering-cluster,checkout-api,194.32,677,40,1.98,93.44,7.78,1,2,green,replica healthy,ATLAS-3877
2019-05-17,warehouse-atlas,checkout-api,1140.56,766,31,100.75,95.02,11.12,12,0,green,migration window planned,ATLAS-5973
2019-05-24,checkout-db-primary,pricing-engine,208.68,448,11,7.25,95.6,8.16,2,3,green,connection pool reviewed,ATLAS-2233
2019-05-24,orders-db-primary,order-ledger,210.98,160,11,56.09,96.97,5.78,16,1,green,migration window planned,ATLAS-3782
2019-05-24,payments-ledger-primary,tax-service,199.95,181,34,45.41,94.45,12.87,7,7,green,vacuum completed,ATLAS-4701
2019-05-24,cart-redis-cluster,tax-service,79.91,428,35,0.03,93.43,12.09,10,5,green,vacuum completed,ATLAS-5334
2019-05-24,kafka-ordering-cluster,checkout-api,193.24,591,49,21.32,91.4,14.64,13,4,green,backup verified,ATLAS-2169
2019-05-24,warehouse-atlas,payment-orchestrator,1108.69,344,27,3.47,94.47,6.17,9,3,green,migration window planned,ATLAS-3909
2019-05-31,checkout-db-primary,notification-service,195.26,383,21,6.34,97.94,1.8,16,4,green,backup verified,ATLAS-2139
2019-05-31,orders-db-primary,notification-service,194.94,371,28,42.95,91.38,14.13,10,6,green,vacuum completed,ATLAS-2798
2019-05-31,payments-ledger-primary,pricing-engine,191.21,112,38,39.0,97.16,1.28,11,1,green,migration window planned,ATLAS-2378
2019-05-31,cart-redis-cluster,inventory-reservation,67.69,423,21,72.46,95.87,7.14,14,2,green,replica healthy,ATLAS-1228
2019-05-31,kafka-ordering-cluster,notification-service,207.82,459,18,4.71,94.84,8.75,3,1,green,backup verified,ATLAS-1904
2019-05-31,warehouse-atlas,analytics-pipeline,1099.64,527,14,51.85,98.01,0,7,4,green,migration window planned,ATLAS-5030
2019-06-07,checkout-db-primary,tax-service,192.93,453,14,35.16,93.91,7.35,13,5,green,backup verified,ATLAS-3092
2019-06-07,orders-db-primary,auth-gateway,208.01,148,4,0,94.09,6.99,3,5,green,backup verified,ATLAS-5781
2019-06-07,payments-ledger-primary,order-ledger,227.81,767,10,9.41,92.21,13.76,12,5,green,connection pool reviewed,ATLAS-3563
2019-06-07,cart-redis-cluster,payment-orchestrator,78.32,108,3,0,96.66,5.5,0,4,green,vacuum completed,ATLAS-3510
2019-06-07,kafka-ordering-cluster,notification-service,222.66,618,51,27.77,93.1,11.59,3,7,green,connection pool reviewed,ATLAS-1068
2019-06-07,warehouse-atlas,order-ledger,1087.85,240,36,0,93.44,10.73,11,0,green,replica healthy,ATLAS-1897
2019-06-14,checkout-db-primary,payment-orchestrator,213.9,262,24,36.47,93.46,11.75,11,3,green,backup verified,ATLAS-4178
2019-06-14,orders-db-primary,inventory-reservation,204.13,241,31,0.65,93.54,12.17,16,5,green,index maintenance due,ATLAS-3244
2019-06-14,payments-ledger-primary,inventory-reservation,220.9,121,29,0,96.87,4.52,4,3,green,migration window planned,ATLAS-1433
2019-06-14,cart-redis-cluster,tax-service,70.44,739,23,22.01,90.83,19.38,9,2,green,replica healthy,ATLAS-5572
2019-06-14,kafka-ordering-cluster,cart-service,202.82,409,24,43.8,96.92,5.97,10,6,green,vacuum completed,ATLAS-4835
2019-06-14,warehouse-atlas,pricing-engine,1058.2,457,9,14.53,89.96,19.49,16,6,green,migration window planned,ATLAS-3521
2019-06-21,checkout-db-primary,pricing-engine,205.88,755,13,11.27,90.53,18.45,14,0,green,migration window planned,ATLAS-5022
2019-06-21,orders-db-primary,loyalty-service,196.41,196,26,0,92.24,18.7,14,7,green,migration window planned,ATLAS-2328
2019-06-21,payments-ledger-primary,order-ledger,193.91,230,23,0,95.02,10.43,15,5,green,backup verified,ATLAS-2860
2019-06-21,cart-redis-cluster,notification-service,67.1,275,19,25.11,93.91,8.04,16,7,green,connection pool reviewed,ATLAS-5306
2019-06-21,kafka-ordering-cluster,pricing-engine,214.38,199,26,24.19,94.33,13.86,11,5,green,index maintenance due,ATLAS-5409
2019-06-21,warehouse-atlas,analytics-pipeline,982.29,276,26,0,92.52,11.18,12,5,green,index maintenance due,ATLAS-5388
2019-06-28,checkout-db-primary,inventory-reservation,217.55,247,27,37.56,92.53,12.82,16,1,green,backup verified,ATLAS-5655
2019-06-28,orders-db-primary,tax-service,224.35,160,15,66.29,92.42,14.48,11,7,green,migration window planned,ATLAS-1048
2019-06-28,payments-ledger-primary,notification-service,193.49,767,25,0,96.39,2.69,3,3,green,backup verified,ATLAS-1172
2019-06-28,cart-redis-cluster,cart-service,80.1,524,17,56.97,98.45,0,11,3,green,index maintenance due,ATLAS-3738
2019-06-28,kafka-ordering-cluster,loyalty-service,207.92,437,31,5.31,94.04,8.05,11,4,green,vacuum completed,ATLAS-5963
2019-06-28,warehouse-atlas,notification-service,1010.85,670,29,0,92.55,11.85,14,6,green,vacuum completed,ATLAS-5811
2019-07-05,checkout-db-primary,payment-orchestrator,219.35,169,24,37.45,96.41,7.06,14,7,green,index maintenance due,ATLAS-5409
2019-07-05,orders-db-primary,inventory-reservation,204.25,393,23,44.6,92.12,13.4,4,4,green,migration window planned,ATLAS-3068
2019-07-05,payments-ledger-primary,search-recommendations,219.69,778,7,63.72,94.06,6.55,9,0,green,connection pool reviewed,ATLAS-4376
2019-07-05,cart-redis-cluster,notification-service,69.67,679,20,27.18,94.6,6.25,16,3,green,connection pool reviewed,ATLAS-1310
2019-07-05,kafka-ordering-cluster,checkout-api,206.26,601,28,0,96.0,8.75,1,3,green,backup verified,ATLAS-5007
2019-07-05,warehouse-atlas,analytics-pipeline,1092.34,354,29,59.67,92.52,10.73,7,0,green,vacuum completed,ATLAS-5012
2019-07-12,checkout-db-primary,order-ledger,211.23,502,23,66.86,94.39,10.2,6,4,green,vacuum completed,ATLAS-5906
2019-07-12,orders-db-primary,pricing-engine,228.12,759,9,29.52,91.73,15.72,1,2,green,connection pool reviewed,ATLAS-2819
2019-07-12,payments-ledger-primary,checkout-api,225.5,652,10,0,94.44,11.69,14,5,green,backup verified,ATLAS-2017
2019-07-12,cart-redis-cluster,auth-gateway,71.23,752,28,0,94.21,9.01,11,1,green,index maintenance due,ATLAS-4497
2019-07-12,kafka-ordering-cluster,order-ledger,213.1,112,35,117.65,93.76,9.67,2,6,green,connection pool reviewed,ATLAS-5340
2019-07-12,warehouse-atlas,search-recommendations,1020.95,389,25,46.11,92.69,14.17,7,3,green,vacuum completed,ATLAS-3398
2019-07-19,checkout-db-primary,order-ledger,198.0,540,0,37.65,96.91,0,0,1,green,vacuum completed,ATLAS-5537
2019-07-19,orders-db-primary,tax-service,190.49,370,24,88.14,93.85,10.44,11,2,green,migration window planned,ATLAS-5758
2019-07-19,payments-ledger-primary,payment-orchestrator,209.21,610,25,55.1,94.18,10.79,13,3,green,backup verified,ATLAS-3158
2019-07-19,cart-redis-cluster,analytics-pipeline,78.79,163,25,23.22,91.94,15.18,5,7,green,backup verified,ATLAS-1564
2019-07-19,kafka-ordering-cluster,checkout-api,209.26,743,19,59.51,91.36,17.19,0,5,green,replica healthy,ATLAS-4688
2019-07-19,warehouse-atlas,notification-service,986.02,95,18,108.53,95.06,9.66,5,1,green,vacuum completed,ATLAS-4427
2019-07-26,checkout-db-primary,analytics-pipeline,213.28,584,19,25.15,93.51,15.26,11,7,green,migration window planned,ATLAS-4513
2019-07-26,orders-db-primary,tax-service,203.64,450,11,29.51,95.04,9.18,3,2,green,migration window planned,ATLAS-2109
2019-07-26,payments-ledger-primary,inventory-reservation,215.31,212,53,12.74,91.95,12.61,10,6,green,connection pool reviewed,ATLAS-4353
2019-07-26,cart-redis-cluster,loyalty-service,69.15,737,19,32.0,89.71,23.87,6,4,green,vacuum completed,ATLAS-2783
2019-07-26,kafka-ordering-cluster,order-ledger,211.89,654,20,34.62,94.73,10.85,15,2,green,backup verified,ATLAS-1651
2019-07-26,warehouse-atlas,analytics-pipeline,1136.01,623,28,26.19,96.16,6.53,1,5,green,replica healthy,ATLAS-3296
2019-08-02,checkout-db-primary,loyalty-service,197.67,500,14,3.97,92.44,12.37,3,0,green,backup verified,ATLAS-1660
2019-08-02,orders-db-primary,inventory-reservation,214.29,253,17,36.55,97.58,2.44,11,0,green,backup verified,ATLAS-2211
2019-08-02,payments-ledger-primary,analytics-pipeline,192.07,465,3,0,92.1,16.71,12,3,green,vacuum completed,ATLAS-5775
2019-08-02,cart-redis-cluster,analytics-pipeline,66.59,304,18,0,93.37,10.93,13,4,green,replica healthy,ATLAS-2835
2019-08-02,kafka-ordering-cluster,analytics-pipeline,205.06,145,36,0,88.99,22.52,0,7,green,backup verified,ATLAS-1316
2019-08-02,warehouse-atlas,checkout-api,1045.91,665,23,0,96.76,5.4,5,2,green,connection pool reviewed,ATLAS-2340
2019-08-09,checkout-db-primary,tax-service,197.67,765,0,0,92.96,10.62,2,2,green,replica healthy,ATLAS-5120
2019-08-09,orders-db-primary,cart-service,215.52,231,40,31.25,95.72,6.44,12,3,green,vacuum completed,ATLAS-4786
2019-08-09,payments-ledger-primary,analytics-pipeline,209.44,186,27,0,93.29,16.19,11,7,green,index maintenance due,ATLAS-5051
2019-08-09,cart-redis-cluster,search-recommendations,75.1,585,15,14.05,91.46,14.95,9,5,green,replica healthy,ATLAS-5924
2019-08-09,kafka-ordering-cluster,checkout-api,209.79,643,26,50.69,94.77,5.89,6,7,green,migration window planned,ATLAS-3403
2019-08-09,warehouse-atlas,tax-service,1026.3,561,48,102.94,90.31,17.71,8,6,green,replica healthy,ATLAS-4063
2019-08-16,checkout-db-primary,analytics-pipeline,229.23,275,1,68.87,92.78,9.99,10,7,green,vacuum completed,ATLAS-1526
2019-08-16,orders-db-primary,payment-orchestrator,226.97,314,23,20.48,97.85,0,12,4,green,backup verified,ATLAS-4862
2019-08-16,payments-ledger-primary,loyalty-service,192.64,761,9,53.64,95.49,6.23,8,6,green,migration window planned,ATLAS-3033
2019-08-16,cart-redis-cluster,search-recommendations,77.74,716,24,29.39,93.02,15.54,4,7,green,replica healthy,ATLAS-5005
2019-08-16,kafka-ordering-cluster,inventory-reservation,201.61,761,30,69.03,95.01,9.77,5,0,green,backup verified,ATLAS-3295
2019-08-16,warehouse-atlas,loyalty-service,979.83,574,23,56.54,94.44,9.4,6,4,green,backup verified,ATLAS-1561
2019-08-23,checkout-db-primary,tax-service,212.72,780,15,0,92.9,11.41,0,5,green,index maintenance due,ATLAS-4268
2019-08-23,orders-db-primary,notification-service,202.21,253,2,5.14,94.74,10.92,1,5,green,index maintenance due,ATLAS-5449
2019-08-23,payments-ledger-primary,tax-service,207.56,696,0,32.04,93.62,9.65,0,5,green,vacuum completed,ATLAS-1894
2019-08-23,cart-redis-cluster,checkout-api,73.54,110,33,45.91,95.43,7.77,13,6,green,index maintenance due,ATLAS-3891
2019-08-23,kafka-ordering-cluster,cart-service,208.93,193,21,2.87,95.68,3.38,7,5,green,backup verified,ATLAS-5210
2019-08-23,warehouse-atlas,cart-service,1116.1,360,23,68.44,95.04,3.32,16,1,green,index maintenance due,ATLAS-2326
2019-08-30,checkout-db-primary,payment-orchestrator,228.43,253,39,0,93.21,14.33,2,2,green,index maintenance due,ATLAS-3649
2019-08-30,orders-db-primary,notification-service,202.11,222,7,0,97.28,4.26,7,1,green,replica healthy,ATLAS-1440
2019-08-30,payments-ledger-primary,pricing-engine,211.43,730,34,0,94.04,13.3,15,2,green,replica healthy,ATLAS-4577
2019-08-30,cart-redis-cluster,tax-service,70.59,135,17,80.43,92.84,13.19,10,4,green,replica healthy,ATLAS-5596
2019-08-30,kafka-ordering-cluster,search-recommendations,212.71,192,2,99.0,96.44,5.89,15,4,green,index maintenance due,ATLAS-5794
2019-08-30,warehouse-atlas,payment-orchestrator,1016.9,398,31,26.48,95.82,9.06,4,6,green,index maintenance due,ATLAS-2018
2019-09-06,checkout-db-primary,search-recommendations,216.86,105,20,0,93.84,8.91,13,3,green,migration window planned,ATLAS-4370
2019-09-06,orders-db-primary,checkout-api,201.82,523,32,32.04,96.48,3.16,8,4,green,connection pool reviewed,ATLAS-1182
2019-09-06,payments-ledger-primary,auth-gateway,223.2,155,25,29.43,96.23,5.9,0,7,green,migration window planned,ATLAS-6034
2019-09-06,cart-redis-cluster,cart-service,78.34,507,30,73.32,96.83,5.05,6,0,green,replica healthy,ATLAS-1848
2019-09-06,kafka-ordering-cluster,auth-gateway,227.9,331,20,34.35,93.52,11.12,0,0,green,replica healthy,ATLAS-3691
2019-09-06,warehouse-atlas,pricing-engine,951.17,162,31,25.57,93.2,9.91,4,1,green,backup verified,ATLAS-2444
2019-09-13,checkout-db-primary,cart-service,204.98,160,21,6.41,96.34,5.39,7,0,green,connection pool reviewed,ATLAS-4948
2019-09-13,orders-db-primary,search-recommendations,196.99,718,25,66.45,94.82,4.16,12,7,green,replica healthy,ATLAS-5887
2019-09-13,payments-ledger-primary,search-recommendations,215.21,373,27,3.71,90.22,20.81,14,0,green,backup verified,ATLAS-4130
2019-09-13,cart-redis-cluster,tax-service,74.53,556,0,11.69,94.57,9.94,15,0,green,migration window planned,ATLAS-4808
2019-09-13,kafka-ordering-cluster,notification-service,226.14,407,33,83.84,97.47,0,11,6,green,backup verified,ATLAS-2957
2019-09-13,warehouse-atlas,inventory-reservation,1100.1,597,1,0,93.49,9.62,6,1,green,migration window planned,ATLAS-4794
2019-09-20,checkout-db-primary,loyalty-service,202.22,766,21,36.28,93.73,15.6,16,0,green,index maintenance due,ATLAS-1454
2019-09-20,orders-db-primary,pricing-engine,194.39,355,35,0,95.99,5.22,16,4,green,replica healthy,ATLAS-2719
2019-09-20,payments-ledger-primary,search-recommendations,212.99,335,32,71.0,90.63,16.37,10,0,green,replica healthy,ATLAS-5529
2019-09-20,cart-redis-cluster,order-ledger,80.11,291,26,50.35,92.52,13.22,1,1,green,vacuum completed,ATLAS-1524
2019-09-20,kafka-ordering-cluster,payment-orchestrator,196.21,209,21,99.16,92.63,14.57,1,0,green,connection pool reviewed,ATLAS-3952
2019-09-20,warehouse-atlas,cart-service,1012.85,230,21,14.51,92.18,16.09,9,2,green,connection pool reviewed,ATLAS-6077
2019-09-27,checkout-db-primary,auth-gateway,217.55,135,17,0,92.22,12.12,1,3,green,migration window planned,ATLAS-2887
2019-09-27,orders-db-primary,inventory-reservation,202.1,659,11,92.43,94.98,6.13,10,5,green,vacuum completed,ATLAS-3278
2019-09-27,payments-ledger-primary,auth-gateway,190.76,506,16,41.7,93.52,14.59,9,0,green,backup verified,ATLAS-2520
2019-09-27,cart-redis-cluster,notification-service,72.63,205,18,46.27,95.99,6.72,15,2,green,connection pool reviewed,ATLAS-5492
2019-09-27,kafka-ordering-cluster,inventory-reservation,227.97,499,38,78.41,94.8,11.15,3,3,green,vacuum completed,ATLAS-4917
2019-09-27,warehouse-atlas,cart-service,982.88,462,29,23.46,91.42,16.09,6,1,green,replica healthy,ATLAS-4990
2019-10-04,checkout-db-primary,checkout-api,192.63,769,45,27.04,93.52,11.66,1,6,green,replica healthy,ATLAS-3085
2019-10-04,orders-db-primary,cart-service,224.14,342,0,29.86,97.56,2.33,6,2,green,index maintenance due,ATLAS-4849
2019-10-04,payments-ledger-primary,tax-service,221.18,658,12,35.73,94.4,5.88,3,3,green,migration window planned,ATLAS-2014
2019-10-04,cart-redis-cluster,order-ledger,76.49,771,21,0,97.49,3.7,7,7,green,index maintenance due,ATLAS-3263
2019-10-04,kafka-ordering-cluster,analytics-pipeline,220.21,725,5,17.62,92.99,10.34,9,4,green,replica healthy,ATLAS-4686
2019-10-04,warehouse-atlas,search-recommendations,1002.87,711,14,63.39,92.5,12.81,0,2,green,replica healthy,ATLAS-6132
2019-10-11,checkout-db-primary,search-recommendations,211.18,320,10,7.03,97.98,0,11,7,green,migration window planned,ATLAS-1288
2019-10-11,orders-db-primary,pricing-engine,217.48,476,8,11.24,94.42,9.79,9,4,green,replica healthy,ATLAS-3067
2019-10-11,payments-ledger-primary,search-recommendations,224.99,418,17,41.7,96.8,6.05,2,3,green,connection pool reviewed,ATLAS-3353
2019-10-11,cart-redis-cluster,order-ledger,75.21,124,33,44.19,94.92,9.31,1,5,green,migration window planned,ATLAS-3580
2019-10-11,kafka-ordering-cluster,payment-orchestrator,227.67,151,13,23.2,94.63,7.3,3,0,green,connection pool reviewed,ATLAS-4585
2019-10-11,warehouse-atlas,payment-orchestrator,1138.85,700,13,50.4,93.41,13.55,8,7,green,vacuum completed,ATLAS-2948
2019-10-18,checkout-db-primary,order-ledger,223.5,403,2,102.28,97.49,0,13,5,green,connection pool reviewed,ATLAS-3438
2019-10-18,orders-db-primary,search-recommendations,225.83,569,29,64.67,92.77,10.83,7,5,green,replica healthy,ATLAS-2657
2019-10-18,payments-ledger-primary,auth-gateway,190.29,290,7,61.17,90.98,16.05,12,1,green,replica healthy,ATLAS-1957
2019-10-18,cart-redis-cluster,checkout-api,70.5,628,7,1.38,96.77,4.19,9,6,green,migration window planned,ATLAS-2765
2019-10-18,kafka-ordering-cluster,tax-service,190.95,501,2,20.54,95.74,9.32,13,7,green,vacuum completed,ATLAS-5234
2019-10-18,warehouse-atlas,cart-service,1085.18,749,16,51.88,93.71,9.52,16,1,green,migration window planned,ATLAS-5049
2019-10-25,checkout-db-primary,cart-service,205.16,547,0,21.75,94.29,6.85,10,1,green,connection pool reviewed,ATLAS-1179
2019-10-25,orders-db-primary,checkout-api,198.84,443,37,13.55,95.25,7.89,8,3,green,vacuum completed,ATLAS-4288
2019-10-25,payments-ledger-primary,analytics-pipeline,191.92,271,7,13.05,97.16,2.03,3,2,green,connection pool reviewed,ATLAS-2756
2019-10-25,cart-redis-cluster,tax-service,79.25,759,0,22.12,95.08,4.86,10,6,green,index maintenance due,ATLAS-3048
2019-10-25,kafka-ordering-cluster,analytics-pipeline,196.99,293,46,62.26,96.43,6.42,13,3,green,connection pool reviewed,ATLAS-5141
2019-10-25,warehouse-atlas,payment-orchestrator,1069.06,83,35,49.23,93.74,8.61,16,0,green,migration window planned,ATLAS-3873
2019-11-01,checkout-db-primary,inventory-reservation,212.53,379,50,5.97,95.48,9.28,16,1,green,vacuum completed,ATLAS-1415
2019-11-01,orders-db-primary,cart-service,204.26,610,13,9.76,90.79,19.92,8,6,green,index maintenance due,ATLAS-1359
2019-11-01,payments-ledger-primary,cart-service,213.83,240,15,55.72,96.11,5.86,13,0,green,migration window planned,ATLAS-5399
2019-11-01,cart-redis-cluster,inventory-reservation,75.34,173,2,42.21,97.61,0,6,6,green,backup verified,ATLAS-2420
2019-11-01,kafka-ordering-cluster,inventory-reservation,216.78,207,37,25.9,92.94,13.75,13,5,green,migration window planned,ATLAS-2366
2019-11-01,warehouse-atlas,payment-orchestrator,988.6,529,10,54.43,94.24,7.58,11,1,green,backup verified,ATLAS-1960
2019-11-08,checkout-db-primary,search-recommendations,204.55,503,20,0,94.7,6.94,15,2,green,migration window planned,ATLAS-5864
2019-11-08,orders-db-primary,auth-gateway,202.32,330,5,24.95,95.91,4.75,3,1,green,replica healthy,ATLAS-2635
2019-11-08,payments-ledger-primary,loyalty-service,211.58,262,27,56.39,95.79,9.42,16,1,green,vacuum completed,ATLAS-1676
2019-11-08,cart-redis-cluster,search-recommendations,69.39,542,34,0,90.71,16.22,7,4,green,replica healthy,ATLAS-3596
2019-11-08,kafka-ordering-cluster,loyalty-service,228.02,359,5,29.72,93.66,8.97,1,6,green,replica healthy,ATLAS-2771
2019-11-08,warehouse-atlas,tax-service,1047.05,640,31,14.15,92.16,19.74,11,0,green,connection pool reviewed,ATLAS-4934
2019-11-15,checkout-db-primary,order-ledger,205.95,623,24,73.98,97.29,4.17,10,4,green,connection pool reviewed,ATLAS-5629
2019-11-15,orders-db-primary,inventory-reservation,205.88,109,16,0,91.47,17.11,16,7,green,index maintenance due,ATLAS-3480
2019-11-15,payments-ledger-primary,payment-orchestrator,222.37,685,16,11.94,93.97,6.68,16,5,green,index maintenance due,ATLAS-4478
2019-11-15,cart-redis-cluster,order-ledger,70.61,757,6,55.67,95.91,5.25,10,6,green,migration window planned,ATLAS-4103
2019-11-15,kafka-ordering-cluster,payment-orchestrator,214.64,178,33,60.36,92.93,14.34,5,5,green,migration window planned,ATLAS-4882
2019-11-15,warehouse-atlas,tax-service,1142.58,691,31,89.66,93.19,14.24,2,4,green,migration window planned,ATLAS-5344
2019-11-22,checkout-db-primary,order-ledger,221.89,237,44,7.94,94.92,7.3,4,1,green,connection pool reviewed,ATLAS-1953
2019-11-22,orders-db-primary,auth-gateway,225.51,235,57,19.71,92.56,10.72,5,5,green,connection pool reviewed,ATLAS-4432
2019-11-22,payments-ledger-primary,analytics-pipeline,229.12,139,26,14.08,96.99,4.32,0,0,green,migration window planned,ATLAS-5579
2019-11-22,cart-redis-cluster,order-ledger,74.68,557,18,57.22,93.92,9.76,4,7,green,vacuum completed,ATLAS-1998
2019-11-22,kafka-ordering-cluster,auth-gateway,204.81,509,22,76.56,93.37,13.78,13,1,green,vacuum completed,ATLAS-4024
2019-11-22,warehouse-atlas,search-recommendations,984.47,775,20,28.28,94.13,6.8,12,1,green,vacuum completed,ATLAS-6022
2019-11-29,checkout-db-primary,notification-service,223.14,372,21,105.6,92.32,12.79,8,2,green,migration window planned,ATLAS-1274
2019-11-29,orders-db-primary,inventory-reservation,210.14,717,38,35.04,93.58,10.03,12,1,green,replica healthy,ATLAS-2761
2019-11-29,payments-ledger-primary,search-recommendations,208.26,244,15,20.48,96.2,2.88,15,2,green,index maintenance due,ATLAS-5525
2019-11-29,cart-redis-cluster,pricing-engine,79.02,535,17,0,93.43,11.01,15,6,green,vacuum completed,ATLAS-2701
2019-11-29,kafka-ordering-cluster,auth-gateway,190.86,524,31,47.97,93.5,16.5,7,3,green,backup verified,ATLAS-4675
2019-11-29,warehouse-atlas,notification-service,976.33,153,22,55.43,95.42,6.34,3,5,green,backup verified,ATLAS-3466
2019-12-06,checkout-db-primary,checkout-api,209.54,415,40,0,93.77,15.53,10,7,green,migration window planned,ATLAS-2763
2019-12-06,orders-db-primary,tax-service,190.2,298,32,60.11,94.93,10.89,3,0,green,vacuum completed,ATLAS-6113
2019-12-06,payments-ledger-primary,cart-service,207.08,615,23,74.43,92.05,14.4,5,4,green,vacuum completed,ATLAS-1390
2019-12-06,cart-redis-cluster,order-ledger,80.48,330,12,0,94.16,5.86,12,3,green,backup verified,ATLAS-4522
2019-12-06,kafka-ordering-cluster,payment-orchestrator,224.36,674,23,67.2,96.14,3.47,3,6,green,replica healthy,ATLAS-6034
2019-12-06,warehouse-atlas,tax-service,1137.92,609,15,34.74,92.52,13.73,8,3,green,migration window planned,ATLAS-2994
2019-12-13,checkout-db-primary,search-recommendations,212.67,600,40,13.62,97.99,0.73,12,7,green,backup verified,ATLAS-1089
2019-12-13,orders-db-primary,payment-orchestrator,216.06,277,25,5.85,94.47,10.53,3,6,green,index maintenance due,ATLAS-4459
2019-12-13,payments-ledger-primary,cart-service,208.01,328,2,14.31,94.35,5.55,4,4,green,vacuum completed,ATLAS-5822
2019-12-13,cart-redis-cluster,analytics-pipeline,71.3,752,28,84.4,93.67,8.09,0,6,green,replica healthy,ATLAS-5727
2019-12-13,kafka-ordering-cluster,inventory-reservation,220.33,203,12,0,94.36,5.03,0,2,green,migration window planned,ATLAS-4844
2019-12-13,warehouse-atlas,checkout-api,1024.46,488,26,22.24,90.1,19.84,3,7,green,backup verified,ATLAS-2748
2019-12-20,checkout-db-primary,analytics-pipeline,191.02,217,42,34.49,94.28,7.61,9,3,green,vacuum completed,ATLAS-3102
2019-12-20,orders-db-primary,cart-service,203.3,99,23,1.34,95.01,3.63,11,2,green,index maintenance due,ATLAS-4536
2019-12-20,payments-ledger-primary,order-ledger,224.78,656,26,68.27,95.29,8.49,0,3,green,index maintenance due,ATLAS-1557
2019-12-20,cart-redis-cluster,search-recommendations,76.21,156,9,21.58,90.54,21.6,12,1,green,migration window planned,ATLAS-4175
2019-12-20,kafka-ordering-cluster,inventory-reservation,205.54,583,18,37.85,95.64,6.59,11,2,green,backup verified,ATLAS-4485
2019-12-20,warehouse-atlas,loyalty-service,1038.29,737,36,39.92,97.06,0,10,6,green,index maintenance due,ATLAS-5211
2019-12-27,checkout-db-primary,search-recommendations,207.89,443,19,25.5,94.33,8.07,10,4,green,migration window planned,ATLAS-4695
2019-12-27,orders-db-primary,cart-service,192.44,426,7,0,96.02,4.4,1,5,green,connection pool reviewed,ATLAS-3833
2019-12-27,payments-ledger-primary,pricing-engine,194.42,351,25,32.97,93.72,13.6,0,6,green,migration window planned,ATLAS-1112
2019-12-27,cart-redis-cluster,checkout-api,79.4,441,15,34.24,93.16,12.99,4,0,green,backup verified,ATLAS-1357
2019-12-27,kafka-ordering-cluster,cart-service,192.89,202,11,13.54,94.35,10.21,5,5,green,index maintenance due,ATLAS-4149
2019-12-27,warehouse-atlas,payment-orchestrator,1045.13,370,29,0,92.7,11.82,15,4,green,vacuum completed,ATLAS-1563
2020-01-03,checkout-db-primary,order-ledger,276.75,164,8,56.88,94.28,10.92,4,6,green,migration window planned,ATLAS-2974
2020-01-03,orders-db-primary,order-ledger,304.64,728,22,50.62,95.15,11.54,0,4,green,backup verified,ATLAS-3716
2020-01-03,payments-ledger-primary,inventory-reservation,307.25,567,29,49.07,95.4,9.89,12,7,green,migration window planned,ATLAS-1057
2020-01-03,cart-redis-cluster,notification-service,101.76,403,16,0,95.8,6.72,10,0,green,migration window planned,ATLAS-3288
2020-01-03,kafka-ordering-cluster,pricing-engine,295.87,356,11,24.78,96.5,6.52,6,1,green,connection pool reviewed,ATLAS-3744
2020-01-03,warehouse-atlas,cart-service,1496.3,623,9,38.12,90.38,21.41,15,2,green,backup verified,ATLAS-2475
2020-01-10,checkout-db-primary,checkout-api,271.33,422,16,36.03,88.95,22.77,15,6,green,index maintenance due,ATLAS-2862
2020-01-10,orders-db-primary,tax-service,291.48,769,23,27.87,93.21,9.36,1,3,green,index maintenance due,ATLAS-4991
2020-01-10,payments-ledger-primary,order-ledger,272.26,412,30,21.4,93.95,11.74,3,7,green,index maintenance due,ATLAS-5773
2020-01-10,cart-redis-cluster,payment-orchestrator,98.54,512,39,104.3,94.52,5.73,8,3,green,replica healthy,ATLAS-2881
2020-01-10,kafka-ordering-cluster,tax-service,289.19,318,40,44.02,96.16,7.19,14,2,green,migration window planned,ATLAS-1682
2020-01-10,warehouse-atlas,cart-service,1542.26,400,50,67.49,92.94,10.75,5,4,green,replica healthy,ATLAS-2496
2020-01-17,checkout-db-primary,search-recommendations,299.68,356,3,0,95.32,2.32,11,7,green,vacuum completed,ATLAS-4832
2020-01-17,orders-db-primary,checkout-api,309.28,230,38,20.57,94.02,8.01,3,2,green,index maintenance due,ATLAS-2667
2020-01-17,payments-ledger-primary,search-recommendations,283.25,239,27,68.15,96.6,6.46,9,6,green,replica healthy,ATLAS-1524
2020-01-17,cart-redis-cluster,checkout-api,107.43,260,11,57.1,94.37,9.65,13,4,green,replica healthy,ATLAS-2494
2020-01-17,kafka-ordering-cluster,payment-orchestrator,300.82,155,36,37.38,92.28,11.56,16,1,green,replica healthy,ATLAS-5730
2020-01-17,warehouse-atlas,loyalty-service,1463.45,94,20,61.09,95.69,8.2,16,3,green,backup verified,ATLAS-1722
2020-01-24,checkout-db-primary,checkout-api,295.96,223,37,83.15,94.4,7.12,10,3,green,migration window planned,ATLAS-3914
2020-01-24,orders-db-primary,notification-service,273.84,110,26,37.9,94.02,8.06,11,1,green,backup verified,ATLAS-5368
2020-01-24,payments-ledger-primary,search-recommendations,283.4,180,53,0,92.86,14.55,1,3,green,connection pool reviewed,ATLAS-4839
2020-01-24,cart-redis-cluster,notification-service,100.37,543,14,26.62,95.73,7.55,1,4,green,backup verified,ATLAS-2849
2020-01-24,kafka-ordering-cluster,cart-service,301.04,648,8,64.23,89.43,24.01,6,0,green,backup verified,ATLAS-4462
2020-01-24,warehouse-atlas,checkout-api,1480.74,484,25,57.1,91.1,16.51,15,6,green,backup verified,ATLAS-1935
2020-01-31,checkout-db-primary,cart-service,271.81,575,32,80.96,93.68,8.63,4,0,green,replica healthy,ATLAS-4753
2020-01-31,orders-db-primary,order-ledger,273.39,229,16,0,95.37,3.41,5,2,green,replica healthy,ATLAS-2335
2020-01-31,payments-ledger-primary,notification-service,306.29,494,14,14.38,93.94,6.53,8,3,green,migration window planned,ATLAS-4842
2020-01-31,cart-redis-cluster,pricing-engine,94.77,311,22,4.47,97.14,2.83,15,5,green,migration window planned,ATLAS-3505
2020-01-31,kafka-ordering-cluster,notification-service,303.01,526,7,96.82,95.38,9.11,6,1,green,connection pool reviewed,ATLAS-2819
2020-01-31,warehouse-atlas,cart-service,1510.24,660,1,42.39,96.46,5.68,5,6,green,index maintenance due,ATLAS-1347
2020-02-07,checkout-db-primary,pricing-engine,303.77,730,27,22.91,92.48,13.92,7,6,green,index maintenance due,ATLAS-3132
2020-02-07,orders-db-primary,search-recommendations,285.11,273,31,0,95.69,7.76,1,2,green,replica healthy,ATLAS-5722
2020-02-07,payments-ledger-primary,search-recommendations,280.28,192,11,27.68,93.55,9.21,8,4,green,backup verified,ATLAS-1333
2020-02-07,cart-redis-cluster,notification-service,103.77,122,34,19.26,95.2,8.05,11,5,green,replica healthy,ATLAS-5012
2020-02-07,kafka-ordering-cluster,search-recommendations,271.67,364,26,3.62,92.22,12.89,9,6,green,connection pool reviewed,ATLAS-3419
2020-02-07,warehouse-atlas,loyalty-service,1509.39,689,19,47.63,93.02,15.87,12,5,green,backup verified,ATLAS-2543
2020-02-14,checkout-db-primary,order-ledger,302.83,232,38,63.48,92.87,17.67,3,3,green,vacuum completed,ATLAS-4072
2020-02-14,orders-db-primary,search-recommendations,277.87,662,20,65.2,92.25,15.86,0,2,green,migration window planned,ATLAS-2540
2020-02-14,payments-ledger-primary,inventory-reservation,270.46,511,27,36.08,88.73,29.09,12,7,amber,index maintenance due,ATLAS-3144
2020-02-14,cart-redis-cluster,checkout-api,105.72,382,20,39.25,93.27,14.7,16,1,green,vacuum completed,ATLAS-4564
2020-02-14,kafka-ordering-cluster,notification-service,294.76,100,13,43.9,92.87,10.52,14,1,green,backup verified,ATLAS-5941
2020-02-14,warehouse-atlas,loyalty-service,1444.64,299,30,24.82,93.2,9.76,16,0,green,vacuum completed,ATLAS-4248
2020-02-21,checkout-db-primary,search-recommendations,300.11,668,30,0,94.41,12.97,11,3,green,migration window planned,ATLAS-4804
2020-02-21,orders-db-primary,loyalty-service,302.22,297,27,0,94.66,8.09,2,7,green,index maintenance due,ATLAS-4520
2020-02-21,payments-ledger-primary,inventory-reservation,287.86,165,39,1.65,95.55,9.25,9,6,green,vacuum completed,ATLAS-2664
2020-02-21,cart-redis-cluster,checkout-api,100.44,460,23,94.46,95.03,9.54,14,5,green,vacuum completed,ATLAS-5005
2020-02-21,kafka-ordering-cluster,checkout-api,273.25,779,34,62.06,91.86,12.98,2,2,green,connection pool reviewed,ATLAS-4778
2020-02-21,warehouse-atlas,auth-gateway,1543.2,699,29,72.25,92.14,13.4,16,2,green,connection pool reviewed,ATLAS-5298
2020-02-28,checkout-db-primary,notification-service,279.58,249,20,35.77,93.38,10.89,8,4,green,connection pool reviewed,ATLAS-2613
2020-02-28,orders-db-primary,search-recommendations,278.84,283,29,87.04,93.73,14.28,10,2,green,backup verified,ATLAS-1322
2020-02-28,payments-ledger-primary,tax-service,306.97,705,33,107.25,94.26,7.45,14,6,green,vacuum completed,ATLAS-2753
2020-02-28,cart-redis-cluster,analytics-pipeline,96.1,312,27,0,95.12,7.34,15,5,green,replica healthy,ATLAS-2678
2020-02-28,kafka-ordering-cluster,analytics-pipeline,294.85,500,8,0,93.49,7.93,16,0,green,backup verified,ATLAS-1413
2020-02-28,warehouse-atlas,analytics-pipeline,1459.94,410,27,13.74,94.44,12.32,16,1,green,connection pool reviewed,ATLAS-5161
2020-03-06,checkout-db-primary,tax-service,296.46,273,31,30.5,93.27,8.58,2,5,green,migration window planned,ATLAS-5119
2020-03-06,orders-db-primary,payment-orchestrator,287.43,274,39,0,95.99,6.65,10,4,green,connection pool reviewed,ATLAS-4709
2020-03-06,payments-ledger-primary,analytics-pipeline,281.39,360,27,0,95.4,8.63,3,6,green,vacuum completed,ATLAS-4617
2020-03-06,cart-redis-cluster,tax-service,105.45,195,23,99.35,91.8,13.16,6,7,green,vacuum completed,ATLAS-5439
2020-03-06,kafka-ordering-cluster,inventory-reservation,291.55,723,10,52.8,93.75,11.65,15,0,green,connection pool reviewed,ATLAS-5261
2020-03-06,warehouse-atlas,checkout-api,1391.08,633,37,47.58,94.7,6.78,16,4,green,index maintenance due,ATLAS-2920
2020-03-13,checkout-db-primary,pricing-engine,298.72,358,22,46.41,93.79,12.22,14,5,green,replica healthy,ATLAS-3289
2020-03-13,orders-db-primary,order-ledger,278.92,204,22,25.44,94.77,7.74,7,5,green,migration window planned,ATLAS-1089
2020-03-13,payments-ledger-primary,search-recommendations,293.23,180,20,42.12,92.68,11.59,10,5,green,backup verified,ATLAS-5743
2020-03-13,cart-redis-cluster,tax-service,107.87,645,2,75.61,91.62,16.17,16,1,green,index maintenance due,ATLAS-4777
2020-03-13,kafka-ordering-cluster,cart-service,287.14,187,12,68.03,90.97,17.69,5,1,green,index maintenance due,ATLAS-1357
2020-03-13,warehouse-atlas,tax-service,1449.37,389,23,27.77,94.3,12.61,5,6,green,backup verified,ATLAS-4540
2020-03-20,checkout-db-primary,auth-gateway,300.01,319,51,47.49,96.86,4.02,8,2,green,vacuum completed,ATLAS-2763
2020-03-20,orders-db-primary,pricing-engine,306.89,635,24,32.28,97.71,1.58,2,2,green,vacuum completed,ATLAS-2308
2020-03-20,payments-ledger-primary,inventory-reservation,303.63,212,22,29.65,92.46,11.11,5,3,green,replica healthy,ATLAS-4839
2020-03-20,cart-redis-cluster,tax-service,98.54,365,29,23.39,96.49,4.84,2,1,green,migration window planned,ATLAS-1886
2020-03-20,kafka-ordering-cluster,search-recommendations,307.87,395,32,20.46,91.58,13.82,16,3,green,backup verified,ATLAS-5859
2020-03-20,warehouse-atlas,tax-service,1375.13,594,32,47.05,96.47,3.99,10,6,green,migration window planned,ATLAS-5683
2020-03-27,checkout-db-primary,notification-service,295.53,222,36,36.06,92.79,14.36,13,1,green,replica healthy,ATLAS-3758
2020-03-27,orders-db-primary,auth-gateway,301.13,377,31,7.9,89.59,19.32,2,5,green,vacuum completed,ATLAS-4241
2020-03-27,payments-ledger-primary,pricing-engine,297.4,513,21,0,95.05,5.8,8,1,green,replica healthy,ATLAS-3788
2020-03-27,cart-redis-cluster,search-recommendations,108.2,139,25,11.58,93.85,7.8,0,2,green,replica healthy,ATLAS-3432
2020-03-27,kafka-ordering-cluster,auth-gateway,273.48,188,47,0,92.8,12.15,3,3,green,migration window planned,ATLAS-2101
2020-03-27,warehouse-atlas,inventory-reservation,1387.77,189,27,77.84,96.65,2.72,8,0,green,backup verified,ATLAS-2185
2020-04-03,checkout-db-primary,payment-orchestrator,284.89,396,16,16.04,95.75,4.54,0,7,green,connection pool reviewed,ATLAS-2323
2020-04-03,orders-db-primary,loyalty-service,308.49,519,34,33.28,94.65,11.16,3,6,green,index maintenance due,ATLAS-2139
2020-04-03,payments-ledger-primary,loyalty-service,272.99,275,28,72.84,92.04,13.15,6,7,green,backup verified,ATLAS-3594
2020-04-03,cart-redis-cluster,tax-service,107.04,499,21,7.33,96.09,5.43,6,1,green,backup verified,ATLAS-4638
2020-04-03,kafka-ordering-cluster,cart-service,295.35,353,10,10.53,93.9,9.98,6,7,green,migration window planned,ATLAS-1603
2020-04-03,warehouse-atlas,notification-service,1498.63,318,48,35.1,90.09,20.29,2,6,green,connection pool reviewed,ATLAS-4892
2020-04-10,checkout-db-primary,checkout-api,302.33,626,29,0,95.17,9.87,1,3,green,connection pool reviewed,ATLAS-2473
2020-04-10,orders-db-primary,cart-service,300.53,232,27,42.09,95.45,8.09,2,2,green,vacuum completed,ATLAS-5677
2020-04-10,payments-ledger-primary,auth-gateway,309.43,311,19,25.31,94.11,13.62,16,1,green,vacuum completed,ATLAS-4754
2020-04-10,cart-redis-cluster,notification-service,107.56,308,0,76.08,91.62,15.7,13,2,green,backup verified,ATLAS-4264
2020-04-10,kafka-ordering-cluster,pricing-engine,286.97,390,28,33.39,91.14,16.57,4,6,green,replica healthy,ATLAS-1877
2020-04-10,warehouse-atlas,analytics-pipeline,1459.27,706,29,20.22,93.83,13.91,9,3,green,replica healthy,ATLAS-5822
2020-04-17,checkout-db-primary,pricing-engine,282.99,486,31,71.63,93.17,14.54,1,1,green,index maintenance due,ATLAS-5910
2020-04-17,orders-db-primary,pricing-engine,282.1,417,11,22.71,94.65,7.54,0,5,green,connection pool reviewed,ATLAS-2016
2020-04-17,payments-ledger-primary,payment-orchestrator,271.91,101,26,39.84,99.0,0,7,0,green,migration window planned,ATLAS-4510
2020-04-17,cart-redis-cluster,checkout-api,97.0,181,21,58.81,95.85,6.65,3,0,green,backup verified,ATLAS-4047
2020-04-17,kafka-ordering-cluster,pricing-engine,299.43,262,18,14.75,95.7,2.88,12,0,green,connection pool reviewed,ATLAS-4401
2020-04-17,warehouse-atlas,analytics-pipeline,1547.86,478,39,0,92.19,11.69,12,5,green,vacuum completed,ATLAS-2424
2020-04-24,checkout-db-primary,order-ledger,288.34,256,36,82.0,93.05,13.45,1,7,green,replica healthy,ATLAS-3490
2020-04-24,orders-db-primary,analytics-pipeline,274.41,185,51,0,91.7,14.46,12,4,green,vacuum completed,ATLAS-1798
2020-04-24,payments-ledger-primary,inventory-reservation,304.19,763,40,74.76,93.59,14.07,7,1,green,vacuum completed,ATLAS-1350
2020-04-24,cart-redis-cluster,order-ledger,97.22,351,22,61.47,94.83,6.1,7,0,green,backup verified,ATLAS-1767
2020-04-24,kafka-ordering-cluster,order-ledger,291.81,476,0,58.27,96.77,4.65,0,6,green,replica healthy,ATLAS-1275
2020-04-24,warehouse-atlas,notification-service,1541.93,233,43,25.35,98.29,0.92,15,1,green,replica healthy,ATLAS-2551
2020-05-01,checkout-db-primary,inventory-reservation,291.73,82,35,0,94.73,11.69,13,0,green,replica healthy,ATLAS-5300
2020-05-01,orders-db-primary,order-ledger,295.25,463,4,11.02,91.36,15.24,13,0,green,connection pool reviewed,ATLAS-3653
2020-05-01,payments-ledger-primary,analytics-pipeline,300.85,681,24,15.43,94.68,6.22,3,5,green,replica healthy,ATLAS-5321
2020-05-01,cart-redis-cluster,checkout-api,97.4,496,2,20.68,92.66,14.84,6,5,green,backup verified,ATLAS-3802
2020-05-01,kafka-ordering-cluster,inventory-reservation,301.31,232,42,23.12,97.86,3.21,4,6,green,connection pool reviewed,ATLAS-5927
2020-05-01,warehouse-atlas,pricing-engine,1411.86,650,31,18.66,93.48,11.15,3,0,green,migration window planned,ATLAS-2269
2020-05-08,checkout-db-primary,payment-orchestrator,286.55,194,35,59.84,95.24,11.09,3,6,green,vacuum completed,ATLAS-4288
2020-05-08,orders-db-primary,order-ledger,298.0,600,19,11.87,93.26,12.69,0,3,green,migration window planned,ATLAS-5416
2020-05-08,payments-ledger-primary,cart-service,299.55,505,19,22.96,94.16,11.62,0,6,green,index maintenance due,ATLAS-5804
2020-05-08,cart-redis-cluster,loyalty-service,98.26,479,16,48.37,94.28,13.27,6,3,green,backup verified,ATLAS-4390
2020-05-08,kafka-ordering-cluster,auth-gateway,305.06,468,20,41.9,92.56,16.71,7,4,green,connection pool reviewed,ATLAS-3863
2020-05-08,warehouse-atlas,loyalty-service,1392.08,752,25,54.39,97.89,1.22,5,7,green,migration window planned,ATLAS-4983
2020-05-15,checkout-db-primary,pricing-engine,280.19,488,20,21.61,97.35,2.08,5,5,green,index maintenance due,ATLAS-5620
2020-05-15,orders-db-primary,checkout-api,306.19,169,36,86.43,96.75,6.72,4,2,green,vacuum completed,ATLAS-1882
2020-05-15,payments-ledger-primary,notification-service,304.22,193,19,0,88.52,22.49,2,5,green,migration window planned,ATLAS-6061
2020-05-15,cart-redis-cluster,notification-service,98.48,602,43,37.53,97.23,4.03,16,7,green,replica healthy,ATLAS-3882
2020-05-15,kafka-ordering-cluster,loyalty-service,308.81,746,20,0,89.29,22.27,7,2,green,index maintenance due,ATLAS-1686
2020-05-15,warehouse-atlas,loyalty-service,1491.38,618,49,63.89,91.32,20.65,7,1,green,index maintenance due,ATLAS-1647
2020-05-22,checkout-db-primary,order-ledger,307.86,249,24,0,93.86,12.87,15,5,green,connection pool reviewed,ATLAS-2171
2020-05-22,orders-db-primary,search-recommendations,301.86,178,16,39.24,95.06,5.87,2,5,green,index maintenance due,ATLAS-1714
2020-05-22,payments-ledger-primary,order-ledger,298.43,246,48,35.89,92.49,12.01,14,7,green,migration window planned,ATLAS-2672
2020-05-22,cart-redis-cluster,order-ledger,103.86,522,21,86.55,90.05,18.8,5,5,green,migration window planned,ATLAS-4985
2020-05-22,kafka-ordering-cluster,tax-service,274.57,192,27,45.52,89.13,22.09,5,5,green,vacuum completed,ATLAS-2350
2020-05-22,warehouse-atlas,checkout-api,1433.45,316,43,0.26,92.9,9.61,2,7,green,index maintenance due,ATLAS-5924
2020-05-29,checkout-db-primary,tax-service,308.26,774,10,30.24,95.71,7.91,12,3,green,index maintenance due,ATLAS-3400
2020-05-29,orders-db-primary,tax-service,277.34,575,0,23.15,93.73,10.92,12,4,green,replica healthy,ATLAS-2206
2020-05-29,payments-ledger-primary,tax-service,305.11,265,35,13.77,95.02,3.4,12,7,green,connection pool reviewed,ATLAS-4609
2020-05-29,cart-redis-cluster,analytics-pipeline,106.38,113,9,69.52,93.76,9.7,13,4,green,connection pool reviewed,ATLAS-6187
2020-05-29,kafka-ordering-cluster,inventory-reservation,296.96,762,21,63.71,93.86,10.83,1,5,green,replica healthy,ATLAS-1304
2020-05-29,warehouse-atlas,tax-service,1549.59,765,48,90.86,92.78,11.41,9,6,green,index maintenance due,ATLAS-3027
2020-06-05,checkout-db-primary,loyalty-service,280.64,691,42,60.57,90.78,15.81,5,1,green,migration window planned,ATLAS-1608
2020-06-05,orders-db-primary,inventory-reservation,284.39,93,45,40.04,94.67,4.85,8,6,green,vacuum completed,ATLAS-5699
2020-06-05,payments-ledger-primary,pricing-engine,297.22,537,42,1.02,95.67,7.51,9,3,green,index maintenance due,ATLAS-5163
2020-06-05,cart-redis-cluster,pricing-engine,106.8,548,35,60.09,92.39,19.3,5,4,green,replica healthy,ATLAS-3933
2020-06-05,kafka-ordering-cluster,order-ledger,300.02,427,19,29.33,92.83,17.57,11,4,green,migration window planned,ATLAS-3270
2020-06-05,warehouse-atlas,tax-service,1508.83,465,48,0,91.97,12.66,12,6,green,vacuum completed,ATLAS-3910
2020-06-12,checkout-db-primary,auth-gateway,307.99,587,45,19.8,93.55,8.91,2,3,green,backup verified,ATLAS-1984
2020-06-12,orders-db-primary,tax-service,294.71,177,32,89.46,95.69,5.05,14,6,green,migration window planned,ATLAS-1454
2020-06-12,payments-ledger-primary,inventory-reservation,276.51,364,33,0,93.51,11.4,2,7,green,migration window planned,ATLAS-3622
2020-06-12,cart-redis-cluster,checkout-api,108.38,623,27,0,93.07,13.8,8,6,green,migration window planned,ATLAS-3362
2020-06-12,kafka-ordering-cluster,checkout-api,300.67,531,29,73.78,94.54,8.27,7,6,green,replica healthy,ATLAS-6001
2020-06-12,warehouse-atlas,inventory-reservation,1401.19,263,26,15.54,93.21,12.33,5,3,green,migration window planned,ATLAS-2244
2020-06-19,checkout-db-primary,notification-service,301.03,256,24,90.3,93.66,7.11,8,0,green,migration window planned,ATLAS-5624
2020-06-19,orders-db-primary,loyalty-service,307.87,411,32,39.45,98.36,0.02,11,4,green,replica healthy,ATLAS-5334
2020-06-19,payments-ledger-primary,loyalty-service,291.49,425,20,53.01,91.06,16.56,0,4,green,migration window planned,ATLAS-4600
2020-06-19,cart-redis-cluster,cart-service,107.17,271,25,53.01,87.27,29.46,5,4,amber,replica healthy,ATLAS-4854
2020-06-19,kafka-ordering-cluster,order-ledger,281.74,665,30,2.83,93.29,8.74,11,2,green,connection pool reviewed,ATLAS-2045
2020-06-19,warehouse-atlas,pricing-engine,1540.63,720,32,0,94.1,9.28,4,1,green,connection pool reviewed,ATLAS-5273
2020-06-26,checkout-db-primary,auth-gateway,290.97,84,27,24.37,96.44,4.1,16,4,green,backup verified,ATLAS-2904
2020-06-26,orders-db-primary,pricing-engine,280.59,436,24,0,98.67,0.07,12,7,green,index maintenance due,ATLAS-3559
2020-06-26,payments-ledger-primary,loyalty-service,279.9,218,21,59.53,96.24,7.02,3,0,green,migration window planned,ATLAS-4874
2020-06-26,cart-redis-cluster,notification-service,96.85,409,30,3.13,94.21,14.06,4,2,green,vacuum completed,ATLAS-1959
2020-06-26,kafka-ordering-cluster,loyalty-service,282.06,203,24,0.39,95.46,8.06,5,2,green,index maintenance due,ATLAS-3143
2020-06-26,warehouse-atlas,inventory-reservation,1454.97,315,18,60.54,92.12,14.25,15,3,green,vacuum completed,ATLAS-1334
2020-07-03,checkout-db-primary,auth-gateway,297.25,111,17,19.01,95.83,1.27,6,7,green,vacuum completed,ATLAS-4229
2020-07-03,orders-db-primary,payment-orchestrator,308.33,646,16,83.5,91.42,15.2,4,4,green,replica healthy,ATLAS-2761
2020-07-03,payments-ledger-primary,checkout-api,288.63,571,40,81.78,96.97,4.2,9,1,green,replica healthy,ATLAS-4580
2020-07-03,cart-redis-cluster,search-recommendations,94.71,168,23,14.38,90.99,16.26,8,7,green,replica healthy,ATLAS-4577
2020-07-03,kafka-ordering-cluster,cart-service,271.23,336,41,35.84,95.12,10.83,4,1,green,vacuum completed,ATLAS-3316
2020-07-03,warehouse-atlas,loyalty-service,1506.67,164,18,0,93.99,6.36,2,6,green,replica healthy,ATLAS-2598
2020-07-10,checkout-db-primary,notification-service,307.72,88,23,0,95.35,3.38,11,7,green,migration window planned,ATLAS-5916
2020-07-10,orders-db-primary,notification-service,294.45,399,16,29.63,91.77,14.2,12,0,green,vacuum completed,ATLAS-5888
2020-07-10,payments-ledger-primary,inventory-reservation,286.82,330,22,36.8,94.68,5.32,16,1,green,replica healthy,ATLAS-2064
2020-07-10,cart-redis-cluster,cart-service,102.29,695,16,62.04,92.3,11.69,0,0,green,migration window planned,ATLAS-1390
2020-07-10,kafka-ordering-cluster,analytics-pipeline,282.04,220,19,47.7,93.0,10.18,0,0,green,index maintenance due,ATLAS-3219
2020-07-10,warehouse-atlas,inventory-reservation,1549.06,508,28,34.53,95.26,6.52,2,2,green,backup verified,ATLAS-4657
2020-07-17,checkout-db-primary,analytics-pipeline,272.39,775,26,74.86,93.03,10.76,15,1,green,index maintenance due,ATLAS-4871
2020-07-17,orders-db-primary,search-recommendations,295.2,767,59,58.42,92.38,18.39,12,4,green,migration window planned,ATLAS-1434
2020-07-17,payments-ledger-primary,search-recommendations,291.41,143,0,0,93.11,12.11,1,1,green,backup verified,ATLAS-1389
2020-07-17,cart-redis-cluster,notification-service,102.8,179,45,7.75,93.76,10.4,8,7,green,migration window planned,ATLAS-5437
2020-07-17,kafka-ordering-cluster,search-recommendations,284.92,446,19,23.88,93.43,8.57,1,0,green,replica healthy,ATLAS-3093
2020-07-17,warehouse-atlas,auth-gateway,1458.27,743,33,0.34,97.01,1.71,4,6,green,replica healthy,ATLAS-4717
2020-07-24,checkout-db-primary,checkout-api,282.18,780,13,39.01,98.66,0.14,9,7,green,replica healthy,ATLAS-3445
2020-07-24,orders-db-primary,notification-service,306.96,327,27,9.88,90.67,20.31,6,3,green,migration window planned,ATLAS-3334
2020-07-24,payments-ledger-primary,tax-service,272.92,494,30,95.31,92.16,16.85,13,0,green,migration window planned,ATLAS-5375
2020-07-24,cart-redis-cluster,inventory-reservation,98.6,177,37,90.54,90.0,22.61,11,5,green,index maintenance due,ATLAS-1813
2020-07-24,kafka-ordering-cluster,cart-service,285.47,384,21,2.56,92.52,14.32,4,1,green,connection pool reviewed,ATLAS-3641
2020-07-24,warehouse-atlas,auth-gateway,1537.58,93,20,31.69,91.13,20.46,15,1,green,vacuum completed,ATLAS-1326
2020-07-31,checkout-db-primary,order-ledger,284.85,367,19,42.46,92.8,11.98,14,3,green,vacuum completed,ATLAS-2125
2020-07-31,orders-db-primary,pricing-engine,292.16,482,11,0,93.12,15.13,13,0,green,vacuum completed,ATLAS-4616
2020-07-31,payments-ledger-primary,analytics-pipeline,281.71,466,9,17.9,93.07,15.69,9,5,green,migration window planned,ATLAS-4622
2020-07-31,cart-redis-cluster,inventory-reservation,97.89,740,34,5.48,94.47,5.56,8,3,green,migration window planned,ATLAS-3154
2020-07-31,kafka-ordering-cluster,payment-orchestrator,282.47,548,20,0,94.5,12.61,12,6,green,migration window planned,ATLAS-5519
2020-07-31,warehouse-atlas,cart-service,1482.31,291,21,75.59,91.14,19.07,15,1,green,replica healthy,ATLAS-6115
2020-08-07,checkout-db-primary,search-recommendations,289.48,86,38,66.44,94.12,13.45,13,2,green,backup verified,ATLAS-2329
2020-08-07,orders-db-primary,analytics-pipeline,278.0,239,21,59.71,92.86,17.8,8,2,green,migration window planned,ATLAS-3659
2020-08-07,payments-ledger-primary,notification-service,271.09,341,18,55.85,92.62,11.64,4,4,green,replica healthy,ATLAS-2370
2020-08-07,cart-redis-cluster,search-recommendations,101.15,581,24,65.8,93.28,12.99,10,7,green,replica healthy,ATLAS-5268
2020-08-07,kafka-ordering-cluster,search-recommendations,276.93,601,13,47.43,93.09,14.25,1,2,green,vacuum completed,ATLAS-2524
2020-08-07,warehouse-atlas,notification-service,1435.22,645,36,29.84,93.75,7.8,3,6,green,vacuum completed,ATLAS-5168
2020-08-14,checkout-db-primary,loyalty-service,274.5,461,24,0,93.13,13.92,3,1,green,migration window planned,ATLAS-5150
2020-08-14,orders-db-primary,loyalty-service,290.27,583,39,62.16,94.2,9.07,6,0,green,migration window planned,ATLAS-4273
2020-08-14,payments-ledger-primary,payment-orchestrator,274.62,178,11,78.31,95.43,5.42,5,0,green,backup verified,ATLAS-5842
2020-08-14,cart-redis-cluster,pricing-engine,103.58,507,11,49.58,94.73,12.39,4,2,green,index maintenance due,ATLAS-4826
2020-08-14,kafka-ordering-cluster,auth-gateway,272.03,521,5,69.7,92.84,15.93,12,0,green,replica healthy,ATLAS-3051
2020-08-14,warehouse-atlas,order-ledger,1481.37,508,46,81.78,94.88,4.18,15,4,green,migration window planned,ATLAS-1219
2020-08-21,checkout-db-primary,notification-service,309.19,443,29,72.89,94.41,13.02,14,6,green,backup verified,ATLAS-5335
2020-08-21,orders-db-primary,cart-service,309.58,760,36,49.1,93.16,11.69,8,4,green,vacuum completed,ATLAS-3594
2020-08-21,payments-ledger-primary,inventory-reservation,286.09,594,30,34.67,92.35,14.6,9,0,green,backup verified,ATLAS-1136
2020-08-21,cart-redis-cluster,auth-gateway,108.03,677,27,0,94.9,5.61,0,2,green,connection pool reviewed,ATLAS-3800
2020-08-21,kafka-ordering-cluster,inventory-reservation,303.16,186,10,27.18,93.8,10.37,7,4,green,connection pool reviewed,ATLAS-2377
2020-08-21,warehouse-atlas,loyalty-service,1505.41,752,29,18.2,95.13,10.46,6,2,green,migration window planned,ATLAS-3672
2020-08-28,checkout-db-primary,order-ledger,271.19,492,39,92.58,92.14,12.73,13,5,green,replica healthy,ATLAS-1445
2020-08-28,orders-db-primary,notification-service,280.33,388,26,67.8,93.7,11.91,6,1,green,backup verified,ATLAS-2085
2020-08-28,payments-ledger-primary,checkout-api,293.94,721,28,21.63,92.48,14.66,16,4,green,connection pool reviewed,ATLAS-2624
2020-08-28,cart-redis-cluster,checkout-api,101.18,321,9,68.72,90.89,21.24,12,2,green,vacuum completed,ATLAS-5807
2020-08-28,kafka-ordering-cluster,order-ledger,298.62,673,21,56.35,91.42,16.82,6,2,green,backup verified,ATLAS-1375
2020-08-28,warehouse-atlas,order-ledger,1429.87,722,37,0,94.29,13.95,1,5,green,replica healthy,ATLAS-1817
2020-09-04,checkout-db-primary,checkout-api,272.69,349,33,50.95,94.42,6.46,14,7,green,connection pool reviewed,ATLAS-4138
2020-09-04,orders-db-primary,checkout-api,298.69,440,29,53.04,94.99,11.12,2,7,green,replica healthy,ATLAS-2016
2020-09-04,payments-ledger-primary,pricing-engine,272.35,270,20,28.93,92.52,12.42,16,3,green,vacuum completed,ATLAS-6142
2020-09-04,cart-redis-cluster,auth-gateway,95.37,150,17,43.37,89.97,18.26,11,7,green,replica healthy,ATLAS-5154
2020-09-04,kafka-ordering-cluster,pricing-engine,307.01,254,45,0,95.25,10.86,13,0,green,replica healthy,ATLAS-5364
2020-09-04,warehouse-atlas,checkout-api,1452.49,698,5,55.93,95.43,5.45,4,6,green,backup verified,ATLAS-1533
2020-09-11,checkout-db-primary,pricing-engine,280.71,322,35,91.39,93.7,15.07,2,1,green,index maintenance due,ATLAS-2944
2020-09-11,orders-db-primary,inventory-reservation,305.75,677,21,34.39,93.93,10.49,10,7,green,vacuum completed,ATLAS-2960
2020-09-11,payments-ledger-primary,auth-gateway,283.35,586,26,36.3,91.87,16.68,15,5,green,backup verified,ATLAS-5686
2020-09-11,cart-redis-cluster,tax-service,105.95,620,27,0,93.88,8.25,2,7,green,migration window planned,ATLAS-5043
2020-09-11,kafka-ordering-cluster,notification-service,290.94,760,24,66.85,94.31,13.23,1,0,green,backup verified,ATLAS-3175
2020-09-11,warehouse-atlas,cart-service,1472.57,385,36,0,91.63,14.23,2,3,green,index maintenance due,ATLAS-1769
2020-09-18,checkout-db-primary,order-ledger,277.28,126,22,36.78,92.91,12.31,7,0,green,connection pool reviewed,ATLAS-1390
2020-09-18,orders-db-primary,pricing-engine,306.25,154,36,29.6,95.91,8.74,11,0,green,replica healthy,ATLAS-3200
2020-09-18,payments-ledger-primary,analytics-pipeline,286.77,726,30,2.28,96.55,5.91,2,2,green,index maintenance due,ATLAS-5574
2020-09-18,cart-redis-cluster,auth-gateway,104.61,500,13,4.85,92.87,13.86,11,0,green,replica healthy,ATLAS-1509
2020-09-18,kafka-ordering-cluster,notification-service,303.21,400,30,27.85,96.89,4.22,12,0,green,index maintenance due,ATLAS-2166
2020-09-18,warehouse-atlas,tax-service,1470.46,651,33,18.74,94.53,10.09,12,4,green,migration window planned,ATLAS-3787
2020-09-25,checkout-db-primary,cart-service,300.49,759,5,53.6,93.55,12.5,7,5,green,replica healthy,ATLAS-5555
2020-09-25,orders-db-primary,notification-service,274.94,521,11,98.54,95.77,2.55,4,5,green,replica healthy,ATLAS-1503
2020-09-25,payments-ledger-primary,order-ledger,277.89,218,16,41.23,89.08,21.71,10,5,green,migration window planned,ATLAS-3900
2020-09-25,cart-redis-cluster,cart-service,101.37,641,49,46.75,94.66,10.86,8,1,green,index maintenance due,ATLAS-1280
2020-09-25,kafka-ordering-cluster,loyalty-service,270.78,479,37,115.5,91.84,16.58,4,6,green,migration window planned,ATLAS-4303
2020-09-25,warehouse-atlas,auth-gateway,1511.85,562,17,45.93,93.65,10.26,3,5,green,index maintenance due,ATLAS-1448
2020-10-02,checkout-db-primary,analytics-pipeline,290.74,137,13,5.75,92.56,17.01,13,5,green,replica healthy,ATLAS-1070
2020-10-02,orders-db-primary,pricing-engine,308.94,109,28,29.5,95.39,8.15,10,5,green,vacuum completed,ATLAS-5324
2020-10-02,payments-ledger-primary,checkout-api,281.05,337,31,94.91,92.9,9.56,9,0,green,migration window planned,ATLAS-5867
2020-10-02,cart-redis-cluster,inventory-reservation,100.57,387,33,39.91,94.81,11.86,1,2,green,connection pool reviewed,ATLAS-5799
2020-10-02,kafka-ordering-cluster,payment-orchestrator,284.52,589,4,51.79,93.09,13.13,16,7,green,index maintenance due,ATLAS-1815
2020-10-02,warehouse-atlas,analytics-pipeline,1536.0,658,32,63.5,92.23,13.47,16,2,green,index maintenance due,ATLAS-1230
2020-10-09,checkout-db-primary,search-recommendations,276.56,187,46,0,94.92,9.65,13,2,green,replica healthy,ATLAS-1091
2020-10-09,orders-db-primary,notification-service,307.67,707,28,32.71,89.95,18.68,9,0,green,migration window planned,ATLAS-3605
2020-10-09,payments-ledger-primary,inventory-reservation,306.14,450,26,79.77,91.04,16.58,13,4,green,vacuum completed,ATLAS-4070
2020-10-09,cart-redis-cluster,checkout-api,108.36,137,27,0,97.72,1.62,3,5,green,connection pool reviewed,ATLAS-4209
2020-10-09,kafka-ordering-cluster,notification-service,274.69,314,39,0,94.76,4.24,8,3,green,replica healthy,ATLAS-4692
2020-10-09,warehouse-atlas,cart-service,1351.68,688,39,58.74,92.01,19.64,4,3,green,vacuum completed,ATLAS-4977
2020-10-16,checkout-db-primary,checkout-api,286.03,645,15,51.69,93.84,10.43,16,5,green,connection pool reviewed,ATLAS-3193
2020-10-16,orders-db-primary,checkout-api,274.54,103,41,113.23,92.06,12.27,13,4,green,connection pool reviewed,ATLAS-3061
2020-10-16,payments-ledger-primary,order-ledger,287.87,752,32,59.19,94.44,13.51,0,0,green,migration window planned,ATLAS-2830
2020-10-16,cart-redis-cluster,search-recommendations,96.98,339,25,46.69,92.37,11.38,7,3,green,migration window planned,ATLAS-5914
2020-10-16,kafka-ordering-cluster,tax-service,308.6,717,12,43.38,95.5,10.08,2,4,green,backup verified,ATLAS-2327
2020-10-16,warehouse-atlas,payment-orchestrator,1542.7,421,26,0,95.26,5.69,7,4,green,index maintenance due,ATLAS-6057
2020-10-23,checkout-db-primary,payment-orchestrator,286.98,618,43,64.19,92.39,18.54,3,4,green,index maintenance due,ATLAS-5270
2020-10-23,orders-db-primary,pricing-engine,284.1,192,19,0,92.78,11.79,2,1,green,migration window planned,ATLAS-3590
2020-10-23,payments-ledger-primary,checkout-api,298.54,345,7,52.21,97.59,3.66,13,6,green,connection pool reviewed,ATLAS-2535
2020-10-23,cart-redis-cluster,payment-orchestrator,96.73,209,27,44.19,91.83,15.6,3,2,green,connection pool reviewed,ATLAS-3056
2020-10-23,kafka-ordering-cluster,notification-service,294.36,293,34,67.08,95.38,7.37,2,2,green,index maintenance due,ATLAS-1259
2020-10-23,warehouse-atlas,inventory-reservation,1537.43,307,36,9.53,92.83,9.57,13,2,green,vacuum completed,ATLAS-1949
2020-10-30,checkout-db-primary,tax-service,279.21,339,4,60.67,91.27,15.5,10,5,green,replica healthy,ATLAS-2398
2020-10-30,orders-db-primary,pricing-engine,302.25,365,24,0,93.15,12.6,16,5,green,backup verified,ATLAS-4916
2020-10-30,payments-ledger-primary,order-ledger,307.09,312,34,75.37,92.97,9.99,3,7,green,vacuum completed,ATLAS-3005
2020-10-30,cart-redis-cluster,auth-gateway,100.95,355,32,89.69,94.05,11.29,11,1,green,backup verified,ATLAS-3873
2020-10-30,kafka-ordering-cluster,auth-gateway,304.98,547,15,60.6,95.44,5.56,5,2,green,connection pool reviewed,ATLAS-1823
2020-10-30,warehouse-atlas,tax-service,1362.24,109,46,54.32,97.67,0,15,1,green,replica healthy,ATLAS-4847
2020-11-06,checkout-db-primary,tax-service,276.07,114,13,60.03,93.9,7.65,14,1,green,migration window planned,ATLAS-3926
2020-11-06,orders-db-primary,checkout-api,283.18,384,17,8.82,91.79,13.41,12,0,green,migration window planned,ATLAS-3565
2020-11-06,payments-ledger-primary,auth-gateway,290.35,249,36,5.57,96.05,8.02,7,5,green,vacuum completed,ATLAS-1135
2020-11-06,cart-redis-cluster,inventory-reservation,103.76,707,49,75.62,94.11,8.41,13,0,green,index maintenance due,ATLAS-5722
2020-11-06,kafka-ordering-cluster,pricing-engine,278.1,207,22,113.16,92.87,11.2,3,3,green,migration window planned,ATLAS-4230
2020-11-06,warehouse-atlas,inventory-reservation,1418.04,439,20,61.29,92.18,12.57,16,0,green,migration window planned,ATLAS-6023
2020-11-13,checkout-db-primary,payment-orchestrator,297.15,553,43,127.71,92.8,9.96,7,7,green,backup verified,ATLAS-4937
2020-11-13,orders-db-primary,cart-service,284.52,731,35,39.33,96.61,0.29,7,4,green,connection pool reviewed,ATLAS-3149
2020-11-13,payments-ledger-primary,notification-service,287.29,107,24,54.75,93.04,15.03,4,2,green,index maintenance due,ATLAS-1103
2020-11-13,cart-redis-cluster,analytics-pipeline,96.29,360,8,19.12,91.84,13.99,15,1,green,migration window planned,ATLAS-4761
2020-11-13,kafka-ordering-cluster,auth-gateway,280.54,342,31,11.57,90.73,16.37,13,1,green,connection pool reviewed,ATLAS-2261
2020-11-13,warehouse-atlas,auth-gateway,1471.86,514,37,48.14,95.83,3.17,9,0,green,vacuum completed,ATLAS-2239
2020-11-20,checkout-db-primary,auth-gateway,289.64,424,28,96.14,95.42,5.47,12,5,green,connection pool reviewed,ATLAS-3050
2020-11-20,orders-db-primary,inventory-reservation,287.85,333,43,0,92.39,17.15,6,7,green,backup verified,ATLAS-3665
2020-11-20,payments-ledger-primary,order-ledger,285.64,759,41,6.68,92.55,14.29,2,1,green,vacuum completed,ATLAS-2618
2020-11-20,cart-redis-cluster,analytics-pipeline,99.54,163,21,119.84,92.44,13.24,7,4,green,migration window planned,ATLAS-3752
2020-11-20,kafka-ordering-cluster,notification-service,306.8,771,23,39.03,95.81,7.51,16,4,green,index maintenance due,ATLAS-5721
2020-11-20,warehouse-atlas,loyalty-service,1443.06,670,20,17.59,89.38,20.69,5,4,green,index maintenance due,ATLAS-1245
2020-11-27,checkout-db-primary,inventory-reservation,280.72,223,30,0,93.65,13.41,10,0,green,vacuum completed,ATLAS-3415
2020-11-27,orders-db-primary,inventory-reservation,274.9,228,46,4.09,95.24,6.56,12,6,green,replica healthy,ATLAS-1354
2020-11-27,payments-ledger-primary,auth-gateway,306.81,184,22,42.5,97.13,3.59,5,5,green,replica healthy,ATLAS-1578
2020-11-27,cart-redis-cluster,analytics-pipeline,105.72,458,24,34.59,93.46,10.26,3,3,green,replica healthy,ATLAS-3631
2020-11-27,kafka-ordering-cluster,search-recommendations,309.17,97,27,97.6,92.02,17.63,0,1,green,connection pool reviewed,ATLAS-4710
2020-11-27,warehouse-atlas,auth-gateway,1497.9,760,29,43.26,93.63,7.39,12,6,green,migration window planned,ATLAS-3143
2020-12-04,checkout-db-primary,order-ledger,275.87,214,39,54.48,95.37,5.92,5,0,green,index maintenance due,ATLAS-2070
2020-12-04,orders-db-primary,checkout-api,308.89,437,19,33.45,92.12,15.75,5,4,green,index maintenance due,ATLAS-4861
2020-12-04,payments-ledger-primary,loyalty-service,278.16,483,20,100.58,96.44,5.54,0,3,green,index maintenance due,ATLAS-1092
2020-12-04,cart-redis-cluster,notification-service,96.0,568,11,35.06,91.51,20.25,6,1,green,replica healthy,ATLAS-1767
2020-12-04,kafka-ordering-cluster,notification-service,307.7,413,15,28.3,92.63,11.88,3,3,green,migration window planned,ATLAS-4870
2020-12-04,warehouse-atlas,inventory-reservation,1491.24,752,17,12.11,96.8,4.85,10,2,green,backup verified,ATLAS-4578
2020-12-11,checkout-db-primary,cart-service,288.37,114,17,2.94,97.64,1.85,13,2,green,index maintenance due,ATLAS-4454
2020-12-11,orders-db-primary,pricing-engine,282.43,122,11,30.45,95.66,4.0,10,5,green,replica healthy,ATLAS-1769
2020-12-11,payments-ledger-primary,order-ledger,304.65,410,27,2.78,93.96,8.98,14,1,green,connection pool reviewed,ATLAS-4565
2020-12-11,cart-redis-cluster,notification-service,103.02,566,29,0,92.57,14.86,7,6,green,connection pool reviewed,ATLAS-3996
2020-12-11,kafka-ordering-cluster,payment-orchestrator,303.22,431,31,61.51,94.12,7.45,15,2,green,index maintenance due,ATLAS-3765
2020-12-11,warehouse-atlas,loyalty-service,1426.37,765,20,0,92.2,13.39,10,6,green,migration window planned,ATLAS-5267
2020-12-18,checkout-db-primary,tax-service,294.48,164,7,28.05,93.35,8.06,5,5,green,backup verified,ATLAS-5845
2020-12-18,orders-db-primary,payment-orchestrator,299.21,398,27,23.35,91.27,20.88,15,5,green,connection pool reviewed,ATLAS-1186
2020-12-18,payments-ledger-primary,cart-service,306.54,625,31,77.37,94.34,7.14,1,5,green,replica healthy,ATLAS-2603
2020-12-18,cart-redis-cluster,checkout-api,98.73,258,27,21.42,94.25,8.75,2,7,green,migration window planned,ATLAS-2401
2020-12-18,kafka-ordering-cluster,analytics-pipeline,308.03,693,28,9.61,94.17,10.38,0,6,green,migration window planned,ATLAS-5105
2020-12-18,warehouse-atlas,checkout-api,1549.28,775,23,5.43,92.5,10.52,1,2,green,vacuum completed,ATLAS-4455
2020-12-25,checkout-db-primary,loyalty-service,289.61,205,29,41.07,91.15,17.96,0,0,green,vacuum completed,ATLAS-4967
2020-12-25,orders-db-primary,pricing-engine,304.13,136,21,24.97,91.93,15.84,14,7,green,index maintenance due,ATLAS-4694
2020-12-25,payments-ledger-primary,payment-orchestrator,299.2,745,24,69.41,93.97,11.84,5,7,green,connection pool reviewed,ATLAS-5751
2020-12-25,cart-redis-cluster,loyalty-service,107.21,764,31,22.48,92.16,19.97,12,7,green,connection pool reviewed,ATLAS-5874
2020-12-25,kafka-ordering-cluster,inventory-reservation,302.66,760,19,0,95.08,11.12,10,5,green,index maintenance due,ATLAS-4308
2020-12-25,warehouse-atlas,tax-service,1533.92,251,31,0.11,93.65,7.98,7,5,green,index maintenance due,ATLAS-2286
2021-01-01,checkout-db-primary,loyalty-service,360.56,338,52,41.81,93.27,13.62,15,3,green,index maintenance due,ATLAS-2803
2021-01-01,orders-db-primary,payment-orchestrator,356.57,558,10,2.13,93.79,8.1,15,6,green,backup verified,ATLAS-2390
2021-01-01,payments-ledger-primary,auth-gateway,350.69,443,28,57.27,93.55,7.92,1,6,green,migration window planned,ATLAS-2556
2021-01-01,cart-redis-cluster,loyalty-service,131.18,650,43,0,92.17,18.41,2,5,green,replica healthy,ATLAS-2043
2021-01-01,kafka-ordering-cluster,loyalty-service,376.97,220,27,113.9,93.32,8.09,8,5,green,vacuum completed,ATLAS-3194
2021-01-01,warehouse-atlas,cart-service,1866.3,197,27,99.47,91.12,14.83,9,6,green,connection pool reviewed,ATLAS-5978
2021-01-08,checkout-db-primary,auth-gateway,367.59,605,28,62.38,94.31,9.72,10,3,green,replica healthy,ATLAS-2636
2021-01-08,orders-db-primary,analytics-pipeline,369.72,586,21,55.51,92.2,15.54,15,5,green,vacuum completed,ATLAS-2539
2021-01-08,payments-ledger-primary,payment-orchestrator,352.62,259,16,0,96.69,6.52,10,3,green,connection pool reviewed,ATLAS-2185
2021-01-08,cart-redis-cluster,cart-service,127.57,417,24,18.17,91.27,18.3,5,4,green,connection pool reviewed,ATLAS-4414
2021-01-08,kafka-ordering-cluster,analytics-pipeline,382.3,404,35,54.46,90.58,16.32,1,6,green,replica healthy,ATLAS-3518
2021-01-08,warehouse-atlas,payment-orchestrator,1882.47,158,32,25.37,92.87,18.26,3,3,green,migration window planned,ATLAS-4338
2021-01-15,checkout-db-primary,order-ledger,365.97,152,43,55.51,91.97,18.97,3,5,green,migration window planned,ATLAS-1430
2021-01-15,orders-db-primary,notification-service,377.37,113,19,0,90.05,20.36,5,3,green,backup verified,ATLAS-1460
2021-01-15,payments-ledger-primary,loyalty-service,384.19,364,28,31.33,96.25,1.02,11,2,green,replica healthy,ATLAS-2975
2021-01-15,cart-redis-cluster,notification-service,133.12,704,23,6.21,91.52,18.54,1,2,green,index maintenance due,ATLAS-1905
2021-01-15,kafka-ordering-cluster,notification-service,370.32,678,29,30.51,93.02,16.75,13,3,green,replica healthy,ATLAS-5104
2021-01-15,warehouse-atlas,pricing-engine,1882.58,675,43,37.06,90.01,19.91,3,5,green,replica healthy,ATLAS-3957
2021-01-22,checkout-db-primary,auth-gateway,373.69,565,10,0,91.35,16.61,4,7,green,replica healthy,ATLAS-4400
2021-01-22,orders-db-primary,auth-gateway,379.42,714,35,62.93,92.65,14.99,3,3,green,vacuum completed,ATLAS-2031
2021-01-22,payments-ledger-primary,pricing-engine,359.67,424,31,115.32,95.37,7.87,13,4,green,backup verified,ATLAS-1010
2021-01-22,cart-redis-cluster,checkout-api,136.34,494,19,18.43,95.51,10.39,0,7,green,vacuum completed,ATLAS-2812
2021-01-22,kafka-ordering-cluster,notification-service,376.46,418,17,0,91.75,19.58,11,7,green,vacuum completed,ATLAS-5396
2021-01-22,warehouse-atlas,checkout-api,1862.03,421,23,27.43,93.45,14.3,5,5,green,vacuum completed,ATLAS-1923
2021-01-29,checkout-db-primary,analytics-pipeline,372.47,237,20,52.49,94.15,10.21,0,3,green,vacuum completed,ATLAS-1424
2021-01-29,orders-db-primary,checkout-api,374.04,360,40,21.89,96.42,7.35,14,7,green,index maintenance due,ATLAS-1502
2021-01-29,payments-ledger-primary,notification-service,354.86,464,44,52.1,92.35,16.57,15,0,green,connection pool reviewed,ATLAS-4131
2021-01-29,cart-redis-cluster,tax-service,125.15,470,35,0,96.33,3.81,0,4,green,replica healthy,ATLAS-2401
2021-01-29,kafka-ordering-cluster,inventory-reservation,353.12,492,23,0,95.55,7.77,15,5,green,vacuum completed,ATLAS-3777
2021-01-29,warehouse-atlas,payment-orchestrator,1765.33,531,38,15.62,91.75,14.84,4,1,green,connection pool reviewed,ATLAS-6100
2021-02-05,checkout-db-primary,pricing-engine,374.87,704,33,95.42,92.89,14.03,16,4,green,migration window planned,ATLAS-5847
2021-02-05,orders-db-primary,order-ledger,387.35,733,34,77.87,94.51,8.6,10,7,green,vacuum completed,ATLAS-3407
2021-02-05,payments-ledger-primary,search-recommendations,351.18,369,39,56.37,93.78,11.53,12,3,green,backup verified,ATLAS-1125
2021-02-05,cart-redis-cluster,loyalty-service,123.86,86,32,53.54,91.48,14.58,5,1,green,replica healthy,ATLAS-3490
2021-02-05,kafka-ordering-cluster,search-recommendations,380.76,383,37,0,93.77,11.13,9,7,green,replica healthy,ATLAS-2020
2021-02-05,warehouse-atlas,order-ledger,1886.49,775,16,65.26,95.42,9.95,3,6,green,migration window planned,ATLAS-3716
2021-02-12,checkout-db-primary,notification-service,377.36,504,30,0,96.29,7.15,3,7,green,connection pool reviewed,ATLAS-3045
2021-02-12,orders-db-primary,pricing-engine,378.25,397,34,94.42,89.81,19.68,4,5,green,connection pool reviewed,ATLAS-1150
2021-02-12,payments-ledger-primary,cart-service,364.27,615,30,54.31,95.27,9.34,5,0,green,index maintenance due,ATLAS-2269
2021-02-12,cart-redis-cluster,order-ledger,124.79,98,18,64.47,90.6,17.26,2,7,green,vacuum completed,ATLAS-3809
2021-02-12,kafka-ordering-cluster,tax-service,358.82,769,39,22.41,91.48,13.8,5,0,green,vacuum completed,ATLAS-1330
2021-02-12,warehouse-atlas,checkout-api,1892.03,104,31,0,94.19,11.92,10,5,green,replica healthy,ATLAS-3591
2021-02-19,checkout-db-primary,payment-orchestrator,360.39,537,38,91.99,92.13,12.52,15,3,green,index maintenance due,ATLAS-3251
2021-02-19,orders-db-primary,auth-gateway,367.73,650,33,44.61,92.07,14.77,5,0,green,connection pool reviewed,ATLAS-2014
2021-02-19,payments-ledger-primary,analytics-pipeline,389.16,489,17,2.39,93.3,11.41,6,7,green,replica healthy,ATLAS-2601
2021-02-19,cart-redis-cluster,inventory-reservation,132.16,343,7,0,94.22,11.61,3,3,green,replica healthy,ATLAS-5697
2021-02-19,kafka-ordering-cluster,auth-gateway,384.67,85,40,0,91.52,18.21,4,6,green,backup verified,ATLAS-3090
2021-02-19,warehouse-atlas,loyalty-service,1758.92,186,23,39.31,96.07,1.73,2,2,green,migration window planned,ATLAS-2704
2021-02-26,checkout-db-primary,analytics-pipeline,353.41,334,39,33.23,93.95,13.16,0,7,green,connection pool reviewed,ATLAS-5572
2021-02-26,orders-db-primary,auth-gateway,376.53,725,30,0,93.3,11.74,8,1,green,connection pool reviewed,ATLAS-5615
2021-02-26,payments-ledger-primary,checkout-api,380.49,455,32,21.38,94.92,11.26,11,5,green,index maintenance due,ATLAS-3045
2021-02-26,cart-redis-cluster,pricing-engine,131.86,731,42,0,94.83,10.8,15,7,green,backup verified,ATLAS-3131
2021-02-26,kafka-ordering-cluster,inventory-reservation,368.95,481,30,0,97.24,0.08,11,7,green,migration window planned,ATLAS-5893
2021-02-26,warehouse-atlas,order-ledger,1825.15,173,6,57.72,97.01,5.9,12,1,green,connection pool reviewed,ATLAS-3854
2021-03-05,checkout-db-primary,notification-service,375.35,542,28,0,91.03,17.73,14,7,green,connection pool reviewed,ATLAS-3806
2021-03-05,orders-db-primary,cart-service,379.44,379,41,35.41,95.42,7.1,2,4,green,connection pool reviewed,ATLAS-2467
2021-03-05,payments-ledger-primary,analytics-pipeline,372.9,696,27,0,94.81,12.46,10,1,green,index maintenance due,ATLAS-4880
2021-03-05,cart-redis-cluster,order-ledger,131.47,639,37,67.69,95.51,8.28,12,1,green,vacuum completed,ATLAS-4404
2021-03-05,kafka-ordering-cluster,cart-service,362.48,745,46,48.26,91.35,16.56,15,2,green,migration window planned,ATLAS-5567
2021-03-05,warehouse-atlas,analytics-pipeline,1889.49,388,13,114.02,92.05,20.3,6,3,green,index maintenance due,ATLAS-2563
2021-03-12,checkout-db-primary,auth-gateway,384.99,393,31,44.37,90.37,18.94,7,4,green,vacuum completed,ATLAS-2082
2021-03-12,orders-db-primary,loyalty-service,360.64,711,30,16.72,90.94,19.73,12,1,green,backup verified,ATLAS-5996
2021-03-12,payments-ledger-primary,tax-service,389.65,517,27,31.37,93.39,11.81,5,5,green,index maintenance due,ATLAS-5647
2021-03-12,cart-redis-cluster,payment-orchestrator,136.07,494,32,0,92.88,11.85,11,6,green,connection pool reviewed,ATLAS-1633
2021-03-12,kafka-ordering-cluster,inventory-reservation,381.98,644,37,26.05,91.18,16.52,1,0,green,index maintenance due,ATLAS-4905
2021-03-12,warehouse-atlas,cart-service,1839.24,772,26,47.64,93.55,12.16,9,7,green,migration window planned,ATLAS-2579
2021-03-19,checkout-db-primary,order-ledger,380.08,122,35,69.02,93.06,11.97,9,0,green,backup verified,ATLAS-2832
2021-03-19,orders-db-primary,tax-service,377.22,194,19,30.43,88.22,25.15,15,5,green,index maintenance due,ATLAS-5663
2021-03-19,payments-ledger-primary,checkout-api,355.43,376,34,51.32,92.98,16.41,9,3,green,connection pool reviewed,ATLAS-5154
2021-03-19,cart-redis-cluster,auth-gateway,123.48,614,15,50.86,93.86,11.44,8,4,green,vacuum completed,ATLAS-2319
2021-03-19,kafka-ordering-cluster,analytics-pipeline,380.39,371,42,97.6,93.44,12.56,12,5,green,vacuum completed,ATLAS-4827
2021-03-19,warehouse-atlas,inventory-reservation,1798.5,752,17,82.86,95.3,9.8,15,5,green,migration window planned,ATLAS-3849
2021-03-26,checkout-db-primary,tax-service,389.37,350,45,27.89,94.66,4.76,16,1,green,connection pool reviewed,ATLAS-6191
2021-03-26,orders-db-primary,auth-gateway,360.85,139,43,41.76,91.78,18.82,1,4,green,backup verified,ATLAS-5033
2021-03-26,payments-ledger-primary,inventory-reservation,363.71,215,6,39.2,93.24,14.6,8,3,green,backup verified,ATLAS-3165
2021-03-26,cart-redis-cluster,tax-service,133.15,764,28,0,91.32,17.45,14,5,green,vacuum completed,ATLAS-1054
2021-03-26,kafka-ordering-cluster,pricing-engine,374.48,155,8,15.15,96.19,7.27,6,6,green,connection pool reviewed,ATLAS-3361
2021-03-26,warehouse-atlas,order-ledger,1865.68,96,17,71.91,92.49,13.43,3,5,green,migration window planned,ATLAS-5923
2021-04-02,checkout-db-primary,order-ledger,361.31,96,32,77.11,92.33,14.77,10,2,green,index maintenance due,ATLAS-3901
2021-04-02,orders-db-primary,auth-gateway,366.11,566,31,94.45,91.87,15.07,11,7,green,backup verified,ATLAS-1350
2021-04-02,payments-ledger-primary,notification-service,358.97,686,34,75.91,94.45,12.77,3,5,green,backup verified,ATLAS-4115
2021-04-02,cart-redis-cluster,inventory-reservation,134.39,516,22,0,94.48,13.2,0,0,green,vacuum completed,ATLAS-2571
2021-04-02,kafka-ordering-cluster,inventory-reservation,369.38,582,26,27.4,92.87,12.89,3,7,green,index maintenance due,ATLAS-3793
2021-04-02,warehouse-atlas,analytics-pipeline,1771.44,748,50,0,91.21,19.72,4,0,green,migration window planned,ATLAS-4792
2021-04-09,checkout-db-primary,payment-orchestrator,375.35,465,10,29.3,93.19,14.45,16,4,green,index maintenance due,ATLAS-5655
2021-04-09,orders-db-primary,cart-service,357.89,468,54,50.05,93.19,10.48,8,0,green,index maintenance due,ATLAS-4675
2021-04-09,payments-ledger-primary,checkout-api,362.56,106,10,0,93.02,11.6,0,1,green,migration window planned,ATLAS-3421
2021-04-09,cart-redis-cluster,checkout-api,134.51,430,38,35.81,94.75,10.05,12,5,green,index maintenance due,ATLAS-5431
2021-04-09,kafka-ordering-cluster,auth-gateway,386.34,362,24,0,93.49,15.42,13,4,green,index maintenance due,ATLAS-4271
2021-04-09,warehouse-atlas,tax-service,1753.59,471,37,38.33,94.6,9.75,2,7,green,vacuum completed,ATLAS-5112
2021-04-16,checkout-db-primary,inventory-reservation,371.94,357,31,72.31,92.57,10.29,14,4,green,backup verified,ATLAS-5240
2021-04-16,orders-db-primary,auth-gateway,357.22,105,41,6.55,93.14,16.45,10,0,green,vacuum completed,ATLAS-4011
2021-04-16,payments-ledger-primary,notification-service,384.43,162,24,68.69,91.4,18.84,6,0,green,migration window planned,ATLAS-2575
2021-04-16,cart-redis-cluster,analytics-pipeline,128.96,699,30,7.54,96.36,2.56,9,5,green,replica healthy,ATLAS-1615
2021-04-16,kafka-ordering-cluster,checkout-api,386.02,726,36,96.83,94.01,11.52,9,1,green,backup verified,ATLAS-3894
2021-04-16,warehouse-atlas,loyalty-service,1902.46,484,36,37.3,92.56,14.66,15,2,green,index maintenance due,ATLAS-2140
2021-04-23,checkout-db-primary,auth-gateway,371.44,302,36,90.6,89.71,19.72,12,4,green,migration window planned,ATLAS-2935
2021-04-23,orders-db-primary,pricing-engine,360.91,624,51,26.86,94.39,12.02,0,4,green,index maintenance due,ATLAS-4311
2021-04-23,payments-ledger-primary,search-recommendations,383.8,680,40,0,90.75,16.6,8,5,green,replica healthy,ATLAS-2073
2021-04-23,cart-redis-cluster,checkout-api,128.33,356,51,0,95.53,9.25,0,5,green,replica healthy,ATLAS-1955
2021-04-23,kafka-ordering-cluster,inventory-reservation,374.59,263,19,51.97,95.28,5.73,2,6,green,backup verified,ATLAS-5318
2021-04-23,warehouse-atlas,payment-orchestrator,1827.94,439,28,43.15,93.74,14.34,9,5,green,vacuum completed,ATLAS-3368
2021-04-30,checkout-db-primary,search-recommendations,361.85,153,21,78.49,90.34,18.4,7,2,green,backup verified,ATLAS-5251
2021-04-30,orders-db-primary,analytics-pipeline,375.87,110,19,79.7,93.93,12.03,5,7,green,connection pool reviewed,ATLAS-3471
2021-04-30,payments-ledger-primary,order-ledger,382.74,484,26,0,95.47,3.14,8,5,green,index maintenance due,ATLAS-3255
2021-04-30,cart-redis-cluster,checkout-api,136.23,228,21,47.89,92.74,11.7,15,1,green,migration window planned,ATLAS-3992
2021-04-30,kafka-ordering-cluster,payment-orchestrator,377.23,214,34,82.64,93.73,13.55,10,5,green,backup verified,ATLAS-1344
2021-04-30,warehouse-atlas,tax-service,1759.12,106,35,22.9,94.68,10.51,3,1,green,backup verified,ATLAS-3119
2021-05-07,checkout-db-primary,order-ledger,388.66,760,16,29.22,91.47,13.59,1,4,green,backup verified,ATLAS-5360
2021-05-07,orders-db-primary,auth-gateway,356.49,105,31,0,94.8,11.99,12,0,green,replica healthy,ATLAS-4756
2021-05-07,payments-ledger-primary,cart-service,379.35,164,35,17.02,93.44,12.63,15,3,green,backup verified,ATLAS-4078
2021-05-07,cart-redis-cluster,analytics-pipeline,127.99,353,40,52.59,93.4,10.48,16,2,green,index maintenance due,ATLAS-1016
2021-05-07,kafka-ordering-cluster,pricing-engine,385.55,698,54,75.83,92.43,12.28,12,7,green,connection pool reviewed,ATLAS-1372
2021-05-07,warehouse-atlas,cart-service,1864.36,552,19,26.18,94.77,5.11,8,0,green,migration window planned,ATLAS-1738
2021-05-14,checkout-db-primary,pricing-engine,352.51,546,16,2.75,93.27,12.82,15,1,green,vacuum completed,ATLAS-6080
2021-05-14,orders-db-primary,search-recommendations,351.38,462,32,64.85,94.22,7.18,0,1,green,migration window planned,ATLAS-1442
2021-05-14,payments-ledger-primary,pricing-engine,388.08,618,28,38.75,91.33,14.61,4,0,green,replica healthy,ATLAS-2197
2021-05-14,cart-redis-cluster,checkout-api,123.04,347,32,61.82,95.91,7.7,5,7,green,vacuum completed,ATLAS-1821
2021-05-14,kafka-ordering-cluster,payment-orchestrator,363.86,207,20,19.61,94.56,8.84,8,4,green,migration window planned,ATLAS-5583
2021-05-14,warehouse-atlas,pricing-engine,1853.08,255,17,40.55,90.2,21.91,8,3,green,index maintenance due,ATLAS-4166
2021-05-21,checkout-db-primary,payment-orchestrator,385.83,678,41,10.44,94.31,12.71,15,2,green,vacuum completed,ATLAS-5619
2021-05-21,orders-db-primary,analytics-pipeline,355.0,202,43,31.38,97.58,1.5,1,6,green,replica healthy,ATLAS-4369
2021-05-21,payments-ledger-primary,tax-service,377.58,334,19,71.27,90.2,20.6,10,5,green,migration window planned,ATLAS-3932
2021-05-21,cart-redis-cluster,order-ledger,125.96,630,29,40.67,93.73,12.7,14,0,green,migration window planned,ATLAS-6194
2021-05-21,kafka-ordering-cluster,cart-service,384.42,280,42,0,91.28,16.0,4,3,green,connection pool reviewed,ATLAS-4078
2021-05-21,warehouse-atlas,notification-service,1937.37,529,13,65.72,90.95,19.12,15,7,green,replica healthy,ATLAS-2473
2021-05-28,checkout-db-primary,inventory-reservation,374.94,747,37,23.57,91.77,16.85,16,0,green,vacuum completed,ATLAS-3851
2021-05-28,orders-db-primary,payment-orchestrator,377.16,446,41,85.26,95.45,4.55,3,4,green,vacuum completed,ATLAS-3483
2021-05-28,payments-ledger-primary,analytics-pipeline,385.82,722,30,67.54,92.16,16.68,1,0,green,vacuum completed,ATLAS-2366
2021-05-28,cart-redis-cluster,analytics-pipeline,125.14,358,20,18.56,89.86,19.4,2,5,green,backup verified,ATLAS-3497
2021-05-28,kafka-ordering-cluster,inventory-reservation,378.98,615,5,42.32,94.43,7.11,3,0,green,migration window planned,ATLAS-4162
2021-05-28,warehouse-atlas,cart-service,1870.37,650,26,62.83,92.49,13.13,16,7,green,vacuum completed,ATLAS-1488
2021-06-04,checkout-db-primary,search-recommendations,354.25,412,27,43.26,93.77,7.22,6,4,green,vacuum completed,ATLAS-3022
2021-06-04,orders-db-primary,cart-service,389.68,708,35,32.79,92.13,13.4,9,6,green,vacuum completed,ATLAS-5617
2021-06-04,payments-ledger-primary,analytics-pipeline,387.81,243,35,66.48,91.27,18.31,16,4,green,backup verified,ATLAS-5496
2021-06-04,cart-redis-cluster,payment-orchestrator,127.0,173,28,63.67,96.57,6.73,2,7,green,backup verified,ATLAS-4928
2021-06-04,kafka-ordering-cluster,pricing-engine,389.27,255,54,47.49,94.33,9.85,2,2,green,vacuum completed,ATLAS-3725
2021-06-04,warehouse-atlas,order-ledger,1801.3,309,40,38.92,91.93,13.93,16,0,green,migration window planned,ATLAS-3321
2021-06-11,checkout-db-primary,inventory-reservation,361.0,685,17,25.72,91.61,16.77,2,0,green,migration window planned,ATLAS-2050
2021-06-11,orders-db-primary,analytics-pipeline,386.03,107,25,66.36,91.42,14.6,0,0,green,replica healthy,ATLAS-3529
2021-06-11,payments-ledger-primary,order-ledger,369.98,779,20,25.69,93.28,9.57,10,7,green,backup verified,ATLAS-5125
2021-06-11,cart-redis-cluster,checkout-api,133.14,125,56,12.09,95.23,7.98,2,5,green,backup verified,ATLAS-6168
2021-06-11,kafka-ordering-cluster,pricing-engine,353.13,309,48,11.01,95.08,7.99,14,1,green,migration window planned,ATLAS-2391
2021-06-11,warehouse-atlas,search-recommendations,1828.69,97,25,31.1,95.63,7.63,7,6,green,replica healthy,ATLAS-4907
2021-06-18,checkout-db-primary,search-recommendations,372.8,195,45,26.55,91.84,14.69,9,2,green,vacuum completed,ATLAS-2458
2021-06-18,orders-db-primary,payment-orchestrator,366.43,580,29,64.68,95.91,8.87,12,1,green,backup verified,ATLAS-5035
2021-06-18,payments-ledger-primary,inventory-reservation,362.88,670,40,0,92.19,16.94,1,5,green,backup verified,ATLAS-2471
2021-06-18,cart-redis-cluster,tax-service,129.82,460,19,23.11,90.41,17.01,6,4,green,replica healthy,ATLAS-1743
2021-06-18,kafka-ordering-cluster,checkout-api,373.18,384,21,64.45,92.6,11.58,16,7,green,index maintenance due,ATLAS-4217
2021-06-18,warehouse-atlas,checkout-api,1910.66,586,23,40.43,97.77,2.45,2,4,green,connection pool reviewed,ATLAS-5747
2021-06-25,checkout-db-primary,cart-service,359.13,687,36,87.3,92.01,16.98,13,6,green,backup verified,ATLAS-1194
2021-06-25,orders-db-primary,loyalty-service,373.52,132,15,16.63,92.47,13.74,8,3,green,vacuum completed,ATLAS-5391
2021-06-25,payments-ledger-primary,auth-gateway,365.34,440,33,82.56,93.08,14.32,3,3,green,index maintenance due,ATLAS-3222
2021-06-25,cart-redis-cluster,inventory-reservation,127.12,747,29,38.15,93.0,15.78,11,4,green,backup verified,ATLAS-5594
2021-06-25,kafka-ordering-cluster,pricing-engine,364.08,351,26,19.6,91.69,14.84,4,5,green,vacuum completed,ATLAS-4802
2021-06-25,warehouse-atlas,loyalty-service,1892.55,754,27,51.35,93.51,9.26,9,1,green,vacuum completed,ATLAS-1797
2021-07-02,checkout-db-primary,notification-service,353.75,107,14,0,91.09,15.2,4,5,green,backup verified,ATLAS-4646
2021-07-02,orders-db-primary,search-recommendations,387.88,306,38,48.42,90.11,18.14,14,7,green,connection pool reviewed,ATLAS-5380
2021-07-02,payments-ledger-primary,analytics-pipeline,371.02,350,31,32.1,92.44,11.08,2,3,green,replica healthy,ATLAS-5247
2021-07-02,cart-redis-cluster,analytics-pipeline,125.96,267,18,27.29,93.45,8.97,0,3,green,connection pool reviewed,ATLAS-3868
2021-07-02,kafka-ordering-cluster,tax-service,378.39,98,7,20.3,92.63,10.64,11,4,green,replica healthy,ATLAS-3199
2021-07-02,warehouse-atlas,payment-orchestrator,1915.26,482,25,57.37,93.26,15.03,15,3,green,connection pool reviewed,ATLAS-1708
2021-07-09,checkout-db-primary,inventory-reservation,389.8,576,44,79.35,90.62,19.59,15,0,green,backup verified,ATLAS-1529
2021-07-09,orders-db-primary,loyalty-service,389.94,279,25,57.8,93.24,13.0,8,1,green,vacuum completed,ATLAS-3576
2021-07-09,payments-ledger-primary,search-recommendations,386.62,349,31,31.39,95.17,4.66,6,4,green,replica healthy,ATLAS-6012
2021-07-09,cart-redis-cluster,loyalty-service,126.07,755,31,60.16,91.47,21.46,12,3,green,backup verified,ATLAS-5477
2021-07-09,kafka-ordering-cluster,tax-service,369.83,425,35,22.92,92.54,18.83,12,1,green,migration window planned,ATLAS-2522
2021-07-09,warehouse-atlas,notification-service,1840.84,395,21,37.16,91.38,14.87,8,6,green,index maintenance due,ATLAS-2413
2021-07-16,checkout-db-primary,analytics-pipeline,353.78,511,26,60.35,96.09,7.25,5,4,green,vacuum completed,ATLAS-3725
2021-07-16,orders-db-primary,pricing-engine,385.93,383,39,11.92,90.51,17.72,6,6,green,index maintenance due,ATLAS-5987
2021-07-16,payments-ledger-primary,search-recommendations,361.36,319,37,13.51,93.5,14.9,0,6,green,connection pool reviewed,ATLAS-4149
2021-07-16,cart-redis-cluster,cart-service,134.22,344,41,37.56,94.68,12.33,4,7,green,index maintenance due,ATLAS-1312
2021-07-16,kafka-ordering-cluster,order-ledger,377.13,340,10,39.87,90.95,17.39,10,7,green,vacuum completed,ATLAS-1410
2021-07-16,warehouse-atlas,notification-service,1921.9,608,51,19.47,95.62,4.89,6,1,green,backup verified,ATLAS-1734
2021-07-23,checkout-db-primary,checkout-api,354.13,259,21,77.72,92.97,13.52,14,0,green,vacuum completed,ATLAS-1051
2021-07-23,orders-db-primary,checkout-api,355.69,735,22,22.82,94.77,12.38,1,5,green,migration window planned,ATLAS-3472
2021-07-23,payments-ledger-primary,search-recommendations,370.98,312,11,86.11,92.42,12.1,5,4,green,index maintenance due,ATLAS-5588
2021-07-23,cart-redis-cluster,loyalty-service,136.06,524,26,99.04,95.91,8.53,7,4,green,backup verified,ATLAS-4259
2021-07-23,kafka-ordering-cluster,auth-gateway,380.19,751,31,59.42,94.72,11.2,13,2,green,replica healthy,ATLAS-1438
2021-07-23,warehouse-atlas,pricing-engine,1917.9,713,29,0,90.69,17.64,11,1,green,backup verified,ATLAS-5719
2021-07-30,checkout-db-primary,loyalty-service,355.62,355,36,0,92.49,15.57,11,1,green,replica healthy,ATLAS-2811
2021-07-30,orders-db-primary,auth-gateway,352.6,409,37,69.76,92.92,18.22,7,3,green,index maintenance due,ATLAS-2428
2021-07-30,payments-ledger-primary,search-recommendations,375.93,649,21,3.6,92.18,18.73,11,3,green,index maintenance due,ATLAS-1251
2021-07-30,cart-redis-cluster,pricing-engine,130.18,556,15,0,94.79,8.77,1,3,green,index maintenance due,ATLAS-4197
2021-07-30,kafka-ordering-cluster,pricing-engine,371.17,744,29,28.19,89.21,21.12,0,2,green,replica healthy,ATLAS-2349
2021-07-30,warehouse-atlas,tax-service,1760.01,228,41,30.69,94.71,9.94,9,4,green,connection pool reviewed,ATLAS-2080
2021-08-06,checkout-db-primary,loyalty-service,384.65,540,20,65.32,91.81,17.97,6,1,green,replica healthy,ATLAS-4252
2021-08-06,orders-db-primary,pricing-engine,377.25,231,17,93.22,93.7,13.03,4,2,green,migration window planned,ATLAS-1169
2021-08-06,payments-ledger-primary,order-ledger,350.52,262,24,15.74,92.58,13.76,13,6,green,connection pool reviewed,ATLAS-3890
2021-08-06,cart-redis-cluster,cart-service,122.58,580,28,72.29,92.62,15.14,6,6,green,backup verified,ATLAS-2322
2021-08-06,kafka-ordering-cluster,inventory-reservation,358.12,715,30,98.76,92.34,13.87,11,2,green,vacuum completed,ATLAS-3928
2021-08-06,warehouse-atlas,search-recommendations,1815.16,593,34,23.91,93.63,13.39,0,0,green,replica healthy,ATLAS-1667
2021-08-13,checkout-db-primary,analytics-pipeline,369.77,680,42,12.49,97.16,0.79,10,3,green,replica healthy,ATLAS-4614
2021-08-13,orders-db-primary,search-recommendations,378.58,726,20,19.62,92.1,14.79,10,7,green,vacuum completed,ATLAS-4646
2021-08-13,payments-ledger-primary,notification-service,371.78,103,23,15.71,93.8,8.76,7,4,green,connection pool reviewed,ATLAS-4982
2021-08-13,cart-redis-cluster,order-ledger,136.44,647,12,81.66,92.6,16.98,13,0,green,index maintenance due,ATLAS-4369
2021-08-13,kafka-ordering-cluster,pricing-engine,359.8,597,28,36.57,90.95,18.41,9,7,green,replica healthy,ATLAS-2764
2021-08-13,warehouse-atlas,checkout-api,1912.08,249,27,65.3,93.42,12.22,9,2,green,index maintenance due,ATLAS-6124
2021-08-20,checkout-db-primary,pricing-engine,388.91,765,28,48.16,95.38,2.29,11,3,green,migration window planned,ATLAS-3780
2021-08-20,orders-db-primary,notification-service,351.08,224,16,34.09,92.84,16.44,4,7,green,index maintenance due,ATLAS-5564
2021-08-20,payments-ledger-primary,inventory-reservation,363.4,755,0,0,93.6,13.68,16,4,green,migration window planned,ATLAS-3988
2021-08-20,cart-redis-cluster,order-ledger,124.28,476,42,43.32,92.54,17.4,5,0,green,vacuum completed,ATLAS-3308
2021-08-20,kafka-ordering-cluster,loyalty-service,361.34,383,31,0,91.29,21.49,12,6,green,replica healthy,ATLAS-4420
2021-08-20,warehouse-atlas,analytics-pipeline,1776.8,484,29,7.77,94.28,12.62,9,0,green,replica healthy,ATLAS-2229
2021-08-27,checkout-db-primary,checkout-api,371.09,343,20,26.95,95.02,7.92,2,0,green,index maintenance due,ATLAS-3385
2021-08-27,orders-db-primary,checkout-api,353.58,117,27,51.26,93.26,12.14,1,7,green,index maintenance due,ATLAS-3204
2021-08-27,payments-ledger-primary,auth-gateway,382.71,586,26,53.28,91.73,15.74,10,2,green,replica healthy,ATLAS-5089
2021-08-27,cart-redis-cluster,notification-service,128.03,423,28,8.09,94.09,6.15,8,5,green,replica healthy,ATLAS-1682
2021-08-27,kafka-ordering-cluster,payment-orchestrator,375.56,200,37,23.77,94.89,7.2,12,0,green,replica healthy,ATLAS-3928
2021-08-27,warehouse-atlas,notification-service,1820.32,353,27,27.9,94.0,10.74,5,5,green,connection pool reviewed,ATLAS-4249
2021-09-03,checkout-db-primary,inventory-reservation,356.48,703,38,88.0,94.59,11.27,1,4,green,migration window planned,ATLAS-3557
2021-09-03,orders-db-primary,order-ledger,388.42,170,9,99.37,91.12,18.77,12,2,green,index maintenance due,ATLAS-5575
2021-09-03,payments-ledger-primary,pricing-engine,368.54,92,46,78.22,95.88,7.93,7,7,green,migration window planned,ATLAS-1774
2021-09-03,cart-redis-cluster,payment-orchestrator,133.15,110,43,51.06,93.57,15.07,10,0,green,connection pool reviewed,ATLAS-5409
2021-09-03,kafka-ordering-cluster,tax-service,383.56,617,66,34.97,91.52,14.86,11,2,green,vacuum completed,ATLAS-3259
2021-09-03,warehouse-atlas,payment-orchestrator,1929.11,334,35,30.15,93.82,11.83,5,6,green,migration window planned,ATLAS-4205
2021-09-10,checkout-db-primary,search-recommendations,376.24,264,42,95.48,92.93,15.99,13,5,green,migration window planned,ATLAS-6175
2021-09-10,orders-db-primary,analytics-pipeline,377.88,662,46,16.82,95.6,5.47,16,1,green,migration window planned,ATLAS-1445
2021-09-10,payments-ledger-primary,payment-orchestrator,364.91,165,33,34.82,91.84,20.57,3,3,green,backup verified,ATLAS-1980
2021-09-10,cart-redis-cluster,auth-gateway,133.91,308,19,67.45,92.45,13.27,1,5,green,migration window planned,ATLAS-5779
2021-09-10,kafka-ordering-cluster,notification-service,389.61,474,17,44.47,96.68,4.04,3,6,green,migration window planned,ATLAS-5594
2021-09-10,warehouse-atlas,payment-orchestrator,1756.53,104,21,50.14,91.17,16.61,16,3,green,backup verified,ATLAS-2104
2021-09-17,checkout-db-primary,pricing-engine,371.75,400,40,69.41,91.83,13.64,8,0,green,index maintenance due,ATLAS-5800
2021-09-17,orders-db-primary,search-recommendations,385.78,497,23,43.03,90.72,16.11,12,3,green,replica healthy,ATLAS-2149
2021-09-17,payments-ledger-primary,pricing-engine,362.45,615,14,16.92,91.39,21.21,4,0,green,vacuum completed,ATLAS-4996
2021-09-17,cart-redis-cluster,loyalty-service,135.75,472,47,24.39,97.63,3.12,11,6,green,index maintenance due,ATLAS-2685
2021-09-17,kafka-ordering-cluster,inventory-reservation,367.19,411,37,13.09,90.0,18.16,4,7,green,vacuum completed,ATLAS-5106
2021-09-17,warehouse-atlas,payment-orchestrator,1913.79,659,32,64.67,91.64,13.21,16,5,green,backup verified,ATLAS-1847
2021-09-24,checkout-db-primary,analytics-pipeline,386.58,371,16,75.8,93.22,13.57,11,2,green,connection pool reviewed,ATLAS-1179
2021-09-24,orders-db-primary,loyalty-service,355.14,332,35,131.82,96.69,0,16,7,green,backup verified,ATLAS-1448
2021-09-24,payments-ledger-primary,tax-service,370.58,450,13,66.98,95.18,10.12,2,4,green,replica healthy,ATLAS-5221
2021-09-24,cart-redis-cluster,cart-service,131.27,297,36,35.41,95.25,4.46,4,6,green,connection pool reviewed,ATLAS-2264
2021-09-24,kafka-ordering-cluster,inventory-reservation,373.19,81,18,0,94.82,4.03,12,3,green,connection pool reviewed,ATLAS-3051
2021-09-24,warehouse-atlas,order-ledger,1810.54,634,23,7.89,93.76,9.56,15,1,green,replica healthy,ATLAS-4879
2021-10-01,checkout-db-primary,notification-service,351.57,291,51,23.97,92.87,10.39,8,7,green,replica healthy,ATLAS-2051
2021-10-01,orders-db-primary,analytics-pipeline,389.75,318,16,4.66,91.58,17.85,7,0,green,migration window planned,ATLAS-5356
2021-10-01,payments-ledger-primary,payment-orchestrator,387.94,721,3,0,94.13,11.54,7,2,green,backup verified,ATLAS-3576
2021-10-01,cart-redis-cluster,auth-gateway,133.71,434,28,32.07,91.79,19.97,13,6,green,connection pool reviewed,ATLAS-5678
2021-10-01,kafka-ordering-cluster,checkout-api,369.48,702,22,39.0,95.81,7.66,15,4,green,migration window planned,ATLAS-2128
2021-10-01,warehouse-atlas,auth-gateway,1804.65,111,40,33.25,90.52,17.83,8,2,green,vacuum completed,ATLAS-4976
2021-10-08,checkout-db-primary,auth-gateway,383.87,323,19,19.55,92.44,11.75,11,5,green,index maintenance due,ATLAS-4082
2021-10-08,orders-db-primary,search-recommendations,370.78,285,49,58.24,89.59,20.43,1,6,green,connection pool reviewed,ATLAS-5579
2021-10-08,payments-ledger-primary,cart-service,384.55,452,26,39.74,95.32,5.08,12,6,green,backup verified,ATLAS-4222
2021-10-08,cart-redis-cluster,tax-service,131.31,605,19,6.77,97.2,2.02,7,4,green,index maintenance due,ATLAS-5596
2021-10-08,kafka-ordering-cluster,inventory-reservation,367.42,428,36,1.79,92.36,16.72,5,7,green,vacuum completed,ATLAS-3017
2021-10-08,warehouse-atlas,auth-gateway,1892.83,383,8,69.31,93.06,14.17,12,0,green,index maintenance due,ATLAS-2887
2021-10-15,checkout-db-primary,payment-orchestrator,373.09,442,59,14.66,95.58,3.8,13,3,green,migration window planned,ATLAS-4198
2021-10-15,orders-db-primary,tax-service,361.66,177,12,21.95,92.02,12.52,13,6,green,replica healthy,ATLAS-4138
2021-10-15,payments-ledger-primary,notification-service,362.42,185,43,40.01,92.4,18.62,0,4,green,migration window planned,ATLAS-5423
2021-10-15,cart-redis-cluster,search-recommendations,123.7,537,40,81.13,94.53,10.79,9,0,green,index maintenance due,ATLAS-3274
2021-10-15,kafka-ordering-cluster,notification-service,386.51,545,20,49.71,92.41,18.03,13,1,green,replica healthy,ATLAS-3558
2021-10-15,warehouse-atlas,checkout-api,1854.71,127,20,27.75,92.86,12.45,10,4,green,replica healthy,ATLAS-3636
2021-10-22,checkout-db-primary,checkout-api,356.53,168,42,89.44,94.44,11.79,7,4,green,replica healthy,ATLAS-5417
2021-10-22,orders-db-primary,analytics-pipeline,362.09,255,30,74.05,94.6,7.36,0,4,green,migration window planned,ATLAS-4171
2021-10-22,payments-ledger-primary,search-recommendations,367.74,362,33,21.31,94.17,7.22,15,2,green,index maintenance due,ATLAS-2289
2021-10-22,cart-redis-cluster,analytics-pipeline,124.43,587,29,93.32,90.55,24.04,7,0,green,backup verified,ATLAS-1632
2021-10-22,kafka-ordering-cluster,search-recommendations,375.94,715,13,98.77,94.14,12.15,14,3,green,index maintenance due,ATLAS-4324
2021-10-22,warehouse-atlas,cart-service,1824.3,780,39,38.3,94.47,13.53,2,1,green,migration window planned,ATLAS-2101
2021-10-29,checkout-db-primary,search-recommendations,363.65,399,21,86.81,96.04,8.36,12,7,green,migration window planned,ATLAS-1746
2021-10-29,orders-db-primary,auth-gateway,381.66,292,43,107.42,95.89,5.92,6,7,green,vacuum completed,ATLAS-4067
2021-10-29,payments-ledger-primary,loyalty-service,364.7,306,36,22.75,89.35,23.74,3,2,green,connection pool reviewed,ATLAS-4743
2021-10-29,cart-redis-cluster,order-ledger,123.15,119,32,13.08,91.62,19.21,13,3,green,connection pool reviewed,ATLAS-4591
2021-10-29,kafka-ordering-cluster,loyalty-service,356.11,104,21,46.06,92.96,17.87,15,0,green,migration window planned,ATLAS-2854
2021-10-29,warehouse-atlas,loyalty-service,1787.34,452,30,0,91.96,19.38,16,4,green,backup verified,ATLAS-3397
2021-11-05,checkout-db-primary,analytics-pipeline,373.24,572,14,70.77,93.5,11.9,8,6,green,index maintenance due,ATLAS-1744
2021-11-05,orders-db-primary,notification-service,353.15,273,27,69.56,92.87,12.48,1,0,green,vacuum completed,ATLAS-2475
2021-11-05,payments-ledger-primary,pricing-engine,385.34,263,34,9.43,92.06,12.11,4,5,green,backup verified,ATLAS-2051
2021-11-05,cart-redis-cluster,notification-service,129.95,542,22,54.68,97.71,0,9,4,green,index maintenance due,ATLAS-2357
2021-11-05,kafka-ordering-cluster,order-ledger,389.73,576,23,25.94,93.75,15.03,13,6,green,vacuum completed,ATLAS-5628
2021-11-05,warehouse-atlas,cart-service,1936.99,151,30,50.83,93.94,8.26,8,3,green,index maintenance due,ATLAS-6135
2021-11-12,checkout-db-primary,checkout-api,364.39,691,29,136.39,90.77,20.34,7,6,green,replica healthy,ATLAS-3788
2021-11-12,orders-db-primary,tax-service,354.35,267,25,86.73,89.57,20.4,6,0,green,connection pool reviewed,ATLAS-2902
2021-11-12,payments-ledger-primary,checkout-api,372.74,648,14,25.12,93.31,14.44,5,2,green,replica healthy,ATLAS-2247
2021-11-12,cart-redis-cluster,inventory-reservation,124.38,113,38,14.53,92.68,10.11,8,4,green,replica healthy,ATLAS-2818
2021-11-12,kafka-ordering-cluster,tax-service,371.47,158,19,47.84,91.77,14.16,11,4,green,migration window planned,ATLAS-5797
2021-11-12,warehouse-atlas,analytics-pipeline,1894.64,235,16,25.51,92.27,18.34,3,1,green,replica healthy,ATLAS-6143
2021-11-19,checkout-db-primary,pricing-engine,356.27,459,47,39.75,94.71,12.83,8,3,green,replica healthy,ATLAS-4808
2021-11-19,orders-db-primary,loyalty-service,350.74,669,19,5.87,93.0,9.18,14,0,green,backup verified,ATLAS-5656
2021-11-19,payments-ledger-primary,checkout-api,380.15,272,29,0,91.02,23.27,11,4,green,backup verified,ATLAS-4923
2021-11-19,cart-redis-cluster,pricing-engine,129.94,453,26,67.2,92.7,12.65,0,4,green,index maintenance due,ATLAS-4187
2021-11-19,kafka-ordering-cluster,loyalty-service,372.76,187,15,34.73,89.15,21.3,5,4,green,replica healthy,ATLAS-2121
2021-11-19,warehouse-atlas,checkout-api,1920.56,731,27,27.14,93.58,11.49,7,4,green,connection pool reviewed,ATLAS-2297
2021-11-26,checkout-db-primary,notification-service,359.99,623,22,0,93.81,9.6,2,3,green,backup verified,ATLAS-5569
2021-11-26,orders-db-primary,notification-service,370.33,690,38,77.09,91.8,16.44,8,2,green,migration window planned,ATLAS-1142
2021-11-26,payments-ledger-primary,tax-service,389.0,145,6,59.38,93.51,15.24,10,4,green,replica healthy,ATLAS-4521
2021-11-26,cart-redis-cluster,payment-orchestrator,123.44,100,50,51.93,92.59,12.15,13,7,green,vacuum completed,ATLAS-2817
2021-11-26,kafka-ordering-cluster,analytics-pipeline,362.14,534,36,0,90.4,24.02,14,3,green,migration window planned,ATLAS-4868
2021-11-26,warehouse-atlas,cart-service,1944.05,432,39,4.21,94.36,11.19,1,1,green,backup verified,ATLAS-6118
2021-12-03,checkout-db-primary,order-ledger,384.7,248,24,0,96.42,4.41,5,2,green,vacuum completed,ATLAS-4378
2021-12-03,orders-db-primary,pricing-engine,383.0,695,52,0,92.01,17.04,9,1,green,migration window planned,ATLAS-6065
2021-12-03,payments-ledger-primary,tax-service,389.6,136,26,51.02,91.07,18.37,0,5,green,index maintenance due,ATLAS-3803
2021-12-03,cart-redis-cluster,order-ledger,135.99,420,19,29.75,90.41,18.64,5,6,green,connection pool reviewed,ATLAS-4186
2021-12-03,kafka-ordering-cluster,tax-service,359.78,431,13,2.64,95.42,9.3,16,1,green,backup verified,ATLAS-3353
2021-12-03,warehouse-atlas,notification-service,1818.24,331,35,88.78,92.46,11.38,6,0,green,replica healthy,ATLAS-3322
2021-12-10,checkout-db-primary,cart-service,387.84,218,22,25.27,93.07,10.42,2,6,green,vacuum completed,ATLAS-4931
2021-12-10,orders-db-primary,checkout-api,389.27,102,33,31.94,95.86,8.57,7,7,green,backup verified,ATLAS-1926
2021-12-10,payments-ledger-primary,inventory-reservation,355.88,108,28,78.68,94.24,11.33,4,3,green,index maintenance due,ATLAS-4252
2021-12-10,cart-redis-cluster,analytics-pipeline,133.27,443,7,54.91,95.66,7.19,13,2,green,backup verified,ATLAS-5998
2021-12-10,kafka-ordering-cluster,payment-orchestrator,389.13,703,20,28.1,90.16,22.14,5,3,green,replica healthy,ATLAS-2517
2021-12-10,warehouse-atlas,order-ledger,1938.72,553,32,41.78,92.95,16.46,7,4,green,connection pool reviewed,ATLAS-3860
2021-12-17,checkout-db-primary,tax-service,357.12,454,49,14.25,95.07,10.09,11,7,green,index maintenance due,ATLAS-1789
2021-12-17,orders-db-primary,payment-orchestrator,386.61,588,16,122.89,96.66,3.02,6,2,green,vacuum completed,ATLAS-2790
2021-12-17,payments-ledger-primary,checkout-api,386.75,99,29,19.8,95.88,8.69,12,4,green,index maintenance due,ATLAS-5710
2021-12-17,cart-redis-cluster,cart-service,127.69,355,50,0,93.37,13.57,4,4,green,replica healthy,ATLAS-1501
2021-12-17,kafka-ordering-cluster,tax-service,359.23,499,45,78.24,95.7,6.58,14,6,green,migration window planned,ATLAS-1218
2021-12-17,warehouse-atlas,cart-service,1763.88,630,11,56.59,93.92,11.28,7,2,green,backup verified,ATLAS-3790
2021-12-24,checkout-db-primary,order-ledger,382.05,319,43,25.25,95.44,3.39,7,7,green,backup verified,ATLAS-1332
2021-12-24,orders-db-primary,cart-service,384.5,244,31,4.77,94.09,12.28,2,2,green,connection pool reviewed,ATLAS-3689
2021-12-24,payments-ledger-primary,loyalty-service,383.9,150,63,0,91.09,18.43,8,0,green,connection pool reviewed,ATLAS-1394
2021-12-24,cart-redis-cluster,order-ledger,125.21,185,44,2.37,96.59,4.71,2,7,green,migration window planned,ATLAS-5821
2021-12-24,kafka-ordering-cluster,order-ledger,368.35,452,27,0,91.25,18.2,13,6,green,replica healthy,ATLAS-2068
2021-12-24,warehouse-atlas,checkout-api,1766.71,662,38,30.78,92.69,13.38,9,4,green,index maintenance due,ATLAS-1527
2021-12-31,checkout-db-primary,auth-gateway,381.32,493,10,0,93.21,12.51,3,1,green,connection pool reviewed,ATLAS-2592
2021-12-31,orders-db-primary,loyalty-service,352.46,302,27,22.24,96.72,6.15,13,7,green,replica healthy,ATLAS-2049
2021-12-31,payments-ledger-primary,analytics-pipeline,366.61,135,33,106.68,94.09,11.44,16,2,green,replica healthy,ATLAS-2772
2021-12-31,cart-redis-cluster,order-ledger,124.47,760,15,10.51,93.76,11.09,9,7,green,replica healthy,ATLAS-1008
2021-12-31,kafka-ordering-cluster,checkout-api,372.55,430,42,58.16,96.2,6.27,10,5,green,replica healthy,ATLAS-1612
2021-12-31,warehouse-atlas,inventory-reservation,1931.57,773,43,86.75,93.09,14.06,13,0,green,index maintenance due,ATLAS-2611
2022-01-07,checkout-db-primary,notification-service,458.16,583,37,33.37,91.19,16.79,9,1,green,vacuum completed,ATLAS-4904
2022-01-07,orders-db-primary,analytics-pipeline,461.57,486,33,29.2,94.94,6.45,16,5,green,replica healthy,ATLAS-3328
2022-01-07,payments-ledger-primary,search-recommendations,453.9,251,15,0,89.0,21.86,14,0,green,replica healthy,ATLAS-3976
2022-01-07,cart-redis-cluster,auth-gateway,160.34,278,11,6.43,94.82,7.48,10,0,green,replica healthy,ATLAS-5141
2022-01-07,kafka-ordering-cluster,order-ledger,430.39,628,45,10.37,92.43,13.59,6,6,green,connection pool reviewed,ATLAS-3701
2022-01-07,warehouse-atlas,search-recommendations,2336.85,122,44,12.69,89.72,19.76,0,7,green,vacuum completed,ATLAS-2658
2022-01-14,checkout-db-primary,loyalty-service,453.04,304,42,52.79,92.96,12.29,5,2,green,vacuum completed,ATLAS-2327
2022-01-14,orders-db-primary,order-ledger,467.1,662,41,19.01,96.79,6.04,7,7,green,migration window planned,ATLAS-4302
2022-01-14,payments-ledger-primary,inventory-reservation,469.61,523,44,63.0,93.67,12.95,16,4,green,backup verified,ATLAS-4546
2022-01-14,cart-redis-cluster,payment-orchestrator,158.27,435,31,91.59,93.51,8.8,3,0,green,backup verified,ATLAS-5938
2022-01-14,kafka-ordering-cluster,auth-gateway,460.48,483,44,81.6,91.47,18.85,12,5,green,connection pool reviewed,ATLAS-3320
2022-01-14,warehouse-atlas,order-ledger,2263.05,352,31,16.23,91.77,14.14,6,6,green,backup verified,ATLAS-3253
2022-01-21,checkout-db-primary,inventory-reservation,456.0,98,22,42.79,90.94,15.6,14,2,green,migration window planned,ATLAS-2847
2022-01-21,orders-db-primary,search-recommendations,465.17,211,19,40.1,94.9,9.14,4,2,green,vacuum completed,ATLAS-4572
2022-01-21,payments-ledger-primary,auth-gateway,443.72,354,25,40.73,93.58,16.24,13,3,green,index maintenance due,ATLAS-5587
2022-01-21,cart-redis-cluster,notification-service,157.75,245,19,56.87,93.54,11.72,7,7,green,backup verified,ATLAS-3775
2022-01-21,kafka-ordering-cluster,loyalty-service,466.94,344,25,44.03,90.44,16.7,0,6,green,vacuum completed,ATLAS-2663
2022-01-21,warehouse-atlas,inventory-reservation,2329.6,746,31,96.05,96.74,5.79,10,0,green,backup verified,ATLAS-4157
2022-01-28,checkout-db-primary,checkout-api,433.09,762,60,37.53,93.77,11.4,6,2,green,replica healthy,ATLAS-3557
2022-01-28,orders-db-primary,cart-service,461.44,377,53,29.67,90.48,23.17,6,0,green,replica healthy,ATLAS-1486
2022-01-28,payments-ledger-primary,pricing-engine,447.41,228,27,19.24,96.08,7.18,0,3,green,backup verified,ATLAS-1404
2022-01-28,cart-redis-cluster,analytics-pipeline,151.39,122,42,29.21,93.28,9.39,1,7,green,replica healthy,ATLAS-4540
2022-01-28,kafka-ordering-cluster,payment-orchestrator,452.89,628,38,54.97,92.95,12.79,5,3,green,backup verified,ATLAS-2993
2022-01-28,warehouse-atlas,auth-gateway,2239.38,632,19,0,92.31,12.59,6,3,green,backup verified,ATLAS-2360
2022-02-04,checkout-db-primary,auth-gateway,454.99,350,53,0,89.19,21.71,8,6,green,index maintenance due,ATLAS-5336
2022-02-04,orders-db-primary,cart-service,466.92,470,51,112.81,93.59,14.33,0,6,green,backup verified,ATLAS-4881
2022-02-04,payments-ledger-primary,cart-service,468.79,224,40,34.75,88.85,22.52,13,5,green,vacuum completed,ATLAS-4980
2022-02-04,cart-redis-cluster,payment-orchestrator,153.88,193,40,21.05,89.96,20.27,13,7,green,replica healthy,ATLAS-6042
2022-02-04,kafka-ordering-cluster,payment-orchestrator,435.48,245,52,0,92.59,13.78,12,6,green,index maintenance due,ATLAS-4566
2022-02-04,warehouse-atlas,tax-service,2193.57,196,25,62.17,94.99,8.36,11,3,green,migration window planned,ATLAS-3509
2022-02-11,checkout-db-primary,analytics-pipeline,462.12,401,60,0,94.59,10.86,15,6,green,connection pool reviewed,ATLAS-4849
2022-02-11,orders-db-primary,payment-orchestrator,437.75,137,24,23.85,90.95,20.16,1,2,green,migration window planned,ATLAS-1905
2022-02-11,payments-ledger-primary,pricing-engine,468.08,203,33,154.89,90.86,19.46,5,0,green,vacuum completed,ATLAS-4931
2022-02-11,cart-redis-cluster,payment-orchestrator,161.21,129,18,71.31,93.67,10.58,3,4,green,migration window planned,ATLAS-4871
2022-02-11,kafka-ordering-cluster,inventory-reservation,433.28,182,23,0,94.73,5.82,16,0,green,backup verified,ATLAS-3404
2022-02-11,warehouse-atlas,payment-orchestrator,2280.48,318,6,115.1,90.87,22.99,12,7,green,vacuum completed,ATLAS-3068
2022-02-18,checkout-db-primary,pricing-engine,455.05,775,47,65.85,92.42,13.44,15,4,green,replica healthy,ATLAS-3162
2022-02-18,orders-db-primary,analytics-pipeline,459.7,215,34,75.45,94.14,13.34,12,2,green,connection pool reviewed,ATLAS-1611
2022-02-18,payments-ledger-primary,notification-service,467.61,674,50,68.77,92.8,16.55,10,5,green,backup verified,ATLAS-2558
2022-02-18,cart-redis-cluster,notification-service,157.21,688,40,61.87,95.02,6.12,11,3,green,vacuum completed,ATLAS-4210
2022-02-18,kafka-ordering-cluster,tax-service,442.09,189,23,72.69,91.48,16.71,6,1,green,replica healthy,ATLAS-5202
2022-02-18,warehouse-atlas,tax-service,2214.45,198,35,27.48,94.51,10.18,8,5,green,vacuum completed,ATLAS-4295
2022-02-25,checkout-db-primary,search-recommendations,440.08,119,31,52.51,92.29,18.31,1,6,green,migration window planned,ATLAS-4443
2022-02-25,orders-db-primary,auth-gateway,431.33,184,34,35.02,93.87,12.26,15,7,green,vacuum completed,ATLAS-2943
2022-02-25,payments-ledger-primary,pricing-engine,450.8,271,32,41.0,91.23,18.88,12,7,green,index maintenance due,ATLAS-2885
2022-02-25,cart-redis-cluster,auth-gateway,152.96,509,25,13.44,94.5,6.58,5,1,green,migration window planned,ATLAS-4771
2022-02-25,kafka-ordering-cluster,checkout-api,458.85,228,46,46.43,94.25,9.73,16,2,green,connection pool reviewed,ATLAS-3599
2022-02-25,warehouse-atlas,order-ledger,2215.75,364,8,7.17,93.92,9.77,4,3,green,connection pool reviewed,ATLAS-1225
2022-03-04,checkout-db-primary,analytics-pipeline,458.08,522,34,66.37,94.26,8.85,6,7,green,replica healthy,ATLAS-3581
2022-03-04,orders-db-primary,pricing-engine,462.94,610,41,0,92.94,11.99,6,2,green,index maintenance due,ATLAS-2547
2022-03-04,payments-ledger-primary,loyalty-service,435.23,669,23,27.51,92.45,13.93,0,4,green,backup verified,ATLAS-3647
2022-03-04,cart-redis-cluster,search-recommendations,156.53,597,41,92.29,89.71,19.5,15,0,green,index maintenance due,ATLAS-4889
2022-03-04,kafka-ordering-cluster,auth-gateway,441.23,568,40,61.58,94.28,9.74,11,7,green,connection pool reviewed,ATLAS-1212
2022-03-04,warehouse-atlas,search-recommendations,2269.8,549,39,36.2,94.62,12.92,2,7,green,replica healthy,ATLAS-5744
2022-03-11,checkout-db-primary,inventory-reservation,444.53,419,20,58.86,91.05,15.31,6,7,green,index maintenance due,ATLAS-4353
2022-03-11,orders-db-primary,notification-service,448.12,268,26,92.42,91.97,18.22,16,6,green,migration window planned,ATLAS-5650
2022-03-11,payments-ledger-primary,analytics-pipeline,469.81,416,31,62.86,93.53,13.79,15,4,green,backup verified,ATLAS-2014
2022-03-11,cart-redis-cluster,order-ledger,159.57,170,54,21.33,94.03,11.32,0,6,green,connection pool reviewed,ATLAS-5102
2022-03-11,kafka-ordering-cluster,loyalty-service,438.73,347,18,92.62,95.16,11.46,10,5,green,vacuum completed,ATLAS-1820
2022-03-11,warehouse-atlas,payment-orchestrator,2283.05,481,38,24.42,89.4,26.59,11,1,green,vacuum completed,ATLAS-2155
2022-03-18,checkout-db-primary,notification-service,462.36,383,10,7.19,88.64,27.14,15,6,green,backup verified,ATLAS-2840
2022-03-18,orders-db-primary,search-recommendations,433.33,742,35,0,95.17,6.29,5,4,green,backup verified,ATLAS-1931
2022-03-18,payments-ledger-primary,checkout-api,461.01,357,46,37.77,90.43,17.42,4,0,green,index maintenance due,ATLAS-4322
2022-03-18,cart-redis-cluster,payment-orchestrator,154.12,212,43,0,91.34,22.45,10,2,green,migration window planned,ATLAS-2872
2022-03-18,kafka-ordering-cluster,search-recommendations,454.2,751,49,79.57,91.19,18.68,16,6,green,backup verified,ATLAS-4974
2022-03-18,warehouse-atlas,notification-service,2301.34,214,52,77.07,89.52,19.73,5,2,green,replica healthy,ATLAS-2962
2022-03-25,checkout-db-primary,pricing-engine,458.98,443,41,128.45,94.79,10.23,12,6,green,index maintenance due,ATLAS-5270
2022-03-25,orders-db-primary,cart-service,433.49,97,23,4.87,92.35,18.28,6,6,green,replica healthy,ATLAS-5215
2022-03-25,payments-ledger-primary,notification-service,457.61,263,40,65.54,94.54,11.68,4,4,green,index maintenance due,ATLAS-5668
2022-03-25,cart-redis-cluster,checkout-api,153.37,228,29,58.31,90.23,19.46,11,2,green,index maintenance due,ATLAS-6011
2022-03-25,kafka-ordering-cluster,search-recommendations,453.53,304,52,57.67,93.94,12.05,7,1,green,index maintenance due,ATLAS-1531
2022-03-25,warehouse-atlas,analytics-pipeline,2329.91,97,30,94.04,90.0,21.28,5,1,green,index maintenance due,ATLAS-1835
2022-04-01,checkout-db-primary,loyalty-service,464.45,611,7,0,88.47,24.67,14,5,green,connection pool reviewed,ATLAS-5578
2022-04-01,orders-db-primary,payment-orchestrator,446.95,398,24,58.96,86.87,29.44,6,7,amber,migration window planned,ATLAS-4580
2022-04-01,payments-ledger-primary,tax-service,435.6,666,12,0,92.35,17.81,9,6,green,backup verified,ATLAS-3228
2022-04-01,cart-redis-cluster,analytics-pipeline,164.44,479,41,0,91.73,19.06,1,5,green,backup verified,ATLAS-3518
2022-04-01,kafka-ordering-cluster,pricing-engine,453.78,83,22,33.33,89.29,21.89,16,0,green,migration window planned,ATLAS-2826
2022-04-01,warehouse-atlas,loyalty-service,2330.99,341,28,47.77,90.83,16.88,7,0,green,index maintenance due,ATLAS-4801
2022-04-08,checkout-db-primary,inventory-reservation,445.65,578,12,22.47,95.31,6.79,9,7,green,vacuum completed,ATLAS-3565
2022-04-08,orders-db-primary,auth-gateway,446.39,98,43,48.67,95.1,6.98,7,7,green,replica healthy,ATLAS-4120
2022-04-08,payments-ledger-primary,payment-orchestrator,457.7,111,33,103.98,89.74,23.69,14,0,green,vacuum completed,ATLAS-2264
2022-04-08,cart-redis-cluster,tax-service,152.57,202,25,92.61,92.6,12.75,16,1,green,migration window planned,ATLAS-2789
2022-04-08,kafka-ordering-cluster,auth-gateway,458.03,510,41,33.9,89.65,20.45,7,1,green,replica healthy,ATLAS-1656
2022-04-08,warehouse-atlas,analytics-pipeline,2169.87,253,33,0,88.83,24.9,0,6,green,connection pool reviewed,ATLAS-4917
2022-04-15,checkout-db-primary,search-recommendations,454.05,471,23,97.24,94.32,8.46,15,1,green,connection pool reviewed,ATLAS-1340
2022-04-15,orders-db-primary,cart-service,452.86,369,28,30.69,94.35,6.02,14,2,green,migration window planned,ATLAS-2547
2022-04-15,payments-ledger-primary,tax-service,463.36,187,0,42.15,92.23,18.99,15,1,green,migration window planned,ATLAS-5442
2022-04-15,cart-redis-cluster,cart-service,150.85,506,31,51.94,90.15,17.9,11,3,green,replica healthy,ATLAS-3969
2022-04-15,kafka-ordering-cluster,loyalty-service,434.29,447,30,29.21,94.47,13.54,16,3,green,connection pool reviewed,ATLAS-1440
2022-04-15,warehouse-atlas,checkout-api,2223.33,177,34,0,91.11,21.28,8,1,green,index maintenance due,ATLAS-2253
2022-04-22,checkout-db-primary,analytics-pipeline,469.01,642,27,66.53,94.76,10.38,5,2,green,index maintenance due,ATLAS-5951
2022-04-22,orders-db-primary,pricing-engine,454.81,695,29,104.04,91.5,18.41,14,3,green,index maintenance due,ATLAS-2961
2022-04-22,payments-ledger-primary,analytics-pipeline,444.98,152,24,0,91.33,15.72,13,4,green,index maintenance due,ATLAS-4789
2022-04-22,cart-redis-cluster,analytics-pipeline,152.78,244,32,50.1,95.88,8.59,9,3,green,migration window planned,ATLAS-5606
2022-04-22,kafka-ordering-cluster,notification-service,469.59,302,50,48.0,93.01,14.69,13,7,green,index maintenance due,ATLAS-4901
2022-04-22,warehouse-atlas,search-recommendations,2293.15,521,51,84.09,91.65,16.44,16,5,green,migration window planned,ATLAS-3313
2022-04-29,checkout-db-primary,checkout-api,464.05,318,16,73.52,91.46,18.37,13,7,green,vacuum completed,ATLAS-1588
2022-04-29,orders-db-primary,checkout-api,444.94,430,22,23.36,91.78,17.59,4,4,green,migration window planned,ATLAS-5024
2022-04-29,payments-ledger-primary,order-ledger,460.36,236,19,15.18,88.28,23.21,14,1,green,migration window planned,ATLAS-1084
2022-04-29,cart-redis-cluster,order-ledger,161.21,182,47,78.49,97.37,2.72,11,6,green,vacuum completed,ATLAS-6107
2022-04-29,kafka-ordering-cluster,loyalty-service,431.74,598,26,83.62,91.18,16.38,14,5,green,backup verified,ATLAS-4772
2022-04-29,warehouse-atlas,checkout-api,2294.9,428,18,43.32,95.84,7.34,5,5,green,vacuum completed,ATLAS-1430
2022-05-06,checkout-db-primary,pricing-engine,453.92,429,40,41.31,89.31,21.35,14,0,green,backup verified,ATLAS-4945
2022-05-06,orders-db-primary,search-recommendations,431.19,635,27,84.32,92.72,16.54,9,1,green,replica healthy,ATLAS-2122
2022-05-06,payments-ledger-primary,inventory-reservation,438.23,119,29,107.84,93.96,8.54,14,6,green,vacuum completed,ATLAS-2530
2022-05-06,cart-redis-cluster,cart-service,164.22,210,34,0,92.0,18.15,3,4,green,vacuum completed,ATLAS-5817
2022-05-06,kafka-ordering-cluster,loyalty-service,445.6,589,42,62.01,90.07,21.75,16,7,green,vacuum completed,ATLAS-2213
2022-05-06,warehouse-atlas,cart-service,2300.13,432,48,80.53,95.2,9.66,14,3,green,migration window planned,ATLAS-6017
2022-05-13,checkout-db-primary,payment-orchestrator,431.92,504,36,39.16,90.63,17.15,14,1,green,connection pool reviewed,ATLAS-5968
2022-05-13,orders-db-primary,search-recommendations,439.85,733,27,60.6,94.1,11.46,15,0,green,connection pool reviewed,ATLAS-4491
2022-05-13,payments-ledger-primary,notification-service,434.75,331,35,31.96,91.28,20.2,9,2,green,backup verified,ATLAS-2860
2022-05-13,cart-redis-cluster,loyalty-service,161.62,579,27,53.5,90.02,20.22,3,4,green,connection pool reviewed,ATLAS-3794
2022-05-13,kafka-ordering-cluster,pricing-engine,455.42,157,25,100.82,96.65,4.4,3,6,green,replica healthy,ATLAS-2290
2022-05-13,warehouse-atlas,tax-service,2204.64,314,10,42.13,89.34,22.93,10,7,green,replica healthy,ATLAS-2296
2022-05-20,checkout-db-primary,order-ledger,448.01,258,29,91.18,90.34,22.22,1,2,green,index maintenance due,ATLAS-5312
2022-05-20,orders-db-primary,search-recommendations,456.67,472,32,28.8,92.83,18.29,12,0,green,replica healthy,ATLAS-1634
2022-05-20,payments-ledger-primary,tax-service,435.65,555,30,45.03,93.51,13.84,14,1,green,connection pool reviewed,ATLAS-2415
2022-05-20,cart-redis-cluster,cart-service,152.17,184,31,19.66,90.42,17.34,13,3,green,vacuum completed,ATLAS-3336
2022-05-20,kafka-ordering-cluster,notification-service,441.68,493,54,71.37,91.18,16.63,5,1,green,migration window planned,ATLAS-5225
2022-05-20,warehouse-atlas,analytics-pipeline,2323.63,176,34,64.52,94.43,12.8,2,3,green,connection pool reviewed,ATLAS-1895
2022-05-27,checkout-db-primary,tax-service,441.52,235,27,55.96,91.77,16.01,5,1,green,migration window planned,ATLAS-5774
2022-05-27,orders-db-primary,notification-service,438.51,735,20,117.88,91.28,20.06,14,6,green,connection pool reviewed,ATLAS-6061
2022-05-27,payments-ledger-primary,auth-gateway,469.36,717,39,19.43,91.74,20.02,7,6,green,connection pool reviewed,ATLAS-3240
2022-05-27,cart-redis-cluster,payment-orchestrator,150.7,552,42,61.63,90.57,19.65,9,0,green,index maintenance due,ATLAS-2723
2022-05-27,kafka-ordering-cluster,analytics-pipeline,454.78,656,21,0,92.04,16.01,13,4,green,vacuum completed,ATLAS-3964
2022-05-27,warehouse-atlas,inventory-reservation,2329.84,87,43,51.51,91.68,15.71,12,6,green,vacuum completed,ATLAS-5717
2022-06-03,checkout-db-primary,search-recommendations,450.17,466,30,89.41,88.89,28.82,10,7,amber,backup verified,ATLAS-5430
2022-06-03,orders-db-primary,order-ledger,449.32,257,62,0,96.1,6.67,1,6,green,replica healthy,ATLAS-1548
2022-06-03,payments-ledger-primary,tax-service,458.2,587,13,23.35,94.18,6.82,11,4,green,backup verified,ATLAS-3409
2022-06-03,cart-redis-cluster,pricing-engine,154.97,754,43,46.38,94.67,11.76,2,6,green,replica healthy,ATLAS-5739
2022-06-03,kafka-ordering-cluster,loyalty-service,457.61,201,34,39.71,95.22,9.2,10,2,green,vacuum completed,ATLAS-4786
2022-06-03,warehouse-atlas,checkout-api,2298.31,563,45,113.76,93.83,11.16,7,2,green,replica healthy,ATLAS-1330
2022-06-10,checkout-db-primary,loyalty-service,433.65,742,36,44.86,95.28,7.26,13,2,green,migration window planned,ATLAS-3590
2022-06-10,orders-db-primary,notification-service,430.44,252,38,19.23,92.91,12.44,2,7,green,vacuum completed,ATLAS-2173
2022-06-10,payments-ledger-primary,cart-service,440.45,355,24,56.82,93.36,12.49,0,7,green,vacuum completed,ATLAS-4269
2022-06-10,cart-redis-cluster,order-ledger,158.31,406,22,45.94,93.17,12.98,8,1,green,connection pool reviewed,ATLAS-3994
2022-06-10,kafka-ordering-cluster,checkout-api,468.41,626,39,0,95.15,6.63,4,5,green,connection pool reviewed,ATLAS-1787
2022-06-10,warehouse-atlas,tax-service,2276.32,456,35,0,95.37,8.32,10,7,green,connection pool reviewed,ATLAS-3272
2022-06-17,checkout-db-primary,payment-orchestrator,466.27,549,40,23.99,93.0,17.18,11,3,green,index maintenance due,ATLAS-4191
2022-06-17,orders-db-primary,payment-orchestrator,436.38,460,29,49.73,94.29,10.3,11,2,green,replica healthy,ATLAS-6161
2022-06-17,payments-ledger-primary,auth-gateway,456.98,762,27,64.0,98.19,0,10,1,green,backup verified,ATLAS-4493
2022-06-17,cart-redis-cluster,search-recommendations,154.61,300,38,105.84,90.06,21.78,16,0,green,backup verified,ATLAS-2886
2022-06-17,kafka-ordering-cluster,notification-service,456.23,125,32,59.64,91.88,14.8,10,3,green,migration window planned,ATLAS-1079
2022-06-17,warehouse-atlas,notification-service,2339.38,634,26,50.04,91.34,17.7,8,7,green,vacuum completed,ATLAS-4244
2022-06-24,checkout-db-primary,auth-gateway,461.88,484,11,84.45,96.0,1.75,9,7,green,vacuum completed,ATLAS-4580
2022-06-24,orders-db-primary,analytics-pipeline,467.75,766,26,52.09,93.33,10.5,8,2,green,backup verified,ATLAS-1533
2022-06-24,payments-ledger-primary,pricing-engine,439.62,493,42,45.54,91.91,17.1,3,7,green,backup verified,ATLAS-1172
2022-06-24,cart-redis-cluster,pricing-engine,157.84,386,49,65.21,91.26,17.39,4,7,green,connection pool reviewed,ATLAS-2175
2022-06-24,kafka-ordering-cluster,loyalty-service,444.97,148,45,59.0,90.16,18.07,15,5,green,backup verified,ATLAS-2326
2022-06-24,warehouse-atlas,tax-service,2216.34,726,30,0,97.14,0,10,5,green,backup verified,ATLAS-3235
2022-07-01,checkout-db-primary,search-recommendations,462.71,454,31,78.85,92.1,19.3,5,6,green,index maintenance due,ATLAS-1878
2022-07-01,orders-db-primary,tax-service,431.07,114,19,0.78,88.72,23.01,15,7,green,index maintenance due,ATLAS-3291
2022-07-01,payments-ledger-primary,cart-service,453.02,774,31,43.03,91.98,18.81,13,3,green,connection pool reviewed,ATLAS-2238
2022-07-01,cart-redis-cluster,payment-orchestrator,162.18,168,36,70.56,91.99,15.15,3,6,green,replica healthy,ATLAS-3635
2022-07-01,kafka-ordering-cluster,checkout-api,442.54,581,38,23.89,94.63,11.29,13,1,green,vacuum completed,ATLAS-1054
2022-07-01,warehouse-atlas,payment-orchestrator,2295.04,227,19,67.47,95.02,9.16,0,4,green,backup verified,ATLAS-4281
2022-07-08,checkout-db-primary,payment-orchestrator,436.96,663,28,27.49,93.14,11.88,6,6,green,connection pool reviewed,ATLAS-4136
2022-07-08,orders-db-primary,payment-orchestrator,465.56,152,41,80.99,93.85,7.19,2,7,green,vacuum completed,ATLAS-2692
2022-07-08,payments-ledger-primary,search-recommendations,441.4,138,54,0,94.31,11.78,15,1,green,index maintenance due,ATLAS-6152
2022-07-08,cart-redis-cluster,search-recommendations,161.93,469,55,73.06,91.04,19.55,14,7,green,replica healthy,ATLAS-5107
2022-07-08,kafka-ordering-cluster,payment-orchestrator,465.52,590,33,0,91.96,14.38,7,4,green,migration window planned,ATLAS-4190
2022-07-08,warehouse-atlas,notification-service,2334.99,259,32,21.86,92.99,9.63,4,5,green,index maintenance due,ATLAS-1316
2022-07-15,checkout-db-primary,pricing-engine,456.31,333,25,42.84,88.52,28.31,10,4,amber,index maintenance due,ATLAS-5427
2022-07-15,orders-db-primary,payment-orchestrator,440.56,290,56,0.55,91.83,17.81,11,6,green,migration window planned,ATLAS-4834
2022-07-15,payments-ledger-primary,pricing-engine,452.56,101,43,64.02,92.3,20.06,11,6,green,vacuum completed,ATLAS-1531
2022-07-15,cart-redis-cluster,cart-service,154.64,474,25,47.29,92.17,14.83,11,1,green,connection pool reviewed,ATLAS-1528
2022-07-15,kafka-ordering-cluster,analytics-pipeline,453.64,126,15,3.67,91.91,12.47,11,7,green,index maintenance due,ATLAS-3768
2022-07-15,warehouse-atlas,pricing-engine,2228.63,721,37,85.62,91.51,19.14,5,3,green,vacuum completed,ATLAS-2182
2022-07-22,checkout-db-primary,auth-gateway,432.08,625,41,2.93,92.25,16.83,9,5,green,vacuum completed,ATLAS-6135
2022-07-22,orders-db-primary,analytics-pipeline,438.33,723,60,107.14,92.54,16.77,0,1,green,migration window planned,ATLAS-4494
2022-07-22,payments-ledger-primary,analytics-pipeline,449.74,635,26,32.07,93.18,12.99,6,4,green,migration window planned,ATLAS-2028
2022-07-22,cart-redis-cluster,auth-gateway,160.04,540,28,58.7,90.58,17.95,0,7,green,backup verified,ATLAS-4722
2022-07-22,kafka-ordering-cluster,tax-service,444.07,514,50,67.34,93.4,14.29,5,5,green,backup verified,ATLAS-5740
2022-07-22,warehouse-atlas,loyalty-service,2276.25,631,22,15.51,94.3,8.8,2,2,green,migration window planned,ATLAS-6175
2022-07-29,checkout-db-primary,search-recommendations,435.02,443,59,11.84,93.56,11.4,1,6,green,index maintenance due,ATLAS-4364
2022-07-29,orders-db-primary,auth-gateway,443.78,680,44,43.05,90.69,21.46,8,5,green,connection pool reviewed,ATLAS-6068
2022-07-29,payments-ledger-primary,checkout-api,433.13,103,34,24.83,94.63,8.92,11,4,green,migration window planned,ATLAS-4808
2022-07-29,cart-redis-cluster,loyalty-service,162.78,509,38,64.19,89.99,26.13,13,6,green,migration window planned,ATLAS-5857
2022-07-29,kafka-ordering-cluster,loyalty-service,462.29,197,40,24.91,94.24,13.16,5,5,green,vacuum completed,ATLAS-3665
2022-07-29,warehouse-atlas,search-recommendations,2344.14,747,67,10.54,91.11,19.08,10,7,green,index maintenance due,ATLAS-5632
2022-08-05,checkout-db-primary,payment-orchestrator,431.19,277,26,53.97,94.13,13.16,7,5,green,vacuum completed,ATLAS-1724
2022-08-05,orders-db-primary,payment-orchestrator,469.67,283,34,99.29,90.4,18.75,4,1,green,backup verified,ATLAS-5620
2022-08-05,payments-ledger-primary,cart-service,460.39,379,28,76.12,94.11,13.07,14,4,green,migration window planned,ATLAS-5091
2022-08-05,cart-redis-cluster,cart-service,162.62,654,33,86.86,93.36,8.58,3,2,green,index maintenance due,ATLAS-1521
2022-08-05,kafka-ordering-cluster,auth-gateway,463.19,423,48,74.29,93.41,14.93,11,7,green,connection pool reviewed,ATLAS-2122
2022-08-05,warehouse-atlas,checkout-api,2320.61,82,30,0,93.91,15.25,16,5,green,migration window planned,ATLAS-5442
2022-08-12,checkout-db-primary,cart-service,445.22,703,26,47.46,93.69,13.41,9,7,green,connection pool reviewed,ATLAS-6161
2022-08-12,orders-db-primary,pricing-engine,469.95,294,24,28.67,90.77,16.92,5,2,green,index maintenance due,ATLAS-5129
2022-08-12,payments-ledger-primary,loyalty-service,452.86,349,46,9.65,90.94,18.1,14,5,green,index maintenance due,ATLAS-2961
2022-08-12,cart-redis-cluster,tax-service,156.32,607,43,47.57,90.54,16.93,4,2,green,migration window planned,ATLAS-3738
2022-08-12,kafka-ordering-cluster,checkout-api,469.21,347,30,60.01,91.92,16.98,12,1,green,connection pool reviewed,ATLAS-3055
2022-08-12,warehouse-atlas,auth-gateway,2343.87,534,29,64.95,96.25,6.52,8,6,green,connection pool reviewed,ATLAS-4596
2022-08-19,checkout-db-primary,notification-service,432.13,695,41,82.31,92.71,11.47,9,7,green,vacuum completed,ATLAS-5466
2022-08-19,orders-db-primary,analytics-pipeline,457.13,495,24,52.29,89.8,20.54,1,1,green,connection pool reviewed,ATLAS-1126
2022-08-19,payments-ledger-primary,loyalty-service,446.35,763,23,135.53,95.26,8.86,14,2,green,replica healthy,ATLAS-3070
2022-08-19,cart-redis-cluster,order-ledger,155.44,122,38,78.98,90.48,16.73,16,0,green,vacuum completed,ATLAS-2347
2022-08-19,kafka-ordering-cluster,payment-orchestrator,456.35,644,42,29.84,91.1,19.46,8,3,green,backup verified,ATLAS-2192
2022-08-19,warehouse-atlas,order-ledger,2286.31,687,34,40.78,90.57,17.79,0,6,green,vacuum completed,ATLAS-3038
2022-08-26,checkout-db-primary,payment-orchestrator,445.52,679,32,31.97,91.89,19.13,2,3,green,backup verified,ATLAS-2556
2022-08-26,orders-db-primary,payment-orchestrator,435.3,571,22,78.44,95.09,10.13,2,2,green,index maintenance due,ATLAS-3885
2022-08-26,payments-ledger-primary,auth-gateway,448.64,427,30,18.44,91.29,19.69,1,3,green,backup verified,ATLAS-1050
2022-08-26,cart-redis-cluster,search-recommendations,159.61,463,45,52.2,92.3,17.63,0,4,green,index maintenance due,ATLAS-5548
2022-08-26,kafka-ordering-cluster,inventory-reservation,459.04,744,35,61.97,91.99,19.42,14,0,green,connection pool reviewed,ATLAS-4584
2022-08-26,warehouse-atlas,notification-service,2295.05,534,32,24.36,95.21,9.76,9,1,green,vacuum completed,ATLAS-5710
2022-09-02,checkout-db-primary,tax-service,457.67,492,25,0,89.78,20.54,9,1,green,backup verified,ATLAS-2956
2022-09-02,orders-db-primary,auth-gateway,459.41,180,16,13.23,92.93,10.41,1,0,green,backup verified,ATLAS-5384
2022-09-02,payments-ledger-primary,auth-gateway,442.74,705,41,45.32,91.7,13.66,12,3,green,migration window planned,ATLAS-4139
2022-09-02,cart-redis-cluster,pricing-engine,162.99,679,33,104.12,90.64,19.85,16,6,green,connection pool reviewed,ATLAS-5751
2022-09-02,kafka-ordering-cluster,notification-service,435.76,424,22,106.63,93.85,8.55,13,1,green,replica healthy,ATLAS-5066
2022-09-02,warehouse-atlas,loyalty-service,2252.03,565,34,54.1,91.72,14.51,0,2,green,vacuum completed,ATLAS-5996
2022-09-09,checkout-db-primary,pricing-engine,468.82,485,47,27.41,95.34,9.81,2,7,green,replica healthy,ATLAS-4188
2022-09-09,orders-db-primary,notification-service,435.24,406,20,38.49,94.37,12.49,8,3,green,connection pool reviewed,ATLAS-5252
2022-09-09,payments-ledger-primary,analytics-pipeline,461.74,566,19,61.7,93.43,13.55,4,6,green,index maintenance due,ATLAS-3982
2022-09-09,cart-redis-cluster,search-recommendations,161.44,510,45,40.55,94.07,11.0,11,2,green,migration window planned,ATLAS-1728
2022-09-09,kafka-ordering-cluster,search-recommendations,453.2,733,34,0,92.08,13.06,11,6,green,vacuum completed,ATLAS-5401
2022-09-09,warehouse-atlas,order-ledger,2325.14,454,38,72.27,88.89,22.93,11,6,green,replica healthy,ATLAS-1717
2022-09-16,checkout-db-primary,payment-orchestrator,444.18,522,36,87.74,90.69,18.18,11,2,green,index maintenance due,ATLAS-4265
2022-09-16,orders-db-primary,search-recommendations,437.98,109,47,3.49,93.27,13.96,16,6,green,backup verified,ATLAS-1778
2022-09-16,payments-ledger-primary,loyalty-service,435.81,335,38,79.15,94.55,8.21,13,0,green,migration window planned,ATLAS-5105
2022-09-16,cart-redis-cluster,auth-gateway,152.3,377,42,71.05,93.81,13.39,15,6,green,backup verified,ATLAS-3581
2022-09-16,kafka-ordering-cluster,order-ledger,462.49,167,21,51.72,95.0,10.59,9,4,green,replica healthy,ATLAS-4273
2022-09-16,warehouse-atlas,analytics-pipeline,2167.6,451,50,93.05,91.61,20.74,12,5,green,vacuum completed,ATLAS-5364
2022-09-23,checkout-db-primary,tax-service,447.98,202,37,0,94.39,12.18,11,2,green,migration window planned,ATLAS-4670
2022-09-23,orders-db-primary,pricing-engine,434.81,678,35,65.08,95.61,6.69,11,3,green,backup verified,ATLAS-5786
2022-09-23,payments-ledger-primary,loyalty-service,465.77,432,41,48.12,90.24,18.01,0,1,green,replica healthy,ATLAS-3763
2022-09-23,cart-redis-cluster,cart-service,155.78,117,29,64.32,92.0,12.78,11,1,green,vacuum completed,ATLAS-3842
2022-09-23,kafka-ordering-cluster,analytics-pipeline,438.01,283,17,36.7,92.54,10.57,8,0,green,vacuum completed,ATLAS-1766
2022-09-23,warehouse-atlas,loyalty-service,2293.58,194,43,1.99,90.6,19.49,12,6,green,migration window planned,ATLAS-1651
2022-09-30,checkout-db-primary,notification-service,437.58,301,39,26.66,95.23,10.95,4,1,green,index maintenance due,ATLAS-4602
2022-09-30,orders-db-primary,pricing-engine,441.15,365,42,0,88.49,29.34,10,1,amber,index maintenance due,ATLAS-1550
2022-09-30,payments-ledger-primary,auth-gateway,458.5,664,41,73.89,94.33,11.06,4,5,green,vacuum completed,ATLAS-2306
2022-09-30,cart-redis-cluster,loyalty-service,161.35,115,21,17.02,91.45,19.3,5,1,green,connection pool reviewed,ATLAS-5624
2022-09-30,kafka-ordering-cluster,notification-service,449.78,426,29,83.71,91.37,15.2,2,4,green,connection pool reviewed,ATLAS-4724
2022-09-30,warehouse-atlas,order-ledger,2227.59,718,28,0,89.04,25.93,15,3,green,vacuum completed,ATLAS-2407
2022-10-07,checkout-db-primary,cart-service,446.44,693,45,52.68,89.79,19.91,13,6,green,backup verified,ATLAS-4090
2022-10-07,orders-db-primary,inventory-reservation,451.1,285,39,96.11,92.31,15.91,4,3,green,vacuum completed,ATLAS-5248
2022-10-07,payments-ledger-primary,cart-service,450.68,314,31,34.52,93.84,13.58,6,0,green,migration window planned,ATLAS-2881
2022-10-07,cart-redis-cluster,loyalty-service,163.41,292,20,34.32,90.48,21.39,2,3,green,index maintenance due,ATLAS-4676
2022-10-07,kafka-ordering-cluster,checkout-api,448.55,570,6,12.48,92.09,14.74,10,0,green,replica healthy,ATLAS-4297
2022-10-07,warehouse-atlas,checkout-api,2306.48,147,21,136.1,93.07,17.24,7,2,green,connection pool reviewed,ATLAS-2088
2022-10-14,checkout-db-primary,notification-service,462.17,155,12,55.94,95.71,9.3,10,4,green,migration window planned,ATLAS-4942
2022-10-14,orders-db-primary,payment-orchestrator,464.44,329,46,0,93.39,14.21,15,0,green,migration window planned,ATLAS-4729
2022-10-14,payments-ledger-primary,payment-orchestrator,432.93,253,22,90.27,88.85,23.46,12,4,green,migration window planned,ATLAS-3951
2022-10-14,cart-redis-cluster,order-ledger,157.92,355,16,30.5,92.13,19.64,15,1,green,vacuum completed,ATLAS-2665
2022-10-14,kafka-ordering-cluster,cart-service,434.47,567,33,92.09,91.9,13.95,5,3,green,replica healthy,ATLAS-2529
2022-10-14,warehouse-atlas,inventory-reservation,2218.38,768,22,92.54,93.1,13.96,4,4,green,migration window planned,ATLAS-1876
2022-10-21,checkout-db-primary,auth-gateway,458.01,104,27,95.33,92.88,15.69,8,3,green,migration window planned,ATLAS-4428
2022-10-21,orders-db-primary,tax-service,463.75,231,18,0,95.49,9.59,0,7,green,index maintenance due,ATLAS-6024
2022-10-21,payments-ledger-primary,order-ledger,439.26,437,41,45.18,95.25,7.86,6,2,green,migration window planned,ATLAS-5654
2022-10-21,cart-redis-cluster,pricing-engine,156.99,485,20,52.21,92.77,15.49,14,0,green,vacuum completed,ATLAS-4164
2022-10-21,kafka-ordering-cluster,order-ledger,465.18,222,42,36.27,97.89,0,1,2,green,backup verified,ATLAS-2009
2022-10-21,warehouse-atlas,analytics-pipeline,2345.02,219,9,88.7,94.99,8.13,14,1,green,backup verified,ATLAS-2088
2022-10-28,checkout-db-primary,order-ledger,457.09,341,21,30.78,93.83,7.72,1,1,green,replica healthy,ATLAS-6057
2022-10-28,orders-db-primary,notification-service,432.7,182,46,13.34,92.43,18.54,0,6,green,connection pool reviewed,ATLAS-4071
2022-10-28,payments-ledger-primary,cart-service,447.48,552,32,58.6,94.31,6.62,11,7,green,replica healthy,ATLAS-2054
2022-10-28,cart-redis-cluster,cart-service,160.44,671,32,13.28,93.74,14.02,2,1,green,vacuum completed,ATLAS-1515
2022-10-28,kafka-ordering-cluster,notification-service,445.26,239,40,22.79,93.45,13.12,2,0,green,backup verified,ATLAS-3795
2022-10-28,warehouse-atlas,loyalty-service,2320.93,586,34,0.48,94.48,12.88,6,4,green,connection pool reviewed,ATLAS-1236
2022-11-04,checkout-db-primary,tax-service,464.43,472,33,0,94.0,10.95,14,1,green,connection pool reviewed,ATLAS-3069
2022-11-04,orders-db-primary,tax-service,449.21,556,50,0,92.03,20.27,12,7,green,backup verified,ATLAS-4069
2022-11-04,payments-ledger-primary,analytics-pipeline,447.59,740,22,50.67,92.01,16.48,1,5,green,vacuum completed,ATLAS-2294
2022-11-04,cart-redis-cluster,pricing-engine,150.81,754,30,0,91.56,18.49,10,4,green,replica healthy,ATLAS-4145
2022-11-04,kafka-ordering-cluster,pricing-engine,439.62,732,44,89.23,93.92,12.98,6,1,green,index maintenance due,ATLAS-1647
2022-11-04,warehouse-atlas,loyalty-service,2342.7,211,22,14.78,91.39,17.28,10,3,green,vacuum completed,ATLAS-4377
2022-11-11,checkout-db-primary,pricing-engine,445.06,154,20,41.92,89.59,20.89,1,4,green,connection pool reviewed,ATLAS-5658
2022-11-11,orders-db-primary,order-ledger,438.42,396,34,0,91.13,18.74,14,0,green,replica healthy,ATLAS-5463
2022-11-11,payments-ledger-primary,cart-service,432.97,148,43,48.77,96.43,7.23,1,7,green,migration window planned,ATLAS-4465
2022-11-11,cart-redis-cluster,payment-orchestrator,153.72,200,4,0,92.84,9.94,11,2,green,migration window planned,ATLAS-4313
2022-11-11,kafka-ordering-cluster,inventory-reservation,466.06,440,39,34.51,94.08,10.8,5,7,green,replica healthy,ATLAS-1534
2022-11-11,warehouse-atlas,tax-service,2199.22,621,35,31.43,94.29,12.35,13,1,green,backup verified,ATLAS-3918
2022-11-18,checkout-db-primary,auth-gateway,457.19,90,60,68.2,92.9,11.21,13,0,green,connection pool reviewed,ATLAS-2735
2022-11-18,orders-db-primary,payment-orchestrator,454.49,435,30,42.55,91.33,15.08,1,4,green,connection pool reviewed,ATLAS-1043
2022-11-18,payments-ledger-primary,order-ledger,441.3,225,30,76.0,97.57,0.66,15,0,green,replica healthy,ATLAS-1435
2022-11-18,cart-redis-cluster,pricing-engine,150.56,287,27,0,90.77,16.04,2,7,green,connection pool reviewed,ATLAS-3578
2022-11-18,kafka-ordering-cluster,search-recommendations,433.86,423,15,60.92,95.74,9.14,2,1,green,backup verified,ATLAS-2610
2022-11-18,warehouse-atlas,notification-service,2329.52,696,5,0,95.27,10.62,3,0,green,index maintenance due,ATLAS-4865
2022-11-25,checkout-db-primary,loyalty-service,440.03,709,14,12.36,92.89,14.27,4,0,green,connection pool reviewed,ATLAS-1151
2022-11-25,orders-db-primary,notification-service,453.63,90,37,77.13,94.28,9.79,6,3,green,migration window planned,ATLAS-1988
2022-11-25,payments-ledger-primary,order-ledger,444.15,111,18,88.03,94.75,9.11,3,5,green,connection pool reviewed,ATLAS-3454
2022-11-25,cart-redis-cluster,loyalty-service,155.47,278,31,0.52,95.52,10.28,2,6,green,index maintenance due,ATLAS-4653
2022-11-25,kafka-ordering-cluster,loyalty-service,446.84,527,41,46.06,91.71,20.0,13,5,green,replica healthy,ATLAS-5773
2022-11-25,warehouse-atlas,pricing-engine,2327.35,358,20,50.76,90.12,18.93,11,6,green,replica healthy,ATLAS-5804
2022-12-02,checkout-db-primary,checkout-api,467.51,321,22,41.92,92.98,10.99,6,7,green,backup verified,ATLAS-4776
2022-12-02,orders-db-primary,order-ledger,450.94,131,24,25.84,92.11,19.04,1,1,green,index maintenance due,ATLAS-5652
2022-12-02,payments-ledger-primary,tax-service,442.89,209,27,59.98,90.66,17.18,10,2,green,vacuum completed,ATLAS-1147
2022-12-02,cart-redis-cluster,analytics-pipeline,159.28,368,54,36.85,92.2,13.69,4,5,green,backup verified,ATLAS-3570
2022-12-02,kafka-ordering-cluster,inventory-reservation,437.35,359,52,33.73,91.95,18.09,15,3,green,index maintenance due,ATLAS-1391
2022-12-02,warehouse-atlas,order-ledger,2163.19,284,18,0,91.77,14.36,11,3,green,connection pool reviewed,ATLAS-5456
2022-12-09,checkout-db-primary,auth-gateway,452.68,272,30,68.55,90.14,23.18,5,7,green,index maintenance due,ATLAS-3163
2022-12-09,orders-db-primary,inventory-reservation,457.57,420,23,6.28,93.81,10.2,13,4,green,backup verified,ATLAS-5937
2022-12-09,payments-ledger-primary,auth-gateway,456.54,504,39,44.82,94.37,13.62,10,4,green,vacuum completed,ATLAS-2496
2022-12-09,cart-redis-cluster,notification-service,160.62,422,40,60.74,94.2,11.95,1,5,green,vacuum completed,ATLAS-1368
2022-12-09,kafka-ordering-cluster,checkout-api,445.29,724,19,30.83,92.23,12.75,5,1,green,connection pool reviewed,ATLAS-1056
2022-12-09,warehouse-atlas,checkout-api,2297.67,215,23,25.77,92.48,18.75,0,2,green,index maintenance due,ATLAS-5053
2022-12-16,checkout-db-primary,auth-gateway,433.94,519,11,1.45,90.46,23.14,1,4,green,connection pool reviewed,ATLAS-4219
2022-12-16,orders-db-primary,pricing-engine,457.69,710,57,52.54,90.93,17.21,16,6,green,index maintenance due,ATLAS-5074
2022-12-16,payments-ledger-primary,inventory-reservation,446.14,84,53,20.72,92.48,17.87,3,7,green,vacuum completed,ATLAS-5539
2022-12-16,cart-redis-cluster,tax-service,152.12,764,25,33.21,90.75,17.83,3,5,green,replica healthy,ATLAS-3445
2022-12-16,kafka-ordering-cluster,tax-service,463.53,163,44,26.46,95.12,11.49,0,5,green,connection pool reviewed,ATLAS-1676
2022-12-16,warehouse-atlas,payment-orchestrator,2162.6,136,44,11.29,92.2,12.45,13,4,green,vacuum completed,ATLAS-5743
2022-12-23,checkout-db-primary,notification-service,442.32,283,41,56.54,91.29,19.83,0,5,green,vacuum completed,ATLAS-5928
2022-12-23,orders-db-primary,tax-service,451.38,352,51,78.98,92.6,14.89,5,3,green,backup verified,ATLAS-3445
2022-12-23,payments-ledger-primary,cart-service,465.37,389,52,4.11,93.58,14.53,10,5,green,replica healthy,ATLAS-4474
2022-12-23,cart-redis-cluster,order-ledger,153.58,451,57,78.89,93.33,15.32,5,7,green,vacuum completed,ATLAS-2637
2022-12-23,kafka-ordering-cluster,search-recommendations,430.52,329,32,40.94,88.63,24.09,15,7,green,connection pool reviewed,ATLAS-1468
2022-12-23,warehouse-atlas,analytics-pipeline,2272.96,433,26,6.7,92.56,14.38,13,2,green,connection pool reviewed,ATLAS-5739
2022-12-30,checkout-db-primary,auth-gateway,440.38,92,13,23.25,89.69,26.38,0,4,green,migration window planned,ATLAS-2415
2022-12-30,orders-db-primary,payment-orchestrator,438.08,596,42,0,93.34,13.06,13,2,green,vacuum completed,ATLAS-3021
2022-12-30,payments-ledger-primary,analytics-pipeline,465.06,552,30,30.37,91.51,19.17,3,7,green,index maintenance due,ATLAS-4994
2022-12-30,cart-redis-cluster,loyalty-service,154.62,531,24,37.29,93.32,15.56,12,4,green,index maintenance due,ATLAS-3537
2022-12-30,kafka-ordering-cluster,auth-gateway,440.7,466,44,52.12,94.06,13.09,11,1,green,replica healthy,ATLAS-5517
2022-12-30,warehouse-atlas,cart-service,2203.71,341,41,59.92,94.75,5.54,10,0,green,replica healthy,ATLAS-4938
2023-01-06,checkout-db-primary,analytics-pipeline,541.86,479,59,56.16,92.26,15.11,8,0,green,vacuum completed,ATLAS-1760
2023-01-06,orders-db-primary,analytics-pipeline,511.59,217,34,61.95,92.16,17.88,7,3,green,connection pool reviewed,ATLAS-1149
2023-01-06,payments-ledger-primary,notification-service,527.44,217,30,21.81,93.37,14.48,6,4,green,connection pool reviewed,ATLAS-3078
2023-01-06,cart-redis-cluster,checkout-api,186.39,162,41,82.89,94.05,8.32,16,7,green,connection pool reviewed,ATLAS-2711
2023-01-06,kafka-ordering-cluster,tax-service,512.3,519,32,13.38,87.48,27.81,8,4,green,vacuum completed,ATLAS-4754
2023-01-06,warehouse-atlas,tax-service,2716.04,278,21,62.31,95.43,9.64,6,7,green,backup verified,ATLAS-3004
2023-01-13,checkout-db-primary,checkout-api,543.01,662,44,36.54,91.44,16.7,10,5,green,replica healthy,ATLAS-2094
2023-01-13,orders-db-primary,tax-service,526.87,590,42,64.87,93.33,12.23,3,2,green,index maintenance due,ATLAS-4570
2023-01-13,payments-ledger-primary,payment-orchestrator,545.88,139,49,68.18,91.74,16.82,8,1,green,vacuum completed,ATLAS-6017
2023-01-13,cart-redis-cluster,tax-service,186.46,106,38,77.19,92.71,12.17,0,6,green,vacuum completed,ATLAS-4408
2023-01-13,kafka-ordering-cluster,notification-service,547.89,714,56,50.39,93.31,16.82,16,4,green,index maintenance due,ATLAS-2128
2023-01-13,warehouse-atlas,notification-service,2622.39,554,30,38.32,94.79,6.17,7,0,green,index maintenance due,ATLAS-3562
2023-01-20,checkout-db-primary,checkout-api,544.0,116,34,7.92,92.71,18.37,9,5,green,connection pool reviewed,ATLAS-3230
2023-01-20,orders-db-primary,notification-service,529.07,605,55,0,94.07,9.58,7,6,green,replica healthy,ATLAS-1134
2023-01-20,payments-ledger-primary,checkout-api,534.1,355,28,30.9,91.78,19.74,15,0,green,vacuum completed,ATLAS-2205
2023-01-20,cart-redis-cluster,pricing-engine,180.42,457,38,55.23,91.19,21.05,13,7,green,replica healthy,ATLAS-1039
2023-01-20,kafka-ordering-cluster,pricing-engine,525.72,441,44,77.52,92.67,17.68,2,5,green,migration window planned,ATLAS-2385
2023-01-20,warehouse-atlas,payment-orchestrator,2692.84,152,29,34.72,91.15,19.41,8,3,green,migration window planned,ATLAS-1535
2023-01-27,checkout-db-primary,pricing-engine,513.1,287,36,52.87,91.16,18.16,9,4,green,migration window planned,ATLAS-1127
2023-01-27,orders-db-primary,pricing-engine,546.07,617,42,64.85,92.5,11.43,4,1,green,connection pool reviewed,ATLAS-4878
2023-01-27,payments-ledger-primary,order-ledger,537.1,415,49,58.69,92.87,14.55,13,7,green,index maintenance due,ATLAS-2363
2023-01-27,cart-redis-cluster,auth-gateway,192.16,350,36,106.34,90.51,16.57,13,1,green,index maintenance due,ATLAS-6013
2023-01-27,kafka-ordering-cluster,search-recommendations,525.1,187,38,88.11,90.99,22.77,4,6,green,vacuum completed,ATLAS-1869
2023-01-27,warehouse-atlas,tax-service,2590.98,152,56,30.38,93.15,12.43,15,4,green,connection pool reviewed,ATLAS-5279
2023-02-03,checkout-db-primary,pricing-engine,535.68,431,33,107.62,91.06,18.85,11,7,green,backup verified,ATLAS-3078
2023-02-03,orders-db-primary,payment-orchestrator,527.04,731,43,63.84,91.68,20.79,0,5,green,replica healthy,ATLAS-4317
2023-02-03,payments-ledger-primary,inventory-reservation,534.07,615,49,88.91,90.64,19.77,7,7,green,vacuum completed,ATLAS-5979
2023-02-03,cart-redis-cluster,pricing-engine,182.62,776,42,15.44,90.92,21.7,4,5,green,replica healthy,ATLAS-5151
2023-02-03,kafka-ordering-cluster,notification-service,538.38,466,35,28.94,93.57,7.76,8,5,green,replica healthy,ATLAS-2741
2023-02-03,warehouse-atlas,auth-gateway,2712.24,238,17,75.75,90.96,18.38,10,6,green,migration window planned,ATLAS-1258
2023-02-10,checkout-db-primary,analytics-pipeline,514.37,603,29,66.33,91.73,15.7,12,7,green,backup verified,ATLAS-4512
2023-02-10,orders-db-primary,search-recommendations,541.51,714,35,43.03,94.49,9.47,12,6,green,vacuum completed,ATLAS-1454
2023-02-10,payments-ledger-primary,inventory-reservation,527.66,726,39,80.62,91.43,19.69,8,7,green,backup verified,ATLAS-2440
2023-02-10,cart-redis-cluster,order-ledger,188.05,374,52,101.28,90.47,19.05,10,3,green,migration window planned,ATLAS-4736
2023-02-10,kafka-ordering-cluster,tax-service,543.37,549,53,0,94.73,11.56,8,2,green,replica healthy,ATLAS-5587
2023-02-10,warehouse-atlas,payment-orchestrator,2692.46,705,50,44.24,90.98,19.74,16,7,green,migration window planned,ATLAS-3236
2023-02-17,checkout-db-primary,notification-service,546.46,400,46,0,92.05,15.77,16,0,green,vacuum completed,ATLAS-4173
2023-02-17,orders-db-primary,analytics-pipeline,513.65,576,37,41.15,90.93,23.74,5,1,green,backup verified,ATLAS-3081
2023-02-17,payments-ledger-primary,search-recommendations,537.71,709,55,64.55,93.04,13.11,16,3,green,vacuum completed,ATLAS-4769
2023-02-17,cart-redis-cluster,cart-service,189.93,411,64,62.32,95.23,6.0,9,7,green,migration window planned,ATLAS-1412
2023-02-17,kafka-ordering-cluster,search-recommendations,536.39,578,13,89.07,90.03,25.68,2,6,green,backup verified,ATLAS-2445
2023-02-17,warehouse-atlas,cart-service,2639.67,655,24,33.2,91.13,14.87,13,5,green,replica healthy,ATLAS-5900
2023-02-24,checkout-db-primary,loyalty-service,522.49,377,25,24.89,95.32,4.04,10,1,green,migration window planned,ATLAS-6013
2023-02-24,orders-db-primary,loyalty-service,527.81,380,47,51.1,92.49,17.07,8,4,green,connection pool reviewed,ATLAS-5755
2023-02-24,payments-ledger-primary,payment-orchestrator,539.71,573,70,28.4,94.33,9.86,2,2,green,connection pool reviewed,ATLAS-1199
2023-02-24,cart-redis-cluster,pricing-engine,186.76,544,67,3.7,91.81,21.51,0,4,green,replica healthy,ATLAS-5219
2023-02-24,kafka-ordering-cluster,auth-gateway,543.93,669,68,13.35,90.85,17.91,14,7,green,connection pool reviewed,ATLAS-1168
2023-02-24,warehouse-atlas,loyalty-service,2710.47,739,19,0.08,93.7,11.73,5,7,green,replica healthy,ATLAS-2775
2023-03-03,checkout-db-primary,notification-service,511.5,438,30,104.41,89.72,26.0,10,5,green,index maintenance due,ATLAS-2708
2023-03-03,orders-db-primary,loyalty-service,535.96,481,36,44.41,90.89,18.73,15,6,green,vacuum completed,ATLAS-5671
2023-03-03,payments-ledger-primary,pricing-engine,512.93,228,37,59.38,90.64,18.5,8,0,green,replica healthy,ATLAS-1045
2023-03-03,cart-redis-cluster,order-ledger,190.58,210,29,86.5,89.3,20.83,15,1,green,vacuum completed,ATLAS-1610
2023-03-03,kafka-ordering-cluster,inventory-reservation,542.77,197,33,81.58,92.91,15.63,7,1,green,replica healthy,ATLAS-4926
2023-03-03,warehouse-atlas,pricing-engine,2741.43,428,34,0,95.98,6.92,10,6,green,replica healthy,ATLAS-3384
2023-03-10,checkout-db-primary,pricing-engine,527.62,635,17,119.74,91.7,18.47,3,7,green,migration window planned,ATLAS-2608
2023-03-10,orders-db-primary,auth-gateway,524.95,410,41,4.75,92.96,14.27,2,1,green,connection pool reviewed,ATLAS-4418
2023-03-10,payments-ledger-primary,tax-service,524.96,213,52,24.94,92.87,16.27,6,1,green,backup verified,ATLAS-2122
2023-03-10,cart-redis-cluster,checkout-api,188.2,285,39,20.78,93.65,8.03,5,7,green,vacuum completed,ATLAS-2794
2023-03-10,kafka-ordering-cluster,payment-orchestrator,543.12,594,43,72.99,90.34,20.64,11,6,green,vacuum completed,ATLAS-3031
2023-03-10,warehouse-atlas,cart-service,2660.57,280,38,6.1,93.54,15.89,2,5,green,replica healthy,ATLAS-4680
2023-03-17,checkout-db-primary,tax-service,538.19,492,41,65.08,91.61,17.92,15,6,green,migration window planned,ATLAS-3434
2023-03-17,orders-db-primary,checkout-api,529.55,691,16,17.74,90.42,18.27,2,0,green,migration window planned,ATLAS-1667
2023-03-17,payments-ledger-primary,inventory-reservation,523.16,184,36,6.74,96.43,7.28,13,1,green,backup verified,ATLAS-3811
2023-03-17,cart-redis-cluster,notification-service,187.1,527,28,27.33,93.8,13.18,1,3,green,connection pool reviewed,ATLAS-2449
2023-03-17,kafka-ordering-cluster,notification-service,547.46,717,36,64.6,95.28,9.79,14,5,green,connection pool reviewed,ATLAS-3203
2023-03-17,warehouse-atlas,pricing-engine,2690.52,572,39,57.28,90.87,16.13,6,6,green,vacuum completed,ATLAS-3137
2023-03-24,checkout-db-primary,payment-orchestrator,526.41,436,38,80.13,92.16,16.98,1,3,green,replica healthy,ATLAS-1530
2023-03-24,orders-db-primary,loyalty-service,540.0,100,21,85.01,90.69,16.81,14,4,green,backup verified,ATLAS-1105
2023-03-24,payments-ledger-primary,cart-service,510.81,355,43,24.87,92.71,15.46,2,3,green,connection pool reviewed,ATLAS-3178
2023-03-24,cart-redis-cluster,inventory-reservation,190.07,123,39,41.35,90.19,18.9,12,0,green,backup verified,ATLAS-1836
2023-03-24,kafka-ordering-cluster,inventory-reservation,533.35,121,29,19.28,94.46,7.17,0,0,green,migration window planned,ATLAS-4872
2023-03-24,warehouse-atlas,search-recommendations,2697.55,584,36,51.87,93.32,8.61,16,6,green,replica healthy,ATLAS-3534
2023-03-31,checkout-db-primary,auth-gateway,535.98,324,50,58.34,93.52,14.85,6,1,green,vacuum completed,ATLAS-2444
2023-03-31,orders-db-primary,auth-gateway,542.64,742,46,7.11,95.31,9.42,3,4,green,connection pool reviewed,ATLAS-1427
2023-03-31,payments-ledger-primary,payment-orchestrator,519.06,743,27,40.18,91.43,13.96,9,7,green,backup verified,ATLAS-3872
2023-03-31,cart-redis-cluster,inventory-reservation,184.04,259,27,13.49,95.21,7.76,6,0,green,vacuum completed,ATLAS-1238
2023-03-31,kafka-ordering-cluster,order-ledger,543.53,622,39,60.68,91.94,20.05,0,6,green,vacuum completed,ATLAS-1717
2023-03-31,warehouse-atlas,order-ledger,2688.16,284,49,60.75,90.91,17.27,4,3,green,migration window planned,ATLAS-4206
2023-04-07,checkout-db-primary,order-ledger,543.85,432,59,29.04,90.69,16.54,9,3,green,replica healthy,ATLAS-1123
2023-04-07,orders-db-primary,analytics-pipeline,533.39,601,46,68.65,92.26,20.16,5,1,green,migration window planned,ATLAS-5706
2023-04-07,payments-ledger-primary,search-recommendations,538.77,667,70,61.12,89.82,20.32,4,0,green,backup verified,ATLAS-4034
2023-04-07,cart-redis-cluster,search-recommendations,186.3,251,34,62.09,93.94,13.71,7,3,green,connection pool reviewed,ATLAS-2921
2023-04-07,kafka-ordering-cluster,inventory-reservation,548.59,711,26,0,93.26,9.87,16,7,green,index maintenance due,ATLAS-4228
2023-04-07,warehouse-atlas,analytics-pipeline,2725.79,206,49,84.1,91.59,17.09,3,2,green,vacuum completed,ATLAS-1892
2023-04-14,checkout-db-primary,loyalty-service,529.27,585,50,39.89,89.25,20.93,3,6,green,backup verified,ATLAS-4752
2023-04-14,orders-db-primary,inventory-reservation,536.73,378,54,67.28,88.45,29.34,9,6,amber,vacuum completed,ATLAS-4906
2023-04-14,payments-ledger-primary,tax-service,547.5,708,27,0,88.9,23.85,6,5,green,connection pool reviewed,ATLAS-2618
2023-04-14,cart-redis-cluster,checkout-api,182.55,228,25,82.52,94.73,10.45,3,1,green,backup verified,ATLAS-2978
2023-04-14,kafka-ordering-cluster,loyalty-service,547.96,236,29,71.63,91.35,14.99,5,7,green,connection pool reviewed,ATLAS-5254
2023-04-14,warehouse-atlas,order-ledger,2740.85,391,34,34.7,92.74,12.23,11,1,green,index maintenance due,ATLAS-1657
2023-04-21,checkout-db-primary,search-recommendations,548.94,567,44,50.81,92.83,18.19,7,4,green,migration window planned,ATLAS-3100
2023-04-21,orders-db-primary,search-recommendations,538.19,453,31,36.97,93.28,14.32,7,4,green,migration window planned,ATLAS-4210
2023-04-21,payments-ledger-primary,tax-service,519.96,400,24,0,94.52,11.53,7,5,green,connection pool reviewed,ATLAS-5993
2023-04-21,cart-redis-cluster,search-recommendations,179.38,196,46,0,93.91,6.5,5,5,green,replica healthy,ATLAS-2133
2023-04-21,kafka-ordering-cluster,loyalty-service,525.86,229,28,87.58,94.56,12.92,4,1,green,vacuum completed,ATLAS-4431
2023-04-21,warehouse-atlas,order-ledger,2706.65,328,30,83.7,88.1,24.14,1,4,green,backup verified,ATLAS-1865
2023-04-28,checkout-db-primary,loyalty-service,532.22,381,54,73.8,91.75,16.88,0,4,green,connection pool reviewed,ATLAS-4703
2023-04-28,orders-db-primary,inventory-reservation,516.27,516,44,110.27,88.35,24.33,9,7,green,vacuum completed,ATLAS-3470
2023-04-28,payments-ledger-primary,order-ledger,514.63,325,27,23.0,92.67,18.12,1,3,green,replica healthy,ATLAS-1807
2023-04-28,cart-redis-cluster,order-ledger,182.94,422,54,48.92,96.65,6.27,2,5,green,index maintenance due,ATLAS-4373
2023-04-28,kafka-ordering-cluster,notification-service,546.29,697,30,61.2,90.5,18.92,14,5,green,backup verified,ATLAS-2693
2023-04-28,warehouse-atlas,order-ledger,2610.4,369,42,7.4,93.24,13.73,3,2,green,vacuum completed,ATLAS-5385
2023-05-05,checkout-db-primary,inventory-reservation,516.23,726,52,38.06,93.11,17.6,5,4,green,vacuum completed,ATLAS-1630
2023-05-05,orders-db-primary,auth-gateway,519.49,121,45,114.81,90.46,22.71,8,4,green,migration window planned,ATLAS-1386
2023-05-05,payments-ledger-primary,loyalty-service,521.16,324,38,22.15,94.78,11.2,1,0,green,backup verified,ATLAS-3171
2023-05-05,cart-redis-cluster,inventory-reservation,188.24,667,36,59.16,92.95,12.5,6,6,green,backup verified,ATLAS-4401
2023-05-05,kafka-ordering-cluster,cart-service,523.99,329,63,0,91.95,14.66,6,0,green,migration window planned,ATLAS-1077
2023-05-05,warehouse-atlas,cart-service,2649.78,428,24,0,91.8,14.75,10,4,green,migration window planned,ATLAS-1032
2023-05-12,checkout-db-primary,search-recommendations,516.78,133,40,67.99,88.86,26.35,1,1,green,connection pool reviewed,ATLAS-1893
2023-05-12,orders-db-primary,analytics-pipeline,533.98,596,42,75.94,91.03,18.49,12,0,green,migration window planned,ATLAS-3278
2023-05-12,payments-ledger-primary,loyalty-service,519.6,404,21,50.74,90.32,21.64,13,2,green,vacuum completed,ATLAS-5357
2023-05-12,cart-redis-cluster,payment-orchestrator,186.86,203,46,67.75,92.41,17.32,4,7,green,connection pool reviewed,ATLAS-6117
2023-05-12,kafka-ordering-cluster,tax-service,539.92,651,41,62.04,88.71,26.48,1,3,green,replica healthy,ATLAS-2689
2023-05-12,warehouse-atlas,checkout-api,2745.92,358,27,35.65,87.03,31.88,10,2,amber,migration window planned,ATLAS-2244
2023-05-19,checkout-db-primary,cart-service,530.98,93,47,62.17,94.65,10.4,6,6,green,vacuum completed,ATLAS-4902
2023-05-19,orders-db-primary,notification-service,549.32,596,21,28.01,91.18,22.73,1,4,green,vacuum completed,ATLAS-3069
2023-05-19,payments-ledger-primary,inventory-reservation,515.53,249,24,149.92,93.56,12.37,3,1,green,index maintenance due,ATLAS-2809
2023-05-19,cart-redis-cluster,notification-service,181.13,573,39,0,91.96,17.18,10,0,green,index maintenance due,ATLAS-2986
2023-05-19,kafka-ordering-cluster,inventory-reservation,515.8,518,12,78.73,91.96,20.85,6,6,green,replica healthy,ATLAS-4637
2023-05-19,warehouse-atlas,payment-orchestrator,2637.92,181,28,64.63,94.31,11.49,4,0,green,vacuum completed,ATLAS-3643
2023-05-26,checkout-db-primary,tax-service,528.68,442,27,75.91,89.66,21.25,11,4,green,connection pool reviewed,ATLAS-4617
2023-05-26,orders-db-primary,notification-service,534.75,155,48,8.16,91.75,15.88,1,1,green,migration window planned,ATLAS-3168
2023-05-26,payments-ledger-primary,loyalty-service,515.63,728,11,20.76,94.43,12.0,3,1,green,migration window planned,ATLAS-2644
2023-05-26,cart-redis-cluster,order-ledger,181.19,124,29,79.96,93.04,10.7,1,7,green,backup verified,ATLAS-4714
2023-05-26,kafka-ordering-cluster,payment-orchestrator,537.19,224,21,27.93,89.58,20.0,11,6,green,index maintenance due,ATLAS-5095
2023-05-26,warehouse-atlas,auth-gateway,2693.36,531,36,76.44,92.32,13.4,10,7,green,vacuum completed,ATLAS-1537
2023-06-02,checkout-db-primary,analytics-pipeline,522.92,593,38,50.08,91.3,14.43,11,5,green,connection pool reviewed,ATLAS-5145
2023-06-02,orders-db-primary,checkout-api,533.22,123,12,54.33,90.5,18.92,11,2,green,migration window planned,ATLAS-4162
2023-06-02,payments-ledger-primary,auth-gateway,515.75,403,18,22.53,90.91,18.11,13,1,green,vacuum completed,ATLAS-3816
2023-06-02,cart-redis-cluster,notification-service,185.65,117,18,41.15,92.87,16.95,7,5,green,replica healthy,ATLAS-2261
2023-06-02,kafka-ordering-cluster,checkout-api,539.05,582,51,43.15,94.9,7.79,9,2,green,connection pool reviewed,ATLAS-5377
2023-06-02,warehouse-atlas,tax-service,2623.0,176,28,49.7,91.09,21.04,5,3,green,connection pool reviewed,ATLAS-4808
2023-06-09,checkout-db-primary,checkout-api,536.91,642,62,62.64,89.95,20.21,4,4,green,vacuum completed,ATLAS-1721
2023-06-09,orders-db-primary,search-recommendations,549.39,550,13,52.83,90.37,20.53,5,5,green,replica healthy,ATLAS-1207
2023-06-09,payments-ledger-primary,notification-service,524.79,497,30,94.53,92.45,17.11,14,7,green,vacuum completed,ATLAS-1873
2023-06-09,cart-redis-cluster,payment-orchestrator,181.24,172,37,0,92.1,11.85,9,0,green,index maintenance due,ATLAS-3377
2023-06-09,kafka-ordering-cluster,loyalty-service,545.77,567,42,28.59,92.83,13.36,2,4,green,backup verified,ATLAS-2018
2023-06-09,warehouse-atlas,checkout-api,2690.38,774,51,66.53,92.51,15.03,0,6,green,index maintenance due,ATLAS-5162
2023-06-16,checkout-db-primary,payment-orchestrator,535.06,169,36,90.46,92.12,15.81,16,5,green,backup verified,ATLAS-3871
2023-06-16,orders-db-primary,loyalty-service,539.68,567,38,6.0,92.26,16.29,11,5,green,replica healthy,ATLAS-1238
2023-06-16,payments-ledger-primary,pricing-engine,547.54,372,28,69.74,91.29,20.17,13,4,green,migration window planned,ATLAS-3827
2023-06-16,cart-redis-cluster,tax-service,192.41,83,49,25.08,90.64,20.92,14,3,green,index maintenance due,ATLAS-4507
2023-06-16,kafka-ordering-cluster,checkout-api,539.4,166,43,65.67,94.54,7.82,5,7,green,backup verified,ATLAS-6080
2023-06-16,warehouse-atlas,auth-gateway,2583.37,577,41,0,89.48,20.62,4,4,green,connection pool reviewed,ATLAS-3209
2023-06-23,checkout-db-primary,order-ledger,541.83,768,30,58.93,93.71,9.4,10,6,green,connection pool reviewed,ATLAS-4450
2023-06-23,orders-db-primary,pricing-engine,533.79,566,33,10.15,89.41,20.56,3,2,green,replica healthy,ATLAS-1574
2023-06-23,payments-ledger-primary,cart-service,511.67,176,32,45.66,91.6,15.7,6,2,green,backup verified,ATLAS-5246
2023-06-23,cart-redis-cluster,payment-orchestrator,190.18,235,44,105.21,93.74,12.52,2,6,green,index maintenance due,ATLAS-3977
2023-06-23,kafka-ordering-cluster,order-ledger,516.43,538,52,55.35,91.28,16.05,2,6,green,connection pool reviewed,ATLAS-4720
2023-06-23,warehouse-atlas,analytics-pipeline,2745.35,291,43,52.75,91.24,15.77,5,6,green,replica healthy,ATLAS-4620
2023-06-30,checkout-db-primary,payment-orchestrator,549.13,580,58,116.12,90.35,17.47,9,7,green,connection pool reviewed,ATLAS-3399
2023-06-30,orders-db-primary,notification-service,541.79,546,17,97.29,96.89,5.13,13,2,green,backup verified,ATLAS-4043
2023-06-30,payments-ledger-primary,inventory-reservation,537.78,621,46,76.63,90.14,17.77,10,1,green,index maintenance due,ATLAS-2956
2023-06-30,cart-redis-cluster,notification-service,192.27,653,46,8.56,91.45,17.88,8,4,green,connection pool reviewed,ATLAS-1260
2023-06-30,kafka-ordering-cluster,payment-orchestrator,545.04,327,52,25.41,90.72,21.59,14,5,green,index maintenance due,ATLAS-4816
2023-06-30,warehouse-atlas,notification-service,2610.71,217,55,0,91.74,13.29,11,0,green,replica healthy,ATLAS-5132
2023-07-07,checkout-db-primary,order-ledger,533.18,227,54,99.75,91.21,14.92,7,1,green,connection pool reviewed,ATLAS-3385
2023-07-07,orders-db-primary,auth-gateway,524.32,522,40,38.32,91.06,15.97,9,5,green,backup verified,ATLAS-1359
2023-07-07,payments-ledger-primary,inventory-reservation,511.44,104,38,11.26,91.87,12.55,10,5,green,replica healthy,ATLAS-2747
2023-07-07,cart-redis-cluster,payment-orchestrator,189.73,515,34,0,92.18,17.08,7,5,green,replica healthy,ATLAS-5927
2023-07-07,kafka-ordering-cluster,payment-orchestrator,528.82,707,44,18.84,96.16,3.68,4,3,green,vacuum completed,ATLAS-3131
2023-07-07,warehouse-atlas,payment-orchestrator,2644.79,208,27,81.15,90.5,16.54,12,5,green,backup verified,ATLAS-1949
2023-07-14,checkout-db-primary,inventory-reservation,546.7,472,56,86.05,88.59,22.79,8,0,green,replica healthy,ATLAS-3004
2023-07-14,orders-db-primary,auth-gateway,514.81,255,22,63.65,94.39,12.82,6,0,green,index maintenance due,ATLAS-4698
2023-07-14,payments-ledger-primary,checkout-api,549.99,741,30,5.67,91.04,22.2,10,0,green,index maintenance due,ATLAS-3164
2023-07-14,cart-redis-cluster,checkout-api,191.2,479,25,29.4,88.59,26.32,8,2,green,connection pool reviewed,ATLAS-4584
2023-07-14,kafka-ordering-cluster,notification-service,518.63,366,28,41.68,91.44,17.38,4,1,green,vacuum completed,ATLAS-4506
2023-07-14,warehouse-atlas,auth-gateway,2672.03,109,2,0,88.9,22.52,8,0,green,vacuum completed,ATLAS-1781
2023-07-21,checkout-db-primary,checkout-api,512.02,282,47,20.44,90.56,17.03,6,2,green,index maintenance due,ATLAS-4294
2023-07-21,orders-db-primary,tax-service,527.52,472,46,14.63,95.81,7.87,10,5,green,backup verified,ATLAS-5750
2023-07-21,payments-ledger-primary,inventory-reservation,511.55,195,23,72.36,89.73,25.06,7,4,green,replica healthy,ATLAS-4276
2023-07-21,cart-redis-cluster,cart-service,178.75,614,0,0,92.38,12.34,11,2,green,backup verified,ATLAS-1485
2023-07-21,kafka-ordering-cluster,checkout-api,525.9,780,35,59.92,92.58,13.42,8,5,green,index maintenance due,ATLAS-5441
2023-07-21,warehouse-atlas,loyalty-service,2616.75,203,22,0,91.22,21.32,8,1,green,index maintenance due,ATLAS-1691
2023-07-28,checkout-db-primary,checkout-api,528.27,383,40,36.2,93.03,16.5,6,2,green,backup verified,ATLAS-2917
2023-07-28,orders-db-primary,checkout-api,539.25,155,62,72.39,94.13,12.78,7,2,green,connection pool reviewed,ATLAS-4183
2023-07-28,payments-ledger-primary,loyalty-service,540.27,763,38,30.06,93.76,10.49,3,0,green,connection pool reviewed,ATLAS-6118
2023-07-28,cart-redis-cluster,order-ledger,188.22,255,27,77.08,92.67,17.56,2,3,green,index maintenance due,ATLAS-3266
2023-07-28,kafka-ordering-cluster,tax-service,549.8,631,12,25.56,93.98,12.49,9,0,green,connection pool reviewed,ATLAS-4962
2023-07-28,warehouse-atlas,loyalty-service,2664.77,427,27,42.0,93.35,12.88,14,0,green,backup verified,ATLAS-4052
2023-08-04,checkout-db-primary,notification-service,540.68,552,54,0,92.8,15.72,14,5,green,connection pool reviewed,ATLAS-5493
2023-08-04,orders-db-primary,payment-orchestrator,549.91,244,35,51.59,92.27,16.07,10,1,green,migration window planned,ATLAS-2019
2023-08-04,payments-ledger-primary,search-recommendations,525.26,112,25,8.1,89.59,22.77,0,6,green,vacuum completed,ATLAS-1886
2023-08-04,cart-redis-cluster,cart-service,189.91,775,64,56.84,91.32,19.06,2,2,green,connection pool reviewed,ATLAS-3529
2023-08-04,kafka-ordering-cluster,notification-service,516.67,516,49,99.55,92.45,11.82,13,0,green,backup verified,ATLAS-3901
2023-08-04,warehouse-atlas,checkout-api,2568.42,466,54,28.39,93.85,11.52,8,4,green,migration window planned,ATLAS-4078
2023-08-11,checkout-db-primary,checkout-api,512.02,347,47,87.91,95.16,8.36,16,6,green,index maintenance due,ATLAS-5299
2023-08-11,orders-db-primary,checkout-api,512.04,324,53,87.67,94.21,9.21,14,7,green,index maintenance due,ATLAS-2119
2023-08-11,payments-ledger-primary,pricing-engine,541.95,109,21,74.93,93.17,15.26,10,3,green,connection pool reviewed,ATLAS-4296
2023-08-11,cart-redis-cluster,payment-orchestrator,178.94,585,22,11.28,89.14,23.27,1,5,green,connection pool reviewed,ATLAS-2494
2023-08-11,kafka-ordering-cluster,search-recommendations,520.42,198,31,54.69,93.24,16.73,4,1,green,vacuum completed,ATLAS-1534
2023-08-11,warehouse-atlas,checkout-api,2677.57,708,16,0.23,94.12,12.36,2,3,green,connection pool reviewed,ATLAS-4975
2023-08-18,checkout-db-primary,loyalty-service,544.56,689,39,52.96,94.95,8.99,16,4,green,replica healthy,ATLAS-2503
2023-08-18,orders-db-primary,payment-orchestrator,515.09,338,16,53.36,92.9,13.33,14,2,green,backup verified,ATLAS-3418
2023-08-18,payments-ledger-primary,payment-orchestrator,530.16,361,40,53.57,89.46,22.6,13,4,green,connection pool reviewed,ATLAS-4401
2023-08-18,cart-redis-cluster,payment-orchestrator,190.24,360,24,80.63,91.25,18.85,8,0,green,connection pool reviewed,ATLAS-2996
2023-08-18,kafka-ordering-cluster,pricing-engine,523.32,236,23,63.97,92.85,16.4,1,5,green,index maintenance due,ATLAS-5981
2023-08-18,warehouse-atlas,cart-service,2583.6,340,47,12.31,93.51,16.16,8,5,green,index maintenance due,ATLAS-2509
2023-08-25,checkout-db-primary,cart-service,536.11,231,42,77.65,93.45,15.51,3,1,green,replica healthy,ATLAS-1338
2023-08-25,orders-db-primary,order-ledger,523.09,529,38,67.48,88.58,22.75,1,0,green,migration window planned,ATLAS-4382
2023-08-25,payments-ledger-primary,notification-service,538.04,161,24,89.57,90.18,21.48,15,0,green,backup verified,ATLAS-5425
2023-08-25,cart-redis-cluster,loyalty-service,189.89,309,47,11.18,93.88,7.29,14,1,green,replica healthy,ATLAS-1313
2023-08-25,kafka-ordering-cluster,analytics-pipeline,510.15,87,32,12.79,93.56,11.12,9,7,green,replica healthy,ATLAS-5793
2023-08-25,warehouse-atlas,cart-service,2686.14,192,67,36.49,95.4,4.44,4,2,green,connection pool reviewed,ATLAS-5089
2023-09-01,checkout-db-primary,order-ledger,540.85,323,22,64.59,92.0,13.45,0,6,green,connection pool reviewed,ATLAS-5784
2023-09-01,orders-db-primary,payment-orchestrator,535.82,774,47,0,91.31,21.2,0,4,green,replica healthy,ATLAS-6109
2023-09-01,payments-ledger-primary,payment-orchestrator,544.62,478,38,36.85,92.96,17.7,13,5,green,replica healthy,ATLAS-4218
2023-09-01,cart-redis-cluster,notification-service,191.39,157,36,11.41,90.71,23.03,6,1,green,migration window planned,ATLAS-5794
2023-09-01,kafka-ordering-cluster,payment-orchestrator,548.09,658,16,0,92.72,17.12,9,7,green,replica healthy,ATLAS-5531
2023-09-01,warehouse-atlas,loyalty-service,2744.76,643,49,73.62,88.42,23.61,2,3,green,backup verified,ATLAS-4890
2023-09-08,checkout-db-primary,tax-service,532.16,286,33,7.13,94.28,14.08,14,6,green,replica healthy,ATLAS-2751
2023-09-08,orders-db-primary,checkout-api,540.12,307,26,116.03,89.4,21.48,1,7,green,backup verified,ATLAS-6086
2023-09-08,payments-ledger-primary,auth-gateway,513.84,333,29,42.7,87.83,27.75,2,2,green,connection pool reviewed,ATLAS-2681
2023-09-08,cart-redis-cluster,auth-gateway,182.03,614,47,1.6,93.77,14.95,2,6,green,vacuum completed,ATLAS-3867
2023-09-08,kafka-ordering-cluster,payment-orchestrator,525.5,88,45,11.47,90.12,26.61,15,6,green,index maintenance due,ATLAS-2467
2023-09-08,warehouse-atlas,pricing-engine,2661.52,771,43,22.65,90.34,22.61,0,4,green,connection pool reviewed,ATLAS-1757
2023-09-15,checkout-db-primary,analytics-pipeline,512.78,503,49,28.63,89.46,25.8,4,3,green,connection pool reviewed,ATLAS-5224
2023-09-15,orders-db-primary,analytics-pipeline,529.11,667,46,20.04,91.82,14.4,8,2,green,migration window planned,ATLAS-1512
2023-09-15,payments-ledger-primary,analytics-pipeline,546.86,497,38,111.2,91.92,20.36,5,6,green,backup verified,ATLAS-5292
2023-09-15,cart-redis-cluster,search-recommendations,178.65,698,28,0,91.99,16.94,16,7,green,backup verified,ATLAS-1716
2023-09-15,kafka-ordering-cluster,loyalty-service,527.18,455,22,62.19,92.91,15.24,11,7,green,connection pool reviewed,ATLAS-5296
2023-09-15,warehouse-atlas,inventory-reservation,2729.1,705,41,46.13,93.02,17.59,13,1,green,vacuum completed,ATLAS-4166
2023-09-22,checkout-db-primary,loyalty-service,526.43,134,47,32.98,92.7,15.33,16,5,green,index maintenance due,ATLAS-2390
2023-09-22,orders-db-primary,inventory-reservation,528.03,419,53,11.62,91.88,16.16,8,2,green,backup verified,ATLAS-3502
2023-09-22,payments-ledger-primary,search-recommendations,510.32,124,55,67.26,93.06,13.42,10,1,green,connection pool reviewed,ATLAS-2330
2023-09-22,cart-redis-cluster,tax-service,190.15,439,22,45.65,91.95,14.58,4,6,green,index maintenance due,ATLAS-3685
2023-09-22,kafka-ordering-cluster,notification-service,515.48,117,51,75.62,91.63,13.37,8,7,green,backup verified,ATLAS-2450
2023-09-22,warehouse-atlas,pricing-engine,2684.62,497,54,36.46,89.14,24.53,4,6,green,index maintenance due,ATLAS-3339
2023-09-29,checkout-db-primary,inventory-reservation,514.02,621,32,44.33,91.61,19.09,13,4,green,connection pool reviewed,ATLAS-4036
2023-09-29,orders-db-primary,cart-service,542.06,513,60,57.53,92.42,11.37,14,2,green,connection pool reviewed,ATLAS-3088
2023-09-29,payments-ledger-primary,checkout-api,515.82,623,44,93.23,91.52,22.19,2,1,green,vacuum completed,ATLAS-1564
2023-09-29,cart-redis-cluster,tax-service,185.74,96,18,59.11,93.07,10.08,10,7,green,backup verified,ATLAS-1839
2023-09-29,kafka-ordering-cluster,checkout-api,538.95,414,35,0,91.8,18.03,3,5,green,index maintenance due,ATLAS-1673
2023-09-29,warehouse-atlas,payment-orchestrator,2623.73,413,29,30.8,90.14,19.1,6,7,green,replica healthy,ATLAS-5055
2023-10-06,checkout-db-primary,cart-service,543.17,655,38,1.66,94.72,9.81,7,5,green,vacuum completed,ATLAS-3389
2023-10-06,orders-db-primary,order-ledger,535.4,632,36,17.68,93.48,13.74,0,4,green,backup verified,ATLAS-2125
2023-10-06,payments-ledger-primary,pricing-engine,546.36,248,14,10.77,91.62,21.85,2,0,green,migration window planned,ATLAS-3953
2023-10-06,cart-redis-cluster,analytics-pipeline,179.13,312,26,99.01,90.87,23.24,4,2,green,connection pool reviewed,ATLAS-2905
2023-10-06,kafka-ordering-cluster,loyalty-service,529.02,503,56,44.95,91.98,16.89,0,3,green,vacuum completed,ATLAS-2681
2023-10-06,warehouse-atlas,checkout-api,2650.81,351,19,89.41,91.97,14.46,14,4,green,replica healthy,ATLAS-2520
2023-10-13,checkout-db-primary,tax-service,523.86,683,46,0,91.79,15.54,9,5,green,migration window planned,ATLAS-5248
2023-10-13,orders-db-primary,loyalty-service,524.57,717,48,51.64,93.89,10.26,1,7,green,index maintenance due,ATLAS-5327
2023-10-13,payments-ledger-primary,checkout-api,539.62,133,45,67.76,92.83,17.86,14,2,green,migration window planned,ATLAS-1284
2023-10-13,cart-redis-cluster,analytics-pipeline,186.77,234,51,138.76,90.21,17.5,10,6,green,connection pool reviewed,ATLAS-5261
2023-10-13,kafka-ordering-cluster,checkout-api,514.15,532,20,76.84,92.21,18.59,5,3,green,connection pool reviewed,ATLAS-5876
2023-10-13,warehouse-atlas,cart-service,2572.54,569,38,20.1,90.36,20.42,13,6,green,backup verified,ATLAS-1191
2023-10-20,checkout-db-primary,pricing-engine,515.92,193,37,28.61,91.75,18.06,9,3,green,vacuum completed,ATLAS-2172
2023-10-20,orders-db-primary,loyalty-service,545.45,229,46,25.4,95.82,9.17,3,2,green,backup verified,ATLAS-4430
2023-10-20,payments-ledger-primary,pricing-engine,535.73,236,8,38.4,92.3,12.0,6,6,green,index maintenance due,ATLAS-2995
2023-10-20,cart-redis-cluster,loyalty-service,182.46,579,34,49.83,91.18,17.46,6,3,green,vacuum completed,ATLAS-1421
2023-10-20,kafka-ordering-cluster,loyalty-service,523.78,417,46,59.62,94.05,10.58,6,0,green,backup verified,ATLAS-3125
2023-10-20,warehouse-atlas,payment-orchestrator,2709.06,293,34,46.35,89.27,21.05,6,0,green,connection pool reviewed,ATLAS-2046
2023-10-27,checkout-db-primary,inventory-reservation,526.57,283,42,48.86,95.42,10.36,12,2,green,replica healthy,ATLAS-4400
2023-10-27,orders-db-primary,order-ledger,519.14,221,45,79.96,91.24,21.31,16,7,green,index maintenance due,ATLAS-1017
2023-10-27,payments-ledger-primary,search-recommendations,538.82,328,16,72.25,89.98,21.65,15,1,green,vacuum completed,ATLAS-5310
2023-10-27,cart-redis-cluster,pricing-engine,186.59,285,20,108.61,90.8,18.49,2,4,green,backup verified,ATLAS-2894
2023-10-27,kafka-ordering-cluster,notification-service,540.68,110,51,17.16,91.32,18.05,2,1,green,migration window planned,ATLAS-2975
2023-10-27,warehouse-atlas,notification-service,2610.46,316,50,102.8,94.58,8.36,10,2,green,backup verified,ATLAS-2275
2023-11-03,checkout-db-primary,pricing-engine,514.55,184,52,47.04,92.63,11.02,14,1,green,connection pool reviewed,ATLAS-5426
2023-11-03,orders-db-primary,payment-orchestrator,531.11,761,36,89.87,92.17,14.35,6,7,green,index maintenance due,ATLAS-4725
2023-11-03,payments-ledger-primary,loyalty-service,529.9,749,17,48.63,89.37,21.73,12,1,green,migration window planned,ATLAS-4175
2023-11-03,cart-redis-cluster,tax-service,185.85,166,44,4.44,92.4,13.64,3,5,green,backup verified,ATLAS-3738
2023-11-03,kafka-ordering-cluster,tax-service,542.19,267,45,49.61,94.03,7.64,0,5,green,replica healthy,ATLAS-1068
2023-11-03,warehouse-atlas,pricing-engine,2647.96,209,47,55.45,91.92,12.96,15,2,green,migration window planned,ATLAS-5666
2023-11-10,checkout-db-primary,cart-service,532.68,740,36,38.45,90.14,18.25,16,6,green,connection pool reviewed,ATLAS-5064
2023-11-10,orders-db-primary,pricing-engine,549.84,754,28,0,89.51,27.62,15,0,green,replica healthy,ATLAS-4769
2023-11-10,payments-ledger-primary,analytics-pipeline,545.37,431,76,21.04,93.32,12.45,13,2,amber,replica healthy,ATLAS-3454
2023-11-10,cart-redis-cluster,pricing-engine,183.95,470,40,60.3,95.9,8.42,5,7,green,vacuum completed,ATLAS-5459
2023-11-10,kafka-ordering-cluster,auth-gateway,534.35,739,12,58.86,89.78,18.76,4,4,green,index maintenance due,ATLAS-4707
2023-11-10,warehouse-atlas,notification-service,2738.77,661,56,7.27,91.63,21.34,9,4,green,vacuum completed,ATLAS-4100
2023-11-17,checkout-db-primary,cart-service,511.01,105,44,53.35,88.05,25.68,12,0,green,connection pool reviewed,ATLAS-4511
2023-11-17,orders-db-primary,cart-service,540.72,592,41,49.73,92.1,14.68,4,5,green,replica healthy,ATLAS-1652
2023-11-17,payments-ledger-primary,notification-service,513.86,436,32,25.86,92.66,14.98,12,3,green,migration window planned,ATLAS-5108
2023-11-17,cart-redis-cluster,cart-service,179.92,200,38,44.52,91.91,16.9,15,0,green,index maintenance due,ATLAS-1224
2023-11-17,kafka-ordering-cluster,pricing-engine,548.3,271,34,78.22,91.7,15.83,1,0,green,vacuum completed,ATLAS-5116
2023-11-17,warehouse-atlas,tax-service,2611.52,391,44,66.87,92.58,13.97,0,1,green,migration window planned,ATLAS-4743
2023-11-24,checkout-db-primary,loyalty-service,538.73,761,45,72.28,89.32,21.86,11,0,green,replica healthy,ATLAS-2870
2023-11-24,orders-db-primary,auth-gateway,543.12,740,40,64.34,87.91,26.02,10,4,green,index maintenance due,ATLAS-3745
2023-11-24,payments-ledger-primary,notification-service,537.06,780,39,0,90.57,20.09,3,4,green,index maintenance due,ATLAS-5821
2023-11-24,cart-redis-cluster,notification-service,179.66,488,36,45.09,89.92,23.38,4,4,green,migration window planned,ATLAS-5513
2023-11-24,kafka-ordering-cluster,order-ledger,519.38,228,8,76.69,89.36,25.83,13,5,green,replica healthy,ATLAS-3093
2023-11-24,warehouse-atlas,payment-orchestrator,2644.54,103,30,96.68,93.97,14.89,14,7,green,index maintenance due,ATLAS-1742
2023-12-01,checkout-db-primary,pricing-engine,531.66,363,45,95.71,92.12,14.22,1,2,green,vacuum completed,ATLAS-3703
2023-12-01,orders-db-primary,payment-orchestrator,515.46,608,41,84.81,91.26,14.74,16,6,green,replica healthy,ATLAS-2962
2023-12-01,payments-ledger-primary,search-recommendations,533.44,105,29,0,92.67,16.97,4,2,green,connection pool reviewed,ATLAS-2070
2023-12-01,cart-redis-cluster,cart-service,189.12,780,47,39.65,91.66,18.24,5,0,green,replica healthy,ATLAS-4617
2023-12-01,kafka-ordering-cluster,checkout-api,516.93,247,25,84.43,94.54,12.45,4,2,green,index maintenance due,ATLAS-1818
2023-12-01,warehouse-atlas,checkout-api,2663.12,371,49,0,91.41,16.07,4,2,green,replica healthy,ATLAS-1616
2023-12-08,checkout-db-primary,payment-orchestrator,520.52,578,32,12.64,94.13,14.6,16,3,green,migration window planned,ATLAS-1522
2023-12-08,orders-db-primary,tax-service,510.82,686,58,22.91,91.15,18.99,12,0,green,backup verified,ATLAS-5573
2023-12-08,payments-ledger-primary,auth-gateway,540.77,174,29,25.07,90.76,17.41,12,5,green,replica healthy,ATLAS-3702
2023-12-08,cart-redis-cluster,notification-service,186.24,132,10,53.0,91.06,19.55,4,1,green,backup verified,ATLAS-6168
2023-12-08,kafka-ordering-cluster,auth-gateway,517.51,193,19,77.0,92.1,18.61,16,4,green,connection pool reviewed,ATLAS-1498
2023-12-08,warehouse-atlas,cart-service,2588.97,247,26,41.32,90.76,18.05,4,6,green,replica healthy,ATLAS-2686
2023-12-15,checkout-db-primary,checkout-api,542.1,720,18,75.3,94.6,11.8,9,2,green,migration window planned,ATLAS-5043
2023-12-15,orders-db-primary,checkout-api,541.63,172,46,52.51,94.47,10.96,13,0,green,index maintenance due,ATLAS-2885
2023-12-15,payments-ledger-primary,auth-gateway,514.65,332,36,102.48,93.64,13.88,3,1,green,replica healthy,ATLAS-1791
2023-12-15,cart-redis-cluster,cart-service,191.8,500,62,40.59,91.16,18.02,11,0,green,backup verified,ATLAS-1916
2023-12-15,kafka-ordering-cluster,analytics-pipeline,525.15,554,29,27.61,93.99,9.96,6,5,green,migration window planned,ATLAS-1443
2023-12-15,warehouse-atlas,analytics-pipeline,2741.76,736,34,37.6,91.5,16.54,11,6,green,connection pool reviewed,ATLAS-3560
2023-12-22,checkout-db-primary,analytics-pipeline,531.3,138,31,61.12,92.27,18.83,15,1,green,replica healthy,ATLAS-4932
2023-12-22,orders-db-primary,loyalty-service,510.2,651,46,47.61,91.9,14.83,9,1,green,replica healthy,ATLAS-2505
2023-12-22,payments-ledger-primary,search-recommendations,526.6,765,62,75.34,93.74,9.51,9,7,green,backup verified,ATLAS-3744
2023-12-22,cart-redis-cluster,cart-service,182.54,721,23,11.85,91.58,19.86,7,6,green,backup verified,ATLAS-5908
2023-12-22,kafka-ordering-cluster,auth-gateway,525.57,334,46,78.91,92.97,13.01,7,7,green,connection pool reviewed,ATLAS-1872
2023-12-22,warehouse-atlas,notification-service,2711.01,242,28,54.69,94.24,10.8,7,2,green,backup verified,ATLAS-1370
2023-12-29,checkout-db-primary,payment-orchestrator,514.51,316,52,69.3,88.43,23.78,0,0,green,connection pool reviewed,ATLAS-3725
2023-12-29,orders-db-primary,notification-service,521.33,94,39,22.39,89.99,19.61,5,3,green,index maintenance due,ATLAS-3854
2023-12-29,payments-ledger-primary,inventory-reservation,518.53,251,47,41.23,91.83,19.14,14,7,green,replica healthy,ATLAS-3542
2023-12-29,cart-redis-cluster,checkout-api,182.64,393,33,0,96.31,7.4,12,4,green,vacuum completed,ATLAS-2815
2023-12-29,kafka-ordering-cluster,pricing-engine,542.61,218,40,99.73,91.62,18.33,6,6,green,vacuum completed,ATLAS-3391
2023-12-29,warehouse-atlas,tax-service,2661.82,182,49,38.11,88.8,29.48,9,3,amber,backup verified,ATLAS-1225
2024-01-05,checkout-db-primary,notification-service,619.9,544,51,140.49,91.14,14.6,7,7,green,migration window planned,ATLAS-2560
2024-01-05,orders-db-primary,analytics-pipeline,609.95,655,58,72.84,92.75,11.39,8,0,green,index maintenance due,ATLAS-1002
2024-01-05,payments-ledger-primary,checkout-api,621.9,407,60,21.76,89.43,23.61,1,4,green,vacuum completed,ATLAS-4933
2024-01-05,cart-redis-cluster,inventory-reservation,213.97,153,28,0,93.22,14.73,4,0,green,vacuum completed,ATLAS-2765
2024-01-05,kafka-ordering-cluster,tax-service,625.99,326,53,58.86,89.68,20.16,2,5,green,migration window planned,ATLAS-6164
2024-01-05,warehouse-atlas,cart-service,3131.85,425,44,9.49,87.79,25.4,15,4,green,vacuum completed,ATLAS-2966
2024-01-12,checkout-db-primary,payment-orchestrator,613.71,735,35,35.73,94.61,13.01,10,2,green,index maintenance due,ATLAS-5652
2024-01-12,orders-db-primary,payment-orchestrator,599.8,239,46,82.34,91.83,19.57,3,1,green,migration window planned,ATLAS-2229
2024-01-12,payments-ledger-primary,payment-orchestrator,610.3,722,49,83.48,92.06,20.2,2,7,green,replica healthy,ATLAS-5605
2024-01-12,cart-redis-cluster,analytics-pipeline,210.23,515,48,61.85,94.37,9.76,9,7,green,index maintenance due,ATLAS-3055
2024-01-12,kafka-ordering-cluster,pricing-engine,603.21,713,19,40.95,90.01,19.93,11,5,green,vacuum completed,ATLAS-5374
2024-01-12,warehouse-atlas,cart-service,2979.46,179,43,97.39,93.92,13.67,14,2,green,backup verified,ATLAS-5448
2024-01-19,checkout-db-primary,notification-service,627.84,84,38,0,91.85,18.89,9,6,green,migration window planned,ATLAS-5515
2024-01-19,orders-db-primary,pricing-engine,610.57,773,45,45.14,90.89,24.24,16,4,green,replica healthy,ATLAS-4922
2024-01-19,payments-ledger-primary,checkout-api,629.69,563,65,22.61,90.7,19.32,15,4,green,replica healthy,ATLAS-4564
2024-01-19,cart-redis-cluster,payment-orchestrator,212.94,221,40,7.4,90.75,18.24,13,1,green,connection pool reviewed,ATLAS-5245
2024-01-19,kafka-ordering-cluster,checkout-api,597.7,480,39,88.24,89.33,22.14,10,0,green,index maintenance due,ATLAS-2805
2024-01-19,warehouse-atlas,notification-service,2954.81,105,45,85.24,87.99,25.37,8,7,green,vacuum completed,ATLAS-4327
2024-01-26,checkout-db-primary,checkout-api,616.28,460,36,53.15,91.55,18.36,16,2,green,index maintenance due,ATLAS-4906
2024-01-26,orders-db-primary,notification-service,622.31,418,46,71.1,94.2,11.39,9,0,green,connection pool reviewed,ATLAS-3463
2024-01-26,payments-ledger-primary,auth-gateway,617.42,455,48,0,91.09,22.34,14,2,green,migration window planned,ATLAS-2086
2024-01-26,cart-redis-cluster,auth-gateway,214.46,440,19,39.88,93.9,13.57,10,4,green,migration window planned,ATLAS-5203
2024-01-26,kafka-ordering-cluster,loyalty-service,615.25,255,39,47.03,92.83,13.38,10,5,green,replica healthy,ATLAS-5751
2024-01-26,warehouse-atlas,notification-service,2981.95,544,33,86.62,89.44,25.29,15,6,green,migration window planned,ATLAS-2677
2024-02-02,checkout-db-primary,cart-service,598.05,634,48,28.88,94.98,5.4,2,0,green,replica healthy,ATLAS-2071
2024-02-02,orders-db-primary,auth-gateway,629.01,595,39,13.35,94.2,10.74,7,5,green,replica healthy,ATLAS-1700
2024-02-02,payments-ledger-primary,notification-service,597.43,156,35,0,89.01,21.54,3,7,green,backup verified,ATLAS-4610
2024-02-02,cart-redis-cluster,inventory-reservation,219.2,589,46,22.16,94.31,9.04,11,2,green,migration window planned,ATLAS-3002
2024-02-02,kafka-ordering-cluster,order-ledger,619.97,643,51,50.57,91.47,20.29,15,4,green,connection pool reviewed,ATLAS-3016
2024-02-02,warehouse-atlas,inventory-reservation,3102.48,555,53,6.11,90.18,17.5,9,6,green,backup verified,ATLAS-3064
2024-02-09,checkout-db-primary,search-recommendations,621.02,273,35,7.37,89.02,24.1,15,1,green,replica healthy,ATLAS-2090
2024-02-09,orders-db-primary,cart-service,592.68,432,38,0,90.49,18.77,10,3,green,replica healthy,ATLAS-2253
2024-02-09,payments-ledger-primary,auth-gateway,629.26,491,58,51.27,93.3,11.24,7,4,green,replica healthy,ATLAS-3630
2024-02-09,cart-redis-cluster,search-recommendations,218.73,295,42,107.71,94.28,5.4,1,5,green,replica healthy,ATLAS-4622
2024-02-09,kafka-ordering-cluster,notification-service,596.55,488,53,52.19,93.39,14.05,12,7,green,backup verified,ATLAS-5381
2024-02-09,warehouse-atlas,notification-service,2980.72,192,44,41.47,92.93,17.89,15,3,green,backup verified,ATLAS-4685
2024-02-16,checkout-db-primary,search-recommendations,609.45,422,65,55.97,91.01,18.94,7,6,green,connection pool reviewed,ATLAS-4162
2024-02-16,orders-db-primary,pricing-engine,605.35,609,30,0,89.96,23.99,5,1,green,connection pool reviewed,ATLAS-5447
2024-02-16,payments-ledger-primary,checkout-api,595.75,158,50,33.93,90.7,23.07,7,0,green,migration window planned,ATLAS-3913
2024-02-16,cart-redis-cluster,search-recommendations,207.7,234,39,21.44,91.33,15.21,14,5,green,vacuum completed,ATLAS-5712
2024-02-16,kafka-ordering-cluster,auth-gateway,591.24,735,33,49.03,87.96,29.54,11,4,amber,replica healthy,ATLAS-5924
2024-02-16,warehouse-atlas,loyalty-service,3026.85,436,29,64.67,92.12,13.24,10,7,green,vacuum completed,ATLAS-3487
2024-02-23,checkout-db-primary,pricing-engine,626.71,665,38,40.76,93.11,17.53,13,5,green,vacuum completed,ATLAS-2456
2024-02-23,orders-db-primary,notification-service,591.1,629,43,30.63,91.68,19.77,3,1,green,backup verified,ATLAS-3910
2024-02-23,payments-ledger-primary,search-recommendations,614.6,412,42,24.66,89.88,24.17,3,2,green,vacuum completed,ATLAS-4095
2024-02-23,cart-redis-cluster,analytics-pipeline,210.46,219,25,45.14,93.42,10.7,11,4,green,connection pool reviewed,ATLAS-5020
2024-02-23,kafka-ordering-cluster,pricing-engine,627.05,689,64,0,92.72,13.47,10,2,green,backup verified,ATLAS-4447
2024-02-23,warehouse-atlas,order-ledger,2994.31,776,60,55.12,95.95,5.82,7,1,green,connection pool reviewed,ATLAS-4097
2024-03-01,checkout-db-primary,pricing-engine,619.56,621,52,163.26,91.9,14.93,7,3,green,migration window planned,ATLAS-3493
2024-03-01,orders-db-primary,inventory-reservation,605.55,399,51,23.67,91.56,20.47,9,1,green,backup verified,ATLAS-4912
2024-03-01,payments-ledger-primary,checkout-api,608.95,224,41,0,94.7,10.76,8,7,green,index maintenance due,ATLAS-4302
2024-03-01,cart-redis-cluster,cart-service,217.44,538,31,11.18,92.57,15.93,6,1,green,backup verified,ATLAS-5600
2024-03-01,kafka-ordering-cluster,payment-orchestrator,622.42,656,37,20.0,88.89,22.98,12,5,green,backup verified,ATLAS-1323
2024-03-01,warehouse-atlas,notification-service,3140.96,438,32,28.41,91.16,15.76,14,7,green,replica healthy,ATLAS-3989
2024-03-08,checkout-db-primary,checkout-api,598.31,177,25,28.8,92.99,9.4,6,5,green,migration window planned,ATLAS-1876
2024-03-08,orders-db-primary,payment-orchestrator,610.28,299,55,79.85,95.17,9.35,16,7,green,backup verified,ATLAS-4952
2024-03-08,payments-ledger-primary,loyalty-service,601.18,300,38,45.02,90.5,20.38,14,6,green,index maintenance due,ATLAS-4742
2024-03-08,cart-redis-cluster,tax-service,206.72,279,35,82.34,91.6,19.52,14,0,green,index maintenance due,ATLAS-1794
2024-03-08,kafka-ordering-cluster,auth-gateway,617.74,94,20,57.17,93.59,11.51,14,3,green,migration window planned,ATLAS-2587
2024-03-08,warehouse-atlas,checkout-api,2973.68,360,42,39.3,89.29,22.45,0,7,green,backup verified,ATLAS-4796
2024-03-15,checkout-db-primary,inventory-reservation,606.91,485,34,40.84,90.58,17.48,15,7,green,index maintenance due,ATLAS-3020
2024-03-15,orders-db-primary,analytics-pipeline,611.49,669,48,28.45,91.45,20.33,1,1,green,vacuum completed,ATLAS-2397
2024-03-15,payments-ledger-primary,payment-orchestrator,607.08,340,56,34.3,91.65,15.95,7,3,green,migration window planned,ATLAS-3333
2024-03-15,cart-redis-cluster,pricing-engine,208.34,228,29,62.95,90.96,22.02,11,3,green,index maintenance due,ATLAS-2311
2024-03-15,kafka-ordering-cluster,cart-service,619.99,216,19,46.76,91.86,17.76,5,6,green,replica healthy,ATLAS-5457
2024-03-15,warehouse-atlas,auth-gateway,2959.23,460,29,0.41,93.78,14.66,15,3,green,vacuum completed,ATLAS-5109
2024-03-22,checkout-db-primary,notification-service,599.87,298,33,47.41,94.57,9.82,3,7,green,connection pool reviewed,ATLAS-3870
2024-03-22,orders-db-primary,loyalty-service,590.1,363,53,2.84,90.8,18.12,4,0,green,migration window planned,ATLAS-2083
2024-03-22,payments-ledger-primary,payment-orchestrator,618.43,434,38,39.56,92.63,16.59,16,2,green,migration window planned,ATLAS-3703
2024-03-22,cart-redis-cluster,checkout-api,219.78,449,18,47.69,91.74,20.09,4,2,green,connection pool reviewed,ATLAS-3917
2024-03-22,kafka-ordering-cluster,cart-service,594.54,304,42,37.3,93.04,13.5,3,1,green,index maintenance due,ATLAS-6145
2024-03-22,warehouse-atlas,order-ledger,3077.87,632,38,26.33,92.56,17.99,6,1,green,connection pool reviewed,ATLAS-3833
2024-03-29,checkout-db-primary,pricing-engine,594.53,181,35,57.59,91.94,18.89,1,5,green,connection pool reviewed,ATLAS-1312
2024-03-29,orders-db-primary,tax-service,594.33,355,62,45.06,89.73,20.52,3,0,green,replica healthy,ATLAS-2532
2024-03-29,payments-ledger-primary,notification-service,606.28,710,17,9.59,92.18,13.38,13,1,green,backup verified,ATLAS-5672
2024-03-29,cart-redis-cluster,payment-orchestrator,206.61,404,35,6.75,93.31,16.98,14,1,green,migration window planned,ATLAS-2276
2024-03-29,kafka-ordering-cluster,order-ledger,592.5,232,58,40.32,91.13,21.1,3,7,green,connection pool reviewed,ATLAS-4665
2024-03-29,warehouse-atlas,tax-service,3067.25,577,43,36.11,92.6,14.04,7,6,green,migration window planned,ATLAS-1456
2024-04-05,checkout-db-primary,notification-service,593.6,719,49,0,90.18,20.94,2,0,green,connection pool reviewed,ATLAS-5659
2024-04-05,orders-db-primary,payment-orchestrator,626.87,253,55,49.01,91.68,14.81,8,3,green,index maintenance due,ATLAS-2523
2024-04-05,payments-ledger-primary,loyalty-service,626.56,680,38,1.4,91.07,16.01,8,6,green,index maintenance due,ATLAS-2531
2024-04-05,cart-redis-cluster,analytics-pipeline,215.37,243,39,0,93.07,17.64,14,2,green,index maintenance due,ATLAS-5466
2024-04-05,kafka-ordering-cluster,notification-service,592.46,528,54,68.22,97.2,3.1,0,5,green,migration window planned,ATLAS-3106
2024-04-05,warehouse-atlas,auth-gateway,3088.06,346,68,70.96,92.59,15.93,1,0,green,connection pool reviewed,ATLAS-4063
2024-04-12,checkout-db-primary,notification-service,601.42,194,8,0,89.51,21.89,1,1,green,replica healthy,ATLAS-1909
2024-04-12,orders-db-primary,analytics-pipeline,601.56,553,52,49.44,92.93,15.83,4,7,green,backup verified,ATLAS-1471
2024-04-12,payments-ledger-primary,cart-service,607.79,620,39,67.64,92.85,17.49,3,7,green,vacuum completed,ATLAS-5618
2024-04-12,cart-redis-cluster,loyalty-service,215.91,612,43,113.95,94.25,9.38,10,7,green,vacuum completed,ATLAS-3266
2024-04-12,kafka-ordering-cluster,inventory-reservation,612.2,229,39,99.87,88.71,23.14,3,0,green,migration window planned,ATLAS-5306
2024-04-12,warehouse-atlas,analytics-pipeline,3137.62,470,23,41.61,88.62,22.61,15,0,green,migration window planned,ATLAS-2968
2024-04-19,checkout-db-primary,auth-gateway,623.39,459,32,27.13,92.23,13.3,12,0,green,migration window planned,ATLAS-5222
2024-04-19,orders-db-primary,inventory-reservation,627.55,296,61,105.18,89.52,19.86,10,4,green,index maintenance due,ATLAS-1810
2024-04-19,payments-ledger-primary,analytics-pipeline,599.11,84,49,101.42,92.28,15.88,6,5,green,vacuum completed,ATLAS-4181
2024-04-19,cart-redis-cluster,payment-orchestrator,216.27,500,59,0,90.3,18.44,0,0,green,vacuum completed,ATLAS-5576
2024-04-19,kafka-ordering-cluster,search-recommendations,622.08,323,25,23.06,92.33,17.39,10,0,green,migration window planned,ATLAS-5530
2024-04-19,warehouse-atlas,payment-orchestrator,3086.27,641,30,74.28,92.92,14.23,12,4,green,backup verified,ATLAS-5734
2024-04-26,checkout-db-primary,auth-gateway,601.95,175,62,81.0,91.52,19.75,9,3,green,connection pool reviewed,ATLAS-5160
2024-04-26,orders-db-primary,inventory-reservation,597.7,399,35,0,88.38,26.09,8,1,green,index maintenance due,ATLAS-6082
2024-04-26,payments-ledger-primary,auth-gateway,618.53,721,36,3.2,93.48,14.08,11,7,green,migration window planned,ATLAS-3756
2024-04-26,cart-redis-cluster,cart-service,212.81,737,44,56.92,91.05,16.34,12,7,green,backup verified,ATLAS-4442
2024-04-26,kafka-ordering-cluster,payment-orchestrator,594.36,216,49,53.95,92.95,11.6,2,2,green,replica healthy,ATLAS-1285
2024-04-26,warehouse-atlas,loyalty-service,3136.73,104,53,12.96,94.63,12.29,15,3,green,vacuum completed,ATLAS-5741
2024-05-03,checkout-db-primary,notification-service,601.64,753,55,29.64,92.44,17.91,12,7,green,vacuum completed,ATLAS-3583
2024-05-03,orders-db-primary,loyalty-service,592.82,380,48,99.64,90.9,23.16,2,7,green,vacuum completed,ATLAS-4901
2024-05-03,payments-ledger-primary,checkout-api,604.66,609,49,45.31,94.16,10.14,5,0,green,backup verified,ATLAS-5348
2024-05-03,cart-redis-cluster,auth-gateway,214.86,129,51,70.05,89.32,21.15,15,0,green,migration window planned,ATLAS-2031
2024-05-03,kafka-ordering-cluster,loyalty-service,596.47,139,38,80.72,90.8,15.89,13,2,green,vacuum completed,ATLAS-5043
2024-05-03,warehouse-atlas,pricing-engine,3070.79,723,31,66.0,89.69,22.91,8,3,green,migration window planned,ATLAS-3431
2024-05-10,checkout-db-primary,cart-service,603.1,282,41,39.65,94.1,13.67,3,2,green,backup verified,ATLAS-5859
2024-05-10,orders-db-primary,search-recommendations,599.95,731,47,67.77,91.16,23.38,16,4,green,replica healthy,ATLAS-3595
2024-05-10,payments-ledger-primary,loyalty-service,619.6,282,57,31.27,91.75,16.22,15,2,green,vacuum completed,ATLAS-2230
2024-05-10,cart-redis-cluster,cart-service,217.85,117,23,41.36,93.34,14.72,16,4,green,migration window planned,ATLAS-4729
2024-05-10,kafka-ordering-cluster,order-ledger,595.42,510,54,14.57,90.91,23.15,16,2,green,replica healthy,ATLAS-4554
2024-05-10,warehouse-atlas,cart-service,3040.23,730,39,28.15,90.15,20.12,6,5,green,vacuum completed,ATLAS-3784
2024-05-17,checkout-db-primary,checkout-api,604.33,772,35,91.78,91.6,21.73,12,2,green,index maintenance due,ATLAS-1422
2024-05-17,orders-db-primary,auth-gateway,627.77,91,47,101.74,91.36,19.01,1,5,green,migration window planned,ATLAS-5522
2024-05-17,payments-ledger-primary,tax-service,611.63,614,43,50.04,89.3,24.3,11,4,green,replica healthy,ATLAS-5227
2024-05-17,cart-redis-cluster,analytics-pipeline,209.77,442,54,0,87.4,26.52,5,5,green,migration window planned,ATLAS-5100
2024-05-17,kafka-ordering-cluster,search-recommendations,625.77,681,41,81.49,88.69,27.09,4,7,green,migration window planned,ATLAS-2183
2024-05-17,warehouse-atlas,inventory-reservation,2969.6,327,48,0,92.94,11.27,14,3,green,vacuum completed,ATLAS-3755
2024-05-24,checkout-db-primary,loyalty-service,620.41,336,46,0,89.78,23.79,9,0,green,connection pool reviewed,ATLAS-4845
2024-05-24,orders-db-primary,search-recommendations,603.39,369,46,76.91,94.88,11.12,1,7,green,backup verified,ATLAS-5755
2024-05-24,payments-ledger-primary,payment-orchestrator,597.11,223,33,0.83,89.01,27.0,6,7,green,migration window planned,ATLAS-4985
2024-05-24,cart-redis-cluster,tax-service,211.4,80,46,20.8,90.17,23.71,7,2,green,replica healthy,ATLAS-4380
2024-05-24,kafka-ordering-cluster,cart-service,598.26,270,36,0,92.3,18.63,3,5,green,index maintenance due,ATLAS-5647
2024-05-24,warehouse-atlas,cart-service,3014.44,591,23,56.89,90.37,19.74,1,1,green,migration window planned,ATLAS-4232
2024-05-31,checkout-db-primary,search-recommendations,598.17,540,28,70.24,91.74,17.95,16,7,green,replica healthy,ATLAS-3206
2024-05-31,orders-db-primary,search-recommendations,607.59,772,43,59.73,93.27,15.6,11,4,green,index maintenance due,ATLAS-4438
2024-05-31,payments-ledger-primary,inventory-reservation,611.84,413,20,35.24,91.59,13.55,2,0,green,backup verified,ATLAS-1796
2024-05-31,cart-redis-cluster,analytics-pipeline,211.68,699,21,51.92,90.91,15.63,11,6,green,vacuum completed,ATLAS-5733
2024-05-31,kafka-ordering-cluster,cart-service,627.78,737,55,49.95,89.78,19.42,5,4,green,connection pool reviewed,ATLAS-6172
2024-05-31,warehouse-atlas,auth-gateway,2984.47,257,49,26.55,89.16,25.58,11,0,green,index maintenance due,ATLAS-1152
2024-06-07,checkout-db-primary,checkout-api,597.77,380,38,18.51,90.72,16.54,13,0,green,connection pool reviewed,ATLAS-2149
2024-06-07,orders-db-primary,tax-service,593.29,389,42,21.44,90.63,16.78,7,5,green,connection pool reviewed,ATLAS-3866
2024-06-07,payments-ledger-primary,order-ledger,614.87,190,39,4.98,93.54,13.91,8,6,green,migration window planned,ATLAS-6119
2024-06-07,cart-redis-cluster,search-recommendations,214.89,176,63,19.68,92.91,16.62,9,1,green,vacuum completed,ATLAS-2137
2024-06-07,kafka-ordering-cluster,loyalty-service,594.25,433,42,67.5,93.42,8.68,6,4,green,connection pool reviewed,ATLAS-3563
2024-06-07,warehouse-atlas,checkout-api,3065.94,737,46,64.9,94.43,11.67,9,5,green,index maintenance due,ATLAS-2086
2024-06-14,checkout-db-primary,auth-gateway,625.74,323,51,86.7,91.83,13.09,15,2,green,backup verified,ATLAS-3281
2024-06-14,orders-db-primary,payment-orchestrator,627.54,707,29,36.52,91.65,15.49,1,5,green,vacuum completed,ATLAS-1223
2024-06-14,payments-ledger-primary,search-recommendations,625.43,146,47,0,91.98,16.88,0,5,green,replica healthy,ATLAS-4289
2024-06-14,cart-redis-cluster,notification-service,207.59,299,74,35.81,89.36,26.8,4,1,amber,backup verified,ATLAS-3540
2024-06-14,kafka-ordering-cluster,analytics-pipeline,622.68,379,30,48.39,89.72,20.02,16,0,green,backup verified,ATLAS-3103
2024-06-14,warehouse-atlas,loyalty-service,2985.69,288,30,9.75,89.99,18.15,9,4,green,backup verified,ATLAS-5479
2024-06-21,checkout-db-primary,checkout-api,628.09,424,53,56.63,87.99,25.3,8,0,green,index maintenance due,ATLAS-5377
2024-06-21,orders-db-primary,notification-service,628.03,83,36,12.84,90.36,22.76,3,7,green,backup verified,ATLAS-3655
2024-06-21,payments-ledger-primary,notification-service,618.65,181,19,0,90.22,18.47,0,6,green,backup verified,ATLAS-4981
2024-06-21,cart-redis-cluster,notification-service,216.79,252,35,13.68,94.17,9.47,5,6,green,replica healthy,ATLAS-1739
2024-06-21,kafka-ordering-cluster,cart-service,600.02,571,34,28.24,94.85,10.19,8,0,green,vacuum completed,ATLAS-5659
2024-06-21,warehouse-atlas,loyalty-service,3100.56,710,30,25.2,94.31,10.77,14,6,green,migration window planned,ATLAS-3170
2024-06-28,checkout-db-primary,payment-orchestrator,596.17,254,34,50.05,86.93,28.67,5,1,amber,migration window planned,ATLAS-3222
2024-06-28,orders-db-primary,payment-orchestrator,625.89,354,49,33.63,88.73,22.35,9,5,green,index maintenance due,ATLAS-6172
2024-06-28,payments-ledger-primary,inventory-reservation,626.72,128,26,38.09,90.33,22.02,8,6,green,index maintenance due,ATLAS-6083
2024-06-28,cart-redis-cluster,analytics-pipeline,211.41,495,6,33.12,92.37,17.15,6,5,green,vacuum completed,ATLAS-6159
2024-06-28,kafka-ordering-cluster,inventory-reservation,621.32,315,33,57.33,90.14,23.43,11,1,green,migration window planned,ATLAS-2329
2024-06-28,warehouse-atlas,checkout-api,3146.04,183,19,14.49,91.76,19.18,13,6,green,backup verified,ATLAS-1094
2024-07-05,checkout-db-primary,cart-service,619.32,274,58,53.46,91.54,19.8,6,2,green,replica healthy,ATLAS-4265
2024-07-05,orders-db-primary,pricing-engine,607.96,453,38,25.21,94.12,14.25,14,7,green,index maintenance due,ATLAS-1007
2024-07-05,payments-ledger-primary,payment-orchestrator,628.22,283,39,0.56,89.72,21.63,7,5,green,connection pool reviewed,ATLAS-6156
2024-07-05,cart-redis-cluster,notification-service,209.32,101,27,68.76,93.26,13.85,4,4,green,vacuum completed,ATLAS-5931
2024-07-05,kafka-ordering-cluster,tax-service,613.72,238,41,51.53,91.5,13.8,5,1,green,connection pool reviewed,ATLAS-1739
2024-07-05,warehouse-atlas,inventory-reservation,3053.84,318,46,54.87,90.09,19.82,10,0,green,backup verified,ATLAS-2903
2024-07-12,checkout-db-primary,tax-service,616.76,635,55,43.92,93.94,14.17,10,3,green,backup verified,ATLAS-1250
2024-07-12,orders-db-primary,tax-service,597.39,159,34,42.17,91.91,17.19,0,4,green,migration window planned,ATLAS-2501
2024-07-12,payments-ledger-primary,auth-gateway,598.55,208,33,84.75,93.86,13.32,11,1,green,migration window planned,ATLAS-5479
2024-07-12,cart-redis-cluster,payment-orchestrator,214.6,80,43,50.55,90.81,17.52,8,5,green,backup verified,ATLAS-4873
2024-07-12,kafka-ordering-cluster,loyalty-service,620.12,690,48,35.35,88.8,22.83,10,6,green,vacuum completed,ATLAS-5874
2024-07-12,warehouse-atlas,cart-service,3042.17,270,45,8.99,94.2,10.73,6,4,green,vacuum completed,ATLAS-2476
2024-07-19,checkout-db-primary,payment-orchestrator,601.71,562,45,126.1,90.13,21.27,0,4,green,migration window planned,ATLAS-5106
2024-07-19,orders-db-primary,loyalty-service,618.56,166,35,40.01,92.25,13.45,15,2,green,vacuum completed,ATLAS-5796
2024-07-19,payments-ledger-primary,loyalty-service,609.54,548,40,73.53,94.93,7.09,5,5,green,vacuum completed,ATLAS-3872
2024-07-19,cart-redis-cluster,cart-service,220.23,733,47,0,91.56,18.26,0,2,green,index maintenance due,ATLAS-1797
2024-07-19,kafka-ordering-cluster,order-ledger,617.53,503,40,76.4,88.62,25.17,4,5,green,connection pool reviewed,ATLAS-4793
2024-07-19,warehouse-atlas,notification-service,3012.74,259,48,54.71,93.81,11.51,1,7,green,replica healthy,ATLAS-5533
2024-07-26,checkout-db-primary,payment-orchestrator,604.5,389,33,77.2,89.6,19.34,14,4,green,index maintenance due,ATLAS-2489
2024-07-26,orders-db-primary,pricing-engine,615.96,573,56,11.06,89.19,23.9,5,7,green,vacuum completed,ATLAS-5413
2024-07-26,payments-ledger-primary,pricing-engine,590.52,403,26,42.58,92.94,16.3,0,4,green,vacuum completed,ATLAS-5400
2024-07-26,cart-redis-cluster,loyalty-service,213.69,668,19,41.18,88.76,22.79,9,4,green,connection pool reviewed,ATLAS-1420
2024-07-26,kafka-ordering-cluster,cart-service,596.48,540,37,72.12,91.49,13.75,6,1,green,index maintenance due,ATLAS-1791
2024-07-26,warehouse-atlas,checkout-api,3071.27,440,65,82.22,90.48,20.58,3,5,green,migration window planned,ATLAS-2242
2024-08-02,checkout-db-primary,order-ledger,622.61,187,33,85.55,90.01,22.04,10,4,green,index maintenance due,ATLAS-5961
2024-08-02,orders-db-primary,inventory-reservation,621.66,609,30,53.54,91.66,19.16,7,4,green,index maintenance due,ATLAS-2969
2024-08-02,payments-ledger-primary,inventory-reservation,619.38,597,41,135.68,87.84,25.78,9,6,green,connection pool reviewed,ATLAS-2679
2024-08-02,cart-redis-cluster,search-recommendations,217.09,200,55,62.76,92.52,12.42,6,0,green,backup verified,ATLAS-1992
2024-08-02,kafka-ordering-cluster,tax-service,595.33,744,78,10.38,91.74,16.67,9,7,amber,backup verified,ATLAS-3971
2024-08-02,warehouse-atlas,inventory-reservation,3029.84,282,52,28.36,92.56,14.9,6,0,green,replica healthy,ATLAS-5635
2024-08-09,checkout-db-primary,order-ledger,593.13,561,41,53.21,91.03,21.5,12,6,green,vacuum completed,ATLAS-4724
2024-08-09,orders-db-primary,inventory-reservation,598.68,192,53,93.08,92.99,16.17,3,4,green,index maintenance due,ATLAS-1830
2024-08-09,payments-ledger-primary,loyalty-service,612.53,406,63,90.7,91.49,15.63,8,3,green,backup verified,ATLAS-1987
2024-08-09,cart-redis-cluster,cart-service,212.26,204,41,74.4,91.8,15.7,14,7,green,index maintenance due,ATLAS-5013
2024-08-09,kafka-ordering-cluster,order-ledger,611.15,448,39,0,93.6,14.3,15,6,green,migration window planned,ATLAS-1636
2024-08-09,warehouse-atlas,loyalty-service,3128.62,614,16,10.22,92.7,13.26,15,4,green,connection pool reviewed,ATLAS-2663
2024-08-16,checkout-db-primary,notification-service,610.81,542,59,0,90.57,22.36,10,2,green,connection pool reviewed,ATLAS-1829
2024-08-16,orders-db-primary,search-recommendations,626.62,437,41,63.88,92.51,11.91,9,3,green,backup verified,ATLAS-1199
2024-08-16,payments-ledger-primary,analytics-pipeline,596.27,161,40,0.85,89.51,22.96,5,2,green,backup verified,ATLAS-4920
2024-08-16,cart-redis-cluster,tax-service,212.51,101,28,16.39,90.08,25.04,11,3,green,replica healthy,ATLAS-2666
2024-08-16,kafka-ordering-cluster,checkout-api,594.62,298,28,21.97,93.31,11.31,16,0,green,replica healthy,ATLAS-2719
2024-08-16,warehouse-atlas,auth-gateway,3033.12,576,32,51.9,93.09,16.32,5,7,green,migration window planned,ATLAS-3368
2024-08-23,checkout-db-primary,loyalty-service,590.43,309,41,1.04,91.95,16.84,9,0,green,replica healthy,ATLAS-3188
2024-08-23,orders-db-primary,pricing-engine,620.28,554,32,88.16,90.63,18.97,16,6,green,migration window planned,ATLAS-1035
2024-08-23,payments-ledger-primary,payment-orchestrator,614.45,593,44,151.68,90.49,20.18,2,3,green,connection pool reviewed,ATLAS-4605
2024-08-23,cart-redis-cluster,order-ledger,220.03,288,61,77.82,89.05,22.73,16,2,green,backup verified,ATLAS-1320
2024-08-23,kafka-ordering-cluster,cart-service,594.93,699,21,48.34,93.84,14.35,12,1,green,migration window planned,ATLAS-1408
2024-08-23,warehouse-atlas,search-recommendations,3052.14,155,36,63.52,93.78,12.05,11,5,green,connection pool reviewed,ATLAS-2421
2024-08-30,checkout-db-primary,auth-gateway,596.6,336,50,54.33,92.89,13.51,10,2,green,replica healthy,ATLAS-5514
2024-08-30,orders-db-primary,inventory-reservation,620.91,110,58,42.58,93.2,10.07,13,2,green,connection pool reviewed,ATLAS-4561
2024-08-30,payments-ledger-primary,pricing-engine,610.13,622,49,50.44,90.32,17.41,8,1,green,replica healthy,ATLAS-3411
2024-08-30,cart-redis-cluster,analytics-pipeline,208.1,480,70,24.43,89.66,22.29,15,2,green,vacuum completed,ATLAS-1779
2024-08-30,kafka-ordering-cluster,auth-gateway,610.55,336,65,26.13,92.46,15.39,10,1,green,migration window planned,ATLAS-1517
2024-08-30,warehouse-atlas,cart-service,2966.27,714,43,13.48,92.81,18.07,12,0,green,backup verified,ATLAS-1641
2024-09-06,checkout-db-primary,checkout-api,617.86,448,36,87.25,94.57,11.41,6,7,green,connection pool reviewed,ATLAS-2154
2024-09-06,orders-db-primary,auth-gateway,596.75,391,34,45.04,90.59,25.14,10,0,green,migration window planned,ATLAS-4166
2024-09-06,payments-ledger-primary,inventory-reservation,617.82,676,48,11.01,93.76,8.17,2,3,green,connection pool reviewed,ATLAS-2148
2024-09-06,cart-redis-cluster,tax-service,217.42,300,56,38.73,89.55,23.25,16,6,green,backup verified,ATLAS-1868
2024-09-06,kafka-ordering-cluster,analytics-pipeline,611.44,471,12,45.13,91.02,16.3,0,5,green,vacuum completed,ATLAS-1106
2024-09-06,warehouse-atlas,cart-service,2977.91,685,49,75.26,94.42,13.21,1,0,green,index maintenance due,ATLAS-3249
2024-09-13,checkout-db-primary,cart-service,623.87,761,49,87.52,90.23,18.42,10,4,green,connection pool reviewed,ATLAS-4913
2024-09-13,orders-db-primary,analytics-pipeline,597.47,769,35,115.12,91.79,19.45,8,6,green,connection pool reviewed,ATLAS-4608
2024-09-13,payments-ledger-primary,cart-service,626.75,652,37,72.13,89.6,26.42,13,4,green,backup verified,ATLAS-1252
2024-09-13,cart-redis-cluster,cart-service,207.84,411,45,49.09,88.97,24.33,13,4,green,vacuum completed,ATLAS-4996
2024-09-13,kafka-ordering-cluster,checkout-api,590.6,445,35,51.25,92.38,18.1,15,1,green,replica healthy,ATLAS-2654
2024-09-13,warehouse-atlas,inventory-reservation,2998.09,259,55,26.52,91.29,16.44,12,6,green,vacuum completed,ATLAS-1351
2024-09-20,checkout-db-primary,notification-service,612.23,693,66,74.3,94.2,5.89,6,1,green,replica healthy,ATLAS-4074
2024-09-20,orders-db-primary,payment-orchestrator,611.89,441,39,23.21,93.58,15.1,9,0,green,migration window planned,ATLAS-2969
2024-09-20,payments-ledger-primary,pricing-engine,599.94,748,30,10.22,91.54,19.28,0,2,green,migration window planned,ATLAS-4178
2024-09-20,cart-redis-cluster,notification-service,209.78,305,52,10.09,91.2,18.14,15,7,green,migration window planned,ATLAS-5212
2024-09-20,kafka-ordering-cluster,payment-orchestrator,604.19,378,41,20.87,92.57,19.1,10,7,green,backup verified,ATLAS-5310
2024-09-20,warehouse-atlas,notification-service,3043.93,357,47,78.95,90.39,20.01,12,3,green,index maintenance due,ATLAS-5906
2024-09-27,checkout-db-primary,checkout-api,611.32,361,52,17.06,91.78,19.06,2,6,green,backup verified,ATLAS-3548
2024-09-27,orders-db-primary,loyalty-service,616.16,319,48,81.2,92.41,19.64,0,5,green,vacuum completed,ATLAS-1850
2024-09-27,payments-ledger-primary,loyalty-service,606.12,177,44,26.21,93.21,14.38,13,3,green,replica healthy,ATLAS-5781
2024-09-27,cart-redis-cluster,auth-gateway,212.84,514,35,0,90.55,18.55,9,4,green,index maintenance due,ATLAS-6064
2024-09-27,kafka-ordering-cluster,notification-service,625.21,450,54,0,90.53,18.4,12,5,green,backup verified,ATLAS-1329
2024-09-27,warehouse-atlas,analytics-pipeline,3032.88,171,15,27.97,88.86,25.46,5,3,green,connection pool reviewed,ATLAS-5666
2024-10-04,checkout-db-primary,pricing-engine,592.3,722,63,36.21,89.53,21.73,14,6,green,migration window planned,ATLAS-5588
2024-10-04,orders-db-primary,loyalty-service,607.73,133,23,76.37,94.22,14.11,15,1,green,backup verified,ATLAS-1824
2024-10-04,payments-ledger-primary,checkout-api,592.7,594,35,0,91.36,21.9,10,7,green,migration window planned,ATLAS-2593
2024-10-04,cart-redis-cluster,payment-orchestrator,220.02,565,42,0,89.02,22.67,4,3,green,index maintenance due,ATLAS-3551
2024-10-04,kafka-ordering-cluster,pricing-engine,624.49,192,39,37.7,94.43,11.63,14,1,green,connection pool reviewed,ATLAS-5199
2024-10-04,warehouse-atlas,auth-gateway,2985.23,722,38,42.49,91.34,14.82,12,4,green,vacuum completed,ATLAS-2333
2024-10-11,checkout-db-primary,order-ledger,608.38,509,33,44.5,92.41,15.42,13,1,green,migration window planned,ATLAS-4459
2024-10-11,orders-db-primary,inventory-reservation,609.13,518,51,59.41,88.47,24.55,9,1,green,replica healthy,ATLAS-5860
2024-10-11,payments-ledger-primary,order-ledger,612.58,494,58,77.6,90.64,19.3,5,2,green,backup verified,ATLAS-1985
2024-10-11,cart-redis-cluster,auth-gateway,210.33,551,38,70.63,91.77,19.71,15,6,green,connection pool reviewed,ATLAS-5726
2024-10-11,kafka-ordering-cluster,payment-orchestrator,593.62,631,42,70.54,92.54,18.18,11,1,green,replica healthy,ATLAS-4474
2024-10-11,warehouse-atlas,notification-service,3098.96,451,47,34.39,92.12,16.53,6,7,green,index maintenance due,ATLAS-2722
2024-10-18,checkout-db-primary,tax-service,596.06,161,18,96.65,87.6,25.74,9,0,green,connection pool reviewed,ATLAS-3160
2024-10-18,orders-db-primary,auth-gateway,617.91,299,42,30.2,92.01,18.62,14,1,green,replica healthy,ATLAS-5648
2024-10-18,payments-ledger-primary,inventory-reservation,603.12,260,56,0,93.22,15.8,15,4,green,index maintenance due,ATLAS-2739
2024-10-18,cart-redis-cluster,order-ledger,206.65,514,53,91.66,87.53,26.06,14,4,green,migration window planned,ATLAS-5234
2024-10-18,kafka-ordering-cluster,payment-orchestrator,615.89,755,41,2.96,93.28,15.9,12,0,green,migration window planned,ATLAS-1349
2024-10-18,warehouse-atlas,payment-orchestrator,3116.34,599,34,36.81,87.04,29.04,4,5,amber,migration window planned,ATLAS-5134
2024-10-25,checkout-db-primary,pricing-engine,616.48,631,30,21.55,95.42,6.52,12,0,green,migration window planned,ATLAS-3604
2024-10-25,orders-db-primary,inventory-reservation,617.42,290,59,48.29,90.74,18.7,5,0,green,index maintenance due,ATLAS-1969
2024-10-25,payments-ledger-primary,tax-service,618.26,131,31,8.39,90.15,19.66,13,1,green,replica healthy,ATLAS-4563
2024-10-25,cart-redis-cluster,cart-service,208.41,761,40,154.04,91.24,14.48,14,4,green,migration window planned,ATLAS-5603
2024-10-25,kafka-ordering-cluster,notification-service,591.77,483,61,24.03,90.77,21.16,3,3,green,migration window planned,ATLAS-3560
2024-10-25,warehouse-atlas,pricing-engine,3120.14,247,47,95.5,91.58,14.48,12,7,green,connection pool reviewed,ATLAS-4915
2024-11-01,checkout-db-primary,order-ledger,618.48,384,54,80.85,89.99,20.82,2,1,green,vacuum completed,ATLAS-3427
2024-11-01,orders-db-primary,notification-service,595.92,704,41,0,92.71,18.6,4,6,green,connection pool reviewed,ATLAS-2618
2024-11-01,payments-ledger-primary,checkout-api,627.1,700,48,123.02,93.52,7.59,10,2,green,index maintenance due,ATLAS-2826
2024-11-01,cart-redis-cluster,loyalty-service,216.05,126,58,0,93.28,16.64,15,3,green,index maintenance due,ATLAS-1439
2024-11-01,kafka-ordering-cluster,payment-orchestrator,629.26,173,29,89.33,92.74,14.16,0,6,green,replica healthy,ATLAS-3076
2024-11-01,warehouse-atlas,order-ledger,3074.66,374,34,11.16,90.96,23.27,6,3,green,vacuum completed,ATLAS-4120
2024-11-08,checkout-db-primary,analytics-pipeline,602.86,650,31,110.39,91.46,18.08,3,6,green,vacuum completed,ATLAS-3696
2024-11-08,orders-db-primary,payment-orchestrator,622.6,544,31,46.37,88.56,23.67,7,5,green,backup verified,ATLAS-5417
2024-11-08,payments-ledger-primary,tax-service,603.64,428,52,106.02,91.33,18.82,16,4,green,index maintenance due,ATLAS-3263
2024-11-08,cart-redis-cluster,search-recommendations,219.98,612,44,27.44,90.03,22.19,16,2,green,index maintenance due,ATLAS-4055
2024-11-08,kafka-ordering-cluster,cart-service,627.4,530,31,32.75,93.68,15.19,2,6,green,migration window planned,ATLAS-1651
2024-11-08,warehouse-atlas,cart-service,3071.66,601,28,33.42,89.67,21.91,5,2,green,migration window planned,ATLAS-2239
2024-11-15,checkout-db-primary,loyalty-service,595.14,742,44,9.28,94.27,11.72,11,3,green,connection pool reviewed,ATLAS-3011
2024-11-15,orders-db-primary,order-ledger,594.14,448,32,59.31,91.92,19.85,1,7,green,vacuum completed,ATLAS-1359
2024-11-15,payments-ledger-primary,inventory-reservation,628.15,400,55,0,93.17,15.25,4,0,green,migration window planned,ATLAS-5760
2024-11-15,cart-redis-cluster,cart-service,215.22,158,30,69.26,93.84,6.76,15,1,green,index maintenance due,ATLAS-3472
2024-11-15,kafka-ordering-cluster,pricing-engine,625.49,694,35,64.09,92.12,12.18,6,7,green,index maintenance due,ATLAS-1886
2024-11-15,warehouse-atlas,analytics-pipeline,2989.53,556,31,93.59,89.82,19.19,11,1,green,index maintenance due,ATLAS-1591
2024-11-22,checkout-db-primary,auth-gateway,598.51,586,31,67.15,87.84,24.66,9,3,green,connection pool reviewed,ATLAS-1863
2024-11-22,orders-db-primary,loyalty-service,594.91,769,46,23.48,91.7,17.3,0,2,green,backup verified,ATLAS-2959
2024-11-22,payments-ledger-primary,cart-service,597.69,253,49,144.47,92.78,11.47,15,2,green,index maintenance due,ATLAS-1595
2024-11-22,cart-redis-cluster,payment-orchestrator,215.18,293,43,30.05,91.42,15.2,3,3,green,connection pool reviewed,ATLAS-4262
2024-11-22,kafka-ordering-cluster,analytics-pipeline,605.7,648,51,135.58,87.85,25.41,8,4,green,connection pool reviewed,ATLAS-5403
2024-11-22,warehouse-atlas,inventory-reservation,2966.0,428,22,6.24,90.49,18.58,0,4,green,backup verified,ATLAS-1787
2024-11-29,checkout-db-primary,analytics-pipeline,625.55,430,38,45.2,92.84,17.27,0,4,green,replica healthy,ATLAS-3336
2024-11-29,orders-db-primary,order-ledger,591.53,415,37,60.78,90.77,16.47,15,1,green,replica healthy,ATLAS-3250
2024-11-29,payments-ledger-primary,tax-service,599.81,417,39,47.61,90.99,16.73,3,4,green,connection pool reviewed,ATLAS-1276
2024-11-29,cart-redis-cluster,order-ledger,219.05,208,39,87.81,93.93,12.02,14,7,green,vacuum completed,ATLAS-1640
2024-11-29,kafka-ordering-cluster,notification-service,617.26,152,41,68.69,91.08,22.59,6,1,green,backup verified,ATLAS-3267
2024-11-29,warehouse-atlas,inventory-reservation,3103.89,230,66,61.74,91.17,23.14,2,1,green,migration window planned,ATLAS-4936
2024-12-06,checkout-db-primary,order-ledger,625.29,634,38,69.49,89.62,23.78,8,0,green,connection pool reviewed,ATLAS-5063
2024-12-06,orders-db-primary,pricing-engine,619.89,125,64,58.63,94.67,9.38,16,2,green,index maintenance due,ATLAS-5271
2024-12-06,payments-ledger-primary,inventory-reservation,594.67,359,43,83.67,91.76,19.56,1,0,green,replica healthy,ATLAS-1725
2024-12-06,cart-redis-cluster,auth-gateway,208.09,444,54,132.14,92.45,16.74,8,6,green,vacuum completed,ATLAS-5698
2024-12-06,kafka-ordering-cluster,loyalty-service,591.18,334,61,75.72,91.17,18.89,10,5,green,replica healthy,ATLAS-2330
2024-12-06,warehouse-atlas,notification-service,3036.41,544,58,92.02,91.7,19.24,2,1,green,backup verified,ATLAS-5405
2024-12-13,checkout-db-primary,checkout-api,606.76,126,34,52.31,91.79,16.35,10,3,green,index maintenance due,ATLAS-3972
2024-12-13,orders-db-primary,auth-gateway,627.32,334,52,0,90.4,20.09,11,5,green,index maintenance due,ATLAS-1056
2024-12-13,payments-ledger-primary,search-recommendations,606.85,776,24,88.71,91.15,15.52,13,7,green,migration window planned,ATLAS-4569
2024-12-13,cart-redis-cluster,checkout-api,214.84,176,28,61.25,89.94,18.72,14,1,green,migration window planned,ATLAS-6120
2024-12-13,kafka-ordering-cluster,pricing-engine,593.81,660,44,0,93.05,17.44,1,6,green,backup verified,ATLAS-2943
2024-12-13,warehouse-atlas,pricing-engine,2960.01,432,21,0,91.31,14.99,7,2,green,index maintenance due,ATLAS-2609
2024-12-20,checkout-db-primary,auth-gateway,609.24,326,33,50.58,91.88,19.94,11,1,green,index maintenance due,ATLAS-2036
2024-12-20,orders-db-primary,pricing-engine,624.75,374,47,10.24,90.56,19.9,11,2,green,index maintenance due,ATLAS-3208
2024-12-20,payments-ledger-primary,auth-gateway,613.66,688,46,67.6,90.01,26.01,2,2,green,migration window planned,ATLAS-3294
2024-12-20,cart-redis-cluster,loyalty-service,211.52,752,38,68.57,93.15,13.68,6,2,green,vacuum completed,ATLAS-3931
2024-12-20,kafka-ordering-cluster,checkout-api,617.64,143,46,19.17,95.2,7.58,16,4,green,backup verified,ATLAS-4224
2024-12-20,warehouse-atlas,inventory-reservation,3044.96,143,39,31.5,90.76,21.61,4,0,green,migration window planned,ATLAS-5306
2024-12-27,checkout-db-primary,order-ledger,594.15,292,34,40.34,92.8,18.59,11,6,green,replica healthy,ATLAS-1309
2024-12-27,orders-db-primary,cart-service,613.16,716,49,48.87,91.75,18.21,13,1,green,connection pool reviewed,ATLAS-5632
2024-12-27,payments-ledger-primary,search-recommendations,597.58,82,25,62.19,87.86,24.61,3,7,green,vacuum completed,ATLAS-3687
2024-12-27,cart-redis-cluster,tax-service,218.56,233,34,65.52,89.91,19.75,16,1,green,index maintenance due,ATLAS-4440
2024-12-27,kafka-ordering-cluster,tax-service,622.91,404,37,101.01,91.81,17.64,8,6,green,replica healthy,ATLAS-3863
2024-12-27,warehouse-atlas,notification-service,3018.82,505,41,37.98,91.92,12.33,7,2,green,vacuum completed,ATLAS-2935
2025-01-03,checkout-db-primary,auth-gateway,672.5,730,17,17.8,95.58,10.11,14,1,green,backup verified,ATLAS-3176
2025-01-03,orders-db-primary,notification-service,682.11,103,55,24.71,90.13,24.75,5,0,green,index maintenance due,ATLAS-4597
2025-01-03,payments-ledger-primary,checkout-api,702.77,736,56,58.4,90.04,22.68,1,3,green,vacuum completed,ATLAS-1077
2025-01-03,cart-redis-cluster,auth-gateway,238.0,590,35,23.66,87.79,25.23,6,2,green,index maintenance due,ATLAS-5378
2025-01-03,kafka-ordering-cluster,analytics-pipeline,671.45,187,45,71.77,90.67,21.12,15,1,green,replica healthy,ATLAS-3964
2025-01-03,warehouse-atlas,analytics-pipeline,3503.91,218,32,96.26,93.54,15.46,14,3,green,migration window planned,ATLAS-1990
2025-01-10,checkout-db-primary,analytics-pipeline,674.78,650,49,91.14,92.67,15.49,12,0,green,replica healthy,ATLAS-2685
2025-01-10,orders-db-primary,tax-service,702.71,387,53,93.63,92.49,19.19,4,3,green,backup verified,ATLAS-4230
2025-01-10,payments-ledger-primary,search-recommendations,679.36,492,53,53.3,91.59,17.88,11,0,green,migration window planned,ATLAS-1482
2025-01-10,cart-redis-cluster,pricing-engine,238.45,527,63,40.73,89.18,25.1,16,0,green,vacuum completed,ATLAS-3056
2025-01-10,kafka-ordering-cluster,notification-service,690.84,213,54,62.6,93.78,9.32,14,0,green,migration window planned,ATLAS-5004
2025-01-10,warehouse-atlas,notification-service,3515.28,621,27,104.38,94.38,11.2,11,7,green,index maintenance due,ATLAS-3466
2025-01-17,checkout-db-primary,order-ledger,691.13,204,49,57.46,89.44,19.98,8,3,green,replica healthy,ATLAS-3067
2025-01-17,orders-db-primary,order-ledger,706.44,537,52,70.61,93.92,12.7,2,1,green,replica healthy,ATLAS-4335
2025-01-17,payments-ledger-primary,cart-service,697.54,491,35,99.4,92.01,12.6,11,1,green,vacuum completed,ATLAS-5791
2025-01-17,cart-redis-cluster,notification-service,247.0,674,57,97.16,90.62,23.94,6,4,green,backup verified,ATLAS-4209
2025-01-17,kafka-ordering-cluster,checkout-api,682.78,519,38,16.93,88.76,25.31,9,1,green,backup verified,ATLAS-5715
2025-01-17,warehouse-atlas,notification-service,3546.15,172,44,46.28,88.78,22.58,0,1,green,vacuum completed,ATLAS-4959
2025-01-24,checkout-db-primary,cart-service,677.15,464,57,41.05,91.3,19.07,2,7,green,replica healthy,ATLAS-3861
2025-01-24,orders-db-primary,auth-gateway,689.2,693,28,41.17,93.92,9.82,6,4,green,migration window planned,ATLAS-5773
2025-01-24,payments-ledger-primary,order-ledger,694.67,573,55,16.63,91.75,16.96,13,0,green,connection pool reviewed,ATLAS-5135
2025-01-24,cart-redis-cluster,tax-service,236.59,339,46,67.39,91.25,18.9,9,7,green,replica healthy,ATLAS-2585
2025-01-24,kafka-ordering-cluster,loyalty-service,692.17,535,51,135.1,91.36,16.32,16,1,green,connection pool reviewed,ATLAS-3885
2025-01-24,warehouse-atlas,payment-orchestrator,3469.08,601,39,20.6,87.71,27.95,5,0,green,replica healthy,ATLAS-1629
2025-01-31,checkout-db-primary,pricing-engine,699.64,304,41,35.05,92.67,15.4,0,1,green,connection pool reviewed,ATLAS-5783
2025-01-31,orders-db-primary,checkout-api,681.63,325,29,0,89.4,23.32,4,6,green,replica healthy,ATLAS-3094
2025-01-31,payments-ledger-primary,loyalty-service,675.84,280,45,0,89.21,26.02,5,5,green,connection pool reviewed,ATLAS-3326
2025-01-31,cart-redis-cluster,checkout-api,236.42,618,36,4.66,92.58,16.09,9,1,green,vacuum completed,ATLAS-5730
2025-01-31,kafka-ordering-cluster,loyalty-service,685.01,644,54,55.45,93.02,12.13,9,0,green,index maintenance due,ATLAS-1621
2025-01-31,warehouse-atlas,checkout-api,3366.29,687,42,115.17,91.65,16.45,9,1,green,migration window planned,ATLAS-5569
2025-02-07,checkout-db-primary,order-ledger,697.28,358,61,112.03,90.34,23.93,0,4,green,replica healthy,ATLAS-2477
2025-02-07,orders-db-primary,loyalty-service,678.27,191,49,16.02,87.53,26.19,11,1,green,vacuum completed,ATLAS-1288
2025-02-07,payments-ledger-primary,pricing-engine,709.68,474,58,84.87,89.39,22.8,16,0,green,index maintenance due,ATLAS-6050
2025-02-07,cart-redis-cluster,loyalty-service,235.43,617,54,66.34,89.19,20.8,16,4,green,connection pool reviewed,ATLAS-1768
2025-02-07,kafka-ordering-cluster,auth-gateway,690.88,188,62,77.53,89.57,24.54,11,2,green,connection pool reviewed,ATLAS-5855
2025-02-07,warehouse-atlas,notification-service,3365.21,707,45,58.95,90.84,21.44,8,2,green,backup verified,ATLAS-2249
2025-02-14,checkout-db-primary,loyalty-service,686.43,608,44,62.46,91.15,17.75,16,0,green,index maintenance due,ATLAS-4087
2025-02-14,orders-db-primary,cart-service,687.41,461,36,18.07,91.27,20.2,8,1,green,replica healthy,ATLAS-1091
2025-02-14,payments-ledger-primary,analytics-pipeline,697.15,146,46,6.66,93.33,15.21,16,0,green,index maintenance due,ATLAS-2686
2025-02-14,cart-redis-cluster,pricing-engine,240.33,642,48,66.41,94.2,10.92,8,2,green,replica healthy,ATLAS-4023
2025-02-14,kafka-ordering-cluster,checkout-api,670.6,134,64,29.63,91.08,15.18,14,5,green,vacuum completed,ATLAS-2611
2025-02-14,warehouse-atlas,auth-gateway,3384.46,367,39,0,92.24,14.08,16,4,green,migration window planned,ATLAS-5173
2025-02-21,checkout-db-primary,pricing-engine,691.05,556,31,55.04,87.56,25.8,13,1,green,index maintenance due,ATLAS-5928
2025-02-21,orders-db-primary,pricing-engine,677.82,145,42,61.38,85.66,31.16,15,1,amber,migration window planned,ATLAS-2413
2025-02-21,payments-ledger-primary,pricing-engine,687.54,164,50,51.96,89.2,23.32,11,6,green,migration window planned,ATLAS-1380
2025-02-21,cart-redis-cluster,order-ledger,237.76,298,43,16.07,93.18,10.82,2,7,green,replica healthy,ATLAS-2217
2025-02-21,kafka-ordering-cluster,tax-service,691.15,712,35,23.41,89.86,23.36,0,1,green,index maintenance due,ATLAS-5194
2025-02-21,warehouse-atlas,payment-orchestrator,3511.12,619,55,111.22,88.64,30.33,4,2,amber,migration window planned,ATLAS-3492
2025-02-28,checkout-db-primary,auth-gateway,681.25,488,13,54.92,91.75,17.64,13,4,green,connection pool reviewed,ATLAS-1687
2025-02-28,orders-db-primary,notification-service,686.6,354,24,28.88,93.38,8.71,4,6,green,connection pool reviewed,ATLAS-4132
2025-02-28,payments-ledger-primary,tax-service,691.76,726,50,89.52,89.04,25.97,5,0,green,vacuum completed,ATLAS-6017
2025-02-28,cart-redis-cluster,notification-service,235.05,531,52,53.59,88.96,25.74,1,7,green,vacuum completed,ATLAS-5048
2025-02-28,kafka-ordering-cluster,inventory-reservation,670.41,744,55,29.27,89.73,26.4,7,4,green,backup verified,ATLAS-2342
2025-02-28,warehouse-atlas,analytics-pipeline,3439.94,435,49,20.85,92.44,13.47,7,6,green,index maintenance due,ATLAS-4065
2025-03-07,checkout-db-primary,notification-service,698.71,647,50,24.53,90.93,16.09,6,0,green,backup verified,ATLAS-5013
2025-03-07,orders-db-primary,auth-gateway,697.14,593,66,63.29,91.47,18.16,3,6,green,vacuum completed,ATLAS-5282
2025-03-07,payments-ledger-primary,analytics-pipeline,707.42,464,57,67.85,89.47,22.91,13,1,green,connection pool reviewed,ATLAS-1879
2025-03-07,cart-redis-cluster,pricing-engine,246.41,158,42,122.46,87.27,27.77,3,0,green,replica healthy,ATLAS-1374
2025-03-07,kafka-ordering-cluster,auth-gateway,702.52,111,60,78.4,89.1,26.03,7,3,green,vacuum completed,ATLAS-3338
2025-03-07,warehouse-atlas,pricing-engine,3545.08,459,31,29.35,92.37,15.51,14,7,green,connection pool reviewed,ATLAS-2468
2025-03-14,checkout-db-primary,cart-service,688.14,116,25,34.83,91.32,23.0,1,6,green,index maintenance due,ATLAS-1513
2025-03-14,orders-db-primary,order-ledger,689.53,106,36,114.07,92.39,11.56,12,7,green,vacuum completed,ATLAS-2518
2025-03-14,payments-ledger-primary,auth-gateway,688.3,179,57,40.98,90.43,22.69,12,3,green,replica healthy,ATLAS-5560
2025-03-14,cart-redis-cluster,loyalty-service,238.85,103,38,29.91,91.97,17.13,16,3,green,backup verified,ATLAS-3989
2025-03-14,kafka-ordering-cluster,notification-service,702.66,664,38,47.83,92.02,15.79,0,3,green,backup verified,ATLAS-4283
2025-03-14,warehouse-atlas,analytics-pipeline,3462.64,418,38,16.34,89.75,21.05,0,0,green,index maintenance due,ATLAS-3910
2025-03-21,checkout-db-primary,search-recommendations,698.13,635,63,97.91,89.43,20.47,3,6,green,index maintenance due,ATLAS-3267
2025-03-21,orders-db-primary,payment-orchestrator,673.02,464,61,75.03,91.01,23.02,15,2,green,connection pool reviewed,ATLAS-3079
2025-03-21,payments-ledger-primary,analytics-pipeline,689.89,700,58,35.96,88.95,26.92,2,2,green,migration window planned,ATLAS-1442
2025-03-21,cart-redis-cluster,checkout-api,244.24,656,22,46.39,91.75,13.17,15,6,green,backup verified,ATLAS-5317
2025-03-21,kafka-ordering-cluster,order-ledger,683.19,670,39,32.23,86.22,33.5,2,0,amber,backup verified,ATLAS-4002
2025-03-21,warehouse-atlas,loyalty-service,3537.8,628,46,25.06,95.63,8.88,3,3,green,migration window planned,ATLAS-4158
2025-03-28,checkout-db-primary,auth-gateway,672.13,209,71,54.78,90.28,20.16,16,4,amber,replica healthy,ATLAS-5660
2025-03-28,orders-db-primary,tax-service,678.22,484,22,86.08,90.1,23.03,5,6,green,connection pool reviewed,ATLAS-2189
2025-03-28,payments-ledger-primary,tax-service,673.0,125,15,9.6,89.36,22.59,11,5,green,migration window planned,ATLAS-2684
2025-03-28,cart-redis-cluster,search-recommendations,243.05,564,44,56.5,92.12,14.31,0,0,green,replica healthy,ATLAS-3365
2025-03-28,kafka-ordering-cluster,checkout-api,688.31,537,22,37.96,92.27,16.08,9,2,green,vacuum completed,ATLAS-2929
2025-03-28,warehouse-atlas,tax-service,3451.07,687,61,65.75,91.7,21.42,4,4,green,connection pool reviewed,ATLAS-2212
2025-04-04,checkout-db-primary,checkout-api,693.66,545,34,34.03,90.67,16.82,11,1,green,backup verified,ATLAS-3565
2025-04-04,orders-db-primary,payment-orchestrator,672.4,285,20,40.97,92.27,12.26,10,2,green,index maintenance due,ATLAS-2294
2025-04-04,payments-ledger-primary,loyalty-service,699.41,449,37,61.8,92.74,17.96,7,4,green,backup verified,ATLAS-4265
2025-04-04,cart-redis-cluster,tax-service,234.93,494,52,2.08,94.37,13.14,14,1,green,migration window planned,ATLAS-1433
2025-04-04,kafka-ordering-cluster,notification-service,682.4,323,49,54.15,93.58,10.16,7,3,green,index maintenance due,ATLAS-1353
2025-04-04,warehouse-atlas,loyalty-service,3356.22,391,42,49.1,91.94,18.26,4,0,green,replica healthy,ATLAS-1507
2025-04-11,checkout-db-primary,notification-service,677.32,315,61,91.08,91.06,17.06,7,6,green,vacuum completed,ATLAS-4646
2025-04-11,orders-db-primary,inventory-reservation,697.19,669,47,42.2,91.21,15.42,3,6,green,backup verified,ATLAS-5485
2025-04-11,payments-ledger-primary,payment-orchestrator,672.16,392,40,6.91,91.41,19.21,1,6,green,index maintenance due,ATLAS-1449
2025-04-11,cart-redis-cluster,search-recommendations,236.88,413,42,21.44,89.32,26.74,11,7,green,connection pool reviewed,ATLAS-1870
2025-04-11,kafka-ordering-cluster,notification-service,695.93,494,39,95.38,91.67,15.4,3,6,green,replica healthy,ATLAS-5157
2025-04-11,warehouse-atlas,order-ledger,3462.07,201,43,52.92,89.58,23.0,11,5,green,index maintenance due,ATLAS-3245
2025-04-18,checkout-db-primary,auth-gateway,679.66,129,33,58.98,93.95,14.4,11,3,green,connection pool reviewed,ATLAS-3918
2025-04-18,orders-db-primary,payment-orchestrator,676.63,139,26,82.79,87.39,26.17,6,2,green,vacuum completed,ATLAS-1787
2025-04-18,payments-ledger-primary,analytics-pipeline,675.24,646,55,48.82,92.28,17.25,10,4,green,vacuum completed,ATLAS-5860
2025-04-18,cart-redis-cluster,notification-service,238.68,670,45,119.97,91.04,19.74,5,0,green,index maintenance due,ATLAS-2650
2025-04-18,kafka-ordering-cluster,loyalty-service,679.46,740,54,16.71,92.94,11.08,11,5,green,replica healthy,ATLAS-2387
2025-04-18,warehouse-atlas,notification-service,3530.51,692,39,73.35,92.25,15.01,14,5,green,migration window planned,ATLAS-3712
2025-04-25,checkout-db-primary,search-recommendations,708.02,248,47,55.8,88.03,24.12,10,7,green,vacuum completed,ATLAS-6031
2025-04-25,orders-db-primary,tax-service,696.23,471,53,73.02,90.13,18.22,6,4,green,vacuum completed,ATLAS-4379
2025-04-25,payments-ledger-primary,analytics-pipeline,685.67,700,19,16.38,88.37,24.17,14,1,green,vacuum completed,ATLAS-4798
2025-04-25,cart-redis-cluster,search-recommendations,243.87,653,32,114.99,90.51,18.84,4,6,green,migration window planned,ATLAS-2462
2025-04-25,kafka-ordering-cluster,payment-orchestrator,709.05,133,20,61.89,90.89,18.86,5,2,green,migration window planned,ATLAS-3199
2025-04-25,warehouse-atlas,checkout-api,3457.36,156,54,48.7,92.87,14.05,11,2,green,backup verified,ATLAS-4000
2025-05-02,checkout-db-primary,pricing-engine,699.35,581,56,88.14,89.61,23.91,11,2,green,backup verified,ATLAS-1107
2025-05-02,orders-db-primary,cart-service,686.97,582,43,31.48,90.52,18.22,8,4,green,connection pool reviewed,ATLAS-1153
2025-05-02,payments-ledger-primary,checkout-api,681.68,553,63,18.76,91.09,16.95,3,5,green,backup verified,ATLAS-4594
2025-05-02,cart-redis-cluster,cart-service,247.7,116,52,22.29,92.02,18.04,9,6,green,migration window planned,ATLAS-4534
2025-05-02,kafka-ordering-cluster,tax-service,701.87,634,50,36.23,93.79,13.79,12,6,green,index maintenance due,ATLAS-1640
2025-05-02,warehouse-atlas,tax-service,3414.0,338,27,0,91.73,17.23,9,6,green,vacuum completed,ATLAS-1386
2025-05-09,checkout-db-primary,inventory-reservation,698.35,534,52,56.21,93.75,15.37,8,5,green,index maintenance due,ATLAS-6066
2025-05-09,orders-db-primary,pricing-engine,699.51,153,34,87.4,92.23,18.11,15,1,green,connection pool reviewed,ATLAS-1593
2025-05-09,payments-ledger-primary,inventory-reservation,671.46,731,38,69.98,90.33,19.64,13,7,green,replica healthy,ATLAS-1556
2025-05-09,cart-redis-cluster,payment-orchestrator,237.77,542,44,59.84,92.9,14.82,5,5,green,vacuum completed,ATLAS-4228
2025-05-09,kafka-ordering-cluster,analytics-pipeline,694.55,185,59,52.07,91.46,16.44,2,7,green,index maintenance due,ATLAS-4641
2025-05-09,warehouse-atlas,auth-gateway,3497.66,327,63,36.14,90.76,22.17,10,2,green,migration window planned,ATLAS-2243
2025-05-16,checkout-db-primary,analytics-pipeline,675.26,535,37,82.37,89.24,24.58,13,0,green,backup verified,ATLAS-2285
2025-05-16,orders-db-primary,inventory-reservation,686.64,415,57,72.15,90.47,22.03,9,5,green,index maintenance due,ATLAS-5967
2025-05-16,payments-ledger-primary,search-recommendations,707.99,124,51,80.55,91.33,19.43,3,6,green,backup verified,ATLAS-4643
2025-05-16,cart-redis-cluster,search-recommendations,243.47,740,51,43.3,90.12,20.53,15,7,green,migration window planned,ATLAS-5884
2025-05-16,kafka-ordering-cluster,auth-gateway,700.25,286,42,60.35,89.06,24.75,8,6,green,connection pool reviewed,ATLAS-1044
2025-05-16,warehouse-atlas,payment-orchestrator,3478.66,642,38,96.41,92.46,17.33,8,7,green,replica healthy,ATLAS-4388
2025-05-23,checkout-db-primary,payment-orchestrator,705.29,404,56,44.64,90.95,21.06,16,7,green,migration window planned,ATLAS-5460
2025-05-23,orders-db-primary,order-ledger,695.35,541,48,69.8,90.78,20.97,10,7,green,migration window planned,ATLAS-2295
2025-05-23,payments-ledger-primary,notification-service,685.96,307,39,75.96,92.57,17.93,1,4,green,vacuum completed,ATLAS-2892
2025-05-23,cart-redis-cluster,payment-orchestrator,245.41,658,69,70.92,89.61,20.7,2,1,green,backup verified,ATLAS-1054
2025-05-23,kafka-ordering-cluster,search-recommendations,680.88,594,52,82.7,91.4,18.15,14,2,green,index maintenance due,ATLAS-5561
2025-05-23,warehouse-atlas,tax-service,3533.9,649,31,5.97,91.85,15.94,14,5,green,backup verified,ATLAS-3474
2025-05-30,checkout-db-primary,checkout-api,675.28,325,42,47.36,90.29,23.95,12,0,green,backup verified,ATLAS-5977
2025-05-30,orders-db-primary,search-recommendations,679.32,714,44,1.07,90.74,23.25,6,6,green,backup verified,ATLAS-3985
2025-05-30,payments-ledger-primary,search-recommendations,699.4,718,30,40.1,90.15,20.42,6,2,green,replica healthy,ATLAS-1965
2025-05-30,cart-redis-cluster,search-recommendations,242.55,403,71,45.14,92.19,11.63,14,3,amber,backup verified,ATLAS-5430
2025-05-30,kafka-ordering-cluster,notification-service,673.07,145,51,74.77,93.61,11.98,3,2,green,replica healthy,ATLAS-6190
2025-05-30,warehouse-atlas,inventory-reservation,3435.83,239,37,0,89.66,23.49,4,4,green,migration window planned,ATLAS-2001
2025-06-06,checkout-db-primary,payment-orchestrator,679.48,623,41,26.75,87.48,28.93,11,4,amber,replica healthy,ATLAS-6114
2025-06-06,orders-db-primary,pricing-engine,695.4,350,67,47.54,92.73,16.76,3,1,green,replica healthy,ATLAS-3771
2025-06-06,payments-ledger-primary,analytics-pipeline,684.54,103,49,33.84,89.96,25.13,8,6,green,backup verified,ATLAS-3266
2025-06-06,cart-redis-cluster,loyalty-service,242.59,773,36,69.62,94.22,8.9,16,1,green,backup verified,ATLAS-4961
2025-06-06,kafka-ordering-cluster,notification-service,675.11,445,40,96.0,92.67,11.32,11,0,green,backup verified,ATLAS-5854
2025-06-06,warehouse-atlas,auth-gateway,3391.4,677,58,50.78,91.18,17.15,13,3,green,connection pool reviewed,ATLAS-3320
2025-06-13,checkout-db-primary,order-ledger,671.0,310,42,58.2,94.08,10.63,6,5,green,replica healthy,ATLAS-4032
2025-06-13,orders-db-primary,pricing-engine,701.62,177,58,107.31,91.24,15.31,2,6,green,connection pool reviewed,ATLAS-3950
2025-06-13,payments-ledger-primary,auth-gateway,670.24,562,38,55.32,89.04,21.3,4,2,green,replica healthy,ATLAS-2015
2025-06-13,cart-redis-cluster,tax-service,238.55,181,44,83.2,92.78,17.88,13,4,green,replica healthy,ATLAS-2086
2025-06-13,kafka-ordering-cluster,payment-orchestrator,699.91,648,46,60.2,91.93,17.3,0,1,green,backup verified,ATLAS-3905
2025-06-13,warehouse-atlas,auth-gateway,3545.61,370,56,79.04,93.14,17.01,4,5,green,index maintenance due,ATLAS-5197
2025-06-20,checkout-db-primary,loyalty-service,671.35,597,49,41.35,92.64,13.91,4,6,green,index maintenance due,ATLAS-2454
2025-06-20,orders-db-primary,search-recommendations,684.19,548,42,21.24,93.05,16.79,2,3,green,replica healthy,ATLAS-6192
2025-06-20,payments-ledger-primary,auth-gateway,682.44,261,51,68.86,90.31,18.44,3,5,green,index maintenance due,ATLAS-4995
2025-06-20,cart-redis-cluster,auth-gateway,241.8,620,46,72.56,94.36,12.14,11,2,green,migration window planned,ATLAS-6183
2025-06-20,kafka-ordering-cluster,auth-gateway,678.48,80,33,17.95,90.51,19.81,6,0,green,vacuum completed,ATLAS-2732
2025-06-20,warehouse-atlas,order-ledger,3420.62,365,57,10.32,91.7,15.9,10,4,green,replica healthy,ATLAS-2574
2025-06-27,checkout-db-primary,inventory-reservation,689.86,578,43,14.49,93.63,15.89,4,2,green,connection pool reviewed,ATLAS-4347
2025-06-27,orders-db-primary,checkout-api,692.16,489,46,69.25,91.86,20.82,2,6,green,connection pool reviewed,ATLAS-4787
2025-06-27,payments-ledger-primary,loyalty-service,687.31,314,54,63.33,93.0,10.43,3,3,green,backup verified,ATLAS-4977
2025-06-27,cart-redis-cluster,pricing-engine,246.33,584,43,119.0,93.08,17.52,2,5,green,index maintenance due,ATLAS-2060
2025-06-27,kafka-ordering-cluster,analytics-pipeline,692.2,157,41,78.61,88.87,24.52,4,1,green,replica healthy,ATLAS-5293
2025-06-27,warehouse-atlas,notification-service,3382.27,357,45,0,90.38,22.96,10,3,green,connection pool reviewed,ATLAS-1506
2025-07-04,checkout-db-primary,checkout-api,678.31,637,43,0,87.01,29.86,11,5,amber,vacuum completed,ATLAS-3826
2025-07-04,orders-db-primary,cart-service,692.53,688,31,47.53,87.95,26.97,1,6,green,index maintenance due,ATLAS-3798
2025-07-04,payments-ledger-primary,notification-service,675.82,269,48,39.22,92.17,13.35,8,6,green,replica healthy,ATLAS-3587
2025-07-04,cart-redis-cluster,checkout-api,242.76,371,54,3.4,89.89,24.95,10,6,green,replica healthy,ATLAS-4161
2025-07-04,kafka-ordering-cluster,analytics-pipeline,672.17,626,49,110.27,90.81,22.54,9,6,green,connection pool reviewed,ATLAS-3443
2025-07-04,warehouse-atlas,search-recommendations,3474.53,108,37,49.12,90.41,20.97,4,1,green,replica healthy,ATLAS-5094
2025-07-11,checkout-db-primary,search-recommendations,699.98,629,49,66.39,90.53,17.86,2,7,green,backup verified,ATLAS-1993
2025-07-11,orders-db-primary,loyalty-service,682.04,583,52,75.21,91.58,17.9,0,1,green,connection pool reviewed,ATLAS-2225
2025-07-11,payments-ledger-primary,checkout-api,708.48,427,42,47.9,92.66,10.9,0,7,green,connection pool reviewed,ATLAS-4938
2025-07-11,cart-redis-cluster,search-recommendations,236.07,348,55,62.56,91.29,18.39,14,6,green,connection pool reviewed,ATLAS-5587
2025-07-11,kafka-ordering-cluster,tax-service,697.67,740,43,24.09,91.56,20.45,9,3,green,vacuum completed,ATLAS-2811
2025-07-11,warehouse-atlas,search-recommendations,3479.36,553,38,60.81,89.45,20.47,7,3,green,replica healthy,ATLAS-3434
2025-07-18,checkout-db-primary,checkout-api,675.2,467,63,80.95,89.85,25.03,4,2,green,backup verified,ATLAS-3750
2025-07-18,orders-db-primary,tax-service,681.19,415,39,117.53,89.19,22.74,1,7,green,replica healthy,ATLAS-2960
2025-07-18,payments-ledger-primary,analytics-pipeline,673.99,174,41,0,90.67,16.29,9,0,green,migration window planned,ATLAS-4858
2025-07-18,cart-redis-cluster,loyalty-service,247.3,259,22,46.45,90.47,21.98,12,3,green,migration window planned,ATLAS-5290
2025-07-18,kafka-ordering-cluster,loyalty-service,693.83,623,32,64.76,90.4,25.38,13,4,green,vacuum completed,ATLAS-1424
2025-07-18,warehouse-atlas,pricing-engine,3481.74,549,39,35.88,91.2,23.13,16,4,green,connection pool reviewed,ATLAS-2601
2025-07-25,checkout-db-primary,order-ledger,703.38,169,44,84.85,88.55,26.15,12,6,green,connection pool reviewed,ATLAS-4707
2025-07-25,orders-db-primary,inventory-reservation,679.9,633,47,44.36,92.08,13.07,2,0,green,backup verified,ATLAS-5127
2025-07-25,payments-ledger-primary,checkout-api,671.71,241,56,0,90.92,19.92,15,1,green,connection pool reviewed,ATLAS-3876
2025-07-25,cart-redis-cluster,payment-orchestrator,241.0,198,46,72.81,88.71,21.99,8,4,green,index maintenance due,ATLAS-3111
2025-07-25,kafka-ordering-cluster,checkout-api,681.17,190,33,0,89.42,20.75,6,0,green,vacuum completed,ATLAS-4310
2025-07-25,warehouse-atlas,pricing-engine,3389.33,668,30,75.32,89.62,24.57,11,4,green,migration window planned,ATLAS-1829
2025-08-01,checkout-db-primary,inventory-reservation,682.54,114,47,41.82,93.08,16.1,2,1,green,connection pool reviewed,ATLAS-3205
2025-08-01,orders-db-primary,pricing-engine,709.02,85,32,57.63,91.83,19.67,3,5,green,vacuum completed,ATLAS-4026
2025-08-01,payments-ledger-primary,loyalty-service,683.9,501,40,21.83,89.6,24.28,6,6,green,vacuum completed,ATLAS-4123
2025-08-01,cart-redis-cluster,order-ledger,237.28,665,32,138.24,90.95,22.34,16,7,green,migration window planned,ATLAS-2465
2025-08-01,kafka-ordering-cluster,notification-service,672.23,253,49,48.44,89.33,21.53,2,1,green,backup verified,ATLAS-1553
2025-08-01,warehouse-atlas,analytics-pipeline,3383.14,320,31,24.84,92.28,15.77,3,3,green,connection pool reviewed,ATLAS-2151
2025-08-08,checkout-db-primary,analytics-pipeline,688.63,604,40,21.09,88.65,22.2,9,2,green,connection pool reviewed,ATLAS-5833
2025-08-08,orders-db-primary,order-ledger,682.47,149,65,67.39,89.27,21.77,11,2,green,replica healthy,ATLAS-3773
2025-08-08,payments-ledger-primary,analytics-pipeline,694.12,193,40,48.02,88.39,24.6,13,7,green,replica healthy,ATLAS-6121
2025-08-08,cart-redis-cluster,analytics-pipeline,244.36,309,27,0,92.13,15.51,13,0,green,migration window planned,ATLAS-4180
2025-08-08,kafka-ordering-cluster,search-recommendations,674.71,713,34,49.89,91.13,17.6,12,6,green,connection pool reviewed,ATLAS-4883
2025-08-08,warehouse-atlas,tax-service,3411.06,750,30,47.28,91.91,13.99,6,7,green,migration window planned,ATLAS-5933
2025-08-15,checkout-db-primary,inventory-reservation,687.88,681,66,43.27,89.05,28.48,13,6,amber,backup verified,ATLAS-4069
2025-08-15,orders-db-primary,payment-orchestrator,672.53,699,59,42.01,89.3,21.75,12,0,green,connection pool reviewed,ATLAS-4398
2025-08-15,payments-ledger-primary,checkout-api,698.37,298,57,58.25,93.6,9.08,14,2,green,replica healthy,ATLAS-2047
2025-08-15,cart-redis-cluster,auth-gateway,246.73,296,41,0,93.47,14.55,11,7,green,migration window planned,ATLAS-3940
2025-08-15,kafka-ordering-cluster,checkout-api,685.39,243,64,104.42,91.09,18.4,11,6,green,replica healthy,ATLAS-3832
2025-08-15,warehouse-atlas,analytics-pipeline,3439.03,245,22,0,92.89,13.46,11,5,green,backup verified,ATLAS-4160
2025-08-22,checkout-db-primary,tax-service,682.4,333,46,2.38,91.74,19.07,7,4,green,migration window planned,ATLAS-3738
2025-08-22,orders-db-primary,inventory-reservation,675.69,156,46,80.49,90.96,22.21,8,5,green,index maintenance due,ATLAS-3100
2025-08-22,payments-ledger-primary,cart-service,677.33,684,21,10.66,89.55,25.98,0,7,green,vacuum completed,ATLAS-6054
2025-08-22,cart-redis-cluster,auth-gateway,242.9,665,34,0,89.87,18.7,13,0,green,replica healthy,ATLAS-2414
2025-08-22,kafka-ordering-cluster,notification-service,702.39,359,59,69.66,90.31,24.38,12,0,green,index maintenance due,ATLAS-5200
2025-08-22,warehouse-atlas,checkout-api,3409.64,555,49,45.13,91.12,19.7,10,7,green,migration window planned,ATLAS-5012
2025-08-29,checkout-db-primary,search-recommendations,705.33,573,60,101.92,91.11,17.89,0,3,green,replica healthy,ATLAS-1306
2025-08-29,orders-db-primary,search-recommendations,706.09,117,64,62.69,90.21,19.81,2,3,green,migration window planned,ATLAS-5678
2025-08-29,payments-ledger-primary,pricing-engine,681.46,490,38,30.01,91.88,18.94,1,0,green,vacuum completed,ATLAS-4110
2025-08-29,cart-redis-cluster,analytics-pipeline,234.54,120,41,64.36,94.09,10.72,14,6,green,backup verified,ATLAS-5035
2025-08-29,kafka-ordering-cluster,auth-gateway,695.63,620,40,50.65,92.75,18.73,9,2,green,replica healthy,ATLAS-4462
2025-08-29,warehouse-atlas,checkout-api,3412.64,430,44,0,92.81,14.49,6,4,green,index maintenance due,ATLAS-5762
2025-09-05,checkout-db-primary,inventory-reservation,698.73,254,44,0,90.44,22.07,5,1,green,migration window planned,ATLAS-5837
2025-09-05,orders-db-primary,payment-orchestrator,687.9,261,52,73.64,88.21,26.74,1,1,green,replica healthy,ATLAS-6191
2025-09-05,payments-ledger-primary,cart-service,706.81,491,52,61.94,90.49,25.49,2,6,green,connection pool reviewed,ATLAS-4814
2025-09-05,cart-redis-cluster,order-ledger,237.55,316,42,72.05,92.09,15.88,7,5,green,migration window planned,ATLAS-1701
2025-09-05,kafka-ordering-cluster,auth-gateway,701.7,688,25,1.19,92.2,19.5,8,2,green,vacuum completed,ATLAS-2473
2025-09-05,warehouse-atlas,tax-service,3355.01,244,49,63.2,92.63,14.93,5,4,green,connection pool reviewed,ATLAS-2628
2025-09-12,checkout-db-primary,notification-service,684.52,392,44,65.17,92.25,19.31,13,5,green,replica healthy,ATLAS-1105
2025-09-12,orders-db-primary,order-ledger,698.82,273,35,48.7,90.94,21.5,15,1,green,backup verified,ATLAS-4779
2025-09-12,payments-ledger-primary,auth-gateway,679.73,595,24,110.75,89.16,22.12,11,3,green,backup verified,ATLAS-3457
2025-09-12,cart-redis-cluster,auth-gateway,246.09,699,50,124.78,90.56,22.85,4,2,green,index maintenance due,ATLAS-4010
2025-09-12,kafka-ordering-cluster,notification-service,692.6,242,46,42.02,91.81,20.74,10,2,green,replica healthy,ATLAS-1187
2025-09-12,warehouse-atlas,tax-service,3359.85,582,25,77.38,91.86,12.64,14,4,green,replica healthy,ATLAS-5700
2025-09-19,checkout-db-primary,analytics-pipeline,692.21,166,42,84.79,88.01,25.77,7,6,green,connection pool reviewed,ATLAS-5765
2025-09-19,orders-db-primary,payment-orchestrator,701.46,764,30,22.52,89.61,21.47,5,2,green,index maintenance due,ATLAS-4707
2025-09-19,payments-ledger-primary,auth-gateway,709.81,671,42,45.6,88.24,27.73,9,1,green,replica healthy,ATLAS-1462
2025-09-19,cart-redis-cluster,tax-service,239.89,172,46,82.81,90.95,18.23,3,3,green,vacuum completed,ATLAS-4847
2025-09-19,kafka-ordering-cluster,loyalty-service,671.27,724,39,61.78,92.67,17.8,2,1,green,vacuum completed,ATLAS-2315
2025-09-19,warehouse-atlas,order-ledger,3449.39,146,46,90.61,90.77,20.73,6,6,green,migration window planned,ATLAS-1696
2025-09-26,checkout-db-primary,checkout-api,680.45,460,40,0,92.69,12.5,14,0,green,vacuum completed,ATLAS-2107
2025-09-26,orders-db-primary,checkout-api,683.53,170,14,53.21,92.04,17.72,14,3,green,vacuum completed,ATLAS-1457
2025-09-26,payments-ledger-primary,search-recommendations,704.38,464,44,61.14,86.16,30.37,13,5,amber,vacuum completed,ATLAS-2586
2025-09-26,cart-redis-cluster,checkout-api,238.18,320,62,64.12,89.93,19.34,9,0,green,replica healthy,ATLAS-4911
2025-09-26,kafka-ordering-cluster,loyalty-service,690.1,168,34,44.4,91.41,21.75,13,2,green,vacuum completed,ATLAS-1532
2025-09-26,warehouse-atlas,inventory-reservation,3439.78,504,58,51.25,89.19,21.0,14,0,green,replica healthy,ATLAS-3162
2025-10-03,checkout-db-primary,search-recommendations,675.28,320,33,63.0,91.52,17.22,16,6,green,index maintenance due,ATLAS-4607
2025-10-03,orders-db-primary,checkout-api,675.45,245,32,38.97,90.35,25.76,12,7,green,vacuum completed,ATLAS-5718
2025-10-03,payments-ledger-primary,tax-service,677.13,637,42,0,92.24,12.37,10,0,green,migration window planned,ATLAS-1178
2025-10-03,cart-redis-cluster,order-ledger,244.86,354,34,71.06,88.66,26.42,0,5,green,vacuum completed,ATLAS-5685
2025-10-03,kafka-ordering-cluster,analytics-pipeline,677.98,196,47,70.24,95.51,9.13,8,1,green,replica healthy,ATLAS-4618
2025-10-03,warehouse-atlas,checkout-api,3523.88,167,40,89.74,87.72,29.46,12,0,amber,index maintenance due,ATLAS-4643
2025-10-10,checkout-db-primary,checkout-api,673.17,667,38,56.46,89.29,28.88,16,3,amber,backup verified,ATLAS-4723
2025-10-10,orders-db-primary,auth-gateway,682.61,501,64,35.45,91.43,17.94,9,6,green,replica healthy,ATLAS-3157
2025-10-10,payments-ledger-primary,cart-service,695.08,768,41,7.42,94.38,10.11,11,2,green,backup verified,ATLAS-2403
2025-10-10,cart-redis-cluster,auth-gateway,244.43,331,48,112.76,90.51,19.81,16,3,green,replica healthy,ATLAS-5947
2025-10-10,kafka-ordering-cluster,auth-gateway,685.54,761,48,25.96,89.37,23.45,14,4,green,migration window planned,ATLAS-1078
2025-10-10,warehouse-atlas,pricing-engine,3485.08,193,43,81.66,91.33,22.78,15,1,green,connection pool reviewed,ATLAS-5786
2025-10-17,checkout-db-primary,tax-service,679.54,222,55,78.82,94.65,4.97,2,4,green,index maintenance due,ATLAS-3851
2025-10-17,orders-db-primary,auth-gateway,677.57,95,43,42.75,89.23,23.1,1,0,green,index maintenance due,ATLAS-6176
2025-10-17,payments-ledger-primary,search-recommendations,695.81,597,40,86.27,90.58,21.81,3,7,green,vacuum completed,ATLAS-5744
2025-10-17,cart-redis-cluster,inventory-reservation,237.49,610,56,78.41,93.25,11.03,9,6,green,connection pool reviewed,ATLAS-2086
2025-10-17,kafka-ordering-cluster,checkout-api,696.14,422,58,120.77,91.81,12.86,3,6,green,vacuum completed,ATLAS-6163
2025-10-17,warehouse-atlas,inventory-reservation,3536.39,119,29,61.43,93.26,15.8,0,2,green,backup verified,ATLAS-1743
2025-10-24,checkout-db-primary,inventory-reservation,701.45,335,41,44.03,93.07,16.96,8,5,green,index maintenance due,ATLAS-4496
2025-10-24,orders-db-primary,tax-service,697.85,394,50,0,91.85,20.99,11,4,green,connection pool reviewed,ATLAS-5339
2025-10-24,payments-ledger-primary,loyalty-service,683.71,585,50,29.67,91.26,18.42,13,4,green,index maintenance due,ATLAS-5487
2025-10-24,cart-redis-cluster,inventory-reservation,235.8,291,52,4.34,90.94,15.76,0,5,green,migration window planned,ATLAS-3970
2025-10-24,kafka-ordering-cluster,loyalty-service,709.71,359,41,87.45,93.24,13.62,0,1,green,backup verified,ATLAS-3795
2025-10-24,warehouse-atlas,checkout-api,3515.45,683,26,83.24,90.42,20.76,16,5,green,replica healthy,ATLAS-5577
2025-10-31,checkout-db-primary,inventory-reservation,687.28,517,57,63.24,92.66,17.65,10,6,green,replica healthy,ATLAS-5966
2025-10-31,orders-db-primary,tax-service,674.16,767,12,103.39,90.7,23.88,7,0,green,connection pool reviewed,ATLAS-2621
2025-10-31,payments-ledger-primary,payment-orchestrator,681.29,547,22,85.7,90.98,22.1,15,3,green,backup verified,ATLAS-3265
2025-10-31,cart-redis-cluster,notification-service,236.8,239,53,35.02,91.68,21.33,4,2,green,backup verified,ATLAS-1603
2025-10-31,kafka-ordering-cluster,loyalty-service,682.32,491,34,20.59,93.13,13.79,3,7,green,replica healthy,ATLAS-3397
2025-10-31,warehouse-atlas,analytics-pipeline,3451.21,507,47,115.49,89.01,24.27,9,4,green,backup verified,ATLAS-1515
2025-11-07,checkout-db-primary,auth-gateway,677.95,414,49,47.49,88.64,23.26,6,6,green,vacuum completed,ATLAS-1619
2025-11-07,orders-db-primary,auth-gateway,689.83,748,63,62.2,90.87,20.92,11,3,green,connection pool reviewed,ATLAS-1150
2025-11-07,payments-ledger-primary,order-ledger,679.95,304,62,31.84,91.74,17.57,8,1,green,vacuum completed,ATLAS-1111
2025-11-07,cart-redis-cluster,loyalty-service,247.91,118,29,2.89,89.12,24.05,5,7,green,migration window planned,ATLAS-3702
2025-11-07,kafka-ordering-cluster,cart-service,670.35,491,41,37.13,90.37,19.44,13,7,green,replica healthy,ATLAS-3091
2025-11-07,warehouse-atlas,cart-service,3481.25,473,29,63.48,95.47,8.94,6,3,green,connection pool reviewed,ATLAS-5707
2025-11-14,checkout-db-primary,checkout-api,708.17,697,55,47.95,91.58,19.77,5,6,green,backup verified,ATLAS-2740
2025-11-14,orders-db-primary,inventory-reservation,677.7,400,51,29.18,92.37,12.09,5,2,green,connection pool reviewed,ATLAS-6043
2025-11-14,payments-ledger-primary,notification-service,690.4,167,58,21.71,91.23,16.59,13,5,green,index maintenance due,ATLAS-1188
2025-11-14,cart-redis-cluster,loyalty-service,236.76,203,41,43.27,88.74,25.03,9,2,green,replica healthy,ATLAS-4571
2025-11-14,kafka-ordering-cluster,order-ledger,679.36,505,35,27.53,89.6,21.49,6,4,green,vacuum completed,ATLAS-2559
2025-11-14,warehouse-atlas,payment-orchestrator,3523.33,495,43,12.15,92.93,9.78,8,0,green,connection pool reviewed,ATLAS-2329
2025-11-21,checkout-db-primary,pricing-engine,682.25,350,44,44.91,88.59,26.16,1,3,green,backup verified,ATLAS-4615
2025-11-21,orders-db-primary,inventory-reservation,677.81,307,35,94.02,90.74,23.1,7,1,green,migration window planned,ATLAS-1243
2025-11-21,payments-ledger-primary,order-ledger,672.91,489,35,51.31,90.92,21.36,13,6,green,vacuum completed,ATLAS-5457
2025-11-21,cart-redis-cluster,tax-service,244.27,716,15,64.99,90.01,22.72,14,4,green,backup verified,ATLAS-1568
2025-11-21,kafka-ordering-cluster,loyalty-service,700.36,439,36,19.78,93.23,13.64,7,7,green,replica healthy,ATLAS-5170
2025-11-21,warehouse-atlas,inventory-reservation,3430.45,360,47,36.34,89.39,21.86,4,5,green,replica healthy,ATLAS-3314
2025-11-28,checkout-db-primary,checkout-api,679.05,111,33,16.91,92.36,18.01,1,7,green,backup verified,ATLAS-4086
2025-11-28,orders-db-primary,cart-service,707.75,285,43,111.1,90.58,17.51,6,3,green,connection pool reviewed,ATLAS-6079
2025-11-28,payments-ledger-primary,auth-gateway,674.58,764,71,108.6,92.69,18.91,6,4,amber,connection pool reviewed,ATLAS-2602
2025-11-28,cart-redis-cluster,order-ledger,246.32,614,62,67.83,92.41,14.95,8,4,green,vacuum completed,ATLAS-4799
2025-11-28,kafka-ordering-cluster,checkout-api,676.06,605,45,45.6,88.51,23.61,5,3,green,connection pool reviewed,ATLAS-2306
2025-11-28,warehouse-atlas,pricing-engine,3502.48,654,63,85.25,87.77,24.79,14,3,green,backup verified,ATLAS-3598
2025-12-05,checkout-db-primary,auth-gateway,686.38,339,38,97.26,87.36,26.62,10,2,green,index maintenance due,ATLAS-4124
2025-12-05,orders-db-primary,search-recommendations,686.13,442,53,65.17,92.29,19.39,9,4,green,index maintenance due,ATLAS-3478
2025-12-05,payments-ledger-primary,analytics-pipeline,682.03,568,26,54.25,94.68,12.68,7,0,green,migration window planned,ATLAS-3194
2025-12-05,cart-redis-cluster,cart-service,244.27,367,38,22.66,91.88,16.08,8,5,green,connection pool reviewed,ATLAS-2231
2025-12-05,kafka-ordering-cluster,payment-orchestrator,691.57,595,42,2.04,92.0,20.79,4,5,green,index maintenance due,ATLAS-1389
2025-12-05,warehouse-atlas,analytics-pipeline,3545.72,368,48,66.41,91.44,17.77,1,6,green,vacuum completed,ATLAS-3715
2025-12-12,checkout-db-primary,cart-service,697.57,427,40,10.88,90.2,22.3,16,3,green,connection pool reviewed,ATLAS-4097
2025-12-12,orders-db-primary,search-recommendations,698.1,580,40,0,90.74,22.75,13,4,green,replica healthy,ATLAS-4315
2025-12-12,payments-ledger-primary,loyalty-service,702.15,761,47,33.95,93.96,14.76,8,0,green,index maintenance due,ATLAS-4437
2025-12-12,cart-redis-cluster,tax-service,243.57,285,42,46.72,91.2,22.28,5,1,green,vacuum completed,ATLAS-3978
2025-12-12,kafka-ordering-cluster,notification-service,684.13,543,25,17.6,90.36,17.22,5,6,green,connection pool reviewed,ATLAS-5705
2025-12-12,warehouse-atlas,search-recommendations,3535.51,174,39,3.36,87.59,27.99,15,0,green,index maintenance due,ATLAS-2899
2025-12-19,checkout-db-primary,notification-service,705.94,393,32,64.57,91.25,17.68,7,4,green,index maintenance due,ATLAS-4844
2025-12-19,orders-db-primary,payment-orchestrator,690.02,217,41,69.19,90.44,25.33,15,1,green,backup verified,ATLAS-4250
2025-12-19,payments-ledger-primary,cart-service,690.74,508,44,18.46,90.95,20.68,3,4,green,replica healthy,ATLAS-2352
2025-12-19,cart-redis-cluster,order-ledger,235.16,491,47,108.51,89.11,21.44,4,3,green,migration window planned,ATLAS-4062
2025-12-19,kafka-ordering-cluster,cart-service,695.7,488,51,70.1,91.3,22.93,4,6,green,connection pool reviewed,ATLAS-5276
2025-12-19,warehouse-atlas,payment-orchestrator,3461.38,706,62,43.36,90.59,17.09,12,7,green,index maintenance due,ATLAS-4219
2025-12-26,checkout-db-primary,cart-service,696.97,267,51,53.2,93.83,11.87,15,2,green,replica healthy,ATLAS-6016
2025-12-26,orders-db-primary,search-recommendations,703.93,261,42,75.52,92.1,16.88,4,0,green,vacuum completed,ATLAS-2492
2025-12-26,payments-ledger-primary,checkout-api,695.31,452,44,46.12,92.43,11.78,3,3,green,vacuum completed,ATLAS-1204
2025-12-26,cart-redis-cluster,analytics-pipeline,235.81,367,40,60.03,94.5,7.54,16,5,green,index maintenance due,ATLAS-4900
2025-12-26,kafka-ordering-cluster,tax-service,698.21,146,75,23.27,89.66,25.69,7,6,amber,vacuum completed,ATLAS-2183
2025-12-26,warehouse-atlas,search-recommendations,3436.47,114,50,89.27,89.0,21.35,15,6,green,replica healthy,ATLAS-2042
2026-01-02,checkout-db-primary,payment-orchestrator,763.37,538,82,104.49,91.35,22.31,10,0,amber,replica healthy,ATLAS-1661
2026-01-02,orders-db-primary,search-recommendations,788.25,438,57,121.51,91.74,15.8,14,5,green,migration window planned,ATLAS-3902
2026-01-02,payments-ledger-primary,loyalty-service,753.0,770,55,61.48,92.1,16.38,13,1,green,backup verified,ATLAS-3767
2026-01-02,cart-redis-cluster,checkout-api,262.51,218,64,68.08,87.41,29.33,3,2,amber,connection pool reviewed,ATLAS-1415
2026-01-02,kafka-ordering-cluster,inventory-reservation,789.44,442,47,50.78,90.77,24.56,7,7,green,migration window planned,ATLAS-3219
2026-01-02,warehouse-atlas,order-ledger,3912.25,575,47,38.67,93.16,16.96,10,2,green,vacuum completed,ATLAS-2453
2026-01-09,checkout-db-primary,search-recommendations,765.86,130,59,122.64,89.07,27.7,15,4,green,vacuum completed,ATLAS-5866
2026-01-09,orders-db-primary,order-ledger,766.84,304,52,63.88,92.45,16.84,0,2,green,vacuum completed,ATLAS-3083
2026-01-09,payments-ledger-primary,tax-service,753.24,299,52,107.43,90.31,25.58,4,6,green,connection pool reviewed,ATLAS-2196
2026-01-09,cart-redis-cluster,checkout-api,264.1,573,47,101.72,88.56,24.15,16,5,green,migration window planned,ATLAS-4240
2026-01-09,kafka-ordering-cluster,loyalty-service,774.13,703,37,0,89.94,18.3,0,0,green,index maintenance due,ATLAS-5981
2026-01-09,warehouse-atlas,checkout-api,3925.29,756,63,86.76,93.22,13.03,10,0,green,connection pool reviewed,ATLAS-4589
2026-01-16,checkout-db-primary,tax-service,770.57,703,34,59.75,92.7,16.46,12,1,green,connection pool reviewed,ATLAS-3184
2026-01-16,orders-db-primary,order-ledger,754.5,688,54,56.86,90.08,23.67,6,6,green,migration window planned,ATLAS-1081
2026-01-16,payments-ledger-primary,analytics-pipeline,758.41,688,47,44.3,92.25,16.17,8,4,green,migration window planned,ATLAS-2272
2026-01-16,cart-redis-cluster,payment-orchestrator,273.12,141,30,17.56,90.6,19.94,10,4,green,connection pool reviewed,ATLAS-3250
2026-01-16,kafka-ordering-cluster,checkout-api,782.9,552,51,0,92.48,18.41,11,7,green,vacuum completed,ATLAS-3708
2026-01-16,warehouse-atlas,checkout-api,3782.19,747,59,50.35,88.01,28.83,6,6,amber,vacuum completed,ATLAS-6124
2026-01-23,checkout-db-primary,order-ledger,776.21,168,36,39.22,88.56,28.34,11,2,amber,replica healthy,ATLAS-4078
2026-01-23,orders-db-primary,auth-gateway,750.67,140,46,30.42,90.2,19.33,11,1,green,migration window planned,ATLAS-1356
2026-01-23,payments-ledger-primary,payment-orchestrator,778.33,678,64,53.56,91.26,23.16,8,2,green,backup verified,ATLAS-5514
2026-01-23,cart-redis-cluster,auth-gateway,270.44,569,54,35.6,91.04,20.81,11,0,green,index maintenance due,ATLAS-5083
2026-01-23,kafka-ordering-cluster,loyalty-service,756.65,357,74,0,89.97,18.66,0,3,amber,vacuum completed,ATLAS-4628
2026-01-23,warehouse-atlas,pricing-engine,3794.61,87,30,56.76,94.46,11.0,10,1,green,backup verified,ATLAS-2370
2026-01-30,checkout-db-primary,checkout-api,781.11,155,54,121.72,90.94,15.82,12,0,green,migration window planned,ATLAS-4078
2026-01-30,orders-db-primary,notification-service,777.02,545,47,49.55,92.98,12.35,11,4,green,replica healthy,ATLAS-1939
2026-01-30,payments-ledger-primary,loyalty-service,767.22,603,27,68.5,91.89,17.0,5,4,green,connection pool reviewed,ATLAS-1614
2026-01-30,cart-redis-cluster,payment-orchestrator,268.55,317,42,55.6,91.2,14.9,4,6,green,connection pool reviewed,ATLAS-5474
2026-01-30,kafka-ordering-cluster,inventory-reservation,783.31,435,53,47.37,90.76,24.42,7,7,green,backup verified,ATLAS-1212
2026-01-30,warehouse-atlas,loyalty-service,3947.36,672,60,35.26,92.4,17.41,5,4,green,migration window planned,ATLAS-4729
2026-02-06,checkout-db-primary,order-ledger,760.11,471,43,60.62,88.45,22.71,1,7,green,index maintenance due,ATLAS-4311
2026-02-06,orders-db-primary,cart-service,781.44,714,47,100.13,91.57,13.39,1,3,green,migration window planned,ATLAS-3029
2026-02-06,payments-ledger-primary,order-ledger,781.51,780,31,20.41,89.22,27.96,9,1,green,backup verified,ATLAS-5500
2026-02-06,cart-redis-cluster,cart-service,275.93,258,62,78.74,88.41,27.39,7,7,green,replica healthy,ATLAS-1783
2026-02-06,kafka-ordering-cluster,payment-orchestrator,781.25,154,47,53.57,90.65,22.13,5,4,green,connection pool reviewed,ATLAS-1431
2026-02-06,warehouse-atlas,checkout-api,3845.97,509,36,78.82,91.96,17.58,15,0,green,connection pool reviewed,ATLAS-1253
2026-02-13,checkout-db-primary,inventory-reservation,783.79,685,57,9.64,88.57,22.98,9,2,green,backup verified,ATLAS-3937
2026-02-13,orders-db-primary,notification-service,762.3,690,73,30.48,91.15,20.78,4,4,amber,backup verified,ATLAS-4749
2026-02-13,payments-ledger-primary,pricing-engine,787.14,622,51,26.47,89.56,26.1,13,4,green,index maintenance due,ATLAS-2508
2026-02-13,cart-redis-cluster,auth-gateway,275.39,638,60,7.27,89.44,20.01,4,7,green,vacuum completed,ATLAS-3738
2026-02-13,kafka-ordering-cluster,tax-service,784.29,749,24,93.55,92.18,20.06,11,5,green,index maintenance due,ATLAS-5673
2026-02-13,warehouse-atlas,checkout-api,3799.24,113,37,84.61,90.32,24.6,9,6,green,replica healthy,ATLAS-2620
2026-02-20,checkout-db-primary,inventory-reservation,763.58,707,45,10.71,87.35,26.75,16,1,green,replica healthy,ATLAS-1929
2026-02-20,orders-db-primary,checkout-api,769.53,680,40,54.61,88.45,25.27,1,4,green,migration window planned,ATLAS-5542
2026-02-20,payments-ledger-primary,analytics-pipeline,773.52,756,66,21.49,90.67,17.69,8,1,green,index maintenance due,ATLAS-3633
2026-02-20,cart-redis-cluster,tax-service,267.72,552,66,69.08,88.83,26.13,11,6,green,vacuum completed,ATLAS-6039
2026-02-20,kafka-ordering-cluster,analytics-pipeline,754.54,273,64,7.84,95.31,7.85,14,0,green,backup verified,ATLAS-1743
2026-02-20,warehouse-atlas,checkout-api,3821.6,353,35,109.57,90.47,25.38,16,7,green,backup verified,ATLAS-3122
2026-02-27,checkout-db-primary,auth-gateway,772.04,279,51,60.71,90.39,21.49,4,6,green,connection pool reviewed,ATLAS-4902
2026-02-27,orders-db-primary,auth-gateway,768.8,454,57,96.11,88.16,29.06,5,7,amber,migration window planned,ATLAS-2673
2026-02-27,payments-ledger-primary,tax-service,768.23,708,76,44.33,88.18,28.31,1,5,amber,backup verified,ATLAS-4261
2026-02-27,cart-redis-cluster,loyalty-service,272.48,282,48,0,92.87,15.31,5,7,green,connection pool reviewed,ATLAS-1493
2026-02-27,kafka-ordering-cluster,pricing-engine,766.3,124,55,120.61,87.73,24.84,14,4,green,index maintenance due,ATLAS-3476
2026-02-27,warehouse-atlas,notification-service,3776.8,349,41,88.72,87.96,24.32,4,0,green,backup verified,ATLAS-1332
2026-03-06,checkout-db-primary,order-ledger,761.88,477,46,66.3,94.65,12.57,1,7,green,backup verified,ATLAS-5613
2026-03-06,orders-db-primary,payment-orchestrator,751.93,164,49,74.82,89.13,28.68,10,5,amber,index maintenance due,ATLAS-4039
2026-03-06,payments-ledger-primary,auth-gateway,786.55,202,52,112.77,93.85,10.88,10,7,green,backup verified,ATLAS-4039
2026-03-06,cart-redis-cluster,checkout-api,272.18,128,58,86.21,88.14,25.45,13,2,green,migration window planned,ATLAS-1988
2026-03-06,kafka-ordering-cluster,analytics-pipeline,769.94,579,76,58.42,91.12,23.04,16,0,amber,migration window planned,ATLAS-5289
2026-03-06,warehouse-atlas,pricing-engine,3869.5,262,55,77.54,92.52,13.78,3,0,green,index maintenance due,ATLAS-2227
2026-03-13,checkout-db-primary,cart-service,785.9,147,43,49.21,89.88,26.09,8,4,green,backup verified,ATLAS-4065
2026-03-13,orders-db-primary,tax-service,760.04,563,74,56.19,91.69,17.4,3,4,amber,migration window planned,ATLAS-6074
2026-03-13,payments-ledger-primary,tax-service,751.55,293,46,71.05,91.81,20.55,6,0,green,replica healthy,ATLAS-5772
2026-03-13,cart-redis-cluster,auth-gateway,268.89,639,45,91.51,88.84,23.35,4,4,green,replica healthy,ATLAS-3674
2026-03-13,kafka-ordering-cluster,loyalty-service,786.02,612,32,12.97,89.4,23.92,1,1,green,vacuum completed,ATLAS-4574
2026-03-13,warehouse-atlas,inventory-reservation,3852.17,607,59,55.1,90.2,21.52,13,1,green,index maintenance due,ATLAS-1564
2026-03-20,checkout-db-primary,search-recommendations,757.59,450,57,68.78,87.87,28.17,16,2,amber,migration window planned,ATLAS-5510
2026-03-20,orders-db-primary,analytics-pipeline,775.68,85,32,23.23,91.28,21.14,7,3,green,backup verified,ATLAS-2459
2026-03-20,payments-ledger-primary,auth-gateway,780.91,515,41,38.86,91.25,17.88,7,1,green,connection pool reviewed,ATLAS-6050
2026-03-20,cart-redis-cluster,loyalty-service,267.23,547,47,52.43,88.0,30.24,3,6,amber,backup verified,ATLAS-3930
2026-03-20,kafka-ordering-cluster,pricing-engine,761.85,478,69,32.18,91.35,17.55,10,0,green,backup verified,ATLAS-4849
2026-03-20,warehouse-atlas,notification-service,3815.41,529,28,54.43,88.85,24.57,8,7,green,replica healthy,ATLAS-5700
2026-03-27,checkout-db-primary,loyalty-service,779.17,397,44,52.02,89.21,22.55,10,1,green,index maintenance due,ATLAS-4417
2026-03-27,orders-db-primary,inventory-reservation,761.46,365,62,71.65,89.82,21.94,8,2,green,backup verified,ATLAS-3007
2026-03-27,payments-ledger-primary,order-ledger,779.41,379,59,84.68,89.85,18.93,11,0,green,migration window planned,ATLAS-1626
2026-03-27,cart-redis-cluster,payment-orchestrator,272.34,480,55,109.23,92.67,13.5,5,0,green,connection pool reviewed,ATLAS-1502
2026-03-27,kafka-ordering-cluster,payment-orchestrator,789.38,605,18,80.14,92.8,18.53,9,1,green,index maintenance due,ATLAS-5447
2026-03-27,warehouse-atlas,cart-service,3927.45,99,34,102.07,90.25,23.25,9,2,green,backup verified,ATLAS-4374
2026-04-03,checkout-db-primary,loyalty-service,767.05,741,31,71.48,90.24,17.99,13,6,green,backup verified,ATLAS-2765
2026-04-03,orders-db-primary,cart-service,766.79,772,43,84.2,89.97,24.58,15,2,green,replica healthy,ATLAS-4620
2026-04-03,payments-ledger-primary,order-ledger,751.71,720,32,42.66,90.99,23.35,15,0,green,replica healthy,ATLAS-4950
2026-04-03,cart-redis-cluster,cart-service,263.66,710,56,76.2,95.15,9.72,11,7,green,connection pool reviewed,ATLAS-4205
2026-04-03,kafka-ordering-cluster,inventory-reservation,761.47,774,73,42.17,92.74,17.74,15,3,amber,connection pool reviewed,ATLAS-1868
2026-04-03,warehouse-atlas,checkout-api,3798.01,775,28,70.06,91.08,22.95,7,2,green,index maintenance due,ATLAS-1298
2026-04-10,checkout-db-primary,search-recommendations,789.51,590,40,81.45,91.69,19.69,8,1,green,replica healthy,ATLAS-2375
2026-04-10,orders-db-primary,payment-orchestrator,759.97,761,55,80.72,90.21,23.97,16,3,green,index maintenance due,ATLAS-2033
2026-04-10,payments-ledger-primary,pricing-engine,768.81,453,53,38.95,92.57,17.26,12,0,green,replica healthy,ATLAS-5467
2026-04-10,cart-redis-cluster,payment-orchestrator,269.15,223,38,11.1,91.79,19.01,14,2,green,replica healthy,ATLAS-5506
2026-04-10,kafka-ordering-cluster,auth-gateway,751.52,700,57,86.04,91.74,18.63,14,2,green,migration window planned,ATLAS-4818
2026-04-10,warehouse-atlas,tax-service,3849.62,120,56,64.68,92.56,17.0,14,2,green,connection pool reviewed,ATLAS-4853
2026-04-17,checkout-db-primary,cart-service,761.54,768,51,88.7,89.74,22.71,3,6,green,vacuum completed,ATLAS-2049
2026-04-17,orders-db-primary,order-ledger,762.13,277,55,21.2,91.22,15.96,9,7,green,replica healthy,ATLAS-3588
2026-04-17,payments-ledger-primary,pricing-engine,789.04,421,61,83.9,90.56,21.92,12,1,green,vacuum completed,ATLAS-4510
2026-04-17,cart-redis-cluster,inventory-reservation,265.32,707,30,88.41,90.29,22.88,5,5,green,backup verified,ATLAS-5216
2026-04-17,kafka-ordering-cluster,notification-service,775.58,107,43,50.33,88.98,22.99,2,6,green,backup verified,ATLAS-5155
2026-04-17,warehouse-atlas,tax-service,3820.81,649,52,41.88,94.14,10.56,10,4,green,connection pool reviewed,ATLAS-4952
2026-04-24,checkout-db-primary,auth-gateway,787.21,80,50,48.21,90.9,16.29,4,0,green,replica healthy,ATLAS-5302
2026-04-24,orders-db-primary,order-ledger,759.84,145,26,80.43,89.02,27.43,13,7,green,vacuum completed,ATLAS-2556
2026-04-24,payments-ledger-primary,checkout-api,767.06,453,46,65.42,90.49,21.51,12,1,green,backup verified,ATLAS-5907
2026-04-24,cart-redis-cluster,order-ledger,269.17,525,41,3.58,90.84,23.51,8,3,green,index maintenance due,ATLAS-6168
2026-04-24,kafka-ordering-cluster,analytics-pipeline,757.99,674,47,54.37,92.0,14.72,7,3,green,backup verified,ATLAS-5586
2026-04-24,warehouse-atlas,search-recommendations,3803.93,98,55,18.93,89.54,20.81,12,0,green,vacuum completed,ATLAS-4920
2026-05-01,checkout-db-primary,search-recommendations,782.4,456,80,64.41,93.19,16.67,5,4,amber,migration window planned,ATLAS-6167
2026-05-01,orders-db-primary,analytics-pipeline,759.39,578,48,30.73,90.26,22.23,7,5,green,migration window planned,ATLAS-1930
2026-05-01,payments-ledger-primary,auth-gateway,760.2,349,44,99.12,88.55,28.7,0,4,amber,replica healthy,ATLAS-5748
2026-05-01,cart-redis-cluster,analytics-pipeline,273.51,82,77,2.99,89.96,18.5,9,2,amber,replica healthy,ATLAS-5368
2026-05-01,kafka-ordering-cluster,auth-gateway,787.09,508,47,124.01,92.44,14.37,4,1,green,vacuum completed,ATLAS-4065
2026-05-01,warehouse-atlas,notification-service,3945.81,236,40,109.46,91.33,19.99,13,6,green,vacuum completed,ATLAS-2208
2026-05-08,checkout-db-primary,cart-service,789.89,323,49,78.26,90.27,18.72,6,2,green,migration window planned,ATLAS-5210
2026-05-08,orders-db-primary,checkout-api,754.92,104,47,81.08,91.15,15.25,0,4,green,replica healthy,ATLAS-5719
2026-05-08,payments-ledger-primary,payment-orchestrator,777.34,402,65,18.57,89.09,24.52,10,6,green,backup verified,ATLAS-1886
2026-05-08,cart-redis-cluster,search-recommendations,275.26,347,63,51.15,94.11,13.02,15,4,green,vacuum completed,ATLAS-4547
2026-05-08,kafka-ordering-cluster,checkout-api,763.32,727,50,35.01,89.7,24.3,13,1,green,backup verified,ATLAS-3709
2026-05-08,warehouse-atlas,tax-service,3908.34,550,54,91.71,90.23,17.61,8,4,green,migration window planned,ATLAS-4882
2026-05-15,checkout-db-primary,pricing-engine,761.94,211,62,74.47,89.06,24.78,7,0,green,migration window planned,ATLAS-1373
2026-05-15,orders-db-primary,notification-service,775.41,731,63,16.06,89.69,23.89,7,0,green,connection pool reviewed,ATLAS-2708
2026-05-15,payments-ledger-primary,loyalty-service,776.71,761,69,91.98,89.75,23.16,7,5,green,replica healthy,ATLAS-1400
2026-05-15,cart-redis-cluster,search-recommendations,269.99,329,41,80.84,89.98,18.68,4,0,green,vacuum completed,ATLAS-1479
2026-05-15,kafka-ordering-cluster,inventory-reservation,775.73,106,63,50.55,92.28,15.64,12,0,green,vacuum completed,ATLAS-2953
2026-05-15,warehouse-atlas,pricing-engine,3780.09,661,50,37.86,89.37,22.8,14,3,green,backup verified,ATLAS-2996
