incident_id,started_at,resolved_at,duration_minutes,severity,service,incident_commander,on_call_engineer,status,root_cause,customer_impact,linked_jira,linked_pr,action_items
PD-2001,2018-06-03,2018-06-03,5,SEV4,analytics-pipeline,Kim Tan,Luca Moretti,resolved,feature flag misconfiguration,orders delayed,ATLAS-4803,PR-6885,"Action items: add alert, update runbook, assign owner, verify rollback, write KT note for analytics-pipeline."
PD-2002,2018-06-06,2018-06-06,5,SEV3,search-recommendations,Theo Martin,Elena Petrova,postmortem complete,schema migration lock,checkout errors increased,ATLAS-2712,PR-6924,"Action items: add alert, update runbook, assign owner, verify rollback, write KT note for search-recommendations."
PD-2003,2018-06-07,2018-06-07,5,SEV4,checkout-api,Aisha Khan,Owen Brooks,postmortem complete,inventory reservation deadlock,support ticket volume increased,ATLAS-4230,PR-5284,"Action items: add alert, update runbook, assign owner, verify rollback, write KT note for checkout-api."
PD-2004,2018-06-12,2018-06-12,18,SEV3,payment-orchestrator,Nora Singh,Anika Sharma,follow-up open,schema migration lock,latency spike,ATLAS-1701,PR-5156,"Action items: add alert, update runbook, assign owner, verify rollback, write KT note for payment-orchestrator."
PD-2005,2018-06-17,2018-06-17,205,SEV2,analytics-pipeline,Iris Wang,Iris Wang,follow-up open,schema migration lock,orders delayed,ATLAS-4662,PR-8107,"Action items: add alert, update runbook, assign owner, verify rollback, write KT note for analytics-pipeline."
PD-2006,2018-06-17,2018-06-17,6,SEV4,order-ledger,Harper Lee,Grace Kim,postmortem complete,schema migration lock,latency spike,ATLAS-1413,PR-11155,"Action items: add alert, update runbook, assign owner, verify rollback, write KT note for order-ledger."
PD-2007,2018-06-21,2018-06-21,6,SEV3,checkout-api,Fatima Noor,Grace Kim,follow-up open,tax provider latency,checkout errors increased,ATLAS-1721,PR-6564,"Action items: add alert, update runbook, assign owner, verify rollback, write KT note for checkout-api."
PD-2008,2018-06-25,2018-06-25,5,SEV4,cart-service,Ben Carter,Luca Moretti,resolved,feature flag misconfiguration,payment retries increased,ATLAS-3866,PR-9018,"Action items: add alert, update runbook, assign owner, verify rollback, write KT note for cart-service."
PD-2009,2018-06-27,2018-06-27,5,SEV3,notification-service,Iris Wang,Kim Tan,follow-up open,bad deployment,orders delayed,ATLAS-4589,PR-8274,"Action items: add alert, update runbook, assign owner, verify rollback, write KT note for notification-service."
PD-2010,2018-07-04,2018-07-04,59,SEV3,checkout-api,Fatima Noor,Mateo Garcia,resolved,feature flag misconfiguration,latency spike,ATLAS-2408,PR-9583,"Action items: add alert, update runbook, assign owner, verify rollback, write KT note for checkout-api."
PD-2011,2018-07-07,2018-07-07,5,SEV4,inventory-reservation,Noah Evans,Elena Petrova,postmortem complete,database connection saturation,orders delayed,ATLAS-6156,PR-5077,"Action items: add alert, update runbook, assign owner, verify rollback, write KT note for inventory-reservation."
PD-2012,2018-07-07,2018-07-07,5,SEV4,order-ledger,Noah Evans,Fatima Noor,follow-up open,schema migration lock,no customer impact detected,ATLAS-3938,PR-9238,"Action items: add alert, update runbook, assign owner, verify rollback, write KT note for order-ledger."
PD-2013,2018-07-13,2018-07-13,5,SEV4,analytics-pipeline,Kim Tan,Mateo Garcia,follow-up open,payment provider timeout,checkout errors increased,ATLAS-5777,PR-7991,"Action items: add alert, update runbook, assign owner, verify rollback, write KT note for analytics-pipeline."
PD-2014,2018-07-16,2018-07-16,5,SEV3,inventory-reservation,Ravi Patel,Jon Bell,resolved,payment provider timeout,orders delayed,ATLAS-3145,PR-10384,"Action items: add alert, update runbook, assign owner, verify rollback, write KT note for inventory-reservation."
PD-2015,2018-07-20,2018-07-20,5,SEV4,order-ledger,Grace Kim,Elena Petrova,resolved,tax provider latency,checkout errors increased,ATLAS-6125,PR-10404,"Action items: add alert, update runbook, assign owner, verify rollback, write KT note for order-ledger."
PD-2016,2018-07-23,2018-07-23,15,SEV3,pricing-engine,Priya Nair,Kim Tan,postmortem complete,schema migration lock,support ticket volume increased,ATLAS-3768,PR-10878,"Action items: add alert, update runbook, assign owner, verify rollback, write KT note for pricing-engine."
PD-2017,2018-07-25,2018-07-25,32,SEV4,tax-service,Noah Evans,Harper Lee,follow-up open,database connection saturation,no customer impact detected,ATLAS-3943,PR-7211,"Action items: add alert, update runbook, assign owner, verify rollback, write KT note for tax-service."
PD-2018,2018-07-27,2018-07-27,10,SEV3,notification-service,Victor Silva,Nora Singh,follow-up open,cache stampede,orders delayed,ATLAS-4623,PR-11326,"Action items: add alert, update runbook, assign owner, verify rollback, write KT note for notification-service."
PD-2019,2018-07-30,2018-07-30,164,SEV2,analytics-pipeline,Yara Haddad,Theo Martin,postmortem complete,cache stampede,latency spike,ATLAS-4839,PR-11809,"Action items: add alert, update runbook, assign owner, verify rollback, write KT note for analytics-pipeline."
PD-2020,2018-08-05,2018-08-05,5,SEV4,tax-service,Samir Rao,Aisha Khan,postmortem complete,tax provider latency,no customer impact detected,ATLAS-6148,PR-7789,"Action items: add alert, update runbook, assign owner, verify rollback, write KT note for tax-service."
PD-2021,2018-08-06,2018-08-06,51,SEV4,payment-orchestrator,Owen Brooks,Ravi Patel,resolved,tax provider latency,no customer impact detected,ATLAS-1123,PR-5900,"Action items: add alert, update runbook, assign owner, verify rollback, write KT note for payment-orchestrator."
PD-2022,2018-08-11,2018-08-11,30,SEV3,inventory-reservation,Samir Rao,Yara Haddad,postmortem complete,cache stampede,checkout errors increased,ATLAS-1804,PR-5954,"Action items: add alert, update runbook, assign owner, verify rollback, write KT note for inventory-reservation."
PD-2023,2018-08-14,2018-08-14,55,SEV3,tax-service,Dmitri Volkov,Theo Martin,follow-up open,bad deployment,support ticket volume increased,ATLAS-5987,PR-10967,"Action items: add alert, update runbook, assign owner, verify rollback, write KT note for tax-service."
PD-2024,2018-08-18,2018-08-18,77,SEV2,cart-service,Iris Wang,Iris Wang,postmortem complete,queue backlog,orders delayed,ATLAS-1371,PR-5160,"Action items: add alert, update runbook, assign owner, verify rollback, write KT note for cart-service."
PD-2025,2018-08-18,2018-08-18,25,SEV3,search-recommendations,Elena Petrova,Fatima Noor,resolved,bad deployment,checkout errors increased,ATLAS-1924,PR-12232,"Action items: add alert, update runbook, assign owner, verify rollback, write KT note for search-recommendations."
PD-2026,2018-08-21,2018-08-21,53,SEV3,inventory-reservation,Priya Nair,Ravi Patel,follow-up open,schema migration lock,latency spike,ATLAS-1841,PR-9193,"Action items: add alert, update runbook, assign owner, verify rollback, write KT note for inventory-reservation."
PD-2027,2018-08-24,2018-08-24,158,SEV2,search-recommendations,Luca Moretti,Priya Nair,resolved,bad deployment,support ticket volume increased,ATLAS-1374,PR-6010,"Action items: add alert, update runbook, assign owner, verify rollback, write KT note for search-recommendations."
PD-2028,2018-08-31,2018-08-31,5,SEV3,pricing-engine,Theo Martin,Maya Chen,follow-up open,feature flag misconfiguration,checkout errors increased,ATLAS-1785,PR-7079,"Action items: add alert, update runbook, assign owner, verify rollback, write KT note for pricing-engine."
PD-2029,2018-09-02,2018-09-02,23,SEV3,order-ledger,Jon Bell,Owen Brooks,follow-up open,tax provider latency,orders delayed,ATLAS-5129,PR-12032,"Action items: add alert, update runbook, assign owner, verify rollback, write KT note for order-ledger."
PD-2030,2018-09-06,2018-09-06,61,SEV2,inventory-reservation,Harper Lee,Priya Nair,resolved,cache stampede,no customer impact detected,ATLAS-1016,PR-9648,"Action items: add alert, update runbook, assign owner, verify rollback, write KT note for inventory-reservation."
PD-2031,2018-09-07,2018-09-07,156,SEV2,tax-service,Dmitri Volkov,Iris Wang,follow-up open,cache stampede,no customer impact detected,ATLAS-4171,PR-7881,"Action items: add alert, update runbook, assign owner, verify rollback, write KT note for tax-service."
PD-2032,2018-09-09,2018-09-09,154,SEV2,order-ledger,Nora Singh,Victor Silva,postmortem complete,inventory reservation deadlock,checkout errors increased,ATLAS-4925,PR-8914,"Action items: add alert, update runbook, assign owner, verify rollback, write KT note for order-ledger."
PD-2033,2018-09-16,2018-09-16,5,SEV4,auth-gateway,Priya Nair,Iris Wang,follow-up open,schema migration lock,checkout errors increased,ATLAS-1583,PR-6267,"Action items: add alert, update runbook, assign owner, verify rollback, write KT note for auth-gateway."
PD-2034,2018-09-16,2018-09-16,126,SEV2,notification-service,Noah Evans,Noah Evans,follow-up open,cache stampede,latency spike,ATLAS-3157,PR-9884,"Action items: add alert, update runbook, assign owner, verify rollback, write KT note for notification-service."
PD-2035,2018-09-20,2018-09-20,107,SEV2,inventory-reservation,Noah Evans,Ravi Patel,postmortem complete,payment provider timeout,support ticket volume increased,ATLAS-3443,PR-8145,"Action items: add alert, update runbook, assign owner, verify rollback, write KT note for inventory-reservation."
PD-2036,2018-09-22,2018-09-22,17,SEV4,cart-service,Mateo Garcia,Iris Wang,resolved,database connection saturation,payment retries increased,ATLAS-1708,PR-5809,"Action items: add alert, update runbook, assign owner, verify rollback, write KT note for cart-service."
PD-2037,2018-09-27,2018-09-27,52,SEV3,tax-service,Kim Tan,Samir Rao,postmortem complete,queue backlog,payment retries increased,ATLAS-1670,PR-9754,"Action items: add alert, update runbook, assign owner, verify rollback, write KT note for tax-service."
PD-2038,2018-09-30,2018-09-30,22,SEV3,search-recommendations,Sara Novak,Maya Chen,follow-up open,schema migration lock,orders delayed,ATLAS-2234,PR-9022,"Action items: add alert, update runbook, assign owner, verify rollback, write KT note for search-recommendations."
PD-2039,2018-10-01,2018-10-01,82,SEV2,payment-orchestrator,Grace Kim,Nora Singh,resolved,inventory reservation deadlock,orders delayed,ATLAS-5412,PR-6855,"Action items: add alert, update runbook, assign owner, verify rollback, write KT note for payment-orchestrator."
PD-2040,2018-10-05,2018-10-05,5,SEV3,cart-service,Nora Singh,Maya Chen,follow-up open,cache stampede,support ticket volume increased,ATLAS-1609,PR-11937,"Action items: add alert, update runbook, assign owner, verify rollback, write KT note for cart-service."
PD-2041,2018-10-11,2018-10-11,78,SEV3,inventory-reservation,Samir Rao,Mateo Garcia,follow-up open,bad deployment,no customer impact detected,ATLAS-1420,PR-6945,"Action items: add alert, update runbook, assign owner, verify rollback, write KT note for inventory-reservation."
PD-2042,2018-10-14,2018-10-14,106,SEV3,analytics-pipeline,Fatima Noor,Victor Silva,resolved,inventory reservation deadlock,support ticket volume increased,ATLAS-4388,PR-8487,"Action items: add alert, update runbook, assign owner, verify rollback, write KT note for analytics-pipeline."
PD-2043,2018-10-17,2018-10-17,93,SEV3,tax-service,Iris Wang,Aisha Khan,follow-up open,cache stampede,checkout errors increased,ATLAS-3981,PR-6016,"Action items: add alert, update runbook, assign owner, verify rollback, write KT note for tax-service."
PD-2044,2018-10-17,2018-10-17,199,SEV1,auth-gateway,Dmitri Volkov,Noah Evans,follow-up open,database connection saturation,latency spike,ATLAS-1797,PR-9578,"Action items: add alert, update runbook, assign owner, verify rollback, write KT note for auth-gateway."
PD-2045,2018-10-24,2018-10-24,46,SEV4,tax-service,Jon Bell,Ben Carter,follow-up open,database connection saturation,no customer impact detected,ATLAS-1558,PR-10226,"Action items: add alert, update runbook, assign owner, verify rollback, write KT note for tax-service."
PD-2046,2018-10-25,2018-10-25,23,SEV4,pricing-engine,Yara Haddad,Yara Haddad,postmortem complete,payment provider timeout,payment retries increased,ATLAS-3990,PR-5294,"Action items: add alert, update runbook, assign owner, verify rollback, write KT note for pricing-engine."
PD-2047,2018-10-27,2018-10-27,5,SEV4,inventory-reservation,Luca Moretti,Sara Novak,follow-up open,schema migration lock,orders delayed,ATLAS-4472,PR-5302,"Action items: add alert, update runbook, assign owner, verify rollback, write KT note for inventory-reservation."
PD-2048,2018-11-03,2018-11-03,182,SEV2,notification-service,Harper Lee,Owen Brooks,resolved,cache stampede,no customer impact detected,ATLAS-2239,PR-7105,"Action items: add alert, update runbook, assign owner, verify rollback, write KT note for notification-service."
PD-2049,2018-11-06,2018-11-06,24,SEV3,auth-gateway,Aisha Khan,Fatima Noor,postmortem complete,database connection saturation,payment retries increased,ATLAS-3987,PR-7603,"Action items: add alert, update runbook, assign owner, verify rollback, write KT note for auth-gateway."
PD-2050,2018-11-08,2018-11-08,29,SEV3,analytics-pipeline,Mateo Garcia,Theo Martin,follow-up open,feature flag misconfiguration,no customer impact detected,ATLAS-4193,PR-5408,"Action items: add alert, update runbook, assign owner, verify rollback, write KT note for analytics-pipeline."
PD-2051,2018-11-13,2018-11-13,86,SEV3,order-ledger,Aisha Khan,Anika Sharma,follow-up open,cache stampede,orders delayed,ATLAS-4961,PR-7438,"Action items: add alert, update runbook, assign owner, verify rollback, write KT note for order-ledger."
PD-2052,2018-11-13,2018-11-13,74,SEV3,payment-orchestrator,Yara Haddad,Kim Tan,postmortem complete,cache stampede,latency spike,ATLAS-2760,PR-9050,"Action items: add alert, update runbook, assign owner, verify rollback, write KT note for payment-orchestrator."
PD-2053,2018-11-16,2018-11-16,29,SEV4,notification-service,Luca Moretti,Sara Novak,postmortem complete,cache stampede,no customer impact detected,ATLAS-1828,PR-8933,"Action items: add alert, update runbook, assign owner, verify rollback, write KT note for notification-service."
PD-2054,2018-11-19,2018-11-19,5,SEV4,checkout-api,Iris Wang,Owen Brooks,follow-up open,bad deployment,checkout errors increased,ATLAS-2320,PR-10985,"Action items: add alert, update runbook, assign owner, verify rollback, write KT note for checkout-api."
PD-2055,2018-11-23,2018-11-23,26,SEV3,pricing-engine,Grace Kim,Noah Evans,resolved,queue backlog,orders delayed,ATLAS-4158,PR-11135,"Action items: add alert, update runbook, assign owner, verify rollback, write KT note for pricing-engine."
PD-2056,2018-11-25,2018-11-25,69,SEV3,inventory-reservation,Owen Brooks,Maya Chen,resolved,bad deployment,checkout errors increased,ATLAS-1629,PR-5814,"Action items: add alert, update runbook, assign owner, verify rollback, write KT note for inventory-reservation."
PD-2057,2018-11-30,2018-11-30,89,SEV3,notification-service,Dmitri Volkov,Anika Sharma,postmortem complete,bad deployment,payment retries increased,ATLAS-1205,PR-7914,"Action items: add alert, update runbook, assign owner, verify rollback, write KT note for notification-service."
PD-2058,2018-12-03,2018-12-03,61,SEV3,order-ledger,Ravi Patel,Elena Petrova,resolved,inventory reservation deadlock,support ticket volume increased,ATLAS-1613,PR-5259,"Action items: add alert, update runbook, assign owner, verify rollback, write KT note for order-ledger."
PD-2059,2018-12-07,2018-12-07,49,SEV3,analytics-pipeline,Noah Evans,Dmitri Volkov,postmortem complete,payment provider timeout,support ticket volume increased,ATLAS-5931,PR-8714,"Action items: add alert, update runbook, assign owner, verify rollback, write KT note for analytics-pipeline."
PD-2060,2018-12-09,2018-12-09,112,SEV2,inventory-reservation,Fatima Noor,Elena Petrova,resolved,payment provider timeout,orders delayed,ATLAS-2729,PR-8001,"Action items: add alert, update runbook, assign owner, verify rollback, write KT note for inventory-reservation."
PD-2061,2018-12-11,2018-12-11,37,SEV3,cart-service,Harper Lee,Noah Evans,resolved,bad deployment,checkout errors increased,ATLAS-2855,PR-8241,"Action items: add alert, update runbook, assign owner, verify rollback, write KT note for cart-service."
PD-2062,2018-12-14,2018-12-14,35,SEV4,tax-service,Yara Haddad,Anika Sharma,postmortem complete,cache stampede,latency spike,ATLAS-2828,PR-8830,"Action items: add alert, update runbook, assign owner, verify rollback, write KT note for tax-service."
PD-2063,2018-12-21,2018-12-21,7,SEV3,loyalty-service,Luca Moretti,Nora Singh,resolved,schema migration lock,payment retries increased,ATLAS-3706,PR-5025,"Action items: add alert, update runbook, assign owner, verify rollback, write KT note for loyalty-service."
PD-2064,2018-12-21,2018-12-21,90,SEV3,pricing-engine,Luca Moretti,Elena Petrova,postmortem complete,queue backlog,latency spike,ATLAS-5592,PR-8531,"Action items: add alert, update runbook, assign owner, verify rollback, write KT note for pricing-engine."
PD-2065,2018-12-24,2018-12-24,61,SEV3,inventory-reservation,Sara Novak,Victor Silva,follow-up open,payment provider timeout,support ticket volume increased,ATLAS-1446,PR-8139,"Action items: add alert, update runbook, assign owner, verify rollback, write KT note for inventory-reservation."
PD-2066,2018-12-29,2018-12-29,62,SEV4,payment-orchestrator,Jon Bell,Ben Carter,follow-up open,database connection saturation,payment retries increased,ATLAS-2161,PR-5092,"Action items: add alert, update runbook, assign owner, verify rollback, write KT note for payment-orchestrator."
PD-2067,2019-01-04,2019-01-04,97,SEV3,analytics-pipeline,Yara Haddad,Luca Moretti,follow-up open,inventory reservation deadlock,payment retries increased,ATLAS-4198,PR-5624,"Action items: add alert, update runbook, assign owner, verify rollback, write KT note for analytics-pipeline."
PD-2068,2019-01-05,2019-01-05,48,SEV3,search-recommendations,Iris Wang,Aisha Khan,follow-up open,schema migration lock,no customer impact detected,ATLAS-2735,PR-7026,"Action items: add alert, update runbook, assign owner, verify rollback, write KT note for search-recommendations."
PD-2069,2019-01-06,2019-01-06,15,SEV4,loyalty-service,Iris Wang,Ben Carter,follow-up open,bad deployment,latency spike,ATLAS-5683,PR-6258,"Action items: add alert, update runbook, assign owner, verify rollback, write KT note for loyalty-service."
PD-2070,2019-01-12,2019-01-12,52,SEV3,order-ledger,Noah Evans,Jon Bell,follow-up open,bad deployment,orders delayed,ATLAS-3306,PR-7827,"Action items: add alert, update runbook, assign owner, verify rollback, write KT note for order-ledger."
PD-2071,2019-01-12,2019-01-12,38,SEV3,order-ledger,Elena Petrova,Grace Kim,postmortem complete,bad deployment,support ticket volume increased,ATLAS-6138,PR-6348,"Action items: add alert, update runbook, assign owner, verify rollback, write KT note for order-ledger."
PD-2072,2019-01-18,2019-01-18,121,SEV2,tax-service,Sara Novak,Noah Evans,follow-up open,bad deployment,payment retries increased,ATLAS-3206,PR-7037,"Action items: add alert, update runbook, assign owner, verify rollback, write KT note for tax-service."
PD-2073,2019-01-22,2019-01-22,36,SEV3,tax-service,Owen Brooks,Yara Haddad,resolved,inventory reservation deadlock,payment retries increased,ATLAS-4344,PR-5220,"Action items: add alert, update runbook, assign owner, verify rollback, write KT note for tax-service."
PD-2074,2019-01-24,2019-01-24,210,SEV1,search-recommendations,Fatima Noor,Kim Tan,follow-up open,cache stampede,payment retries increased,ATLAS-3558,PR-8034,"Action items: add alert, update runbook, assign owner, verify rollback, write KT note for search-recommendations."
PD-2075,2019-01-26,2019-01-26,20,SEV4,checkout-api,Kim Tan,Jon Bell,resolved,queue backlog,no customer impact detected,ATLAS-3593,PR-5054,"Action items: add alert, update runbook, assign owner, verify rollback, write KT note for checkout-api."
PD-2076,2019-01-29,2019-01-29,29,SEV3,notification-service,Ben Carter,Sara Novak,postmortem complete,tax provider latency,checkout errors increased,ATLAS-1760,PR-6577,"Action items: add alert, update runbook, assign owner, verify rollback, write KT note for notification-service."
PD-2077,2019-02-02,2019-02-02,5,SEV4,loyalty-service,Jon Bell,Aisha Khan,postmortem complete,schema migration lock,no customer impact detected,ATLAS-5681,PR-9873,"Action items: add alert, update runbook, assign owner, verify rollback, write KT note for loyalty-service."
PD-2078,2019-02-04,2019-02-04,5,SEV4,analytics-pipeline,Noah Evans,Anika Sharma,resolved,tax provider latency,checkout errors increased,ATLAS-4265,PR-7536,"Action items: add alert, update runbook, assign owner, verify rollback, write KT note for analytics-pipeline."
PD-2079,2019-02-09,2019-02-09,158,SEV2,auth-gateway,Aisha Khan,Mateo Garcia,resolved,database connection saturation,no customer impact detected,ATLAS-5914,PR-5607,"Action items: add alert, update runbook, assign owner, verify rollback, write KT note for auth-gateway."
PD-2080,2019-02-14,2019-02-14,27,SEV4,pricing-engine,Dmitri Volkov,Samir Rao,postmortem complete,feature flag misconfiguration,support ticket volume increased,ATLAS-4539,PR-5426,"Action items: add alert, update runbook, assign owner, verify rollback, write KT note for pricing-engine."
PD-2081,2019-02-17,2019-02-17,35,SEV3,notification-service,Aisha Khan,Owen Brooks,postmortem complete,tax provider latency,checkout errors increased,ATLAS-5735,PR-9584,"Action items: add alert, update runbook, assign owner, verify rollback, write KT note for notification-service."
PD-2082,2019-02-18,2019-02-18,103,SEV3,search-recommendations,Samir Rao,Sara Novak,postmortem complete,tax provider latency,payment retries increased,ATLAS-2888,PR-8713,"Action items: add alert, update runbook, assign owner, verify rollback, write KT note for search-recommendations."
PD-2083,2019-02-20,2019-02-20,49,SEV3,notification-service,Luca Moretti,Ravi Patel,postmortem complete,queue backlog,checkout errors increased,ATLAS-5337,PR-6938,"Action items: add alert, update runbook, assign owner, verify rollback, write KT note for notification-service."
PD-2084,2019-02-24,2019-02-24,5,SEV4,payment-orchestrator,Iris Wang,Mateo Garcia,follow-up open,tax provider latency,support ticket volume increased,ATLAS-3544,PR-7698,"Action items: add alert, update runbook, assign owner, verify rollback, write KT note for payment-orchestrator."
PD-2085,2019-03-03,2019-03-03,12,SEV4,tax-service,Ben Carter,Harper Lee,postmortem complete,bad deployment,support ticket volume increased,ATLAS-4139,PR-8233,"Action items: add alert, update runbook, assign owner, verify rollback, write KT note for tax-service."
PD-2086,2019-03-04,2019-03-04,84,SEV4,checkout-api,Anika Sharma,Fatima Noor,postmortem complete,inventory reservation deadlock,latency spike,ATLAS-1028,PR-5833,"Action items: add alert, update runbook, assign owner, verify rollback, write KT note for checkout-api."
PD-2087,2019-03-09,2019-03-09,51,SEV3,tax-service,Victor Silva,Owen Brooks,resolved,bad deployment,support ticket volume increased,ATLAS-4959,PR-9266,"Action items: add alert, update runbook, assign owner, verify rollback, write KT note for tax-service."
PD-2088,2019-03-12,2019-03-12,5,SEV4,tax-service,Grace Kim,Mateo Garcia,postmortem complete,database connection saturation,support ticket volume increased,ATLAS-2112,PR-10159,"Action items: add alert, update runbook, assign owner, verify rollback, write KT note for tax-service."
PD-2089,2019-03-13,2019-03-13,217,SEV1,auth-gateway,Yara Haddad,Priya Nair,resolved,bad deployment,orders delayed,ATLAS-1872,PR-7753,"Action items: add alert, update runbook, assign owner, verify rollback, write KT note for auth-gateway."
PD-2090,2019-03-19,2019-03-19,41,SEV3,cart-service,Victor Silva,Maya Chen,follow-up open,schema migration lock,no customer impact detected,ATLAS-5335,PR-5291,"Action items: add alert, update runbook, assign owner, verify rollback, write KT note for cart-service."
PD-2091,2019-03-22,2019-03-22,5,SEV3,notification-service,Fatima Noor,Priya Nair,postmortem complete,tax provider latency,payment retries increased,ATLAS-2094,PR-10143,"Action items: add alert, update runbook, assign owner, verify rollback, write KT note for notification-service."
PD-2092,2019-03-25,2019-03-25,43,SEV4,auth-gateway,Owen Brooks,Sara Novak,postmortem complete,cache stampede,orders delayed,ATLAS-1838,PR-6702,"Action items: add alert, update runbook, assign owner, verify rollback, write KT note for auth-gateway."
PD-2093,2019-03-28,2019-03-28,52,SEV3,notification-service,Samir Rao,Victor Silva,postmortem complete,schema migration lock,support ticket volume increased,ATLAS-5124,PR-11201,"Action items: add alert, update runbook, assign owner, verify rollback, write KT note for notification-service."
PD-2094,2019-03-29,2019-03-29,48,SEV3,search-recommendations,Grace Kim,Yara Haddad,postmortem complete,inventory reservation deadlock,no customer impact detected,ATLAS-3269,PR-7826,"Action items: add alert, update runbook, assign owner, verify rollback, write KT note for search-recommendations."
PD-2095,2019-03-31,2019-03-31,95,SEV2,cart-service,Mateo Garcia,Nora Singh,resolved,feature flag misconfiguration,payment retries increased,ATLAS-4041,PR-5157,"Action items: add alert, update runbook, assign owner, verify rollback, write KT note for cart-service."
PD-2096,2019-04-03,2019-04-03,5,SEV4,notification-service,Dmitri Volkov,Theo Martin,postmortem complete,feature flag misconfiguration,latency spike,ATLAS-1727,PR-9347,"Action items: add alert, update runbook, assign owner, verify rollback, write KT note for notification-service."
PD-2097,2019-04-09,2019-04-09,93,SEV3,notification-service,Luca Moretti,Yara Haddad,follow-up open,database connection saturation,support ticket volume increased,ATLAS-1197,PR-8502,"Action items: add alert, update runbook, assign owner, verify rollback, write KT note for notification-service."
PD-2098,2019-04-12,2019-04-12,48,SEV3,cart-service,Samir Rao,Ben Carter,follow-up open,tax provider latency,latency spike,ATLAS-2929,PR-6456,"Action items: add alert, update runbook, assign owner, verify rollback, write KT note for cart-service."
PD-2099,2019-04-14,2019-04-14,93,SEV3,notification-service,Owen Brooks,Yara Haddad,postmortem complete,cache stampede,latency spike,ATLAS-1002,PR-12327,"Action items: add alert, update runbook, assign owner, verify rollback, write KT note for notification-service."
PD-2100,2019-04-19,2019-04-19,112,SEV3,pricing-engine,Theo Martin,Elena Petrova,follow-up open,inventory reservation deadlock,latency spike,ATLAS-4016,PR-7479,"Action items: add alert, update runbook, assign owner, verify rollback, write KT note for pricing-engine."
PD-2101,2019-04-21,2019-04-21,26,SEV3,checkout-api,Noah Evans,Mateo Garcia,resolved,tax provider latency,payment retries increased,ATLAS-1880,PR-11296,"Action items: add alert, update runbook, assign owner, verify rollback, write KT note for checkout-api."
PD-2102,2019-04-26,2019-04-26,43,SEV3,payment-orchestrator,Anika Sharma,Maya Chen,postmortem complete,database connection saturation,support ticket volume increased,ATLAS-3833,PR-9362,"Action items: add alert, update runbook, assign owner, verify rollback, write KT note for payment-orchestrator."
PD-2103,2019-04-29,2019-04-29,55,SEV3,inventory-reservation,Yara Haddad,Anika Sharma,postmortem complete,bad deployment,no customer impact detected,ATLAS-3051,PR-8286,"Action items: add alert, update runbook, assign owner, verify rollback, write KT note for inventory-reservation."
PD-2104,2019-05-02,2019-05-02,19,SEV4,checkout-api,Kim Tan,Noah Evans,postmortem complete,bad deployment,no customer impact detected,ATLAS-2312,PR-5390,"Action items: add alert, update runbook, assign owner, verify rollback, write KT note for checkout-api."
PD-2105,2019-05-04,2019-05-04,5,SEV4,pricing-engine,Iris Wang,Grace Kim,postmortem complete,inventory reservation deadlock,checkout errors increased,ATLAS-4870,PR-6901,"Action items: add alert, update runbook, assign owner, verify rollback, write KT note for pricing-engine."
PD-2106,2019-05-05,2019-05-05,57,SEV3,checkout-api,Iris Wang,Mateo Garcia,resolved,schema migration lock,latency spike,ATLAS-2426,PR-10145,"Action items: add alert, update runbook, assign owner, verify rollback, write KT note for checkout-api."
PD-2107,2019-05-11,2019-05-11,33,SEV4,notification-service,Ben Carter,Jon Bell,resolved,feature flag misconfiguration,orders delayed,ATLAS-2201,PR-7935,"Action items: add alert, update runbook, assign owner, verify rollback, write KT note for notification-service."
PD-2108,2019-05-15,2019-05-15,5,SEV4,notification-service,Elena Petrova,Mateo Garcia,follow-up open,inventory reservation deadlock,support ticket volume increased,ATLAS-5016,PR-5556,"Action items: add alert, update runbook, assign owner, verify rollback, write KT note for notification-service."
PD-2109,2019-05-16,2019-05-16,5,SEV4,search-recommendations,Victor Silva,Jon Bell,postmortem complete,schema migration lock,payment retries increased,ATLAS-6034,PR-11773,"Action items: add alert, update runbook, assign owner, verify rollback, write KT note for search-recommendations."
PD-2110,2019-05-22,2019-05-22,5,SEV4,notification-service,Grace Kim,Ben Carter,follow-up open,queue backlog,checkout errors increased,ATLAS-3034,PR-6108,"Action items: add alert, update runbook, assign owner, verify rollback, write KT note for notification-service."
PD-2111,2019-05-26,2019-05-26,28,SEV3,notification-service,Ben Carter,Jon Bell,resolved,schema migration lock,latency spike,ATLAS-4878,PR-7823,"Action items: add alert, update runbook, assign owner, verify rollback, write KT note for notification-service."
PD-2112,2019-05-28,2019-05-28,73,SEV3,tax-service,Theo Martin,Jon Bell,resolved,cache stampede,payment retries increased,ATLAS-5470,PR-5081,"Action items: add alert, update runbook, assign owner, verify rollback, write KT note for tax-service."
PD-2113,2019-05-30,2019-05-30,243,SEV1,auth-gateway,Yara Haddad,Priya Nair,postmortem complete,cache stampede,payment retries increased,ATLAS-4248,PR-9856,"Action items: add alert, update runbook, assign owner, verify rollback, write KT note for auth-gateway."
PD-2114,2019-06-04,2019-06-04,108,SEV2,tax-service,Harper Lee,Maya Chen,postmortem complete,schema migration lock,payment retries increased,ATLAS-2633,PR-6859,"Action items: add alert, update runbook, assign owner, verify rollback, write KT note for tax-service."
PD-2115,2019-06-03,2019-06-03,129,SEV2,auth-gateway,Victor Silva,Ravi Patel,resolved,queue backlog,checkout errors increased,ATLAS-2537,PR-6694,"Action items: add alert, update runbook, assign owner, verify rollback, write KT note for auth-gateway."
PD-2116,2019-06-08,2019-06-08,5,SEV4,notification-service,Priya Nair,Samir Rao,resolved,cache stampede,support ticket volume increased,ATLAS-3725,PR-6767,"Action items: add alert, update runbook, assign owner, verify rollback, write KT note for notification-service."
PD-2117,2019-06-14,2019-06-14,109,SEV2,checkout-api,Grace Kim,Grace Kim,follow-up open,bad deployment,orders delayed,ATLAS-3298,PR-5885,"Action items: add alert, update runbook, assign owner, verify rollback, write KT note for checkout-api."
PD-2118,2019-06-15,2019-06-15,25,SEV3,analytics-pipeline,Samir Rao,Kim Tan,postmortem complete,queue backlog,support ticket volume increased,ATLAS-4833,PR-9712,"Action items: add alert, update runbook, assign owner, verify rollback, write KT note for analytics-pipeline."
PD-2119,2019-06-16,2019-06-16,29,SEV4,payment-orchestrator,Owen Brooks,Elena Petrova,follow-up open,inventory reservation deadlock,checkout errors increased,ATLAS-5827,PR-7607,"Action items: add alert, update runbook, assign owner, verify rollback, write KT note for payment-orchestrator."
PD-2120,2019-06-21,2019-06-21,64,SEV4,search-recommendations,Kim Tan,Ravi Patel,follow-up open,feature flag misconfiguration,orders delayed,ATLAS-2111,PR-5335,"Action items: add alert, update runbook, assign owner, verify rollback, write KT note for search-recommendations."
PD-2121,2019-06-27,2019-06-27,69,SEV3,auth-gateway,Iris Wang,Owen Brooks,resolved,payment provider timeout,checkout errors increased,ATLAS-2608,PR-6894,"Action items: add alert, update runbook, assign owner, verify rollback, write KT note for auth-gateway."
PD-2122,2019-06-29,2019-06-29,20,SEV4,auth-gateway,Grace Kim,Iris Wang,postmortem complete,cache stampede,payment retries increased,ATLAS-2356,PR-6372,"Action items: add alert, update runbook, assign owner, verify rollback, write KT note for auth-gateway."
PD-2123,2019-07-01,2019-07-01,32,SEV3,tax-service,Anika Sharma,Fatima Noor,follow-up open,feature flag misconfiguration,checkout errors increased,ATLAS-3125,PR-6109,"Action items: add alert, update runbook, assign owner, verify rollback, write KT note for tax-service."
PD-2124,2019-07-07,2019-07-07,59,SEV3,analytics-pipeline,Ravi Patel,Anika Sharma,resolved,queue backlog,no customer impact detected,ATLAS-5272,PR-8135,"Action items: add alert, update runbook, assign owner, verify rollback, write KT note for analytics-pipeline."
PD-2125,2019-07-09,2019-07-09,21,SEV4,cart-service,Ravi Patel,Sara Novak,postmortem complete,cache stampede,orders delayed,ATLAS-6081,PR-8731,"Action items: add alert, update runbook, assign owner, verify rollback, write KT note for cart-service."
PD-2126,2019-07-12,2019-07-12,44,SEV4,tax-service,Samir Rao,Elena Petrova,postmortem complete,bad deployment,support ticket volume increased,ATLAS-5910,PR-9669,"Action items: add alert, update runbook, assign owner, verify rollback, write KT note for tax-service."
PD-2127,2019-07-16,2019-07-16,112,SEV2,checkout-api,Ben Carter,Priya Nair,follow-up open,cache stampede,no customer impact detected,ATLAS-1571,PR-7037,"Action items: add alert, update runbook, assign owner, verify rollback, write KT note for checkout-api."
PD-2128,2019-07-17,2019-07-17,88,SEV3,analytics-pipeline,Samir Rao,Maya Chen,follow-up open,feature flag misconfiguration,checkout errors increased,ATLAS-2784,PR-5420,"Action items: add alert, update runbook, assign owner, verify rollback, write KT note for analytics-pipeline."
PD-2129,2019-07-22,2019-07-22,87,SEV2,order-ledger,Fatima Noor,Priya Nair,postmortem complete,payment provider timeout,payment retries increased,ATLAS-5350,PR-9183,"Action items: add alert, update runbook, assign owner, verify rollback, write KT note for order-ledger."
PD-2130,2019-07-25,2019-07-25,10,SEV4,tax-service,Dmitri Volkov,Sara Novak,follow-up open,payment provider timeout,payment retries increased,ATLAS-1219,PR-8060,"Action items: add alert, update runbook, assign owner, verify rollback, write KT note for tax-service."
PD-2131,2019-07-25,2019-07-25,22,SEV4,order-ledger,Nora Singh,Theo Martin,postmortem complete,cache stampede,no customer impact detected,ATLAS-4373,PR-5153,"Action items: add alert, update runbook, assign owner, verify rollback, write KT note for order-ledger."
PD-2132,2019-07-31,2019-07-31,66,SEV3,payment-orchestrator,Priya Nair,Victor Silva,postmortem complete,schema migration lock,orders delayed,ATLAS-3572,PR-9888,"Action items: add alert, update runbook, assign owner, verify rollback, write KT note for payment-orchestrator."
PD-2133,2019-08-04,2019-08-04,5,SEV4,inventory-reservation,Victor Silva,Grace Kim,resolved,tax provider latency,orders delayed,ATLAS-5320,PR-6844,"Action items: add alert, update runbook, assign owner, verify rollback, write KT note for inventory-reservation."
PD-2134,2019-08-06,2019-08-06,237,SEV1,payment-orchestrator,Jon Bell,Kim Tan,resolved,bad deployment,no customer impact detected,ATLAS-1802,PR-6848,"Action items: add alert, update runbook, assign owner, verify rollback, write KT note for payment-orchestrator."
PD-2135,2019-08-07,2019-08-07,116,SEV3,analytics-pipeline,Luca Moretti,Owen Brooks,follow-up open,inventory reservation deadlock,support ticket volume increased,ATLAS-1033,PR-11788,"Action items: add alert, update runbook, assign owner, verify rollback, write KT note for analytics-pipeline."
PD-2136,2019-08-13,2019-08-13,99,SEV2,loyalty-service,Samir Rao,Samir Rao,postmortem complete,feature flag misconfiguration,latency spike,ATLAS-5882,PR-8615,"Action items: add alert, update runbook, assign owner, verify rollback, write KT note for loyalty-service."
PD-2137,2019-08-17,2019-08-17,20,SEV3,payment-orchestrator,Ravi Patel,Iris Wang,resolved,database connection saturation,support ticket volume increased,ATLAS-3626,PR-7017,"Action items: add alert, update runbook, assign owner, verify rollback, write KT note for payment-orchestrator."
PD-2138,2019-08-21,2019-08-21,120,SEV3,search-recommendations,Ravi Patel,Yara Haddad,follow-up open,schema migration lock,orders delayed,ATLAS-5182,PR-9687,"Action items: add alert, update runbook, assign owner, verify rollback, write KT note for search-recommendations."
PD-2139,2019-08-22,2019-08-22,27,SEV3,loyalty-service,Anika Sharma,Jon Bell,resolved,cache stampede,checkout errors increased,ATLAS-1318,PR-8692,"Action items: add alert, update runbook, assign owner, verify rollback, write KT note for loyalty-service."
PD-2140,2019-08-26,2019-08-26,52,SEV3,pricing-engine,Dmitri Volkov,Nora Singh,follow-up open,feature flag misconfiguration,support ticket volume increased,ATLAS-4887,PR-6508,"Action items: add alert, update runbook, assign owner, verify rollback, write KT note for pricing-engine."
PD-2141,2019-08-29,2019-08-29,41,SEV4,checkout-api,Iris Wang,Jon Bell,resolved,database connection saturation,payment retries increased,ATLAS-5109,PR-5454,"Action items: add alert, update runbook, assign owner, verify rollback, write KT note for checkout-api."
PD-2142,2019-08-30,2019-08-30,18,SEV4,analytics-pipeline,Owen Brooks,Kim Tan,resolved,tax provider latency,no customer impact detected,ATLAS-1351,PR-8591,"Action items: add alert, update runbook, assign owner, verify rollback, write KT note for analytics-pipeline."
PD-2143,2019-09-05,2019-09-05,196,SEV2,notification-service,Sara Novak,Samir Rao,postmortem complete,cache stampede,payment retries increased,ATLAS-1095,PR-7701,"Action items: add alert, update runbook, assign owner, verify rollback, write KT note for notification-service."
PD-2144,2019-09-09,2019-09-09,23,SEV4,inventory-reservation,Owen Brooks,Jon Bell,follow-up open,bad deployment,no customer impact detected,ATLAS-1326,PR-7786,"Action items: add alert, update runbook, assign owner, verify rollback, write KT note for inventory-reservation."
PD-2145,2019-09-08,2019-09-08,57,SEV3,cart-service,Grace Kim,Mateo Garcia,resolved,bad deployment,latency spike,ATLAS-1508,PR-5212,"Action items: add alert, update runbook, assign owner, verify rollback, write KT note for cart-service."
PD-2146,2019-09-13,2019-09-13,21,SEV3,tax-service,Victor Silva,Ravi Patel,follow-up open,database connection saturation,checkout errors increased,ATLAS-1258,PR-5924,"Action items: add alert, update runbook, assign owner, verify rollback, write KT note for tax-service."
PD-2147,2019-09-15,2019-09-15,100,SEV3,loyalty-service,Luca Moretti,Samir Rao,resolved,bad deployment,payment retries increased,ATLAS-2135,PR-6702,"Action items: add alert, update runbook, assign owner, verify rollback, write KT note for loyalty-service."
PD-2148,2019-09-21,2019-09-21,65,SEV3,loyalty-service,Jon Bell,Maya Chen,resolved,cache stampede,latency spike,ATLAS-5648,PR-8122,"Action items: add alert, update runbook, assign owner, verify rollback, write KT note for loyalty-service."
PD-2149,2019-09-22,2019-09-22,55,SEV3,pricing-engine,Fatima Noor,Victor Silva,postmortem complete,cache stampede,orders delayed,ATLAS-3926,PR-7485,"Action items: add alert, update runbook, assign owner, verify rollback, write KT note for pricing-engine."
PD-2150,2019-09-25,2019-09-25,32,SEV3,order-ledger,Yara Haddad,Dmitri Volkov,resolved,database connection saturation,support ticket volume increased,ATLAS-1844,PR-7063,"Action items: add alert, update runbook, assign owner, verify rollback, write KT note for order-ledger."
PD-2151,2019-10-01,2019-10-01,17,SEV4,tax-service,Harper Lee,Anika Sharma,postmortem complete,tax provider latency,latency spike,ATLAS-5784,PR-9166,"Action items: add alert, update runbook, assign owner, verify rollback, write KT note for tax-service."
PD-2152,2019-10-01,2019-10-01,60,SEV3,pricing-engine,Dmitri Volkov,Maya Chen,resolved,bad deployment,payment retries increased,ATLAS-4038,PR-11676,"Action items: add alert, update runbook, assign owner, verify rollback, write KT note for pricing-engine."
PD-2153,2019-10-06,2019-10-06,21,SEV4,pricing-engine,Fatima Noor,Grace Kim,postmortem complete,queue backlog,orders delayed,ATLAS-6078,PR-8933,"Action items: add alert, update runbook, assign owner, verify rollback, write KT note for pricing-engine."
PD-2154,2019-10-11,2019-10-11,5,SEV4,checkout-api,Noah Evans,Sara Novak,postmortem complete,database connection saturation,support ticket volume increased,ATLAS-1362,PR-11306,"Action items: add alert, update runbook, assign owner, verify rollback, write KT note for checkout-api."
PD-2155,2019-10-13,2019-10-13,248,SEV1,pricing-engine,Elena Petrova,Victor Silva,resolved,schema migration lock,support ticket volume increased,ATLAS-5585,PR-11127,"Action items: add alert, update runbook, assign owner, verify rollback, write KT note for pricing-engine."
PD-2156,2019-10-17,2019-10-17,5,SEV4,order-ledger,Kim Tan,Nora Singh,resolved,queue backlog,support ticket volume increased,ATLAS-3063,PR-9471,"Action items: add alert, update runbook, assign owner, verify rollback, write KT note for order-ledger."
PD-2157,2019-10-20,2019-10-20,84,SEV3,cart-service,Anika Sharma,Dmitri Volkov,follow-up open,payment provider timeout,orders delayed,ATLAS-4648,PR-9547,"Action items: add alert, update runbook, assign owner, verify rollback, write KT note for cart-service."
PD-2158,2019-10-23,2019-10-23,31,SEV3,cart-service,Noah Evans,Nora Singh,resolved,tax provider latency,payment retries increased,ATLAS-1896,PR-8115,"Action items: add alert, update runbook, assign owner, verify rollback, write KT note for cart-service."
PD-2159,2019-10-23,2019-10-23,26,SEV4,order-ledger,Elena Petrova,Victor Silva,resolved,queue backlog,latency spike,ATLAS-4898,PR-8890,"Action items: add alert, update runbook, assign owner, verify rollback, write KT note for order-ledger."
PD-2160,2019-10-28,2019-10-28,17,SEV3,inventory-reservation,Noah Evans,Priya Nair,follow-up open,queue backlog,no customer impact detected,ATLAS-5510,PR-11748,"Action items: add alert, update runbook, assign owner, verify rollback, write KT note for inventory-reservation."
PD-2161,2019-11-01,2019-11-01,61,SEV4,inventory-reservation,Dmitri Volkov,Aisha Khan,postmortem complete,bad deployment,orders delayed,ATLAS-4327,PR-5943,"Action items: add alert, update runbook, assign owner, verify rollback, write KT note for inventory-reservation."
PD-2162,2019-11-02,2019-11-02,72,SEV3,payment-orchestrator,Anika Sharma,Luca Moretti,follow-up open,payment provider timeout,orders delayed,ATLAS-3192,PR-10539,"Action items: add alert, update runbook, assign owner, verify rollback, write KT note for payment-orchestrator."
PD-2163,2019-11-09,2019-11-09,8,SEV4,tax-service,Mateo Garcia,Noah Evans,follow-up open,tax provider latency,payment retries increased,ATLAS-5816,PR-5075,"Action items: add alert, update runbook, assign owner, verify rollback, write KT note for tax-service."
PD-2164,2019-11-11,2019-11-11,27,SEV3,pricing-engine,Luca Moretti,Theo Martin,postmortem complete,inventory reservation deadlock,orders delayed,ATLAS-1636,PR-9339,"Action items: add alert, update runbook, assign owner, verify rollback, write KT note for pricing-engine."
PD-2165,2019-11-13,2019-11-13,18,SEV3,loyalty-service,Luca Moretti,Kim Tan,resolved,queue backlog,latency spike,ATLAS-3079,PR-7839,"Action items: add alert, update runbook, assign owner, verify rollback, write KT note for loyalty-service."
PD-2166,2019-11-15,2019-11-15,143,SEV2,checkout-api,Samir Rao,Dmitri Volkov,follow-up open,tax provider latency,latency spike,ATLAS-3898,PR-12380,"Action items: add alert, update runbook, assign owner, verify rollback, write KT note for checkout-api."
PD-2167,2019-11-22,2019-11-22,83,SEV3,checkout-api,Yara Haddad,Harper Lee,resolved,tax provider latency,payment retries increased,ATLAS-5773,PR-7658,"Action items: add alert, update runbook, assign owner, verify rollback, write KT note for checkout-api."
PD-2168,2019-11-26,2019-11-26,109,SEV2,inventory-reservation,Harper Lee,Owen Brooks,follow-up open,schema migration lock,support ticket volume increased,ATLAS-4021,PR-5988,"Action items: add alert, update runbook, assign owner, verify rollback, write KT note for inventory-reservation."
PD-2169,2019-11-26,2019-11-26,37,SEV3,notification-service,Harper Lee,Iris Wang,resolved,inventory reservation deadlock,no customer impact detected,ATLAS-1307,PR-6612,"Action items: add alert, update runbook, assign owner, verify rollback, write KT note for notification-service."
PD-2170,2019-12-01,2019-12-01,68,SEV3,notification-service,Aisha Khan,Ravi Patel,resolved,inventory reservation deadlock,latency spike,ATLAS-2774,PR-7406,"Action items: add alert, update runbook, assign owner, verify rollback, write KT note for notification-service."
PD-2171,2019-12-05,2019-12-05,28,SEV4,pricing-engine,Noah Evans,Anika Sharma,follow-up open,bad deployment,support ticket volume increased,ATLAS-2861,PR-6361,"Action items: add alert, update runbook, assign owner, verify rollback, write KT note for pricing-engine."
PD-2172,2019-12-07,2019-12-07,30,SEV3,auth-gateway,Nora Singh,Victor Silva,follow-up open,bad deployment,support ticket volume increased,ATLAS-1584,PR-10492,"Action items: add alert, update runbook, assign owner, verify rollback, write KT note for auth-gateway."
PD-2173,2019-12-12,2019-12-12,8,SEV3,loyalty-service,Ben Carter,Jon Bell,postmortem complete,payment provider timeout,no customer impact detected,ATLAS-2430,PR-11402,"Action items: add alert, update runbook, assign owner, verify rollback, write KT note for loyalty-service."
PD-2174,2019-12-14,2019-12-14,158,SEV1,pricing-engine,Iris Wang,Ben Carter,follow-up open,payment provider timeout,checkout errors increased,ATLAS-1302,PR-5224,"Action items: add alert, update runbook, assign owner, verify rollback, write KT note for pricing-engine."
PD-2175,2019-12-18,2019-12-18,12,SEV4,inventory-reservation,Anika Sharma,Anika Sharma,postmortem complete,database connection saturation,orders delayed,ATLAS-5002,PR-5054,"Action items: add alert, update runbook, assign owner, verify rollback, write KT note for inventory-reservation."
PD-2176,2019-12-21,2019-12-21,123,SEV2,order-ledger,Yara Haddad,Sara Novak,follow-up open,cache stampede,latency spike,ATLAS-6067,PR-8993,"Action items: add alert, update runbook, assign owner, verify rollback, write KT note for order-ledger."
PD-2177,2019-12-24,2019-12-24,8,SEV3,loyalty-service,Maya Chen,Grace Kim,resolved,inventory reservation deadlock,checkout errors increased,ATLAS-1708,PR-7078,"Action items: add alert, update runbook, assign owner, verify rollback, write KT note for loyalty-service."
PD-2178,2019-12-27,2019-12-27,20,SEV3,order-ledger,Kim Tan,Anika Sharma,follow-up open,inventory reservation deadlock,latency spike,ATLAS-2325,PR-8818,"Action items: add alert, update runbook, assign owner, verify rollback, write KT note for order-ledger."
PD-2179,2019-12-31,2019-12-31,5,SEV3,cart-service,Luca Moretti,Elena Petrova,postmortem complete,tax provider latency,checkout errors increased,ATLAS-2027,PR-6626,"Action items: add alert, update runbook, assign owner, verify rollback, write KT note for cart-service."
PD-2180,2020-01-02,2020-01-02,55,SEV3,tax-service,Jon Bell,Luca Moretti,postmortem complete,tax provider latency,payment retries increased,ATLAS-4087,PR-6446,"Action items: add alert, update runbook, assign owner, verify rollback, write KT note for tax-service."
PD-2181,2020-01-07,2020-01-07,12,SEV4,search-recommendations,Elena Petrova,Yara Haddad,postmortem complete,schema migration lock,support ticket volume increased,ATLAS-2005,PR-9571,"Action items: add alert, update runbook, assign owner, verify rollback, write KT note for search-recommendations."
PD-2182,2020-01-07,2020-01-07,52,SEV4,tax-service,Mateo Garcia,Jon Bell,resolved,tax provider latency,payment retries increased,ATLAS-3768,PR-10462,"Action items: add alert, update runbook, assign owner, verify rollback, write KT note for tax-service."
PD-2183,2020-01-13,2020-01-13,15,SEV3,tax-service,Maya Chen,Mateo Garcia,postmortem complete,bad deployment,payment retries increased,ATLAS-5659,PR-6435,"Action items: add alert, update runbook, assign owner, verify rollback, write KT note for tax-service."
PD-2184,2020-01-15,2020-01-15,65,SEV3,cart-service,Mateo Garcia,Maya Chen,follow-up open,database connection saturation,no customer impact detected,ATLAS-3894,PR-12269,"Action items: add alert, update runbook, assign owner, verify rollback, write KT note for cart-service."
PD-2185,2020-01-17,2020-01-17,52,SEV3,search-recommendations,Noah Evans,Samir Rao,resolved,schema migration lock,payment retries increased,ATLAS-3193,PR-8593,"Action items: add alert, update runbook, assign owner, verify rollback, write KT note for search-recommendations."
PD-2186,2020-01-20,2020-01-20,53,SEV2,auth-gateway,Mateo Garcia,Ravi Patel,postmortem complete,schema migration lock,no customer impact detected,ATLAS-1658,PR-7523,"Action items: add alert, update runbook, assign owner, verify rollback, write KT note for auth-gateway."
PD-2187,2020-01-25,2020-01-25,90,SEV2,inventory-reservation,Luca Moretti,Mateo Garcia,follow-up open,feature flag misconfiguration,latency spike,ATLAS-3460,PR-9168,"Action items: add alert, update runbook, assign owner, verify rollback, write KT note for inventory-reservation."
PD-2188,2020-01-25,2020-01-25,50,SEV3,payment-orchestrator,Ben Carter,Anika Sharma,follow-up open,queue backlog,support ticket volume increased,ATLAS-2289,PR-8287,"Action items: add alert, update runbook, assign owner, verify rollback, write KT note for payment-orchestrator."
PD-2189,2020-01-31,2020-01-31,5,SEV4,auth-gateway,Mateo Garcia,Elena Petrova,resolved,queue backlog,latency spike,ATLAS-3019,PR-9492,"Action items: add alert, update runbook, assign owner, verify rollback, write KT note for auth-gateway."
PD-2190,2020-02-02,2020-02-02,5,SEV3,tax-service,Ravi Patel,Anika Sharma,resolved,inventory reservation deadlock,no customer impact detected,ATLAS-2345,PR-12419,"Action items: add alert, update runbook, assign owner, verify rollback, write KT note for tax-service."
PD-2191,2020-02-04,2020-02-04,83,SEV2,loyalty-service,Harper Lee,Samir Rao,postmortem complete,feature flag misconfiguration,orders delayed,ATLAS-5587,PR-8394,"Action items: add alert, update runbook, assign owner, verify rollback, write KT note for loyalty-service."
PD-2192,2020-02-09,2020-02-09,32,SEV3,analytics-pipeline,Nora Singh,Harper Lee,follow-up open,database connection saturation,support ticket volume increased,ATLAS-4376,PR-7364,"Action items: add alert, update runbook, assign owner, verify rollback, write KT note for analytics-pipeline."
PD-2193,2020-02-12,2020-02-12,72,SEV3,notification-service,Mateo Garcia,Harper Lee,resolved,tax provider latency,no customer impact detected,ATLAS-3272,PR-6614,"Action items: add alert, update runbook, assign owner, verify rollback, write KT note for notification-service."
PD-2194,2020-02-16,2020-02-16,84,SEV3,notification-service,Nora Singh,Yara Haddad,postmortem complete,tax provider latency,payment retries increased,ATLAS-3598,PR-6258,"Action items: add alert, update runbook, assign owner, verify rollback, write KT note for notification-service."
PD-2195,2020-02-20,2020-02-20,72,SEV3,notification-service,Anika Sharma,Owen Brooks,postmortem complete,payment provider timeout,orders delayed,ATLAS-4731,PR-6821,"Action items: add alert, update runbook, assign owner, verify rollback, write KT note for notification-service."
PD-2196,2020-02-20,2020-02-20,132,SEV2,order-ledger,Jon Bell,Mateo Garcia,follow-up open,tax provider latency,orders delayed,ATLAS-4145,PR-7862,"Action items: add alert, update runbook, assign owner, verify rollback, write KT note for order-ledger."
PD-2197,2020-02-26,2020-02-26,142,SEV1,cart-service,Kim Tan,Ravi Patel,follow-up open,payment provider timeout,orders delayed,ATLAS-1693,PR-6906,"Action items: add alert, update runbook, assign owner, verify rollback, write KT note for cart-service."
PD-2198,2020-02-28,2020-02-28,5,SEV3,checkout-api,Grace Kim,Jon Bell,resolved,feature flag misconfiguration,payment retries increased,ATLAS-1057,PR-6123,"Action items: add alert, update runbook, assign owner, verify rollback, write KT note for checkout-api."
PD-2199,2020-03-03,2020-03-03,70,SEV3,payment-orchestrator,Anika Sharma,Yara Haddad,follow-up open,tax provider latency,payment retries increased,ATLAS-3661,PR-7913,"Action items: add alert, update runbook, assign owner, verify rollback, write KT note for payment-orchestrator."
PD-2200,2020-03-08,2020-03-08,61,SEV4,pricing-engine,Harper Lee,Victor Silva,resolved,database connection saturation,checkout errors increased,ATLAS-1142,PR-9413,"Action items: add alert, update runbook, assign owner, verify rollback, write KT note for pricing-engine."
PD-2201,2020-03-08,2020-03-08,5,SEV3,order-ledger,Samir Rao,Aisha Khan,follow-up open,database connection saturation,no customer impact detected,ATLAS-3006,PR-9844,"Action items: add alert, update runbook, assign owner, verify rollback, write KT note for order-ledger."
PD-2202,2020-03-11,2020-03-11,79,SEV3,search-recommendations,Ravi Patel,Kim Tan,postmortem complete,inventory reservation deadlock,payment retries increased,ATLAS-5291,PR-10042,"Action items: add alert, update runbook, assign owner, verify rollback, write KT note for search-recommendations."
PD-2203,2020-03-15,2020-03-15,30,SEV4,analytics-pipeline,Mateo Garcia,Yara Haddad,resolved,tax provider latency,support ticket volume increased,ATLAS-1239,PR-5139,"Action items: add alert, update runbook, assign owner, verify rollback, write KT note for analytics-pipeline."
PD-2204,2020-03-20,2020-03-20,5,SEV3,inventory-reservation,Ravi Patel,Nora Singh,postmortem complete,cache stampede,support ticket volume increased,ATLAS-2897,PR-6279,"Action items: add alert, update runbook, assign owner, verify rollback, write KT note for inventory-reservation."
PD-2205,2020-03-23,2020-03-23,5,SEV4,tax-service,Grace Kim,Fatima Noor,postmortem complete,feature flag misconfiguration,latency spike,ATLAS-5462,PR-5153,"Action items: add alert, update runbook, assign owner, verify rollback, write KT note for tax-service."
PD-2206,2020-03-25,2020-03-25,5,SEV4,notification-service,Grace Kim,Ravi Patel,follow-up open,schema migration lock,checkout errors increased,ATLAS-2203,PR-5767,"Action items: add alert, update runbook, assign owner, verify rollback, write KT note for notification-service."
PD-2207,2020-03-27,2020-03-27,7,SEV4,analytics-pipeline,Harper Lee,Yara Haddad,resolved,bad deployment,no customer impact detected,ATLAS-4357,PR-5079,"Action items: add alert, update runbook, assign owner, verify rollback, write KT note for analytics-pipeline."
PD-2208,2020-04-02,2020-04-02,119,SEV3,cart-service,Samir Rao,Samir Rao,resolved,queue backlog,latency spike,ATLAS-2691,PR-6431,"Action items: add alert, update runbook, assign owner, verify rollback, write KT note for cart-service."
PD-2209,2020-04-03,2020-04-03,51,SEV4,cart-service,Grace Kim,Priya Nair,postmortem complete,payment provider timeout,checkout errors increased,ATLAS-4582,PR-5114,"Action items: add alert, update runbook, assign owner, verify rollback, write KT note for cart-service."
PD-2210,2020-04-09,2020-04-09,61,SEV4,inventory-reservation,Ben Carter,Grace Kim,follow-up open,feature flag misconfiguration,orders delayed,ATLAS-4278,PR-11172,"Action items: add alert, update runbook, assign owner, verify rollback, write KT note for inventory-reservation."
PD-2211,2020-04-09,2020-04-09,130,SEV2,order-ledger,Elena Petrova,Ben Carter,follow-up open,payment provider timeout,latency spike,ATLAS-2745,PR-5463,"Action items: add alert, update runbook, assign owner, verify rollback, write KT note for order-ledger."
PD-2212,2020-04-15,2020-04-15,42,SEV4,payment-orchestrator,Harper Lee,Harper Lee,resolved,database connection saturation,latency spike,ATLAS-3373,PR-10649,"Action items: add alert, update runbook, assign owner, verify rollback, write KT note for payment-orchestrator."
PD-2213,2020-04-15,2020-04-15,87,SEV3,order-ledger,Owen Brooks,Samir Rao,resolved,feature flag misconfiguration,support ticket volume increased,ATLAS-4190,PR-8106,"Action items: add alert, update runbook, assign owner, verify rollback, write KT note for order-ledger."
PD-2214,2020-04-20,2020-04-20,223,SEV1,tax-service,Ben Carter,Grace Kim,postmortem complete,database connection saturation,latency spike,ATLAS-4752,PR-11070,"Action items: add alert, update runbook, assign owner, verify rollback, write KT note for tax-service."
PD-2215,2020-04-21,2020-04-21,17,SEV4,inventory-reservation,Grace Kim,Jon Bell,follow-up open,inventory reservation deadlock,no customer impact detected,ATLAS-4539,PR-6047,"Action items: add alert, update runbook, assign owner, verify rollback, write KT note for inventory-reservation."
PD-2216,2020-04-26,2020-04-26,55,SEV3,order-ledger,Aisha Khan,Elena Petrova,postmortem complete,feature flag misconfiguration,no customer impact detected,ATLAS-5555,PR-12022,"Action items: add alert, update runbook, assign owner, verify rollback, write KT note for order-ledger."
PD-2217,2020-04-29,2020-04-29,55,SEV4,cart-service,Owen Brooks,Iris Wang,postmortem complete,feature flag misconfiguration,no customer impact detected,ATLAS-4060,PR-6748,"Action items: add alert, update runbook, assign owner, verify rollback, write KT note for cart-service."
PD-2218,2020-05-01,2020-05-01,35,SEV4,loyalty-service,Theo Martin,Nora Singh,postmortem complete,queue backlog,orders delayed,ATLAS-4209,PR-9660,"Action items: add alert, update runbook, assign owner, verify rollback, write KT note for loyalty-service."
PD-2219,2020-05-08,2020-05-08,5,SEV3,tax-service,Kim Tan,Dmitri Volkov,follow-up open,payment provider timeout,no customer impact detected,ATLAS-5798,PR-7875,"Action items: add alert, update runbook, assign owner, verify rollback, write KT note for tax-service."
PD-2220,2020-05-11,2020-05-11,5,SEV4,pricing-engine,Luca Moretti,Grace Kim,follow-up open,schema migration lock,orders delayed,ATLAS-2590,PR-7125,"Action items: add alert, update runbook, assign owner, verify rollback, write KT note for pricing-engine."
PD-2221,2020-05-15,2020-05-15,47,SEV3,auth-gateway,Noah Evans,Nora Singh,follow-up open,cache stampede,latency spike,ATLAS-3128,PR-6278,"Action items: add alert, update runbook, assign owner, verify rollback, write KT note for auth-gateway."
PD-2222,2020-05-16,2020-05-16,138,SEV2,loyalty-service,Anika Sharma,Victor Silva,postmortem complete,inventory reservation deadlock,no customer impact detected,ATLAS-5493,PR-5366,"Action items: add alert, update runbook, assign owner, verify rollback, write KT note for loyalty-service."
PD-2223,2020-05-21,2020-05-21,49,SEV4,search-recommendations,Luca Moretti,Jon Bell,postmortem complete,bad deployment,support ticket volume increased,ATLAS-2907,PR-8257,"Action items: add alert, update runbook, assign owner, verify rollback, write KT note for search-recommendations."
PD-2224,2020-05-20,2020-05-20,57,SEV3,order-ledger,Theo Martin,Owen Brooks,follow-up open,queue backlog,orders delayed,ATLAS-1955,PR-5047,"Action items: add alert, update runbook, assign owner, verify rollback, write KT note for order-ledger."
PD-2225,2020-05-27,2020-05-27,39,SEV4,checkout-api,Noah Evans,Sara Novak,resolved,payment provider timeout,support ticket volume increased,ATLAS-2483,PR-5886,"Action items: add alert, update runbook, assign owner, verify rollback, write KT note for checkout-api."
PD-2226,2020-05-31,2020-05-31,22,SEV3,auth-gateway,Maya Chen,Kim Tan,postmortem complete,queue backlog,latency spike,ATLAS-3835,PR-8968,"Action items: add alert, update runbook, assign owner, verify rollback, write KT note for auth-gateway."
PD-2227,2020-06-02,2020-06-02,31,SEV4,payment-orchestrator,Kim Tan,Theo Martin,resolved,schema migration lock,no customer impact detected,ATLAS-2401,PR-7813,"Action items: add alert, update runbook, assign owner, verify rollback, write KT note for payment-orchestrator."
PD-2228,2020-06-04,2020-06-04,72,SEV2,cart-service,Elena Petrova,Theo Martin,resolved,queue backlog,payment retries increased,ATLAS-4564,PR-6051,"Action items: add alert, update runbook, assign owner, verify rollback, write KT note for cart-service."
PD-2229,2020-06-08,2020-06-08,59,SEV3,inventory-reservation,Victor Silva,Theo Martin,resolved,inventory reservation deadlock,orders delayed,ATLAS-4772,PR-7919,"Action items: add alert, update runbook, assign owner, verify rollback, write KT note for inventory-reservation."
PD-2230,2020-06-11,2020-06-11,30,SEV3,analytics-pipeline,Ben Carter,Owen Brooks,follow-up open,cache stampede,checkout errors increased,ATLAS-5422,PR-11339,"Action items: add alert, update runbook, assign owner, verify rollback, write KT note for analytics-pipeline."
PD-2231,2020-06-16,2020-06-16,84,SEV3,search-recommendations,Owen Brooks,Sara Novak,follow-up open,database connection saturation,latency spike,ATLAS-1680,PR-9763,"Action items: add alert, update runbook, assign owner, verify rollback, write KT note for search-recommendations."
PD-2232,2020-06-16,2020-06-16,231,SEV1,payment-orchestrator,Luca Moretti,Maya Chen,follow-up open,inventory reservation deadlock,latency spike,ATLAS-2455,PR-8988,"Action items: add alert, update runbook, assign owner, verify rollback, write KT note for payment-orchestrator."
PD-2233,2020-06-20,2020-06-20,5,SEV4,payment-orchestrator,Maya Chen,Luca Moretti,follow-up open,database connection saturation,payment retries increased,ATLAS-1272,PR-5579,"Action items: add alert, update runbook, assign owner, verify rollback, write KT note for payment-orchestrator."
PD-2234,2020-06-26,2020-06-26,93,SEV3,search-recommendations,Harper Lee,Fatima Noor,resolved,queue backlog,support ticket volume increased,ATLAS-1949,PR-11656,"Action items: add alert, update runbook, assign owner, verify rollback, write KT note for search-recommendations."
PD-2235,2020-06-25,2020-06-25,11,SEV3,cart-service,Dmitri Volkov,Mateo Garcia,resolved,database connection saturation,payment retries increased,ATLAS-3806,PR-10039,"Action items: add alert, update runbook, assign owner, verify rollback, write KT note for cart-service."
PD-2236,2020-06-30,2020-06-30,70,SEV3,pricing-engine,Nora Singh,Nora Singh,postmortem complete,payment provider timeout,support ticket volume increased,ATLAS-5320,PR-10326,"Action items: add alert, update runbook, assign owner, verify rollback, write KT note for pricing-engine."
PD-2237,2020-07-03,2020-07-03,7,SEV3,checkout-api,Samir Rao,Fatima Noor,follow-up open,payment provider timeout,latency spike,ATLAS-2976,PR-5657,"Action items: add alert, update runbook, assign owner, verify rollback, write KT note for checkout-api."
PD-2238,2020-07-05,2020-07-05,118,SEV3,pricing-engine,Grace Kim,Fatima Noor,resolved,database connection saturation,support ticket volume increased,ATLAS-5774,PR-6177,"Action items: add alert, update runbook, assign owner, verify rollback, write KT note for pricing-engine."
PD-2239,2020-07-10,2020-07-10,64,SEV4,cart-service,Ravi Patel,Harper Lee,follow-up open,payment provider timeout,checkout errors increased,ATLAS-4375,PR-9200,"Action items: add alert, update runbook, assign owner, verify rollback, write KT note for cart-service."
PD-2240,2020-07-13,2020-07-13,59,SEV3,cart-service,Theo Martin,Victor Silva,follow-up open,inventory reservation deadlock,payment retries increased,ATLAS-4297,PR-6626,"Action items: add alert, update runbook, assign owner, verify rollback, write KT note for cart-service."
PD-2241,2020-07-16,2020-07-16,5,SEV4,notification-service,Owen Brooks,Iris Wang,follow-up open,database connection saturation,orders delayed,ATLAS-1998,PR-8653,"Action items: add alert, update runbook, assign owner, verify rollback, write KT note for notification-service."
PD-2242,2020-07-19,2020-07-19,124,SEV2,payment-orchestrator,Anika Sharma,Priya Nair,postmortem complete,queue backlog,latency spike,ATLAS-3964,PR-11573,"Action items: add alert, update runbook, assign owner, verify rollback, write KT note for payment-orchestrator."
PD-2243,2020-07-24,2020-07-24,45,SEV4,loyalty-service,Yara Haddad,Jon Bell,follow-up open,feature flag misconfiguration,support ticket volume increased,ATLAS-3033,PR-12593,"Action items: add alert, update runbook, assign owner, verify rollback, write KT note for loyalty-service."
PD-2244,2020-07-26,2020-07-26,101,SEV3,analytics-pipeline,Maya Chen,Jon Bell,resolved,inventory reservation deadlock,payment retries increased,ATLAS-2790,PR-9615,"Action items: add alert, update runbook, assign owner, verify rollback, write KT note for analytics-pipeline."
PD-2245,2020-07-31,2020-07-31,106,SEV2,cart-service,Owen Brooks,Theo Martin,postmortem complete,queue backlog,checkout errors increased,ATLAS-2097,PR-8700,"Action items: add alert, update runbook, assign owner, verify rollback, write KT note for cart-service."
PD-2246,2020-08-03,2020-08-03,5,SEV3,auth-gateway,Priya Nair,Harper Lee,postmortem complete,payment provider timeout,latency spike,ATLAS-1572,PR-7651,"Action items: add alert, update runbook, assign owner, verify rollback, write KT note for auth-gateway."
PD-2247,2020-08-07,2020-08-07,51,SEV3,analytics-pipeline,Priya Nair,Samir Rao,resolved,tax provider latency,latency spike,ATLAS-2547,PR-9603,"Action items: add alert, update runbook, assign owner, verify rollback, write KT note for analytics-pipeline."
PD-2248,2020-08-06,2020-08-06,5,SEV4,search-recommendations,Jon Bell,Anika Sharma,follow-up open,cache stampede,latency spike,ATLAS-5527,PR-10337,"Action items: add alert, update runbook, assign owner, verify rollback, write KT note for search-recommendations."
PD-2249,2020-08-12,2020-08-12,99,SEV3,pricing-engine,Priya Nair,Victor Silva,resolved,cache stampede,support ticket volume increased,ATLAS-1247,PR-5455,"Action items: add alert, update runbook, assign owner, verify rollback, write KT note for pricing-engine."
PD-2250,2020-08-14,2020-08-14,5,SEV4,payment-orchestrator,Ravi Patel,Maya Chen,follow-up open,schema migration lock,payment retries increased,ATLAS-1886,PR-6269,"Action items: add alert, update runbook, assign owner, verify rollback, write KT note for payment-orchestrator."
PD-2251,2020-08-19,2020-08-19,21,SEV3,inventory-reservation,Maya Chen,Dmitri Volkov,postmortem complete,schema migration lock,support ticket volume increased,ATLAS-1072,PR-5846,"Action items: add alert, update runbook, assign owner, verify rollback, write KT note for inventory-reservation."
PD-2252,2020-08-19,2020-08-19,5,SEV3,analytics-pipeline,Elena Petrova,Luca Moretti,follow-up open,queue backlog,latency spike,ATLAS-3247,PR-6126,"Action items: add alert, update runbook, assign owner, verify rollback, write KT note for analytics-pipeline."
PD-2253,2020-08-25,2020-08-25,87,SEV3,pricing-engine,Owen Brooks,Theo Martin,resolved,database connection saturation,no customer impact detected,ATLAS-5484,PR-7923,"Action items: add alert, update runbook, assign owner, verify rollback, write KT note for pricing-engine."
PD-2254,2020-08-26,2020-08-26,142,SEV2,notification-service,Jon Bell,Victor Silva,postmortem complete,database connection saturation,checkout errors increased,ATLAS-3247,PR-6950,"Action items: add alert, update runbook, assign owner, verify rollback, write KT note for notification-service."
PD-2255,2020-08-31,2020-08-31,34,SEV4,notification-service,Maya Chen,Noah Evans,resolved,feature flag misconfiguration,payment retries increased,ATLAS-5807,PR-6528,"Action items: add alert, update runbook, assign owner, verify rollback, write KT note for notification-service."
PD-2256,2020-09-04,2020-09-04,5,SEV4,payment-orchestrator,Luca Moretti,Samir Rao,follow-up open,inventory reservation deadlock,orders delayed,ATLAS-4039,PR-12326,"Action items: add alert, update runbook, assign owner, verify rollback, write KT note for payment-orchestrator."
PD-2257,2020-09-05,2020-09-05,95,SEV2,order-ledger,Fatima Noor,Sara Novak,resolved,feature flag misconfiguration,checkout errors increased,ATLAS-1713,PR-5571,"Action items: add alert, update runbook, assign owner, verify rollback, write KT note for order-ledger."
PD-2258,2020-09-07,2020-09-07,51,SEV4,pricing-engine,Maya Chen,Ben Carter,follow-up open,payment provider timeout,no customer impact detected,ATLAS-4064,PR-6452,"Action items: add alert, update runbook, assign owner, verify rollback, write KT note for pricing-engine."
PD-2259,2020-09-10,2020-09-10,85,SEV2,order-ledger,Iris Wang,Anika Sharma,postmortem complete,feature flag misconfiguration,no customer impact detected,ATLAS-1660,PR-6770,"Action items: add alert, update runbook, assign owner, verify rollback, write KT note for order-ledger."
PD-2260,2020-09-14,2020-09-14,114,SEV3,inventory-reservation,Jon Bell,Ravi Patel,postmortem complete,feature flag misconfiguration,checkout errors increased,ATLAS-4751,PR-8504,"Action items: add alert, update runbook, assign owner, verify rollback, write KT note for inventory-reservation."
PD-2261,2020-09-18,2020-09-18,61,SEV2,search-recommendations,Yara Haddad,Sara Novak,resolved,tax provider latency,latency spike,ATLAS-4835,PR-5991,"Action items: add alert, update runbook, assign owner, verify rollback, write KT note for search-recommendations."
PD-2262,2020-09-22,2020-09-22,68,SEV3,search-recommendations,Victor Silva,Jon Bell,resolved,database connection saturation,payment retries increased,ATLAS-4963,PR-12498,"Action items: add alert, update runbook, assign owner, verify rollback, write KT note for search-recommendations."
PD-2263,2020-09-26,2020-09-26,28,SEV3,pricing-engine,Grace Kim,Dmitri Volkov,postmortem complete,bad deployment,checkout errors increased,ATLAS-3290,PR-6865,"Action items: add alert, update runbook, assign owner, verify rollback, write KT note for pricing-engine."
PD-2264,2020-09-29,2020-09-29,111,SEV3,payment-orchestrator,Noah Evans,Fatima Noor,follow-up open,bad deployment,orders delayed,ATLAS-4346,PR-7063,"Action items: add alert, update runbook, assign owner, verify rollback, write KT note for payment-orchestrator."
PD-2265,2020-10-04,2020-10-04,78,SEV4,payment-orchestrator,Kim Tan,Noah Evans,follow-up open,payment provider timeout,latency spike,ATLAS-3367,PR-7554,"Action items: add alert, update runbook, assign owner, verify rollback, write KT note for payment-orchestrator."
PD-2266,2020-10-04,2020-10-04,80,SEV4,notification-service,Anika Sharma,Ben Carter,resolved,tax provider latency,support ticket volume increased,ATLAS-5182,PR-7929,"Action items: add alert, update runbook, assign owner, verify rollback, write KT note for notification-service."
PD-2267,2020-10-08,2020-10-08,160,SEV2,cart-service,Ravi Patel,Yara Haddad,postmortem complete,cache stampede,support ticket volume increased,ATLAS-2254,PR-10121,"Action items: add alert, update runbook, assign owner, verify rollback, write KT note for cart-service."
PD-2268,2020-10-11,2020-10-11,113,SEV2,notification-service,Kim Tan,Aisha Khan,resolved,payment provider timeout,latency spike,ATLAS-4179,PR-9267,"Action items: add alert, update runbook, assign owner, verify rollback, write KT note for notification-service."
PD-2269,2020-10-13,2020-10-13,147,SEV2,checkout-api,Theo Martin,Iris Wang,resolved,queue backlog,latency spike,ATLAS-2258,PR-8210,"Action items: add alert, update runbook, assign owner, verify rollback, write KT note for checkout-api."
PD-2270,2020-10-17,2020-10-17,63,SEV3,inventory-reservation,Sara Novak,Dmitri Volkov,follow-up open,queue backlog,checkout errors increased,ATLAS-5105,PR-7257,"Action items: add alert, update runbook, assign owner, verify rollback, write KT note for inventory-reservation."
PD-2271,2020-10-19,2020-10-19,234,SEV1,search-recommendations,Theo Martin,Priya Nair,follow-up open,feature flag misconfiguration,orders delayed,ATLAS-1274,PR-10007,"Action items: add alert, update runbook, assign owner, verify rollback, write KT note for search-recommendations."
PD-2272,2020-10-25,2020-10-25,21,SEV3,cart-service,Noah Evans,Mateo Garcia,follow-up open,schema migration lock,payment retries increased,ATLAS-5743,PR-5328,"Action items: add alert, update runbook, assign owner, verify rollback, write KT note for cart-service."
PD-2273,2020-10-25,2020-10-25,156,SEV2,payment-orchestrator,Kim Tan,Anika Sharma,follow-up open,bad deployment,payment retries increased,ATLAS-4244,PR-6516,"Action items: add alert, update runbook, assign owner, verify rollback, write KT note for payment-orchestrator."
PD-2274,2020-10-29,2020-10-29,5,SEV3,search-recommendations,Kim Tan,Maya Chen,postmortem complete,payment provider timeout,no customer impact detected,ATLAS-2406,PR-12445,"Action items: add alert, update runbook, assign owner, verify rollback, write KT note for search-recommendations."
PD-2275,2020-11-05,2020-11-05,102,SEV2,pricing-engine,Yara Haddad,Yara Haddad,follow-up open,queue backlog,support ticket volume increased,ATLAS-4634,PR-8888,"Action items: add alert, update runbook, assign owner, verify rollback, write KT note for pricing-engine."
PD-2276,2020-11-08,2020-11-08,57,SEV4,notification-service,Priya Nair,Victor Silva,postmortem complete,database connection saturation,no customer impact detected,ATLAS-3377,PR-9300,"Action items: add alert, update runbook, assign owner, verify rollback, write KT note for notification-service."
PD-2277,2020-11-09,2020-11-09,69,SEV4,inventory-reservation,Iris Wang,Ben Carter,postmortem complete,bad deployment,support ticket volume increased,ATLAS-4152,PR-9414,"Action items: add alert, update runbook, assign owner, verify rollback, write KT note for inventory-reservation."
PD-2278,2020-11-11,2020-11-11,52,SEV3,payment-orchestrator,Kim Tan,Grace Kim,resolved,queue backlog,support ticket volume increased,ATLAS-4128,PR-9722,"Action items: add alert, update runbook, assign owner, verify rollback, write KT note for payment-orchestrator."
PD-2279,2020-11-14,2020-11-14,34,SEV3,payment-orchestrator,Elena Petrova,Ravi Patel,follow-up open,cache stampede,support ticket volume increased,ATLAS-2511,PR-7624,"Action items: add alert, update runbook, assign owner, verify rollback, write KT note for payment-orchestrator."
PD-2280,2020-11-18,2020-11-18,6,SEV4,pricing-engine,Yara Haddad,Grace Kim,resolved,database connection saturation,checkout errors increased,ATLAS-3317,PR-5037,"Action items: add alert, update runbook, assign owner, verify rollback, write KT note for pricing-engine."
PD-2281,2020-11-21,2020-11-21,5,SEV4,pricing-engine,Jon Bell,Priya Nair,follow-up open,inventory reservation deadlock,latency spike,ATLAS-2746,PR-9921,"Action items: add alert, update runbook, assign owner, verify rollback, write KT note for pricing-engine."
PD-2282,2020-11-26,2020-11-26,41,SEV4,loyalty-service,Priya Nair,Nora Singh,follow-up open,bad deployment,latency spike,ATLAS-3770,PR-5144,"Action items: add alert, update runbook, assign owner, verify rollback, write KT note for loyalty-service."
PD-2283,2020-11-30,2020-11-30,72,SEV3,notification-service,Ben Carter,Maya Chen,postmortem complete,bad deployment,no customer impact detected,ATLAS-4414,PR-8601,"Action items: add alert, update runbook, assign owner, verify rollback, write KT note for notification-service."
PD-2284,2020-12-03,2020-12-03,59,SEV4,tax-service,Noah Evans,Theo Martin,follow-up open,database connection saturation,orders delayed,ATLAS-6123,PR-5854,"Action items: add alert, update runbook, assign owner, verify rollback, write KT note for tax-service."
PD-2285,2020-12-03,2020-12-03,58,SEV4,analytics-pipeline,Theo Martin,Noah Evans,postmortem complete,payment provider timeout,latency spike,ATLAS-4169,PR-10009,"Action items: add alert, update runbook, assign owner, verify rollback, write KT note for analytics-pipeline."
PD-2286,2020-12-06,2020-12-06,136,SEV2,payment-orchestrator,Nora Singh,Aisha Khan,resolved,payment provider timeout,latency spike,ATLAS-3798,PR-11647,"Action items: add alert, update runbook, assign owner, verify rollback, write KT note for payment-orchestrator."
PD-2287,2020-12-10,2020-12-10,52,SEV4,auth-gateway,Luca Moretti,Theo Martin,postmortem complete,queue backlog,orders delayed,ATLAS-2389,PR-8550,"Action items: add alert, update runbook, assign owner, verify rollback, write KT note for auth-gateway."
PD-2288,2020-12-15,2020-12-15,76,SEV4,auth-gateway,Fatima Noor,Luca Moretti,resolved,cache stampede,checkout errors increased,ATLAS-4658,PR-7444,"Action items: add alert, update runbook, assign owner, verify rollback, write KT note for auth-gateway."
PD-2289,2020-12-19,2020-12-19,7,SEV3,notification-service,Theo Martin,Anika Sharma,postmortem complete,schema migration lock,payment retries increased,ATLAS-1972,PR-6748,"Action items: add alert, update runbook, assign owner, verify rollback, write KT note for notification-service."
PD-2290,2020-12-21,2020-12-21,48,SEV3,inventory-reservation,Victor Silva,Owen Brooks,follow-up open,payment provider timeout,payment retries increased,ATLAS-1427,PR-10196,"Action items: add alert, update runbook, assign owner, verify rollback, write KT note for inventory-reservation."
PD-2291,2020-12-23,2020-12-23,45,SEV4,loyalty-service,Anika Sharma,Ben Carter,follow-up open,payment provider timeout,checkout errors increased,ATLAS-2235,PR-5768,"Action items: add alert, update runbook, assign owner, verify rollback, write KT note for loyalty-service."
PD-2292,2020-12-29,2020-12-29,64,SEV3,cart-service,Yara Haddad,Fatima Noor,postmortem complete,feature flag misconfiguration,support ticket volume increased,ATLAS-1809,PR-9522,"Action items: add alert, update runbook, assign owner, verify rollback, write KT note for cart-service."
PD-2293,2020-12-31,2020-12-31,59,SEV4,notification-service,Harper Lee,Noah Evans,postmortem complete,bad deployment,no customer impact detected,ATLAS-3798,PR-9873,"Action items: add alert, update runbook, assign owner, verify rollback, write KT note for notification-service."
PD-2294,2021-01-03,2021-01-03,80,SEV3,order-ledger,Owen Brooks,Priya Nair,follow-up open,tax provider latency,orders delayed,ATLAS-4500,PR-8449,"Action items: add alert, update runbook, assign owner, verify rollback, write KT note for order-ledger."
PD-2295,2021-01-04,2021-01-04,31,SEV3,checkout-api,Owen Brooks,Luca Moretti,resolved,inventory reservation deadlock,support ticket volume increased,ATLAS-2206,PR-9357,"Action items: add alert, update runbook, assign owner, verify rollback, write KT note for checkout-api."
PD-2296,2021-01-11,2021-01-11,72,SEV3,loyalty-service,Fatima Noor,Mateo Garcia,resolved,payment provider timeout,orders delayed,ATLAS-3756,PR-10740,"Action items: add alert, update runbook, assign owner, verify rollback, write KT note for loyalty-service."
PD-2297,2021-01-12,2021-01-12,18,SEV4,pricing-engine,Maya Chen,Dmitri Volkov,resolved,queue backlog,no customer impact detected,ATLAS-1537,PR-9300,"Action items: add alert, update runbook, assign owner, verify rollback, write KT note for pricing-engine."
PD-2298,2021-01-18,2021-01-18,41,SEV4,cart-service,Jon Bell,Victor Silva,resolved,database connection saturation,support ticket volume increased,ATLAS-4550,PR-9128,"Action items: add alert, update runbook, assign owner, verify rollback, write KT note for cart-service."
PD-2299,2021-01-20,2021-01-20,86,SEV4,loyalty-service,Grace Kim,Aisha Khan,postmortem complete,bad deployment,checkout errors increased,ATLAS-3195,PR-8124,"Action items: add alert, update runbook, assign owner, verify rollback, write KT note for loyalty-service."
PD-2300,2021-01-24,2021-01-24,68,SEV3,payment-orchestrator,Fatima Noor,Iris Wang,resolved,cache stampede,payment retries increased,ATLAS-4460,PR-8845,"Action items: add alert, update runbook, assign owner, verify rollback, write KT note for payment-orchestrator."
PD-2301,2021-01-26,2021-01-26,32,SEV4,pricing-engine,Elena Petrova,Aisha Khan,follow-up open,schema migration lock,latency spike,ATLAS-2230,PR-8554,"Action items: add alert, update runbook, assign owner, verify rollback, write KT note for pricing-engine."
PD-2302,2021-01-28,2021-01-28,15,SEV3,analytics-pipeline,Harper Lee,Samir Rao,postmortem complete,inventory reservation deadlock,no customer impact detected,ATLAS-3473,PR-5836,"Action items: add alert, update runbook, assign owner, verify rollback, write KT note for analytics-pipeline."
PD-2303,2021-01-31,2021-01-31,123,SEV2,auth-gateway,Dmitri Volkov,Dmitri Volkov,postmortem complete,payment provider timeout,orders delayed,ATLAS-5001,PR-7903,"Action items: add alert, update runbook, assign owner, verify rollback, write KT note for auth-gateway."
PD-2304,2021-02-05,2021-02-05,44,SEV4,analytics-pipeline,Jon Bell,Aisha Khan,follow-up open,tax provider latency,orders delayed,ATLAS-4660,PR-7124,"Action items: add alert, update runbook, assign owner, verify rollback, write KT note for analytics-pipeline."
PD-2305,2021-02-10,2021-02-10,14,SEV4,inventory-reservation,Priya Nair,Noah Evans,resolved,bad deployment,no customer impact detected,ATLAS-2631,PR-5986,"Action items: add alert, update runbook, assign owner, verify rollback, write KT note for inventory-reservation."
PD-2306,2021-02-13,2021-02-13,30,SEV3,order-ledger,Noah Evans,Nora Singh,postmortem complete,inventory reservation deadlock,orders delayed,ATLAS-4629,PR-11368,"Action items: add alert, update runbook, assign owner, verify rollback, write KT note for order-ledger."
PD-2307,2021-02-12,2021-02-12,5,SEV4,auth-gateway,Theo Martin,Anika Sharma,resolved,feature flag misconfiguration,payment retries increased,ATLAS-3476,PR-9217,"Action items: add alert, update runbook, assign owner, verify rollback, write KT note for auth-gateway."
PD-2308,2021-02-18,2021-02-18,11,SEV3,pricing-engine,Yara Haddad,Harper Lee,resolved,queue backlog,orders delayed,ATLAS-4240,PR-5678,"Action items: add alert, update runbook, assign owner, verify rollback, write KT note for pricing-engine."
PD-2309,2021-02-20,2021-02-20,17,SEV4,tax-service,Anika Sharma,Dmitri Volkov,follow-up open,schema migration lock,support ticket volume increased,ATLAS-5862,PR-10476,"Action items: add alert, update runbook, assign owner, verify rollback, write KT note for tax-service."
PD-2310,2021-02-22,2021-02-22,54,SEV4,auth-gateway,Victor Silva,Mateo Garcia,postmortem complete,schema migration lock,support ticket volume increased,ATLAS-6150,PR-12532,"Action items: add alert, update runbook, assign owner, verify rollback, write KT note for auth-gateway."
PD-2311,2021-02-28,2021-02-28,5,SEV4,order-ledger,Owen Brooks,Dmitri Volkov,postmortem complete,database connection saturation,orders delayed,ATLAS-2688,PR-7373,"Action items: add alert, update runbook, assign owner, verify rollback, write KT note for order-ledger."
PD-2312,2021-03-01,2021-03-01,68,SEV3,pricing-engine,Sara Novak,Grace Kim,follow-up open,cache stampede,checkout errors increased,ATLAS-3460,PR-8520,"Action items: add alert, update runbook, assign owner, verify rollback, write KT note for pricing-engine."
PD-2313,2021-03-08,2021-03-08,98,SEV2,search-recommendations,Maya Chen,Victor Silva,follow-up open,tax provider latency,orders delayed,ATLAS-2156,PR-7520,"Action items: add alert, update runbook, assign owner, verify rollback, write KT note for search-recommendations."
PD-2314,2021-03-10,2021-03-10,56,SEV3,checkout-api,Iris Wang,Fatima Noor,follow-up open,inventory reservation deadlock,latency spike,ATLAS-5781,PR-5998,"Action items: add alert, update runbook, assign owner, verify rollback, write KT note for checkout-api."
PD-2315,2021-03-13,2021-03-13,12,SEV4,search-recommendations,Dmitri Volkov,Fatima Noor,follow-up open,database connection saturation,checkout errors increased,ATLAS-1961,PR-7477,"Action items: add alert, update runbook, assign owner, verify rollback, write KT note for search-recommendations."
PD-2316,2021-03-14,2021-03-14,67,SEV3,checkout-api,Ravi Patel,Dmitri Volkov,follow-up open,inventory reservation deadlock,checkout errors increased,ATLAS-3749,PR-9730,"Action items: add alert, update runbook, assign owner, verify rollback, write KT note for checkout-api."
PD-2317,2021-03-16,2021-03-16,119,SEV2,order-ledger,Harper Lee,Sara Novak,follow-up open,feature flag misconfiguration,checkout errors increased,ATLAS-3109,PR-12412,"Action items: add alert, update runbook, assign owner, verify rollback, write KT note for order-ledger."
PD-2318,2021-03-24,2021-03-24,5,SEV4,inventory-reservation,Aisha Khan,Theo Martin,resolved,database connection saturation,payment retries increased,ATLAS-3773,PR-7308,"Action items: add alert, update runbook, assign owner, verify rollback, write KT note for inventory-reservation."
PD-2319,2021-03-23,2021-03-23,92,SEV2,auth-gateway,Anika Sharma,Sara Novak,resolved,inventory reservation deadlock,orders delayed,ATLAS-4969,PR-8492,"Action items: add alert, update runbook, assign owner, verify rollback, write KT note for auth-gateway."
PD-2320,2021-03-30,2021-03-30,34,SEV4,cart-service,Yara Haddad,Nora Singh,postmortem complete,tax provider latency,payment retries increased,ATLAS-1457,PR-5876,"Action items: add alert, update runbook, assign owner, verify rollback, write KT note for cart-service."
PD-2321,2021-03-31,2021-03-31,185,SEV1,inventory-reservation,Nora Singh,Kim Tan,postmortem complete,bad deployment,support ticket volume increased,ATLAS-4869,PR-10098,"Action items: add alert, update runbook, assign owner, verify rollback, write KT note for inventory-reservation."
PD-2322,2021-04-04,2021-04-04,58,SEV3,inventory-reservation,Sara Novak,Ravi Patel,postmortem complete,bad deployment,no customer impact detected,ATLAS-5698,PR-8504,"Action items: add alert, update runbook, assign owner, verify rollback, write KT note for inventory-reservation."
PD-2323,2021-04-07,2021-04-07,43,SEV3,order-ledger,Yara Haddad,Yara Haddad,follow-up open,schema migration lock,latency spike,ATLAS-4539,PR-8750,"Action items: add alert, update runbook, assign owner, verify rollback, write KT note for order-ledger."
PD-2324,2021-04-09,2021-04-09,5,SEV3,inventory-reservation,Anika Sharma,Yara Haddad,postmortem complete,payment provider timeout,payment retries increased,ATLAS-1528,PR-11967,"Action items: add alert, update runbook, assign owner, verify rollback, write KT note for inventory-reservation."
PD-2325,2021-04-11,2021-04-11,5,SEV4,analytics-pipeline,Kim Tan,Iris Wang,postmortem complete,schema migration lock,payment retries increased,ATLAS-1916,PR-6086,"Action items: add alert, update runbook, assign owner, verify rollback, write KT note for analytics-pipeline."
PD-2326,2021-04-19,2021-04-19,17,SEV4,inventory-reservation,Priya Nair,Dmitri Volkov,postmortem complete,cache stampede,orders delayed,ATLAS-4533,PR-7535,"Action items: add alert, update runbook, assign owner, verify rollback, write KT note for inventory-reservation."
PD-2327,2021-04-21,2021-04-21,22,SEV4,payment-orchestrator,Nora Singh,Theo Martin,postmortem complete,inventory reservation deadlock,payment retries increased,ATLAS-5938,PR-7292,"Action items: add alert, update runbook, assign owner, verify rollback, write KT note for payment-orchestrator."
PD-2328,2021-04-23,2021-04-23,5,SEV4,auth-gateway,Kim Tan,Yara Haddad,postmortem complete,cache stampede,orders delayed,ATLAS-1601,PR-8612,"Action items: add alert, update runbook, assign owner, verify rollback, write KT note for auth-gateway."
PD-2329,2021-04-24,2021-04-24,5,SEV3,payment-orchestrator,Elena Petrova,Kim Tan,postmortem complete,inventory reservation deadlock,no customer impact detected,ATLAS-5490,PR-8913,"Action items: add alert, update runbook, assign owner, verify rollback, write KT note for payment-orchestrator."
PD-2330,2021-04-27,2021-04-27,5,SEV4,pricing-engine,Ben Carter,Noah Evans,follow-up open,inventory reservation deadlock,support ticket volume increased,ATLAS-5235,PR-6859,"Action items: add alert, update runbook, assign owner, verify rollback, write KT note for pricing-engine."
PD-2331,2021-05-03,2021-05-03,112,SEV3,inventory-reservation,Anika Sharma,Priya Nair,postmortem complete,database connection saturation,checkout errors increased,ATLAS-3624,PR-8609,"Action items: add alert, update runbook, assign owner, verify rollback, write KT note for inventory-reservation."
PD-2332,2021-05-08,2021-05-08,5,SEV3,notification-service,Owen Brooks,Elena Petrova,postmortem complete,tax provider latency,latency spike,ATLAS-2809,PR-7313,"Action items: add alert, update runbook, assign owner, verify rollback, write KT note for notification-service."
PD-2333,2021-05-07,2021-05-07,27,SEV3,tax-service,Owen Brooks,Grace Kim,follow-up open,schema migration lock,orders delayed,ATLAS-6016,PR-10802,"Action items: add alert, update runbook, assign owner, verify rollback, write KT note for tax-service."
PD-2334,2021-05-11,2021-05-11,9,SEV4,auth-gateway,Theo Martin,Sara Novak,follow-up open,database connection saturation,no customer impact detected,ATLAS-1784,PR-11352,"Action items: add alert, update runbook, assign owner, verify rollback, write KT note for auth-gateway."
PD-2335,2021-05-15,2021-05-15,5,SEV4,cart-service,Luca Moretti,Nora Singh,follow-up open,schema migration lock,latency spike,ATLAS-3912,PR-11901,"Action items: add alert, update runbook, assign owner, verify rollback, write KT note for cart-service."
PD-2336,2021-05-18,2021-05-18,29,SEV4,auth-gateway,Owen Brooks,Harper Lee,follow-up open,bad deployment,no customer impact detected,ATLAS-2262,PR-9127,"Action items: add alert, update runbook, assign owner, verify rollback, write KT note for auth-gateway."
PD-2337,2021-05-21,2021-05-21,5,SEV4,pricing-engine,Ravi Patel,Aisha Khan,resolved,bad deployment,support ticket volume increased,ATLAS-1415,PR-7355,"Action items: add alert, update runbook, assign owner, verify rollback, write KT note for pricing-engine."
PD-2338,2021-05-27,2021-05-27,7,SEV4,pricing-engine,Ben Carter,Ben Carter,resolved,database connection saturation,no customer impact detected,ATLAS-5231,PR-8815,"Action items: add alert, update runbook, assign owner, verify rollback, write KT note for pricing-engine."
PD-2339,2021-05-29,2021-05-29,120,SEV2,checkout-api,Mateo Garcia,Priya Nair,resolved,payment provider timeout,orders delayed,ATLAS-4753,PR-5492,"Action items: add alert, update runbook, assign owner, verify rollback, write KT note for checkout-api."
PD-2340,2021-05-30,2021-05-30,157,SEV2,payment-orchestrator,Harper Lee,Aisha Khan,postmortem complete,bad deployment,latency spike,ATLAS-3185,PR-10092,"Action items: add alert, update runbook, assign owner, verify rollback, write KT note for payment-orchestrator."
PD-2341,2021-06-04,2021-06-04,9,SEV3,auth-gateway,Owen Brooks,Theo Martin,postmortem complete,queue backlog,checkout errors increased,ATLAS-1740,PR-12205,"Action items: add alert, update runbook, assign owner, verify rollback, write KT note for auth-gateway."
PD-2342,2021-06-09,2021-06-09,57,SEV3,tax-service,Elena Petrova,Owen Brooks,postmortem complete,queue backlog,support ticket volume increased,ATLAS-5673,PR-8789,"Action items: add alert, update runbook, assign owner, verify rollback, write KT note for tax-service."
PD-2343,2021-06-11,2021-06-11,60,SEV3,search-recommendations,Owen Brooks,Priya Nair,postmortem complete,bad deployment,no customer impact detected,ATLAS-1768,PR-6878,"Action items: add alert, update runbook, assign owner, verify rollback, write KT note for search-recommendations."
PD-2344,2021-06-12,2021-06-12,74,SEV3,notification-service,Anika Sharma,Iris Wang,postmortem complete,feature flag misconfiguration,checkout errors increased,ATLAS-2013,PR-5935,"Action items: add alert, update runbook, assign owner, verify rollback, write KT note for notification-service."
PD-2345,2021-06-16,2021-06-16,5,SEV4,order-ledger,Grace Kim,Yara Haddad,postmortem complete,database connection saturation,no customer impact detected,ATLAS-3569,PR-10791,"Action items: add alert, update runbook, assign owner, verify rollback, write KT note for order-ledger."
PD-2346,2021-06-21,2021-06-21,10,SEV3,pricing-engine,Jon Bell,Priya Nair,postmortem complete,tax provider latency,payment retries increased,ATLAS-3547,PR-8254,"Action items: add alert, update runbook, assign owner, verify rollback, write KT note for pricing-engine."
PD-2347,2021-06-25,2021-06-25,29,SEV4,payment-orchestrator,Grace Kim,Dmitri Volkov,resolved,inventory reservation deadlock,latency spike,ATLAS-3919,PR-7126,"Action items: add alert, update runbook, assign owner, verify rollback, write KT note for payment-orchestrator."
PD-2348,2021-06-28,2021-06-28,192,SEV1,analytics-pipeline,Sara Novak,Nora Singh,resolved,payment provider timeout,payment retries increased,ATLAS-5901,PR-10644,"Action items: add alert, update runbook, assign owner, verify rollback, write KT note for analytics-pipeline."
PD-2349,2021-06-30,2021-06-30,103,SEV2,inventory-reservation,Grace Kim,Yara Haddad,follow-up open,cache stampede,support ticket volume increased,ATLAS-4653,PR-7652,"Action items: add alert, update runbook, assign owner, verify rollback, write KT note for inventory-reservation."
PD-2350,2021-07-01,2021-07-01,5,SEV4,auth-gateway,Maya Chen,Ravi Patel,resolved,database connection saturation,latency spike,ATLAS-5183,PR-7320,"Action items: add alert, update runbook, assign owner, verify rollback, write KT note for auth-gateway."
PD-2351,2021-07-04,2021-07-04,5,SEV3,auth-gateway,Nora Singh,Aisha Khan,postmortem complete,payment provider timeout,orders delayed,ATLAS-2416,PR-5031,"Action items: add alert, update runbook, assign owner, verify rollback, write KT note for auth-gateway."
PD-2352,2021-07-11,2021-07-11,158,SEV1,checkout-api,Elena Petrova,Dmitri Volkov,follow-up open,inventory reservation deadlock,payment retries increased,ATLAS-1986,PR-10982,"Action items: add alert, update runbook, assign owner, verify rollback, write KT note for checkout-api."
PD-2353,2021-07-12,2021-07-12,96,SEV2,cart-service,Nora Singh,Ben Carter,postmortem complete,database connection saturation,checkout errors increased,ATLAS-2076,PR-8435,"Action items: add alert, update runbook, assign owner, verify rollback, write KT note for cart-service."
PD-2354,2021-07-18,2021-07-18,18,SEV4,cart-service,Priya Nair,Kim Tan,follow-up open,cache stampede,latency spike,ATLAS-2023,PR-9445,"Action items: add alert, update runbook, assign owner, verify rollback, write KT note for cart-service."
PD-2355,2021-07-18,2021-07-18,64,SEV3,search-recommendations,Harper Lee,Sara Novak,resolved,feature flag misconfiguration,checkout errors increased,ATLAS-3848,PR-6842,"Action items: add alert, update runbook, assign owner, verify rollback, write KT note for search-recommendations."
PD-2356,2021-07-24,2021-07-24,31,SEV4,loyalty-service,Dmitri Volkov,Aisha Khan,postmortem complete,payment provider timeout,checkout errors increased,ATLAS-5861,PR-8106,"Action items: add alert, update runbook, assign owner, verify rollback, write KT note for loyalty-service."
PD-2357,2021-07-25,2021-07-25,50,SEV4,notification-service,Priya Nair,Priya Nair,resolved,database connection saturation,latency spike,ATLAS-1618,PR-10839,"Action items: add alert, update runbook, assign owner, verify rollback, write KT note for notification-service."
PD-2358,2021-07-28,2021-07-28,42,SEV3,payment-orchestrator,Sara Novak,Ben Carter,postmortem complete,queue backlog,support ticket volume increased,ATLAS-4103,PR-10050,"Action items: add alert, update runbook, assign owner, verify rollback, write KT note for payment-orchestrator."
PD-2359,2021-08-03,2021-08-03,59,SEV3,order-ledger,Fatima Noor,Nora Singh,resolved,inventory reservation deadlock,orders delayed,ATLAS-2898,PR-7104,"Action items: add alert, update runbook, assign owner, verify rollback, write KT note for order-ledger."
PD-2360,2021-08-05,2021-08-05,5,SEV4,analytics-pipeline,Victor Silva,Yara Haddad,follow-up open,schema migration lock,checkout errors increased,ATLAS-3972,PR-10936,"Action items: add alert, update runbook, assign owner, verify rollback, write KT note for analytics-pipeline."
PD-2361,2021-08-07,2021-08-07,98,SEV3,analytics-pipeline,Owen Brooks,Noah Evans,resolved,inventory reservation deadlock,checkout errors increased,ATLAS-1447,PR-5533,"Action items: add alert, update runbook, assign owner, verify rollback, write KT note for analytics-pipeline."
PD-2362,2021-08-09,2021-08-09,51,SEV3,payment-orchestrator,Owen Brooks,Elena Petrova,follow-up open,schema migration lock,orders delayed,ATLAS-3238,PR-5006,"Action items: add alert, update runbook, assign owner, verify rollback, write KT note for payment-orchestrator."
PD-2363,2021-08-12,2021-08-12,5,SEV4,cart-service,Maya Chen,Anika Sharma,resolved,cache stampede,support ticket volume increased,ATLAS-1226,PR-5102,"Action items: add alert, update runbook, assign owner, verify rollback, write KT note for cart-service."
PD-2364,2021-08-16,2021-08-16,15,SEV4,notification-service,Victor Silva,Noah Evans,postmortem complete,bad deployment,support ticket volume increased,ATLAS-2909,PR-5466,"Action items: add alert, update runbook, assign owner, verify rollback, write KT note for notification-service."
PD-2365,2021-08-18,2021-08-18,87,SEV2,loyalty-service,Anika Sharma,Fatima Noor,postmortem complete,cache stampede,no customer impact detected,ATLAS-3668,PR-10695,"Action items: add alert, update runbook, assign owner, verify rollback, write KT note for loyalty-service."
PD-2366,2021-08-26,2021-08-26,102,SEV2,pricing-engine,Jon Bell,Dmitri Volkov,postmortem complete,database connection saturation,latency spike,ATLAS-4400,PR-10514,"Action items: add alert, update runbook, assign owner, verify rollback, write KT note for pricing-engine."
PD-2367,2021-08-29,2021-08-29,54,SEV3,notification-service,Iris Wang,Mateo Garcia,resolved,tax provider latency,latency spike,ATLAS-2265,PR-10322,"Action items: add alert, update runbook, assign owner, verify rollback, write KT note for notification-service."
PD-2368,2021-09-01,2021-09-01,6,SEV4,auth-gateway,Grace Kim,Theo Martin,resolved,cache stampede,payment retries increased,ATLAS-1924,PR-8576,"Action items: add alert, update runbook, assign owner, verify rollback, write KT note for auth-gateway."
PD-2369,2021-09-02,2021-09-02,120,SEV2,pricing-engine,Priya Nair,Maya Chen,postmortem complete,payment provider timeout,checkout errors increased,ATLAS-6039,PR-10029,"Action items: add alert, update runbook, assign owner, verify rollback, write KT note for pricing-engine."
PD-2370,2021-09-06,2021-09-06,11,SEV3,notification-service,Maya Chen,Owen Brooks,postmortem complete,schema migration lock,support ticket volume increased,ATLAS-5709,PR-12069,"Action items: add alert, update runbook, assign owner, verify rollback, write KT note for notification-service."
PD-2371,2021-09-10,2021-09-10,33,SEV4,auth-gateway,Owen Brooks,Owen Brooks,postmortem complete,feature flag misconfiguration,orders delayed,ATLAS-1816,PR-5701,"Action items: add alert, update runbook, assign owner, verify rollback, write KT note for auth-gateway."
PD-2372,2021-09-10,2021-09-10,65,SEV3,cart-service,Owen Brooks,Yara Haddad,resolved,queue backlog,payment retries increased,ATLAS-3726,PR-12514,"Action items: add alert, update runbook, assign owner, verify rollback, write KT note for cart-service."
PD-2373,2021-09-13,2021-09-13,16,SEV4,search-recommendations,Iris Wang,Maya Chen,resolved,bad deployment,no customer impact detected,ATLAS-2599,PR-6831,"Action items: add alert, update runbook, assign owner, verify rollback, write KT note for search-recommendations."
PD-2374,2021-09-18,2021-09-18,28,SEV4,inventory-reservation,Anika Sharma,Luca Moretti,postmortem complete,payment provider timeout,latency spike,ATLAS-4667,PR-7495,"Action items: add alert, update runbook, assign owner, verify rollback, write KT note for inventory-reservation."
PD-2375,2021-09-24,2021-09-24,5,SEV4,notification-service,Samir Rao,Noah Evans,resolved,tax provider latency,checkout errors increased,ATLAS-6025,PR-6671,"Action items: add alert, update runbook, assign owner, verify rollback, write KT note for notification-service."
PD-2376,2021-09-24,2021-09-24,57,SEV3,checkout-api,Maya Chen,Yara Haddad,resolved,tax provider latency,payment retries increased,ATLAS-2764,PR-11253,"Action items: add alert, update runbook, assign owner, verify rollback, write KT note for checkout-api."
PD-2377,2021-09-28,2021-09-28,78,SEV3,inventory-reservation,Ravi Patel,Fatima Noor,postmortem complete,schema migration lock,orders delayed,ATLAS-4656,PR-9145,"Action items: add alert, update runbook, assign owner, verify rollback, write KT note for inventory-reservation."
PD-2378,2021-10-02,2021-10-02,29,SEV4,inventory-reservation,Ben Carter,Ravi Patel,postmortem complete,bad deployment,latency spike,ATLAS-4349,PR-10946,"Action items: add alert, update runbook, assign owner, verify rollback, write KT note for inventory-reservation."
PD-2379,2021-10-04,2021-10-04,8,SEV3,notification-service,Noah Evans,Maya Chen,postmortem complete,feature flag misconfiguration,latency spike,ATLAS-6041,PR-11703,"Action items: add alert, update runbook, assign owner, verify rollback, write KT note for notification-service."
PD-2380,2021-10-09,2021-10-09,103,SEV3,inventory-reservation,Noah Evans,Harper Lee,follow-up open,payment provider timeout,orders delayed,ATLAS-3513,PR-8488,"Action items: add alert, update runbook, assign owner, verify rollback, write KT note for inventory-reservation."
PD-2381,2021-10-10,2021-10-10,12,SEV4,tax-service,Victor Silva,Aisha Khan,postmortem complete,tax provider latency,latency spike,ATLAS-5674,PR-9696,"Action items: add alert, update runbook, assign owner, verify rollback, write KT note for tax-service."
PD-2382,2021-10-13,2021-10-13,156,SEV2,checkout-api,Samir Rao,Anika Sharma,resolved,database connection saturation,support ticket volume increased,ATLAS-1152,PR-7984,"Action items: add alert, update runbook, assign owner, verify rollback, write KT note for checkout-api."
PD-2383,2021-10-18,2021-10-18,5,SEV4,payment-orchestrator,Grace Kim,Nora Singh,resolved,bad deployment,checkout errors increased,ATLAS-2690,PR-7454,"Action items: add alert, update runbook, assign owner, verify rollback, write KT note for payment-orchestrator."
PD-2384,2021-10-19,2021-10-19,6,SEV3,analytics-pipeline,Samir Rao,Priya Nair,resolved,bad deployment,payment retries increased,ATLAS-5513,PR-9523,"Action items: add alert, update runbook, assign owner, verify rollback, write KT note for analytics-pipeline."
PD-2385,2021-10-25,2021-10-25,6,SEV4,search-recommendations,Nora Singh,Grace Kim,resolved,feature flag misconfiguration,checkout errors increased,ATLAS-5752,PR-9212,"Action items: add alert, update runbook, assign owner, verify rollback, write KT note for search-recommendations."
PD-2386,2021-10-27,2021-10-27,119,SEV2,tax-service,Grace Kim,Elena Petrova,resolved,cache stampede,checkout errors increased,ATLAS-4744,PR-7027,"Action items: add alert, update runbook, assign owner, verify rollback, write KT note for tax-service."
PD-2387,2021-10-30,2021-10-30,5,SEV4,tax-service,Theo Martin,Dmitri Volkov,postmortem complete,database connection saturation,checkout errors increased,ATLAS-4761,PR-8733,"Action items: add alert, update runbook, assign owner, verify rollback, write KT note for tax-service."
PD-2388,2021-11-01,2021-11-01,24,SEV4,search-recommendations,Nora Singh,Nora Singh,postmortem complete,feature flag misconfiguration,payment retries increased,ATLAS-4002,PR-10550,"Action items: add alert, update runbook, assign owner, verify rollback, write KT note for search-recommendations."
PD-2389,2021-11-05,2021-11-05,22,SEV4,payment-orchestrator,Fatima Noor,Elena Petrova,postmortem complete,inventory reservation deadlock,no customer impact detected,ATLAS-2548,PR-8785,"Action items: add alert, update runbook, assign owner, verify rollback, write KT note for payment-orchestrator."
PD-2390,2021-11-11,2021-11-11,96,SEV2,auth-gateway,Anika Sharma,Iris Wang,resolved,tax provider latency,no customer impact detected,ATLAS-1694,PR-7645,"Action items: add alert, update runbook, assign owner, verify rollback, write KT note for auth-gateway."
PD-2391,2021-11-10,2021-11-10,56,SEV3,search-recommendations,Jon Bell,Grace Kim,follow-up open,database connection saturation,checkout errors increased,ATLAS-3145,PR-8547,"Action items: add alert, update runbook, assign owner, verify rollback, write KT note for search-recommendations."
PD-2392,2021-11-16,2021-11-16,5,SEV3,order-ledger,Kim Tan,Priya Nair,resolved,payment provider timeout,support ticket volume increased,ATLAS-3412,PR-10925,"Action items: add alert, update runbook, assign owner, verify rollback, write KT note for order-ledger."
PD-2393,2021-11-18,2021-11-18,145,SEV1,notification-service,Owen Brooks,Anika Sharma,postmortem complete,queue backlog,orders delayed,ATLAS-4825,PR-9121,"Action items: add alert, update runbook, assign owner, verify rollback, write KT note for notification-service."
PD-2394,2021-11-21,2021-11-21,62,SEV3,notification-service,Kim Tan,Samir Rao,postmortem complete,inventory reservation deadlock,payment retries increased,ATLAS-4245,PR-6770,"Action items: add alert, update runbook, assign owner, verify rollback, write KT note for notification-service."
PD-2395,2021-11-26,2021-11-26,30,SEV3,analytics-pipeline,Harper Lee,Mateo Garcia,follow-up open,schema migration lock,payment retries increased,ATLAS-2096,PR-8933,"Action items: add alert, update runbook, assign owner, verify rollback, write KT note for analytics-pipeline."
PD-2396,2021-11-30,2021-11-30,5,SEV3,search-recommendations,Maya Chen,Anika Sharma,postmortem complete,cache stampede,checkout errors increased,ATLAS-4291,PR-7874,"Action items: add alert, update runbook, assign owner, verify rollback, write KT note for search-recommendations."
PD-2397,2021-11-30,2021-11-30,5,SEV4,cart-service,Jon Bell,Victor Silva,resolved,schema migration lock,orders delayed,ATLAS-1586,PR-9083,"Action items: add alert, update runbook, assign owner, verify rollback, write KT note for cart-service."
PD-2398,2021-12-06,2021-12-06,37,SEV3,cart-service,Grace Kim,Samir Rao,resolved,database connection saturation,payment retries increased,ATLAS-5389,PR-11859,"Action items: add alert, update runbook, assign owner, verify rollback, write KT note for cart-service."
PD-2399,2021-12-09,2021-12-09,5,SEV4,analytics-pipeline,Owen Brooks,Fatima Noor,postmortem complete,inventory reservation deadlock,orders delayed,ATLAS-1390,PR-6131,"Action items: add alert, update runbook, assign owner, verify rollback, write KT note for analytics-pipeline."
PD-2400,2021-12-12,2021-12-12,59,SEV4,auth-gateway,Anika Sharma,Dmitri Volkov,follow-up open,inventory reservation deadlock,support ticket volume increased,ATLAS-5787,PR-6077,"Action items: add alert, update runbook, assign owner, verify rollback, write KT note for auth-gateway."
PD-2401,2021-12-15,2021-12-15,31,SEV3,pricing-engine,Noah Evans,Kim Tan,resolved,feature flag misconfiguration,no customer impact detected,ATLAS-3573,PR-11852,"Action items: add alert, update runbook, assign owner, verify rollback, write KT note for pricing-engine."
PD-2402,2021-12-19,2021-12-19,227,SEV1,payment-orchestrator,Yara Haddad,Aisha Khan,resolved,database connection saturation,checkout errors increased,ATLAS-5449,PR-10033,"Action items: add alert, update runbook, assign owner, verify rollback, write KT note for payment-orchestrator."
PD-2403,2021-12-21,2021-12-21,57,SEV4,tax-service,Luca Moretti,Elena Petrova,follow-up open,database connection saturation,latency spike,ATLAS-1838,PR-9209,"Action items: add alert, update runbook, assign owner, verify rollback, write KT note for tax-service."
PD-2404,2021-12-24,2021-12-24,17,SEV3,loyalty-service,Elena Petrova,Theo Martin,resolved,feature flag misconfiguration,orders delayed,ATLAS-6040,PR-10035,"Action items: add alert, update runbook, assign owner, verify rollback, write KT note for loyalty-service."
PD-2405,2021-12-30,2021-12-30,88,SEV3,search-recommendations,Grace Kim,Anika Sharma,postmortem complete,queue backlog,support ticket volume increased,ATLAS-3941,PR-10001,"Action items: add alert, update runbook, assign owner, verify rollback, write KT note for search-recommendations."
PD-2406,2021-12-29,2021-12-29,148,SEV2,notification-service,Theo Martin,Owen Brooks,follow-up open,bad deployment,no customer impact detected,ATLAS-5734,PR-5617,"Action items: add alert, update runbook, assign owner, verify rollback, write KT note for notification-service."
PD-2407,2022-01-03,2022-01-03,106,SEV3,payment-orchestrator,Victor Silva,Aisha Khan,postmortem complete,cache stampede,latency spike,ATLAS-4831,PR-6648,"Action items: add alert, update runbook, assign owner, verify rollback, write KT note for payment-orchestrator."
PD-2408,2022-01-06,2022-01-06,35,SEV4,notification-service,Nora Singh,Theo Martin,follow-up open,database connection saturation,orders delayed,ATLAS-2653,PR-12425,"Action items: add alert, update runbook, assign owner, verify rollback, write KT note for notification-service."
PD-2409,2022-01-10,2022-01-10,91,SEV3,cart-service,Samir Rao,Harper Lee,resolved,schema migration lock,orders delayed,ATLAS-5486,PR-9398,"Action items: add alert, update runbook, assign owner, verify rollback, write KT note for cart-service."
PD-2410,2022-01-14,2022-01-14,57,SEV3,pricing-engine,Ben Carter,Sara Novak,follow-up open,feature flag misconfiguration,orders delayed,ATLAS-5050,PR-10123,"Action items: add alert, update runbook, assign owner, verify rollback, write KT note for pricing-engine."
PD-2411,2022-01-14,2022-01-14,237,SEV1,pricing-engine,Luca Moretti,Priya Nair,follow-up open,feature flag misconfiguration,latency spike,ATLAS-5460,PR-6160,"Action items: add alert, update runbook, assign owner, verify rollback, write KT note for pricing-engine."
PD-2412,2022-01-21,2022-01-21,5,SEV4,search-recommendations,Dmitri Volkov,Fatima Noor,resolved,cache stampede,support ticket volume increased,ATLAS-3167,PR-9966,"Action items: add alert, update runbook, assign owner, verify rollback, write KT note for search-recommendations."
PD-2413,2022-01-24,2022-01-24,78,SEV3,auth-gateway,Luca Moretti,Ben Carter,resolved,payment provider timeout,payment retries increased,ATLAS-2962,PR-7304,"Action items: add alert, update runbook, assign owner, verify rollback, write KT note for auth-gateway."
PD-2414,2022-01-25,2022-01-25,5,SEV4,tax-service,Theo Martin,Grace Kim,resolved,bad deployment,no customer impact detected,ATLAS-6123,PR-8895,"Action items: add alert, update runbook, assign owner, verify rollback, write KT note for tax-service."
PD-2415,2022-01-30,2022-01-30,5,SEV3,auth-gateway,Ben Carter,Noah Evans,resolved,database connection saturation,checkout errors increased,ATLAS-3923,PR-7519,"Action items: add alert, update runbook, assign owner, verify rollback, write KT note for auth-gateway."
PD-2416,2022-02-03,2022-02-03,59,SEV4,notification-service,Theo Martin,Kim Tan,postmortem complete,cache stampede,orders delayed,ATLAS-3088,PR-8001,"Action items: add alert, update runbook, assign owner, verify rollback, write KT note for notification-service."
PD-2417,2022-02-05,2022-02-05,117,SEV3,payment-orchestrator,Luca Moretti,Aisha Khan,follow-up open,bad deployment,latency spike,ATLAS-4432,PR-6682,"Action items: add alert, update runbook, assign owner, verify rollback, write KT note for payment-orchestrator."
PD-2418,2022-02-08,2022-02-08,42,SEV4,order-ledger,Harper Lee,Grace Kim,follow-up open,schema migration lock,payment retries increased,ATLAS-1959,PR-8322,"Action items: add alert, update runbook, assign owner, verify rollback, write KT note for order-ledger."
PD-2419,2022-02-09,2022-02-09,95,SEV2,cart-service,Samir Rao,Grace Kim,postmortem complete,database connection saturation,latency spike,ATLAS-4755,PR-5896,"Action items: add alert, update runbook, assign owner, verify rollback, write KT note for cart-service."
PD-2420,2022-02-12,2022-02-12,17,SEV3,checkout-api,Maya Chen,Nora Singh,follow-up open,feature flag misconfiguration,support ticket volume increased,ATLAS-1109,PR-11386,"Action items: add alert, update runbook, assign owner, verify rollback, write KT note for checkout-api."
PD-2421,2022-02-15,2022-02-15,68,SEV3,analytics-pipeline,Samir Rao,Fatima Noor,resolved,feature flag misconfiguration,support ticket volume increased,ATLAS-6084,PR-9064,"Action items: add alert, update runbook, assign owner, verify rollback, write KT note for analytics-pipeline."
PD-2422,2022-02-19,2022-02-19,33,SEV3,inventory-reservation,Victor Silva,Maya Chen,postmortem complete,database connection saturation,payment retries increased,ATLAS-1352,PR-9180,"Action items: add alert, update runbook, assign owner, verify rollback, write KT note for inventory-reservation."
PD-2423,2022-02-25,2022-02-25,37,SEV3,order-ledger,Mateo Garcia,Harper Lee,postmortem complete,database connection saturation,payment retries increased,ATLAS-1351,PR-8358,"Action items: add alert, update runbook, assign owner, verify rollback, write KT note for order-ledger."
PD-2424,2022-02-27,2022-02-27,69,SEV3,pricing-engine,Anika Sharma,Ben Carter,resolved,payment provider timeout,no customer impact detected,ATLAS-3754,PR-12452,"Action items: add alert, update runbook, assign owner, verify rollback, write KT note for pricing-engine."
PD-2425,2022-03-03,2022-03-03,77,SEV2,cart-service,Ravi Patel,Dmitri Volkov,postmortem complete,tax provider latency,support ticket volume increased,ATLAS-4838,PR-6111,"Action items: add alert, update runbook, assign owner, verify rollback, write KT note for cart-service."
PD-2426,2022-03-06,2022-03-06,38,SEV3,checkout-api,Sara Novak,Victor Silva,resolved,payment provider timeout,payment retries increased,ATLAS-3032,PR-12518,"Action items: add alert, update runbook, assign owner, verify rollback, write KT note for checkout-api."
PD-2427,2022-03-09,2022-03-09,111,SEV2,order-ledger,Yara Haddad,Owen Brooks,follow-up open,database connection saturation,payment retries increased,ATLAS-2346,PR-5770,"Action items: add alert, update runbook, assign owner, verify rollback, write KT note for order-ledger."
PD-2428,2022-03-11,2022-03-11,68,SEV3,auth-gateway,Samir Rao,Harper Lee,follow-up open,payment provider timeout,support ticket volume increased,ATLAS-4312,PR-5608,"Action items: add alert, update runbook, assign owner, verify rollback, write KT note for auth-gateway."
PD-2429,2022-03-13,2022-03-13,74,SEV3,inventory-reservation,Priya Nair,Mateo Garcia,follow-up open,feature flag misconfiguration,checkout errors increased,ATLAS-2605,PR-5268,"Action items: add alert, update runbook, assign owner, verify rollback, write KT note for inventory-reservation."
PD-2430,2022-03-20,2022-03-20,155,SEV1,order-ledger,Owen Brooks,Maya Chen,follow-up open,queue backlog,support ticket volume increased,ATLAS-3101,PR-7867,"Action items: add alert, update runbook, assign owner, verify rollback, write KT note for order-ledger."
PD-2431,2022-03-19,2022-03-19,217,SEV1,notification-service,Ben Carter,Samir Rao,follow-up open,database connection saturation,payment retries increased,ATLAS-5823,PR-12163,"Action items: add alert, update runbook, assign owner, verify rollback, write KT note for notification-service."
PD-2432,2022-03-27,2022-03-27,5,SEV3,checkout-api,Luca Moretti,Dmitri Volkov,postmortem complete,cache stampede,support ticket volume increased,ATLAS-5091,PR-6151,"Action items: add alert, update runbook, assign owner, verify rollback, write KT note for checkout-api."
PD-2433,2022-03-27,2022-03-27,49,SEV4,order-ledger,Grace Kim,Mateo Garcia,postmortem complete,tax provider latency,payment retries increased,ATLAS-3068,PR-10980,"Action items: add alert, update runbook, assign owner, verify rollback, write KT note for order-ledger."
PD-2434,2022-03-29,2022-03-29,38,SEV4,tax-service,Theo Martin,Harper Lee,postmortem complete,database connection saturation,latency spike,ATLAS-4454,PR-8652,"Action items: add alert, update runbook, assign owner, verify rollback, write KT note for tax-service."
PD-2435,2022-04-01,2022-04-01,125,SEV3,notification-service,Kim Tan,Elena Petrova,postmortem complete,tax provider latency,support ticket volume increased,ATLAS-2377,PR-12154,"Action items: add alert, update runbook, assign owner, verify rollback, write KT note for notification-service."
PD-2436,2022-04-09,2022-04-09,52,SEV3,loyalty-service,Iris Wang,Mateo Garcia,follow-up open,cache stampede,latency spike,ATLAS-1701,PR-5535,"Action items: add alert, update runbook, assign owner, verify rollback, write KT note for loyalty-service."
PD-2437,2022-04-10,2022-04-10,5,SEV4,pricing-engine,Iris Wang,Grace Kim,postmortem complete,feature flag misconfiguration,support ticket volume increased,ATLAS-2526,PR-10297,"Action items: add alert, update runbook, assign owner, verify rollback, write KT note for pricing-engine."
PD-2438,2022-04-13,2022-04-13,55,SEV3,inventory-reservation,Anika Sharma,Elena Petrova,resolved,cache stampede,no customer impact detected,ATLAS-2099,PR-6053,"Action items: add alert, update runbook, assign owner, verify rollback, write KT note for inventory-reservation."
PD-2439,2022-04-18,2022-04-18,41,SEV3,notification-service,Fatima Noor,Ravi Patel,postmortem complete,cache stampede,no customer impact detected,ATLAS-1142,PR-5662,"Action items: add alert, update runbook, assign owner, verify rollback, write KT note for notification-service."
PD-2440,2022-04-18,2022-04-18,78,SEV4,loyalty-service,Victor Silva,Fatima Noor,follow-up open,cache stampede,orders delayed,ATLAS-1643,PR-6476,"Action items: add alert, update runbook, assign owner, verify rollback, write KT note for loyalty-service."
PD-2441,2022-04-24,2022-04-24,84,SEV2,notification-service,Theo Martin,Elena Petrova,follow-up open,bad deployment,payment retries increased,ATLAS-5468,PR-5074,"Action items: add alert, update runbook, assign owner, verify rollback, write KT note for notification-service."
PD-2442,2022-04-26,2022-04-26,148,SEV2,pricing-engine,Ben Carter,Theo Martin,postmortem complete,tax provider latency,orders delayed,ATLAS-4031,PR-7933,"Action items: add alert, update runbook, assign owner, verify rollback, write KT note for pricing-engine."
PD-2443,2022-04-27,2022-04-27,62,SEV3,order-ledger,Victor Silva,Noah Evans,postmortem complete,bad deployment,checkout errors increased,ATLAS-3260,PR-5682,"Action items: add alert, update runbook, assign owner, verify rollback, write KT note for order-ledger."
PD-2444,2022-05-03,2022-05-03,131,SEV2,payment-orchestrator,Nora Singh,Victor Silva,resolved,payment provider timeout,latency spike,ATLAS-5177,PR-10198,"Action items: add alert, update runbook, assign owner, verify rollback, write KT note for payment-orchestrator."
PD-2445,2022-05-05,2022-05-05,86,SEV3,auth-gateway,Elena Petrova,Priya Nair,follow-up open,schema migration lock,no customer impact detected,ATLAS-4801,PR-12195,"Action items: add alert, update runbook, assign owner, verify rollback, write KT note for auth-gateway."
PD-2446,2022-05-07,2022-05-07,53,SEV4,tax-service,Noah Evans,Jon Bell,follow-up open,feature flag misconfiguration,support ticket volume increased,ATLAS-5997,PR-5601,"Action items: add alert, update runbook, assign owner, verify rollback, write KT note for tax-service."
PD-2447,2022-05-10,2022-05-10,66,SEV3,payment-orchestrator,Theo Martin,Elena Petrova,postmortem complete,database connection saturation,no customer impact detected,ATLAS-5196,PR-7397,"Action items: add alert, update runbook, assign owner, verify rollback, write KT note for payment-orchestrator."
PD-2448,2022-05-16,2022-05-16,5,SEV4,tax-service,Theo Martin,Nora Singh,follow-up open,queue backlog,no customer impact detected,ATLAS-4635,PR-6523,"Action items: add alert, update runbook, assign owner, verify rollback, write KT note for tax-service."
PD-2449,2022-05-18,2022-05-18,56,SEV3,payment-orchestrator,Sara Novak,Nora Singh,resolved,payment provider timeout,no customer impact detected,ATLAS-2248,PR-8249,"Action items: add alert, update runbook, assign owner, verify rollback, write KT note for payment-orchestrator."
PD-2450,2022-05-23,2022-05-23,121,SEV2,payment-orchestrator,Theo Martin,Jon Bell,resolved,schema migration lock,payment retries increased,ATLAS-3697,PR-6887,"Action items: add alert, update runbook, assign owner, verify rollback, write KT note for payment-orchestrator."
PD-2451,2022-05-25,2022-05-25,52,SEV4,checkout-api,Dmitri Volkov,Jon Bell,postmortem complete,tax provider latency,support ticket volume increased,ATLAS-3177,PR-6076,"Action items: add alert, update runbook, assign owner, verify rollback, write KT note for checkout-api."
PD-2452,2022-05-30,2022-05-30,169,SEV1,notification-service,Victor Silva,Ravi Patel,resolved,tax provider latency,no customer impact detected,ATLAS-4263,PR-11916,"Action items: add alert, update runbook, assign owner, verify rollback, write KT note for notification-service."
PD-2453,2022-06-02,2022-06-02,41,SEV4,analytics-pipeline,Samir Rao,Samir Rao,postmortem complete,inventory reservation deadlock,no customer impact detected,ATLAS-3378,PR-8870,"Action items: add alert, update runbook, assign owner, verify rollback, write KT note for analytics-pipeline."
PD-2454,2022-06-02,2022-06-02,33,SEV4,order-ledger,Samir Rao,Ravi Patel,follow-up open,queue backlog,orders delayed,ATLAS-3247,PR-6445,"Action items: add alert, update runbook, assign owner, verify rollback, write KT note for order-ledger."
PD-2455,2022-06-09,2022-06-09,8,SEV3,loyalty-service,Grace Kim,Aisha Khan,resolved,tax provider latency,orders delayed,ATLAS-3212,PR-6431,"Action items: add alert, update runbook, assign owner, verify rollback, write KT note for loyalty-service."
PD-2456,2022-06-08,2022-06-08,5,SEV4,auth-gateway,Kim Tan,Samir Rao,postmortem complete,database connection saturation,support ticket volume increased,ATLAS-3551,PR-5698,"Action items: add alert, update runbook, assign owner, verify rollback, write KT note for auth-gateway."
PD-2457,2022-06-11,2022-06-11,31,SEV4,auth-gateway,Mateo Garcia,Noah Evans,follow-up open,payment provider timeout,no customer impact detected,ATLAS-5865,PR-8851,"Action items: add alert, update runbook, assign owner, verify rollback, write KT note for auth-gateway."
PD-2458,2022-06-16,2022-06-16,38,SEV4,order-ledger,Kim Tan,Dmitri Volkov,follow-up open,payment provider timeout,no customer impact detected,ATLAS-2099,PR-8608,"Action items: add alert, update runbook, assign owner, verify rollback, write KT note for order-ledger."
PD-2459,2022-06-21,2022-06-21,45,SEV3,pricing-engine,Noah Evans,Ben Carter,resolved,database connection saturation,payment retries increased,ATLAS-4341,PR-10007,"Action items: add alert, update runbook, assign owner, verify rollback, write KT note for pricing-engine."
PD-2460,2022-06-24,2022-06-24,17,SEV3,checkout-api,Fatima Noor,Anika Sharma,resolved,schema migration lock,support ticket volume increased,ATLAS-4620,PR-9152,"Action items: add alert, update runbook, assign owner, verify rollback, write KT note for checkout-api."
PD-2461,2022-06-27,2022-06-27,124,SEV2,cart-service,Maya Chen,Kim Tan,resolved,feature flag misconfiguration,payment retries increased,ATLAS-1487,PR-8311,"Action items: add alert, update runbook, assign owner, verify rollback, write KT note for cart-service."
PD-2462,2022-07-01,2022-07-01,5,SEV4,cart-service,Noah Evans,Maya Chen,resolved,schema migration lock,orders delayed,ATLAS-4764,PR-8783,"Action items: add alert, update runbook, assign owner, verify rollback, write KT note for cart-service."
PD-2463,2022-07-02,2022-07-02,172,SEV1,search-recommendations,Nora Singh,Maya Chen,postmortem complete,cache stampede,orders delayed,ATLAS-1128,PR-9559,"Action items: add alert, update runbook, assign owner, verify rollback, write KT note for search-recommendations."
PD-2464,2022-07-05,2022-07-05,5,SEV4,tax-service,Noah Evans,Sara Novak,resolved,bad deployment,orders delayed,ATLAS-1213,PR-7337,"Action items: add alert, update runbook, assign owner, verify rollback, write KT note for tax-service."
PD-2465,2022-07-11,2022-07-11,5,SEV4,inventory-reservation,Luca Moretti,Ravi Patel,resolved,payment provider timeout,support ticket volume increased,ATLAS-4579,PR-7388,"Action items: add alert, update runbook, assign owner, verify rollback, write KT note for inventory-reservation."
PD-2466,2022-07-10,2022-07-10,40,SEV3,notification-service,Owen Brooks,Ben Carter,follow-up open,schema migration lock,latency spike,ATLAS-1310,PR-10613,"Action items: add alert, update runbook, assign owner, verify rollback, write KT note for notification-service."
PD-2467,2022-07-15,2022-07-15,5,SEV4,tax-service,Ben Carter,Grace Kim,follow-up open,payment provider timeout,latency spike,ATLAS-3239,PR-10865,"Action items: add alert, update runbook, assign owner, verify rollback, write KT note for tax-service."
PD-2468,2022-07-21,2022-07-21,5,SEV3,order-ledger,Fatima Noor,Iris Wang,follow-up open,feature flag misconfiguration,payment retries increased,ATLAS-5647,PR-5385,"Action items: add alert, update runbook, assign owner, verify rollback, write KT note for order-ledger."
PD-2469,2022-07-23,2022-07-23,48,SEV3,checkout-api,Priya Nair,Priya Nair,postmortem complete,schema migration lock,payment retries increased,ATLAS-3843,PR-7099,"Action items: add alert, update runbook, assign owner, verify rollback, write KT note for checkout-api."
PD-2470,2022-07-27,2022-07-27,19,SEV3,analytics-pipeline,Samir Rao,Aisha Khan,postmortem complete,cache stampede,payment retries increased,ATLAS-2029,PR-11331,"Action items: add alert, update runbook, assign owner, verify rollback, write KT note for analytics-pipeline."
PD-2471,2022-07-29,2022-07-29,175,SEV2,checkout-api,Iris Wang,Ben Carter,follow-up open,database connection saturation,checkout errors increased,ATLAS-3220,PR-8899,"Action items: add alert, update runbook, assign owner, verify rollback, write KT note for checkout-api."
PD-2472,2022-08-02,2022-08-02,52,SEV3,tax-service,Owen Brooks,Ravi Patel,resolved,feature flag misconfiguration,orders delayed,ATLAS-5288,PR-11071,"Action items: add alert, update runbook, assign owner, verify rollback, write KT note for tax-service."
PD-2473,2022-08-04,2022-08-04,91,SEV3,auth-gateway,Luca Moretti,Samir Rao,follow-up open,feature flag misconfiguration,support ticket volume increased,ATLAS-4845,PR-8962,"Action items: add alert, update runbook, assign owner, verify rollback, write KT note for auth-gateway."
PD-2474,2022-08-07,2022-08-07,5,SEV3,tax-service,Victor Silva,Dmitri Volkov,resolved,bad deployment,no customer impact detected,ATLAS-1320,PR-9217,"Action items: add alert, update runbook, assign owner, verify rollback, write KT note for tax-service."
PD-2475,2022-08-09,2022-08-09,207,SEV2,notification-service,Elena Petrova,Nora Singh,postmortem complete,database connection saturation,orders delayed,ATLAS-4330,PR-10335,"Action items: add alert, update runbook, assign owner, verify rollback, write KT note for notification-service."
PD-2476,2022-08-14,2022-08-14,52,SEV4,loyalty-service,Maya Chen,Samir Rao,follow-up open,schema migration lock,checkout errors increased,ATLAS-3920,PR-5618,"Action items: add alert, update runbook, assign owner, verify rollback, write KT note for loyalty-service."
PD-2477,2022-08-19,2022-08-19,41,SEV3,auth-gateway,Sara Novak,Anika Sharma,resolved,cache stampede,checkout errors increased,ATLAS-1348,PR-5372,"Action items: add alert, update runbook, assign owner, verify rollback, write KT note for auth-gateway."
PD-2478,2022-08-18,2022-08-18,134,SEV2,tax-service,Dmitri Volkov,Aisha Khan,resolved,feature flag misconfiguration,support ticket volume increased,ATLAS-3567,PR-5268,"Action items: add alert, update runbook, assign owner, verify rollback, write KT note for tax-service."
PD-2479,2022-08-24,2022-08-24,112,SEV2,tax-service,Harper Lee,Anika Sharma,postmortem complete,queue backlog,support ticket volume increased,ATLAS-2429,PR-6287,"Action items: add alert, update runbook, assign owner, verify rollback, write KT note for tax-service."
PD-2480,2022-08-26,2022-08-26,42,SEV4,pricing-engine,Dmitri Volkov,Iris Wang,resolved,cache stampede,payment retries increased,ATLAS-4347,PR-8582,"Action items: add alert, update runbook, assign owner, verify rollback, write KT note for pricing-engine."
PD-2481,2022-08-28,2022-08-28,14,SEV4,search-recommendations,Theo Martin,Owen Brooks,resolved,feature flag misconfiguration,checkout errors increased,ATLAS-3108,PR-9348,"Action items: add alert, update runbook, assign owner, verify rollback, write KT note for search-recommendations."
PD-2482,2022-09-03,2022-09-03,5,SEV4,order-ledger,Luca Moretti,Ravi Patel,postmortem complete,cache stampede,support ticket volume increased,ATLAS-3959,PR-8191,"Action items: add alert, update runbook, assign owner, verify rollback, write KT note for order-ledger."
PD-2483,2022-09-04,2022-09-04,48,SEV3,tax-service,Mateo Garcia,Dmitri Volkov,resolved,schema migration lock,payment retries increased,ATLAS-5623,PR-6872,"Action items: add alert, update runbook, assign owner, verify rollback, write KT note for tax-service."
PD-2484,2022-09-07,2022-09-07,66,SEV3,cart-service,Aisha Khan,Luca Moretti,resolved,payment provider timeout,orders delayed,ATLAS-3488,PR-11278,"Action items: add alert, update runbook, assign owner, verify rollback, write KT note for cart-service."
PD-2485,2022-09-12,2022-09-12,5,SEV3,search-recommendations,Luca Moretti,Elena Petrova,postmortem complete,database connection saturation,latency spike,ATLAS-4616,PR-7660,"Action items: add alert, update runbook, assign owner, verify rollback, write KT note for search-recommendations."
PD-2486,2022-09-15,2022-09-15,33,SEV3,payment-orchestrator,Samir Rao,Owen Brooks,resolved,tax provider latency,checkout errors increased,ATLAS-1338,PR-6956,"Action items: add alert, update runbook, assign owner, verify rollback, write KT note for payment-orchestrator."
PD-2487,2022-09-16,2022-09-16,5,SEV4,tax-service,Owen Brooks,Priya Nair,resolved,tax provider latency,no customer impact detected,ATLAS-3124,PR-10055,"Action items: add alert, update runbook, assign owner, verify rollback, write KT note for tax-service."
PD-2488,2022-09-22,2022-09-22,52,SEV4,notification-service,Yara Haddad,Ben Carter,follow-up open,queue backlog,payment retries increased,ATLAS-1243,PR-10492,"Action items: add alert, update runbook, assign owner, verify rollback, write KT note for notification-service."
PD-2489,2022-09-27,2022-09-27,256,SEV1,analytics-pipeline,Anika Sharma,Noah Evans,resolved,database connection saturation,no customer impact detected,ATLAS-4389,PR-6998,"Action items: add alert, update runbook, assign owner, verify rollback, write KT note for analytics-pipeline."
PD-2490,2022-09-29,2022-09-29,5,SEV4,checkout-api,Nora Singh,Iris Wang,follow-up open,bad deployment,no customer impact detected,ATLAS-5269,PR-5173,"Action items: add alert, update runbook, assign owner, verify rollback, write KT note for checkout-api."
PD-2491,2022-10-03,2022-10-03,5,SEV3,payment-orchestrator,Victor Silva,Anika Sharma,follow-up open,database connection saturation,latency spike,ATLAS-6049,PR-5274,"Action items: add alert, update runbook, assign owner, verify rollback, write KT note for payment-orchestrator."
PD-2492,2022-10-03,2022-10-03,134,SEV2,checkout-api,Mateo Garcia,Theo Martin,postmortem complete,schema migration lock,no customer impact detected,ATLAS-1095,PR-5256,"Action items: add alert, update runbook, assign owner, verify rollback, write KT note for checkout-api."
PD-2493,2022-10-08,2022-10-08,5,SEV4,analytics-pipeline,Harper Lee,Theo Martin,resolved,bad deployment,no customer impact detected,ATLAS-5516,PR-10639,"Action items: add alert, update runbook, assign owner, verify rollback, write KT note for analytics-pipeline."
PD-2494,2022-10-09,2022-10-09,79,SEV2,search-recommendations,Aisha Khan,Mateo Garcia,resolved,schema migration lock,checkout errors increased,ATLAS-4404,PR-10690,"Action items: add alert, update runbook, assign owner, verify rollback, write KT note for search-recommendations."
PD-2495,2022-10-12,2022-10-12,56,SEV3,payment-orchestrator,Owen Brooks,Samir Rao,resolved,tax provider latency,orders delayed,ATLAS-2150,PR-11839,"Action items: add alert, update runbook, assign owner, verify rollback, write KT note for payment-orchestrator."
PD-2496,2022-10-19,2022-10-19,46,SEV3,order-ledger,Theo Martin,Grace Kim,follow-up open,bad deployment,no customer impact detected,ATLAS-1105,PR-7660,"Action items: add alert, update runbook, assign owner, verify rollback, write KT note for order-ledger."
PD-2497,2022-10-19,2022-10-19,106,SEV2,inventory-reservation,Samir Rao,Grace Kim,follow-up open,schema migration lock,latency spike,ATLAS-5872,PR-7211,"Action items: add alert, update runbook, assign owner, verify rollback, write KT note for inventory-reservation."
PD-2498,2022-10-23,2022-10-23,5,SEV3,checkout-api,Victor Silva,Jon Bell,follow-up open,bad deployment,no customer impact detected,ATLAS-2306,PR-8622,"Action items: add alert, update runbook, assign owner, verify rollback, write KT note for checkout-api."
PD-2499,2022-10-29,2022-10-29,24,SEV4,inventory-reservation,Jon Bell,Fatima Noor,follow-up open,schema migration lock,checkout errors increased,ATLAS-3219,PR-9123,"Action items: add alert, update runbook, assign owner, verify rollback, write KT note for inventory-reservation."
PD-2500,2022-10-28,2022-10-28,5,SEV3,search-recommendations,Ben Carter,Jon Bell,follow-up open,bad deployment,latency spike,ATLAS-3915,PR-9764,"Action items: add alert, update runbook, assign owner, verify rollback, write KT note for search-recommendations."
PD-2501,2022-11-02,2022-11-02,105,SEV3,inventory-reservation,Jon Bell,Iris Wang,postmortem complete,inventory reservation deadlock,payment retries increased,ATLAS-4619,PR-9392,"Action items: add alert, update runbook, assign owner, verify rollback, write KT note for inventory-reservation."
PD-2502,2022-11-08,2022-11-08,5,SEV4,inventory-reservation,Mateo Garcia,Yara Haddad,postmortem complete,cache stampede,latency spike,ATLAS-4737,PR-6290,"Action items: add alert, update runbook, assign owner, verify rollback, write KT note for inventory-reservation."
PD-2503,2022-11-09,2022-11-09,45,SEV3,auth-gateway,Mateo Garcia,Theo Martin,postmortem complete,queue backlog,orders delayed,ATLAS-5393,PR-9006,"Action items: add alert, update runbook, assign owner, verify rollback, write KT note for auth-gateway."
PD-2504,2022-11-12,2022-11-12,59,SEV3,loyalty-service,Maya Chen,Owen Brooks,resolved,inventory reservation deadlock,latency spike,ATLAS-4191,PR-7737,"Action items: add alert, update runbook, assign owner, verify rollback, write KT note for loyalty-service."
PD-2505,2022-11-17,2022-11-17,46,SEV4,loyalty-service,Harper Lee,Kim Tan,follow-up open,schema migration lock,support ticket volume increased,ATLAS-1072,PR-6827,"Action items: add alert, update runbook, assign owner, verify rollback, write KT note for loyalty-service."
PD-2506,2022-11-21,2022-11-21,31,SEV4,payment-orchestrator,Aisha Khan,Aisha Khan,follow-up open,feature flag misconfiguration,payment retries increased,ATLAS-1884,PR-10050,"Action items: add alert, update runbook, assign owner, verify rollback, write KT note for payment-orchestrator."
PD-2507,2022-11-23,2022-11-23,16,SEV4,auth-gateway,Jon Bell,Fatima Noor,resolved,queue backlog,payment retries increased,ATLAS-6137,PR-7258,"Action items: add alert, update runbook, assign owner, verify rollback, write KT note for auth-gateway."
PD-2508,2022-11-26,2022-11-26,21,SEV4,checkout-api,Victor Silva,Anika Sharma,resolved,inventory reservation deadlock,no customer impact detected,ATLAS-3329,PR-7831,"Action items: add alert, update runbook, assign owner, verify rollback, write KT note for checkout-api."
PD-2509,2022-11-29,2022-11-29,131,SEV2,cart-service,Luca Moretti,Luca Moretti,postmortem complete,feature flag misconfiguration,latency spike,ATLAS-1096,PR-10008,"Action items: add alert, update runbook, assign owner, verify rollback, write KT note for cart-service."
PD-2510,2022-12-03,2022-12-03,86,SEV3,inventory-reservation,Sara Novak,Sara Novak,postmortem complete,inventory reservation deadlock,support ticket volume increased,ATLAS-3879,PR-9959,"Action items: add alert, update runbook, assign owner, verify rollback, write KT note for inventory-reservation."
PD-2511,2022-12-05,2022-12-05,129,SEV2,payment-orchestrator,Harper Lee,Iris Wang,resolved,feature flag misconfiguration,latency spike,ATLAS-3058,PR-11278,"Action items: add alert, update runbook, assign owner, verify rollback, write KT note for payment-orchestrator."
PD-2512,2022-12-06,2022-12-06,50,SEV4,checkout-api,Noah Evans,Owen Brooks,postmortem complete,database connection saturation,checkout errors increased,ATLAS-1512,PR-7677,"Action items: add alert, update runbook, assign owner, verify rollback, write KT note for checkout-api."
PD-2513,2022-12-12,2022-12-12,6,SEV4,pricing-engine,Ben Carter,Sara Novak,postmortem complete,payment provider timeout,no customer impact detected,ATLAS-2521,PR-10055,"Action items: add alert, update runbook, assign owner, verify rollback, write KT note for pricing-engine."
PD-2514,2022-12-14,2022-12-14,67,SEV3,tax-service,Theo Martin,Sara Novak,follow-up open,schema migration lock,checkout errors increased,ATLAS-2789,PR-9954,"Action items: add alert, update runbook, assign owner, verify rollback, write KT note for tax-service."
PD-2515,2022-12-16,2022-12-16,20,SEV3,inventory-reservation,Maya Chen,Noah Evans,postmortem complete,queue backlog,support ticket volume increased,ATLAS-4849,PR-6594,"Action items: add alert, update runbook, assign owner, verify rollback, write KT note for inventory-reservation."
PD-2516,2022-12-20,2022-12-20,5,SEV3,pricing-engine,Samir Rao,Anika Sharma,resolved,schema migration lock,checkout errors increased,ATLAS-1990,PR-8186,"Action items: add alert, update runbook, assign owner, verify rollback, write KT note for pricing-engine."
PD-2517,2022-12-24,2022-12-24,5,SEV4,tax-service,Iris Wang,Anika Sharma,resolved,feature flag misconfiguration,checkout errors increased,ATLAS-4488,PR-9636,"Action items: add alert, update runbook, assign owner, verify rollback, write KT note for tax-service."
PD-2518,2022-12-29,2022-12-29,5,SEV4,checkout-api,Theo Martin,Harper Lee,postmortem complete,queue backlog,latency spike,ATLAS-1949,PR-11059,"Action items: add alert, update runbook, assign owner, verify rollback, write KT note for checkout-api."
PD-2519,2023-01-01,2023-01-01,15,SEV4,checkout-api,Kim Tan,Samir Rao,resolved,tax provider latency,no customer impact detected,ATLAS-2646,PR-7735,"Action items: add alert, update runbook, assign owner, verify rollback, write KT note for checkout-api."
PD-2520,2023-01-04,2023-01-04,31,SEV4,payment-orchestrator,Owen Brooks,Victor Silva,follow-up open,cache stampede,no customer impact detected,ATLAS-5765,PR-6062,"Action items: add alert, update runbook, assign owner, verify rollback, write KT note for payment-orchestrator."
PD-2521,2023-01-04,2023-01-04,11,SEV4,tax-service,Fatima Noor,Fatima Noor,follow-up open,cache stampede,latency spike,ATLAS-4257,PR-7201,"Action items: add alert, update runbook, assign owner, verify rollback, write KT note for tax-service."
PD-2522,2023-01-10,2023-01-10,159,SEV2,tax-service,Theo Martin,Mateo Garcia,resolved,feature flag misconfiguration,no customer impact detected,ATLAS-1360,PR-7042,"Action items: add alert, update runbook, assign owner, verify rollback, write KT note for tax-service."
PD-2523,2023-01-14,2023-01-14,72,SEV2,order-ledger,Mateo Garcia,Yara Haddad,resolved,bad deployment,payment retries increased,ATLAS-3101,PR-5678,"Action items: add alert, update runbook, assign owner, verify rollback, write KT note for order-ledger."
PD-2524,2023-01-14,2023-01-14,152,SEV2,payment-orchestrator,Elena Petrova,Harper Lee,follow-up open,database connection saturation,checkout errors increased,ATLAS-1293,PR-7687,"Action items: add alert, update runbook, assign owner, verify rollback, write KT note for payment-orchestrator."
PD-2525,2023-01-18,2023-01-18,72,SEV3,pricing-engine,Fatima Noor,Sara Novak,follow-up open,feature flag misconfiguration,checkout errors increased,ATLAS-1478,PR-9794,"Action items: add alert, update runbook, assign owner, verify rollback, write KT note for pricing-engine."
PD-2526,2023-01-20,2023-01-20,5,SEV4,notification-service,Mateo Garcia,Ravi Patel,resolved,inventory reservation deadlock,orders delayed,ATLAS-3012,PR-7784,"Action items: add alert, update runbook, assign owner, verify rollback, write KT note for notification-service."
PD-2527,2023-01-24,2023-01-24,22,SEV4,search-recommendations,Elena Petrova,Owen Brooks,resolved,bad deployment,no customer impact detected,ATLAS-1241,PR-6544,"Action items: add alert, update runbook, assign owner, verify rollback, write KT note for search-recommendations."
PD-2528,2023-01-29,2023-01-29,40,SEV4,loyalty-service,Samir Rao,Grace Kim,postmortem complete,inventory reservation deadlock,no customer impact detected,ATLAS-2291,PR-5109,"Action items: add alert, update runbook, assign owner, verify rollback, write KT note for loyalty-service."
PD-2529,2023-02-03,2023-02-03,35,SEV3,analytics-pipeline,Grace Kim,Harper Lee,follow-up open,schema migration lock,orders delayed,ATLAS-5713,PR-12349,"Action items: add alert, update runbook, assign owner, verify rollback, write KT note for analytics-pipeline."
PD-2530,2023-02-05,2023-02-05,84,SEV2,search-recommendations,Sara Novak,Dmitri Volkov,follow-up open,queue backlog,orders delayed,ATLAS-4786,PR-12425,"Action items: add alert, update runbook, assign owner, verify rollback, write KT note for search-recommendations."
PD-2531,2023-02-07,2023-02-07,29,SEV4,analytics-pipeline,Iris Wang,Noah Evans,postmortem complete,queue backlog,orders delayed,ATLAS-4584,PR-6955,"Action items: add alert, update runbook, assign owner, verify rollback, write KT note for analytics-pipeline."
PD-2532,2023-02-12,2023-02-12,47,SEV3,search-recommendations,Dmitri Volkov,Theo Martin,follow-up open,cache stampede,support ticket volume increased,ATLAS-1815,PR-11395,"Action items: add alert, update runbook, assign owner, verify rollback, write KT note for search-recommendations."
PD-2533,2023-02-15,2023-02-15,5,SEV4,notification-service,Yara Haddad,Jon Bell,follow-up open,inventory reservation deadlock,support ticket volume increased,ATLAS-1930,PR-9231,"Action items: add alert, update runbook, assign owner, verify rollback, write KT note for notification-service."
PD-2534,2023-02-19,2023-02-19,5,SEV4,analytics-pipeline,Sara Novak,Mateo Garcia,follow-up open,cache stampede,payment retries increased,ATLAS-1445,PR-8809,"Action items: add alert, update runbook, assign owner, verify rollback, write KT note for analytics-pipeline."
PD-2535,2023-02-18,2023-02-18,5,SEV4,pricing-engine,Harper Lee,Samir Rao,resolved,schema migration lock,checkout errors increased,ATLAS-6015,PR-6682,"Action items: add alert, update runbook, assign owner, verify rollback, write KT note for pricing-engine."
PD-2536,2023-02-23,2023-02-23,20,SEV4,payment-orchestrator,Luca Moretti,Ben Carter,follow-up open,feature flag misconfiguration,orders delayed,ATLAS-6081,PR-9334,"Action items: add alert, update runbook, assign owner, verify rollback, write KT note for payment-orchestrator."
PD-2537,2023-03-01,2023-03-01,63,SEV3,checkout-api,Iris Wang,Priya Nair,postmortem complete,inventory reservation deadlock,payment retries increased,ATLAS-5824,PR-9432,"Action items: add alert, update runbook, assign owner, verify rollback, write KT note for checkout-api."
PD-2538,2023-02-28,2023-02-28,68,SEV3,analytics-pipeline,Dmitri Volkov,Priya Nair,resolved,database connection saturation,checkout errors increased,ATLAS-5993,PR-10535,"Action items: add alert, update runbook, assign owner, verify rollback, write KT note for analytics-pipeline."
PD-2539,2023-03-07,2023-03-07,118,SEV2,payment-orchestrator,Owen Brooks,Anika Sharma,resolved,schema migration lock,no customer impact detected,ATLAS-3531,PR-5942,"Action items: add alert, update runbook, assign owner, verify rollback, write KT note for payment-orchestrator."
PD-2540,2023-03-07,2023-03-07,5,SEV4,tax-service,Noah Evans,Luca Moretti,resolved,schema migration lock,no customer impact detected,ATLAS-5688,PR-8367,"Action items: add alert, update runbook, assign owner, verify rollback, write KT note for tax-service."
PD-2541,2023-03-11,2023-03-11,73,SEV3,inventory-reservation,Maya Chen,Nora Singh,resolved,database connection saturation,latency spike,ATLAS-3468,PR-5969,"Action items: add alert, update runbook, assign owner, verify rollback, write KT note for inventory-reservation."
PD-2542,2023-03-17,2023-03-17,66,SEV4,auth-gateway,Aisha Khan,Theo Martin,follow-up open,database connection saturation,latency spike,ATLAS-2560,PR-10014,"Action items: add alert, update runbook, assign owner, verify rollback, write KT note for auth-gateway."
PD-2543,2023-03-16,2023-03-16,47,SEV3,order-ledger,Theo Martin,Noah Evans,follow-up open,inventory reservation deadlock,latency spike,ATLAS-5932,PR-5721,"Action items: add alert, update runbook, assign owner, verify rollback, write KT note for order-ledger."
PD-2544,2023-03-19,2023-03-19,5,SEV3,pricing-engine,Samir Rao,Noah Evans,resolved,queue backlog,latency spike,ATLAS-3491,PR-12204,"Action items: add alert, update runbook, assign owner, verify rollback, write KT note for pricing-engine."
PD-2545,2023-03-22,2023-03-22,5,SEV4,auth-gateway,Theo Martin,Aisha Khan,follow-up open,feature flag misconfiguration,orders delayed,ATLAS-2065,PR-10092,"Action items: add alert, update runbook, assign owner, verify rollback, write KT note for auth-gateway."
PD-2546,2023-03-30,2023-03-30,74,SEV3,cart-service,Sara Novak,Kim Tan,postmortem complete,bad deployment,no customer impact detected,ATLAS-3501,PR-6510,"Action items: add alert, update runbook, assign owner, verify rollback, write KT note for cart-service."
PD-2547,2023-03-30,2023-03-30,135,SEV2,pricing-engine,Jon Bell,Owen Brooks,follow-up open,schema migration lock,latency spike,ATLAS-4105,PR-7311,"Action items: add alert, update runbook, assign owner, verify rollback, write KT note for pricing-engine."
PD-2548,2023-04-02,2023-04-02,5,SEV4,search-recommendations,Sara Novak,Aisha Khan,postmortem complete,tax provider latency,checkout errors increased,ATLAS-4445,PR-6278,"Action items: add alert, update runbook, assign owner, verify rollback, write KT note for search-recommendations."
PD-2549,2023-04-05,2023-04-05,7,SEV4,auth-gateway,Yara Haddad,Grace Kim,postmortem complete,tax provider latency,orders delayed,ATLAS-5912,PR-10141,"Action items: add alert, update runbook, assign owner, verify rollback, write KT note for auth-gateway."
PD-2550,2023-04-08,2023-04-08,80,SEV2,tax-service,Jon Bell,Owen Brooks,postmortem complete,feature flag misconfiguration,orders delayed,ATLAS-2498,PR-5285,"Action items: add alert, update runbook, assign owner, verify rollback, write KT note for tax-service."
PD-2551,2023-04-12,2023-04-12,5,SEV4,pricing-engine,Maya Chen,Ravi Patel,postmortem complete,queue backlog,payment retries increased,ATLAS-5509,PR-9860,"Action items: add alert, update runbook, assign owner, verify rollback, write KT note for pricing-engine."
PD-2552,2023-04-16,2023-04-16,54,SEV3,tax-service,Luca Moretti,Dmitri Volkov,follow-up open,cache stampede,checkout errors increased,ATLAS-5435,PR-9224,"Action items: add alert, update runbook, assign owner, verify rollback, write KT note for tax-service."
PD-2553,2023-04-19,2023-04-19,129,SEV2,payment-orchestrator,Samir Rao,Theo Martin,follow-up open,bad deployment,payment retries increased,ATLAS-4778,PR-8797,"Action items: add alert, update runbook, assign owner, verify rollback, write KT note for payment-orchestrator."
PD-2554,2023-04-22,2023-04-22,66,SEV4,notification-service,Victor Silva,Anika Sharma,follow-up open,database connection saturation,support ticket volume increased,ATLAS-2369,PR-8372,"Action items: add alert, update runbook, assign owner, verify rollback, write KT note for notification-service."
PD-2555,2023-04-26,2023-04-26,6,SEV3,tax-service,Noah Evans,Maya Chen,follow-up open,database connection saturation,payment retries increased,ATLAS-3738,PR-6871,"Action items: add alert, update runbook, assign owner, verify rollback, write KT note for tax-service."
PD-2556,2023-05-01,2023-05-01,23,SEV4,analytics-pipeline,Victor Silva,Owen Brooks,postmortem complete,inventory reservation deadlock,orders delayed,ATLAS-4248,PR-8124,"Action items: add alert, update runbook, assign owner, verify rollback, write KT note for analytics-pipeline."
PD-2557,2023-04-30,2023-04-30,38,SEV4,auth-gateway,Luca Moretti,Aisha Khan,postmortem complete,inventory reservation deadlock,no customer impact detected,ATLAS-3925,PR-11314,"Action items: add alert, update runbook, assign owner, verify rollback, write KT note for auth-gateway."
PD-2558,2023-05-07,2023-05-07,71,SEV2,tax-service,Nora Singh,Sara Novak,postmortem complete,queue backlog,latency spike,ATLAS-1966,PR-7892,"Action items: add alert, update runbook, assign owner, verify rollback, write KT note for tax-service."
PD-2559,2023-05-09,2023-05-09,130,SEV2,tax-service,Theo Martin,Dmitri Volkov,resolved,feature flag misconfiguration,orders delayed,ATLAS-1218,PR-10009,"Action items: add alert, update runbook, assign owner, verify rollback, write KT note for tax-service."
PD-2560,2023-05-11,2023-05-11,89,SEV3,pricing-engine,Ravi Patel,Victor Silva,follow-up open,database connection saturation,support ticket volume increased,ATLAS-4580,PR-9444,"Action items: add alert, update runbook, assign owner, verify rollback, write KT note for pricing-engine."
PD-2561,2023-05-13,2023-05-13,38,SEV3,search-recommendations,Noah Evans,Iris Wang,postmortem complete,queue backlog,orders delayed,ATLAS-2029,PR-6591,"Action items: add alert, update runbook, assign owner, verify rollback, write KT note for search-recommendations."
PD-2562,2023-05-16,2023-05-16,85,SEV3,notification-service,Aisha Khan,Ben Carter,postmortem complete,schema migration lock,checkout errors increased,ATLAS-3067,PR-6391,"Action items: add alert, update runbook, assign owner, verify rollback, write KT note for notification-service."
PD-2563,2023-05-23,2023-05-23,80,SEV2,order-ledger,Luca Moretti,Iris Wang,postmortem complete,queue backlog,payment retries increased,ATLAS-6182,PR-8949,"Action items: add alert, update runbook, assign owner, verify rollback, write KT note for order-ledger."
PD-2564,2023-05-24,2023-05-24,5,SEV3,tax-service,Elena Petrova,Ravi Patel,resolved,bad deployment,payment retries increased,ATLAS-3316,PR-11197,"Action items: add alert, update runbook, assign owner, verify rollback, write KT note for tax-service."
PD-2565,2023-05-27,2023-05-27,119,SEV2,checkout-api,Theo Martin,Jon Bell,resolved,bad deployment,no customer impact detected,ATLAS-4151,PR-7186,"Action items: add alert, update runbook, assign owner, verify rollback, write KT note for checkout-api."
PD-2566,2023-05-31,2023-05-31,22,SEV3,checkout-api,Mateo Garcia,Samir Rao,resolved,schema migration lock,no customer impact detected,ATLAS-2976,PR-7252,"Action items: add alert, update runbook, assign owner, verify rollback, write KT note for checkout-api."
PD-2567,2023-06-05,2023-06-05,110,SEV2,cart-service,Luca Moretti,Dmitri Volkov,resolved,schema migration lock,support ticket volume increased,ATLAS-5649,PR-11262,"Action items: add alert, update runbook, assign owner, verify rollback, write KT note for cart-service."
PD-2568,2023-06-09,2023-06-09,71,SEV4,auth-gateway,Dmitri Volkov,Harper Lee,follow-up open,bad deployment,orders delayed,ATLAS-1545,PR-5037,"Action items: add alert, update runbook, assign owner, verify rollback, write KT note for auth-gateway."
PD-2569,2023-06-09,2023-06-09,30,SEV3,cart-service,Kim Tan,Noah Evans,follow-up open,queue backlog,payment retries increased,ATLAS-1515,PR-7170,"Action items: add alert, update runbook, assign owner, verify rollback, write KT note for cart-service."
PD-2570,2023-06-11,2023-06-11,49,SEV3,loyalty-service,Aisha Khan,Ben Carter,postmortem complete,bad deployment,payment retries increased,ATLAS-3310,PR-7984,"Action items: add alert, update runbook, assign owner, verify rollback, write KT note for loyalty-service."
PD-2571,2023-06-17,2023-06-17,97,SEV2,search-recommendations,Noah Evans,Ravi Patel,resolved,bad deployment,support ticket volume increased,ATLAS-5966,PR-7481,"Action items: add alert, update runbook, assign owner, verify rollback, write KT note for search-recommendations."
PD-2572,2023-06-19,2023-06-19,40,SEV4,payment-orchestrator,Victor Silva,Priya Nair,follow-up open,bad deployment,orders delayed,ATLAS-3924,PR-8489,"Action items: add alert, update runbook, assign owner, verify rollback, write KT note for payment-orchestrator."
PD-2573,2023-06-21,2023-06-21,44,SEV3,tax-service,Grace Kim,Anika Sharma,follow-up open,tax provider latency,support ticket volume increased,ATLAS-6127,PR-8560,"Action items: add alert, update runbook, assign owner, verify rollback, write KT note for tax-service."
PD-2574,2023-06-27,2023-06-27,50,SEV3,inventory-reservation,Dmitri Volkov,Priya Nair,follow-up open,queue backlog,latency spike,ATLAS-5081,PR-7523,"Action items: add alert, update runbook, assign owner, verify rollback, write KT note for inventory-reservation."
PD-2575,2023-06-27,2023-06-27,5,SEV3,tax-service,Harper Lee,Aisha Khan,resolved,payment provider timeout,payment retries increased,ATLAS-2273,PR-8028,"Action items: add alert, update runbook, assign owner, verify rollback, write KT note for tax-service."
PD-2576,2023-07-01,2023-07-01,5,SEV4,order-ledger,Mateo Garcia,Elena Petrova,follow-up open,tax provider latency,no customer impact detected,ATLAS-4171,PR-7479,"Action items: add alert, update runbook, assign owner, verify rollback, write KT note for order-ledger."
PD-2577,2023-07-05,2023-07-05,92,SEV3,checkout-api,Kim Tan,Ravi Patel,resolved,bad deployment,payment retries increased,ATLAS-1737,PR-7820,"Action items: add alert, update runbook, assign owner, verify rollback, write KT note for checkout-api."
PD-2578,2023-07-11,2023-07-11,61,SEV4,tax-service,Priya Nair,Yara Haddad,resolved,tax provider latency,no customer impact detected,ATLAS-4337,PR-6260,"Action items: add alert, update runbook, assign owner, verify rollback, write KT note for tax-service."
PD-2579,2023-07-10,2023-07-10,114,SEV2,auth-gateway,Priya Nair,Luca Moretti,follow-up open,inventory reservation deadlock,checkout errors increased,ATLAS-4310,PR-5660,"Action items: add alert, update runbook, assign owner, verify rollback, write KT note for auth-gateway."
PD-2580,2023-07-17,2023-07-17,79,SEV3,notification-service,Samir Rao,Dmitri Volkov,resolved,payment provider timeout,latency spike,ATLAS-3664,PR-12469,"Action items: add alert, update runbook, assign owner, verify rollback, write KT note for notification-service."
PD-2581,2023-07-19,2023-07-19,94,SEV3,cart-service,Aisha Khan,Samir Rao,postmortem complete,inventory reservation deadlock,no customer impact detected,ATLAS-4101,PR-10274,"Action items: add alert, update runbook, assign owner, verify rollback, write KT note for cart-service."
PD-2582,2023-07-24,2023-07-24,23,SEV4,notification-service,Grace Kim,Yara Haddad,postmortem complete,queue backlog,latency spike,ATLAS-3865,PR-11012,"Action items: add alert, update runbook, assign owner, verify rollback, write KT note for notification-service."
PD-2583,2023-07-24,2023-07-24,5,SEV3,analytics-pipeline,Ravi Patel,Theo Martin,follow-up open,database connection saturation,checkout errors increased,ATLAS-2545,PR-9140,"Action items: add alert, update runbook, assign owner, verify rollback, write KT note for analytics-pipeline."
PD-2584,2023-07-27,2023-07-27,67,SEV3,search-recommendations,Owen Brooks,Ben Carter,follow-up open,inventory reservation deadlock,orders delayed,ATLAS-2261,PR-11872,"Action items: add alert, update runbook, assign owner, verify rollback, write KT note for search-recommendations."
PD-2585,2023-08-02,2023-08-02,14,SEV3,pricing-engine,Ben Carter,Maya Chen,follow-up open,database connection saturation,checkout errors increased,ATLAS-1712,PR-7843,"Action items: add alert, update runbook, assign owner, verify rollback, write KT note for pricing-engine."
PD-2586,2023-08-06,2023-08-06,5,SEV4,notification-service,Ben Carter,Luca Moretti,resolved,schema migration lock,payment retries increased,ATLAS-2915,PR-8329,"Action items: add alert, update runbook, assign owner, verify rollback, write KT note for notification-service."
PD-2587,2023-08-05,2023-08-05,42,SEV4,analytics-pipeline,Kim Tan,Noah Evans,follow-up open,tax provider latency,payment retries increased,ATLAS-2244,PR-9783,"Action items: add alert, update runbook, assign owner, verify rollback, write KT note for analytics-pipeline."
PD-2588,2023-08-11,2023-08-11,149,SEV2,notification-service,Noah Evans,Maya Chen,postmortem complete,inventory reservation deadlock,checkout errors increased,ATLAS-3626,PR-8374,"Action items: add alert, update runbook, assign owner, verify rollback, write KT note for notification-service."
PD-2589,2023-08-11,2023-08-11,95,SEV3,inventory-reservation,Mateo Garcia,Nora Singh,resolved,inventory reservation deadlock,orders delayed,ATLAS-2042,PR-10892,"Action items: add alert, update runbook, assign owner, verify rollback, write KT note for inventory-reservation."
PD-2590,2023-08-15,2023-08-15,196,SEV1,inventory-reservation,Yara Haddad,Aisha Khan,postmortem complete,bad deployment,orders delayed,ATLAS-5306,PR-8743,"Action items: add alert, update runbook, assign owner, verify rollback, write KT note for inventory-reservation."
PD-2591,2023-08-20,2023-08-20,21,SEV4,tax-service,Ben Carter,Anika Sharma,resolved,feature flag misconfiguration,orders delayed,ATLAS-1948,PR-8708,"Action items: add alert, update runbook, assign owner, verify rollback, write KT note for tax-service."
PD-2592,2023-08-24,2023-08-24,66,SEV3,inventory-reservation,Elena Petrova,Kim Tan,resolved,queue backlog,no customer impact detected,ATLAS-2282,PR-5597,"Action items: add alert, update runbook, assign owner, verify rollback, write KT note for inventory-reservation."
PD-2593,2023-08-25,2023-08-25,18,SEV3,cart-service,Aisha Khan,Jon Bell,follow-up open,queue backlog,checkout errors increased,ATLAS-1028,PR-6808,"Action items: add alert, update runbook, assign owner, verify rollback, write KT note for cart-service."
PD-2594,2023-08-29,2023-08-29,119,SEV2,loyalty-service,Sara Novak,Anika Sharma,resolved,queue backlog,orders delayed,ATLAS-1798,PR-6568,"Action items: add alert, update runbook, assign owner, verify rollback, write KT note for loyalty-service."
PD-2595,2023-09-01,2023-09-01,14,SEV3,auth-gateway,Yara Haddad,Elena Petrova,postmortem complete,feature flag misconfiguration,support ticket volume increased,ATLAS-2534,PR-7229,"Action items: add alert, update runbook, assign owner, verify rollback, write KT note for auth-gateway."
PD-2596,2023-09-05,2023-09-05,64,SEV3,loyalty-service,Grace Kim,Victor Silva,resolved,inventory reservation deadlock,no customer impact detected,ATLAS-3766,PR-6910,"Action items: add alert, update runbook, assign owner, verify rollback, write KT note for loyalty-service."
PD-2597,2023-09-08,2023-09-08,5,SEV4,auth-gateway,Dmitri Volkov,Elena Petrova,resolved,database connection saturation,checkout errors increased,ATLAS-1331,PR-5026,"Action items: add alert, update runbook, assign owner, verify rollback, write KT note for auth-gateway."
PD-2598,2023-09-09,2023-09-09,60,SEV3,analytics-pipeline,Samir Rao,Grace Kim,follow-up open,cache stampede,no customer impact detected,ATLAS-5965,PR-9702,"Action items: add alert, update runbook, assign owner, verify rollback, write KT note for analytics-pipeline."
PD-2599,2023-09-15,2023-09-15,77,SEV4,payment-orchestrator,Elena Petrova,Kim Tan,follow-up open,queue backlog,no customer impact detected,ATLAS-5866,PR-7284,"Action items: add alert, update runbook, assign owner, verify rollback, write KT note for payment-orchestrator."
PD-2600,2023-09-19,2023-09-19,5,SEV4,analytics-pipeline,Nora Singh,Fatima Noor,follow-up open,bad deployment,checkout errors increased,ATLAS-4985,PR-5962,"Action items: add alert, update runbook, assign owner, verify rollback, write KT note for analytics-pipeline."
PD-2601,2023-09-21,2023-09-21,102,SEV3,auth-gateway,Elena Petrova,Iris Wang,resolved,schema migration lock,orders delayed,ATLAS-4894,PR-10104,"Action items: add alert, update runbook, assign owner, verify rollback, write KT note for auth-gateway."
PD-2602,2023-09-24,2023-09-24,56,SEV3,payment-orchestrator,Owen Brooks,Anika Sharma,resolved,cache stampede,latency spike,ATLAS-6196,PR-6036,"Action items: add alert, update runbook, assign owner, verify rollback, write KT note for payment-orchestrator."
PD-2603,2023-09-29,2023-09-29,26,SEV4,checkout-api,Samir Rao,Theo Martin,follow-up open,schema migration lock,checkout errors increased,ATLAS-1998,PR-8858,"Action items: add alert, update runbook, assign owner, verify rollback, write KT note for checkout-api."
PD-2604,2023-10-02,2023-10-02,17,SEV4,loyalty-service,Iris Wang,Victor Silva,postmortem complete,cache stampede,checkout errors increased,ATLAS-1805,PR-11722,"Action items: add alert, update runbook, assign owner, verify rollback, write KT note for loyalty-service."
PD-2605,2023-10-04,2023-10-04,5,SEV4,cart-service,Mateo Garcia,Iris Wang,postmortem complete,bad deployment,support ticket volume increased,ATLAS-1552,PR-5616,"Action items: add alert, update runbook, assign owner, verify rollback, write KT note for cart-service."
PD-2606,2023-10-07,2023-10-07,80,SEV2,pricing-engine,Samir Rao,Grace Kim,follow-up open,cache stampede,no customer impact detected,ATLAS-1670,PR-9144,"Action items: add alert, update runbook, assign owner, verify rollback, write KT note for pricing-engine."
PD-2607,2023-10-10,2023-10-10,134,SEV2,payment-orchestrator,Mateo Garcia,Kim Tan,follow-up open,tax provider latency,orders delayed,ATLAS-5116,PR-10791,"Action items: add alert, update runbook, assign owner, verify rollback, write KT note for payment-orchestrator."
PD-2608,2023-10-14,2023-10-14,53,SEV4,tax-service,Owen Brooks,Elena Petrova,follow-up open,schema migration lock,orders delayed,ATLAS-4250,PR-8480,"Action items: add alert, update runbook, assign owner, verify rollback, write KT note for tax-service."
PD-2609,2023-10-15,2023-10-15,86,SEV4,inventory-reservation,Maya Chen,Iris Wang,postmortem complete,schema migration lock,support ticket volume increased,ATLAS-1936,PR-9718,"Action items: add alert, update runbook, assign owner, verify rollback, write KT note for inventory-reservation."
PD-2610,2023-10-19,2023-10-19,166,SEV2,cart-service,Samir Rao,Luca Moretti,resolved,queue backlog,latency spike,ATLAS-5116,PR-6340,"Action items: add alert, update runbook, assign owner, verify rollback, write KT note for cart-service."
PD-2611,2023-10-25,2023-10-25,5,SEV4,tax-service,Kim Tan,Sara Novak,resolved,payment provider timeout,payment retries increased,ATLAS-5589,PR-9136,"Action items: add alert, update runbook, assign owner, verify rollback, write KT note for tax-service."
PD-2612,2023-10-26,2023-10-26,5,SEV4,loyalty-service,Kim Tan,Elena Petrova,postmortem complete,tax provider latency,orders delayed,ATLAS-1290,PR-9867,"Action items: add alert, update runbook, assign owner, verify rollback, write KT note for loyalty-service."
PD-2613,2023-10-29,2023-10-29,108,SEV3,order-ledger,Harper Lee,Dmitri Volkov,follow-up open,database connection saturation,checkout errors increased,ATLAS-2478,PR-12590,"Action items: add alert, update runbook, assign owner, verify rollback, write KT note for order-ledger."
PD-2614,2023-11-04,2023-11-04,143,SEV2,payment-orchestrator,Jon Bell,Luca Moretti,resolved,cache stampede,support ticket volume increased,ATLAS-5497,PR-5749,"Action items: add alert, update runbook, assign owner, verify rollback, write KT note for payment-orchestrator."
PD-2615,2023-11-05,2023-11-05,5,SEV3,search-recommendations,Luca Moretti,Anika Sharma,follow-up open,payment provider timeout,support ticket volume increased,ATLAS-5029,PR-5870,"Action items: add alert, update runbook, assign owner, verify rollback, write KT note for search-recommendations."
PD-2616,2023-11-09,2023-11-09,222,SEV1,search-recommendations,Jon Bell,Kim Tan,resolved,feature flag misconfiguration,checkout errors increased,ATLAS-1618,PR-5047,"Action items: add alert, update runbook, assign owner, verify rollback, write KT note for search-recommendations."
PD-2617,2023-11-12,2023-11-12,21,SEV3,tax-service,Nora Singh,Mateo Garcia,postmortem complete,schema migration lock,support ticket volume increased,ATLAS-6159,PR-6679,"Action items: add alert, update runbook, assign owner, verify rollback, write KT note for tax-service."
PD-2618,2023-11-17,2023-11-17,24,SEV3,tax-service,Priya Nair,Nora Singh,resolved,cache stampede,checkout errors increased,ATLAS-5426,PR-5648,"Action items: add alert, update runbook, assign owner, verify rollback, write KT note for tax-service."
PD-2619,2023-11-19,2023-11-19,110,SEV3,checkout-api,Iris Wang,Maya Chen,resolved,database connection saturation,latency spike,ATLAS-4811,PR-6222,"Action items: add alert, update runbook, assign owner, verify rollback, write KT note for checkout-api."
PD-2620,2023-11-22,2023-11-22,30,SEV3,cart-service,Kim Tan,Dmitri Volkov,follow-up open,feature flag misconfiguration,orders delayed,ATLAS-1680,PR-10029,"Action items: add alert, update runbook, assign owner, verify rollback, write KT note for cart-service."
PD-2621,2023-11-23,2023-11-23,43,SEV3,auth-gateway,Mateo Garcia,Kim Tan,postmortem complete,queue backlog,latency spike,ATLAS-5976,PR-11470,"Action items: add alert, update runbook, assign owner, verify rollback, write KT note for auth-gateway."
PD-2622,2023-11-27,2023-11-27,228,SEV1,notification-service,Fatima Noor,Jon Bell,follow-up open,tax provider latency,support ticket volume increased,ATLAS-2400,PR-8088,"Action items: add alert, update runbook, assign owner, verify rollback, write KT note for notification-service."
PD-2623,2023-12-02,2023-12-02,62,SEV3,order-ledger,Elena Petrova,Yara Haddad,resolved,database connection saturation,payment retries increased,ATLAS-4794,PR-8614,"Action items: add alert, update runbook, assign owner, verify rollback, write KT note for order-ledger."
PD-2624,2023-12-03,2023-12-03,185,SEV2,loyalty-service,Ben Carter,Jon Bell,resolved,bad deployment,payment retries increased,ATLAS-4764,PR-6746,"Action items: add alert, update runbook, assign owner, verify rollback, write KT note for loyalty-service."
PD-2625,2023-12-08,2023-12-08,93,SEV3,notification-service,Iris Wang,Owen Brooks,resolved,payment provider timeout,no customer impact detected,ATLAS-5678,PR-11375,"Action items: add alert, update runbook, assign owner, verify rollback, write KT note for notification-service."
PD-2626,2023-12-11,2023-12-11,108,SEV2,inventory-reservation,Mateo Garcia,Anika Sharma,follow-up open,tax provider latency,orders delayed,ATLAS-2798,PR-6035,"Action items: add alert, update runbook, assign owner, verify rollback, write KT note for inventory-reservation."
PD-2627,2023-12-15,2023-12-15,36,SEV4,search-recommendations,Maya Chen,Ravi Patel,resolved,inventory reservation deadlock,no customer impact detected,ATLAS-2768,PR-5980,"Action items: add alert, update runbook, assign owner, verify rollback, write KT note for search-recommendations."
PD-2628,2023-12-17,2023-12-17,75,SEV3,search-recommendations,Theo Martin,Victor Silva,follow-up open,database connection saturation,orders delayed,ATLAS-3485,PR-8705,"Action items: add alert, update runbook, assign owner, verify rollback, write KT note for search-recommendations."
PD-2629,2023-12-21,2023-12-21,38,SEV4,inventory-reservation,Kim Tan,Sara Novak,follow-up open,bad deployment,checkout errors increased,ATLAS-5057,PR-11308,"Action items: add alert, update runbook, assign owner, verify rollback, write KT note for inventory-reservation."
PD-2630,2023-12-22,2023-12-22,5,SEV3,inventory-reservation,Aisha Khan,Yara Haddad,postmortem complete,inventory reservation deadlock,checkout errors increased,ATLAS-2097,PR-11347,"Action items: add alert, update runbook, assign owner, verify rollback, write KT note for inventory-reservation."
PD-2631,2023-12-29,2023-12-29,129,SEV3,cart-service,Jon Bell,Nora Singh,postmortem complete,payment provider timeout,payment retries increased,ATLAS-5237,PR-7595,"Action items: add alert, update runbook, assign owner, verify rollback, write KT note for cart-service."
PD-2632,2023-12-31,2023-12-31,59,SEV2,inventory-reservation,Iris Wang,Kim Tan,follow-up open,schema migration lock,checkout errors increased,ATLAS-4975,PR-9469,"Action items: add alert, update runbook, assign owner, verify rollback, write KT note for inventory-reservation."
PD-2633,2024-01-01,2024-01-01,33,SEV4,payment-orchestrator,Jon Bell,Samir Rao,follow-up open,inventory reservation deadlock,orders delayed,ATLAS-5338,PR-7995,"Action items: add alert, update runbook, assign owner, verify rollback, write KT note for payment-orchestrator."
PD-2634,2024-01-04,2024-01-04,62,SEV4,analytics-pipeline,Samir Rao,Elena Petrova,follow-up open,queue backlog,payment retries increased,ATLAS-3370,PR-5965,"Action items: add alert, update runbook, assign owner, verify rollback, write KT note for analytics-pipeline."
PD-2635,2024-01-09,2024-01-09,85,SEV3,payment-orchestrator,Victor Silva,Mateo Garcia,follow-up open,cache stampede,orders delayed,ATLAS-2341,PR-12409,"Action items: add alert, update runbook, assign owner, verify rollback, write KT note for payment-orchestrator."
PD-2636,2024-01-13,2024-01-13,6,SEV4,payment-orchestrator,Ben Carter,Priya Nair,resolved,payment provider timeout,support ticket volume increased,ATLAS-3637,PR-7517,"Action items: add alert, update runbook, assign owner, verify rollback, write KT note for payment-orchestrator."
PD-2637,2024-01-17,2024-01-17,5,SEV4,payment-orchestrator,Dmitri Volkov,Theo Martin,postmortem complete,inventory reservation deadlock,payment retries increased,ATLAS-5617,PR-9605,"Action items: add alert, update runbook, assign owner, verify rollback, write KT note for payment-orchestrator."
PD-2638,2024-01-21,2024-01-21,117,SEV2,order-ledger,Noah Evans,Sara Novak,postmortem complete,payment provider timeout,payment retries increased,ATLAS-3329,PR-7051,"Action items: add alert, update runbook, assign owner, verify rollback, write KT note for order-ledger."
PD-2639,2024-01-21,2024-01-21,20,SEV4,order-ledger,Aisha Khan,Priya Nair,follow-up open,inventory reservation deadlock,orders delayed,ATLAS-5362,PR-5437,"Action items: add alert, update runbook, assign owner, verify rollback, write KT note for order-ledger."
PD-2640,2024-01-26,2024-01-26,5,SEV4,search-recommendations,Kim Tan,Harper Lee,follow-up open,inventory reservation deadlock,no customer impact detected,ATLAS-5187,PR-9068,"Action items: add alert, update runbook, assign owner, verify rollback, write KT note for search-recommendations."
PD-2641,2024-01-30,2024-01-30,18,SEV4,loyalty-service,Samir Rao,Aisha Khan,postmortem complete,bad deployment,checkout errors increased,ATLAS-4178,PR-6058,"Action items: add alert, update runbook, assign owner, verify rollback, write KT note for loyalty-service."
PD-2642,2024-02-03,2024-02-03,44,SEV3,inventory-reservation,Harper Lee,Theo Martin,resolved,cache stampede,no customer impact detected,ATLAS-2351,PR-11958,"Action items: add alert, update runbook, assign owner, verify rollback, write KT note for inventory-reservation."
PD-2643,2024-02-06,2024-02-06,7,SEV4,loyalty-service,Fatima Noor,Samir Rao,postmortem complete,tax provider latency,orders delayed,ATLAS-5106,PR-12038,"Action items: add alert, update runbook, assign owner, verify rollback, write KT note for loyalty-service."
PD-2644,2024-02-08,2024-02-08,92,SEV2,cart-service,Elena Petrova,Dmitri Volkov,follow-up open,tax provider latency,no customer impact detected,ATLAS-2504,PR-11272,"Action items: add alert, update runbook, assign owner, verify rollback, write KT note for cart-service."
PD-2645,2024-02-12,2024-02-12,45,SEV4,tax-service,Grace Kim,Elena Petrova,postmortem complete,feature flag misconfiguration,orders delayed,ATLAS-2089,PR-6128,"Action items: add alert, update runbook, assign owner, verify rollback, write KT note for tax-service."
PD-2646,2024-02-11,2024-02-11,85,SEV2,cart-service,Maya Chen,Harper Lee,resolved,feature flag misconfiguration,payment retries increased,ATLAS-3832,PR-7486,"Action items: add alert, update runbook, assign owner, verify rollback, write KT note for cart-service."
PD-2647,2024-02-16,2024-02-16,34,SEV3,loyalty-service,Noah Evans,Priya Nair,follow-up open,schema migration lock,no customer impact detected,ATLAS-1289,PR-5400,"Action items: add alert, update runbook, assign owner, verify rollback, write KT note for loyalty-service."
PD-2648,2024-02-19,2024-02-19,29,SEV3,cart-service,Noah Evans,Maya Chen,resolved,tax provider latency,no customer impact detected,ATLAS-6156,PR-12011,"Action items: add alert, update runbook, assign owner, verify rollback, write KT note for cart-service."
PD-2649,2024-02-23,2024-02-23,32,SEV3,payment-orchestrator,Theo Martin,Dmitri Volkov,follow-up open,bad deployment,no customer impact detected,ATLAS-4406,PR-5870,"Action items: add alert, update runbook, assign owner, verify rollback, write KT note for payment-orchestrator."
PD-2650,2024-02-27,2024-02-27,120,SEV2,pricing-engine,Ben Carter,Sara Novak,resolved,schema migration lock,orders delayed,ATLAS-1351,PR-11187,"Action items: add alert, update runbook, assign owner, verify rollback, write KT note for pricing-engine."
PD-2651,2024-02-28,2024-02-28,94,SEV3,notification-service,Samir Rao,Aisha Khan,resolved,feature flag misconfiguration,support ticket volume increased,ATLAS-6029,PR-8512,"Action items: add alert, update runbook, assign owner, verify rollback, write KT note for notification-service."
PD-2652,2024-03-06,2024-03-06,34,SEV4,checkout-api,Jon Bell,Maya Chen,follow-up open,feature flag misconfiguration,latency spike,ATLAS-2010,PR-7159,"Action items: add alert, update runbook, assign owner, verify rollback, write KT note for checkout-api."
PD-2653,2024-03-09,2024-03-09,24,SEV4,analytics-pipeline,Iris Wang,Grace Kim,resolved,cache stampede,latency spike,ATLAS-3978,PR-6126,"Action items: add alert, update runbook, assign owner, verify rollback, write KT note for analytics-pipeline."
PD-2654,2024-03-12,2024-03-12,24,SEV3,checkout-api,Yara Haddad,Owen Brooks,postmortem complete,schema migration lock,orders delayed,ATLAS-1412,PR-5223,"Action items: add alert, update runbook, assign owner, verify rollback, write KT note for checkout-api."
PD-2655,2024-03-12,2024-03-12,31,SEV4,cart-service,Harper Lee,Kim Tan,follow-up open,database connection saturation,payment retries increased,ATLAS-2471,PR-11364,"Action items: add alert, update runbook, assign owner, verify rollback, write KT note for cart-service."
PD-2656,2024-03-19,2024-03-19,5,SEV4,notification-service,Aisha Khan,Maya Chen,follow-up open,payment provider timeout,latency spike,ATLAS-4418,PR-5310,"Action items: add alert, update runbook, assign owner, verify rollback, write KT note for notification-service."
PD-2657,2024-03-22,2024-03-22,52,SEV3,tax-service,Sara Novak,Nora Singh,resolved,database connection saturation,checkout errors increased,ATLAS-3391,PR-8618,"Action items: add alert, update runbook, assign owner, verify rollback, write KT note for tax-service."
PD-2658,2024-03-24,2024-03-24,81,SEV4,auth-gateway,Harper Lee,Kim Tan,resolved,queue backlog,payment retries increased,ATLAS-4459,PR-9213,"Action items: add alert, update runbook, assign owner, verify rollback, write KT note for auth-gateway."
PD-2659,2024-03-24,2024-03-24,53,SEV4,cart-service,Jon Bell,Fatima Noor,postmortem complete,tax provider latency,no customer impact detected,ATLAS-2823,PR-5578,"Action items: add alert, update runbook, assign owner, verify rollback, write KT note for cart-service."
PD-2660,2024-03-30,2024-03-30,43,SEV3,payment-orchestrator,Owen Brooks,Samir Rao,resolved,bad deployment,checkout errors increased,ATLAS-2042,PR-6626,"Action items: add alert, update runbook, assign owner, verify rollback, write KT note for payment-orchestrator."
PD-2661,2024-04-02,2024-04-02,5,SEV4,pricing-engine,Samir Rao,Harper Lee,resolved,payment provider timeout,orders delayed,ATLAS-1412,PR-12056,"Action items: add alert, update runbook, assign owner, verify rollback, write KT note for pricing-engine."
PD-2662,2024-04-05,2024-04-05,12,SEV3,notification-service,Victor Silva,Luca Moretti,follow-up open,bad deployment,orders delayed,ATLAS-5021,PR-10103,"Action items: add alert, update runbook, assign owner, verify rollback, write KT note for notification-service."
PD-2663,2024-04-07,2024-04-07,138,SEV1,inventory-reservation,Fatima Noor,Victor Silva,resolved,database connection saturation,orders delayed,ATLAS-3694,PR-11076,"Action items: add alert, update runbook, assign owner, verify rollback, write KT note for inventory-reservation."
PD-2664,2024-04-12,2024-04-12,109,SEV3,cart-service,Luca Moretti,Victor Silva,follow-up open,queue backlog,no customer impact detected,ATLAS-5801,PR-8542,"Action items: add alert, update runbook, assign owner, verify rollback, write KT note for cart-service."
PD-2665,2024-04-14,2024-04-14,78,SEV3,inventory-reservation,Kim Tan,Nora Singh,resolved,feature flag misconfiguration,support ticket volume increased,ATLAS-1537,PR-5945,"Action items: add alert, update runbook, assign owner, verify rollback, write KT note for inventory-reservation."
PD-2666,2024-04-19,2024-04-19,34,SEV3,notification-service,Maya Chen,Theo Martin,postmortem complete,feature flag misconfiguration,orders delayed,ATLAS-1562,PR-5998,"Action items: add alert, update runbook, assign owner, verify rollback, write KT note for notification-service."
PD-2667,2024-04-19,2024-04-19,5,SEV3,payment-orchestrator,Ravi Patel,Grace Kim,resolved,cache stampede,orders delayed,ATLAS-1440,PR-7255,"Action items: add alert, update runbook, assign owner, verify rollback, write KT note for payment-orchestrator."
PD-2668,2024-04-25,2024-04-25,5,SEV4,search-recommendations,Priya Nair,Jon Bell,postmortem complete,inventory reservation deadlock,payment retries increased,ATLAS-2814,PR-5327,"Action items: add alert, update runbook, assign owner, verify rollback, write KT note for search-recommendations."
PD-2669,2024-04-30,2024-04-30,5,SEV4,analytics-pipeline,Mateo Garcia,Jon Bell,postmortem complete,inventory reservation deadlock,latency spike,ATLAS-5011,PR-6392,"Action items: add alert, update runbook, assign owner, verify rollback, write KT note for analytics-pipeline."
PD-2670,2024-04-30,2024-04-30,5,SEV4,auth-gateway,Luca Moretti,Theo Martin,follow-up open,queue backlog,orders delayed,ATLAS-3991,PR-7692,"Action items: add alert, update runbook, assign owner, verify rollback, write KT note for auth-gateway."
PD-2671,2024-05-05,2024-05-05,33,SEV3,order-ledger,Sara Novak,Ben Carter,resolved,database connection saturation,support ticket volume increased,ATLAS-5465,PR-7423,"Action items: add alert, update runbook, assign owner, verify rollback, write KT note for order-ledger."
PD-2672,2024-05-07,2024-05-07,5,SEV3,search-recommendations,Grace Kim,Yara Haddad,follow-up open,database connection saturation,payment retries increased,ATLAS-2049,PR-8703,"Action items: add alert, update runbook, assign owner, verify rollback, write KT note for search-recommendations."
PD-2673,2024-05-10,2024-05-10,15,SEV4,auth-gateway,Grace Kim,Noah Evans,postmortem complete,database connection saturation,orders delayed,ATLAS-3246,PR-9602,"Action items: add alert, update runbook, assign owner, verify rollback, write KT note for auth-gateway."
PD-2674,2024-05-12,2024-05-12,148,SEV3,cart-service,Owen Brooks,Samir Rao,resolved,inventory reservation deadlock,latency spike,ATLAS-4942,PR-5567,"Action items: add alert, update runbook, assign owner, verify rollback, write KT note for cart-service."
PD-2675,2024-05-15,2024-05-15,11,SEV3,analytics-pipeline,Fatima Noor,Owen Brooks,follow-up open,inventory reservation deadlock,latency spike,ATLAS-1221,PR-10900,"Action items: add alert, update runbook, assign owner, verify rollback, write KT note for analytics-pipeline."
PD-2676,2024-05-19,2024-05-19,58,SEV4,search-recommendations,Ravi Patel,Iris Wang,resolved,inventory reservation deadlock,payment retries increased,ATLAS-4018,PR-9866,"Action items: add alert, update runbook, assign owner, verify rollback, write KT note for search-recommendations."
PD-2677,2024-05-25,2024-05-25,27,SEV3,auth-gateway,Owen Brooks,Ben Carter,postmortem complete,queue backlog,orders delayed,ATLAS-1048,PR-5951,"Action items: add alert, update runbook, assign owner, verify rollback, write KT note for auth-gateway."
PD-2678,2024-05-28,2024-05-28,5,SEV3,payment-orchestrator,Dmitri Volkov,Grace Kim,resolved,schema migration lock,orders delayed,ATLAS-5314,PR-7013,"Action items: add alert, update runbook, assign owner, verify rollback, write KT note for payment-orchestrator."
PD-2679,2024-05-28,2024-05-28,62,SEV4,auth-gateway,Owen Brooks,Yara Haddad,resolved,queue backlog,checkout errors increased,ATLAS-4547,PR-8390,"Action items: add alert, update runbook, assign owner, verify rollback, write KT note for auth-gateway."
PD-2680,2024-06-03,2024-06-03,33,SEV4,inventory-reservation,Dmitri Volkov,Aisha Khan,postmortem complete,inventory reservation deadlock,no customer impact detected,ATLAS-4059,PR-11972,"Action items: add alert, update runbook, assign owner, verify rollback, write KT note for inventory-reservation."
PD-2681,2024-06-05,2024-06-05,190,SEV1,payment-orchestrator,Owen Brooks,Dmitri Volkov,follow-up open,cache stampede,latency spike,ATLAS-6157,PR-9906,"Action items: add alert, update runbook, assign owner, verify rollback, write KT note for payment-orchestrator."
PD-2682,2024-06-07,2024-06-07,5,SEV4,cart-service,Anika Sharma,Grace Kim,follow-up open,payment provider timeout,payment retries increased,ATLAS-2575,PR-11739,"Action items: add alert, update runbook, assign owner, verify rollback, write KT note for cart-service."
PD-2683,2024-06-12,2024-06-12,35,SEV3,order-ledger,Theo Martin,Sara Novak,follow-up open,inventory reservation deadlock,payment retries increased,ATLAS-4761,PR-11368,"Action items: add alert, update runbook, assign owner, verify rollback, write KT note for order-ledger."
PD-2684,2024-06-14,2024-06-14,63,SEV4,inventory-reservation,Mateo Garcia,Luca Moretti,resolved,feature flag misconfiguration,support ticket volume increased,ATLAS-4766,PR-6852,"Action items: add alert, update runbook, assign owner, verify rollback, write KT note for inventory-reservation."
PD-2685,2024-06-20,2024-06-20,69,SEV3,cart-service,Elena Petrova,Sara Novak,postmortem complete,queue backlog,support ticket volume increased,ATLAS-6069,PR-6843,"Action items: add alert, update runbook, assign owner, verify rollback, write KT note for cart-service."
PD-2686,2024-06-24,2024-06-24,221,SEV1,search-recommendations,Aisha Khan,Priya Nair,follow-up open,queue backlog,latency spike,ATLAS-2135,PR-6060,"Action items: add alert, update runbook, assign owner, verify rollback, write KT note for search-recommendations."
PD-2687,2024-06-23,2024-06-23,5,SEV3,checkout-api,Yara Haddad,Kim Tan,postmortem complete,bad deployment,payment retries increased,ATLAS-4566,PR-9263,"Action items: add alert, update runbook, assign owner, verify rollback, write KT note for checkout-api."
PD-2688,2024-06-30,2024-06-30,5,SEV3,cart-service,Iris Wang,Owen Brooks,resolved,payment provider timeout,no customer impact detected,ATLAS-2155,PR-12344,"Action items: add alert, update runbook, assign owner, verify rollback, write KT note for cart-service."
PD-2689,2024-07-02,2024-07-02,84,SEV3,notification-service,Anika Sharma,Mateo Garcia,resolved,schema migration lock,no customer impact detected,ATLAS-4530,PR-8725,"Action items: add alert, update runbook, assign owner, verify rollback, write KT note for notification-service."
PD-2690,2024-07-02,2024-07-02,25,SEV4,checkout-api,Nora Singh,Owen Brooks,follow-up open,database connection saturation,support ticket volume increased,ATLAS-4037,PR-7129,"Action items: add alert, update runbook, assign owner, verify rollback, write KT note for checkout-api."
PD-2691,2024-07-10,2024-07-10,14,SEV4,payment-orchestrator,Anika Sharma,Maya Chen,follow-up open,inventory reservation deadlock,no customer impact detected,ATLAS-3467,PR-10913,"Action items: add alert, update runbook, assign owner, verify rollback, write KT note for payment-orchestrator."
PD-2692,2024-07-13,2024-07-13,39,SEV4,analytics-pipeline,Jon Bell,Owen Brooks,postmortem complete,inventory reservation deadlock,checkout errors increased,ATLAS-4617,PR-8985,"Action items: add alert, update runbook, assign owner, verify rollback, write KT note for analytics-pipeline."
PD-2693,2024-07-12,2024-07-12,5,SEV4,search-recommendations,Grace Kim,Iris Wang,resolved,schema migration lock,support ticket volume increased,ATLAS-1395,PR-7347,"Action items: add alert, update runbook, assign owner, verify rollback, write KT note for search-recommendations."
PD-2694,2024-07-15,2024-07-15,39,SEV4,search-recommendations,Grace Kim,Nora Singh,follow-up open,bad deployment,latency spike,ATLAS-4307,PR-8906,"Action items: add alert, update runbook, assign owner, verify rollback, write KT note for search-recommendations."
PD-2695,2024-07-21,2024-07-21,5,SEV3,loyalty-service,Anika Sharma,Theo Martin,postmortem complete,payment provider timeout,orders delayed,ATLAS-5584,PR-8199,"Action items: add alert, update runbook, assign owner, verify rollback, write KT note for loyalty-service."
PD-2696,2024-07-23,2024-07-23,5,SEV4,order-ledger,Elena Petrova,Maya Chen,follow-up open,payment provider timeout,payment retries increased,ATLAS-3023,PR-8368,"Action items: add alert, update runbook, assign owner, verify rollback, write KT note for order-ledger."
PD-2697,2024-07-27,2024-07-27,48,SEV4,cart-service,Grace Kim,Victor Silva,follow-up open,tax provider latency,payment retries increased,ATLAS-4280,PR-6953,"Action items: add alert, update runbook, assign owner, verify rollback, write KT note for cart-service."
PD-2698,2024-07-29,2024-07-29,54,SEV3,cart-service,Samir Rao,Ravi Patel,follow-up open,cache stampede,no customer impact detected,ATLAS-2786,PR-9432,"Action items: add alert, update runbook, assign owner, verify rollback, write KT note for cart-service."
PD-2699,2024-08-04,2024-08-04,17,SEV3,search-recommendations,Owen Brooks,Noah Evans,postmortem complete,feature flag misconfiguration,latency spike,ATLAS-1021,PR-6041,"Action items: add alert, update runbook, assign owner, verify rollback, write KT note for search-recommendations."
PD-2700,2024-08-08,2024-08-08,17,SEV4,inventory-reservation,Noah Evans,Sara Novak,follow-up open,schema migration lock,latency spike,ATLAS-1841,PR-9764,"Action items: add alert, update runbook, assign owner, verify rollback, write KT note for inventory-reservation."
PD-2701,2024-08-09,2024-08-09,70,SEV3,pricing-engine,Fatima Noor,Kim Tan,postmortem complete,bad deployment,orders delayed,ATLAS-1336,PR-6686,"Action items: add alert, update runbook, assign owner, verify rollback, write KT note for pricing-engine."
PD-2702,2024-08-10,2024-08-10,70,SEV3,pricing-engine,Maya Chen,Harper Lee,follow-up open,inventory reservation deadlock,no customer impact detected,ATLAS-4209,PR-10850,"Action items: add alert, update runbook, assign owner, verify rollback, write KT note for pricing-engine."
PD-2703,2024-08-13,2024-08-13,8,SEV4,search-recommendations,Ben Carter,Anika Sharma,resolved,schema migration lock,orders delayed,ATLAS-2690,PR-5030,"Action items: add alert, update runbook, assign owner, verify rollback, write KT note for search-recommendations."
PD-2704,2024-08-21,2024-08-21,5,SEV3,notification-service,Kim Tan,Maya Chen,resolved,feature flag misconfiguration,latency spike,ATLAS-4910,PR-9084,"Action items: add alert, update runbook, assign owner, verify rollback, write KT note for notification-service."
PD-2705,2024-08-21,2024-08-21,197,SEV1,analytics-pipeline,Sara Novak,Harper Lee,follow-up open,payment provider timeout,no customer impact detected,ATLAS-5389,PR-10541,"Action items: add alert, update runbook, assign owner, verify rollback, write KT note for analytics-pipeline."
PD-2706,2024-08-26,2024-08-26,5,SEV4,payment-orchestrator,Sara Novak,Kim Tan,postmortem complete,schema migration lock,checkout errors increased,ATLAS-1655,PR-5489,"Action items: add alert, update runbook, assign owner, verify rollback, write KT note for payment-orchestrator."
PD-2707,2024-08-30,2024-08-30,89,SEV3,pricing-engine,Theo Martin,Luca Moretti,resolved,queue backlog,no customer impact detected,ATLAS-1496,PR-8378,"Action items: add alert, update runbook, assign owner, verify rollback, write KT note for pricing-engine."
PD-2708,2024-09-01,2024-09-01,69,SEV3,payment-orchestrator,Owen Brooks,Ben Carter,resolved,inventory reservation deadlock,orders delayed,ATLAS-5583,PR-5473,"Action items: add alert, update runbook, assign owner, verify rollback, write KT note for payment-orchestrator."
PD-2709,2024-09-05,2024-09-05,61,SEV3,checkout-api,Fatima Noor,Ben Carter,follow-up open,bad deployment,latency spike,ATLAS-4772,PR-7537,"Action items: add alert, update runbook, assign owner, verify rollback, write KT note for checkout-api."
PD-2710,2024-09-07,2024-09-07,70,SEV2,loyalty-service,Mateo Garcia,Grace Kim,postmortem complete,feature flag misconfiguration,payment retries increased,ATLAS-2923,PR-7964,"Action items: add alert, update runbook, assign owner, verify rollback, write KT note for loyalty-service."
PD-2711,2024-09-09,2024-09-09,97,SEV4,tax-service,Ravi Patel,Priya Nair,follow-up open,bad deployment,no customer impact detected,ATLAS-3884,PR-6904,"Action items: add alert, update runbook, assign owner, verify rollback, write KT note for tax-service."
PD-2712,2024-09-15,2024-09-15,66,SEV3,pricing-engine,Noah Evans,Jon Bell,resolved,tax provider latency,orders delayed,ATLAS-4217,PR-5775,"Action items: add alert, update runbook, assign owner, verify rollback, write KT note for pricing-engine."
PD-2713,2024-09-18,2024-09-18,102,SEV2,inventory-reservation,Grace Kim,Priya Nair,resolved,database connection saturation,orders delayed,ATLAS-4054,PR-10770,"Action items: add alert, update runbook, assign owner, verify rollback, write KT note for inventory-reservation."
PD-2714,2024-09-21,2024-09-21,203,SEV1,notification-service,Nora Singh,Sara Novak,postmortem complete,database connection saturation,no customer impact detected,ATLAS-5788,PR-9089,"Action items: add alert, update runbook, assign owner, verify rollback, write KT note for notification-service."
PD-2715,2024-09-24,2024-09-24,46,SEV3,inventory-reservation,Priya Nair,Samir Rao,follow-up open,cache stampede,orders delayed,ATLAS-5071,PR-5792,"Action items: add alert, update runbook, assign owner, verify rollback, write KT note for inventory-reservation."
PD-2716,2024-09-28,2024-09-28,109,SEV3,inventory-reservation,Victor Silva,Mateo Garcia,resolved,feature flag misconfiguration,support ticket volume increased,ATLAS-2763,PR-6160,"Action items: add alert, update runbook, assign owner, verify rollback, write KT note for inventory-reservation."
PD-2717,2024-10-02,2024-10-02,113,SEV2,loyalty-service,Ben Carter,Jon Bell,postmortem complete,tax provider latency,latency spike,ATLAS-1562,PR-11200,"Action items: add alert, update runbook, assign owner, verify rollback, write KT note for loyalty-service."
PD-2718,2024-10-02,2024-10-02,58,SEV4,auth-gateway,Jon Bell,Theo Martin,resolved,schema migration lock,no customer impact detected,ATLAS-4772,PR-5830,"Action items: add alert, update runbook, assign owner, verify rollback, write KT note for auth-gateway."
PD-2719,2024-10-08,2024-10-08,223,SEV1,search-recommendations,Mateo Garcia,Kim Tan,postmortem complete,cache stampede,orders delayed,ATLAS-3165,PR-5153,"Action items: add alert, update runbook, assign owner, verify rollback, write KT note for search-recommendations."
PD-2720,2024-10-09,2024-10-09,91,SEV2,search-recommendations,Fatima Noor,Samir Rao,resolved,tax provider latency,checkout errors increased,ATLAS-4635,PR-10083,"Action items: add alert, update runbook, assign owner, verify rollback, write KT note for search-recommendations."
PD-2721,2024-10-14,2024-10-14,5,SEV3,tax-service,Yara Haddad,Luca Moretti,resolved,payment provider timeout,latency spike,ATLAS-2285,PR-5940,"Action items: add alert, update runbook, assign owner, verify rollback, write KT note for tax-service."
PD-2722,2024-10-18,2024-10-18,13,SEV4,inventory-reservation,Kim Tan,Maya Chen,follow-up open,schema migration lock,orders delayed,ATLAS-3797,PR-8685,"Action items: add alert, update runbook, assign owner, verify rollback, write KT note for inventory-reservation."
PD-2723,2024-10-20,2024-10-20,38,SEV4,checkout-api,Anika Sharma,Sara Novak,postmortem complete,database connection saturation,checkout errors increased,ATLAS-5193,PR-5007,"Action items: add alert, update runbook, assign owner, verify rollback, write KT note for checkout-api."
PD-2724,2024-10-21,2024-10-21,5,SEV3,notification-service,Harper Lee,Samir Rao,follow-up open,payment provider timeout,no customer impact detected,ATLAS-1543,PR-9093,"Action items: add alert, update runbook, assign owner, verify rollback, write KT note for notification-service."
PD-2725,2024-10-24,2024-10-24,29,SEV3,analytics-pipeline,Maya Chen,Theo Martin,follow-up open,payment provider timeout,orders delayed,ATLAS-2435,PR-8328,"Action items: add alert, update runbook, assign owner, verify rollback, write KT note for analytics-pipeline."
PD-2726,2024-10-30,2024-10-30,25,SEV4,auth-gateway,Nora Singh,Theo Martin,postmortem complete,inventory reservation deadlock,orders delayed,ATLAS-3225,PR-5532,"Action items: add alert, update runbook, assign owner, verify rollback, write KT note for auth-gateway."
PD-2727,2024-11-03,2024-11-03,100,SEV2,loyalty-service,Aisha Khan,Theo Martin,follow-up open,cache stampede,no customer impact detected,ATLAS-4107,PR-6331,"Action items: add alert, update runbook, assign owner, verify rollback, write KT note for loyalty-service."
PD-2728,2024-11-04,2024-11-04,84,SEV3,cart-service,Dmitri Volkov,Yara Haddad,postmortem complete,tax provider latency,orders delayed,ATLAS-1055,PR-11201,"Action items: add alert, update runbook, assign owner, verify rollback, write KT note for cart-service."
PD-2729,2024-11-07,2024-11-07,98,SEV2,analytics-pipeline,Noah Evans,Ravi Patel,resolved,feature flag misconfiguration,payment retries increased,ATLAS-4259,PR-7722,"Action items: add alert, update runbook, assign owner, verify rollback, write KT note for analytics-pipeline."
PD-2730,2024-11-11,2024-11-11,5,SEV4,tax-service,Harper Lee,Victor Silva,resolved,schema migration lock,support ticket volume increased,ATLAS-4303,PR-7845,"Action items: add alert, update runbook, assign owner, verify rollback, write KT note for tax-service."
PD-2731,2024-11-15,2024-11-15,5,SEV4,tax-service,Dmitri Volkov,Yara Haddad,resolved,inventory reservation deadlock,checkout errors increased,ATLAS-1747,PR-6222,"Action items: add alert, update runbook, assign owner, verify rollback, write KT note for tax-service."
PD-2732,2024-11-19,2024-11-19,91,SEV3,loyalty-service,Kim Tan,Ben Carter,follow-up open,queue backlog,latency spike,ATLAS-2357,PR-10418,"Action items: add alert, update runbook, assign owner, verify rollback, write KT note for loyalty-service."
PD-2733,2024-11-18,2024-11-18,121,SEV2,tax-service,Theo Martin,Elena Petrova,postmortem complete,bad deployment,payment retries increased,ATLAS-1550,PR-9900,"Action items: add alert, update runbook, assign owner, verify rollback, write KT note for tax-service."
PD-2734,2024-11-21,2024-11-21,44,SEV4,inventory-reservation,Samir Rao,Yara Haddad,resolved,database connection saturation,checkout errors increased,ATLAS-1563,PR-11109,"Action items: add alert, update runbook, assign owner, verify rollback, write KT note for inventory-reservation."
PD-2735,2024-11-28,2024-11-28,37,SEV4,pricing-engine,Noah Evans,Yara Haddad,postmortem complete,queue backlog,support ticket volume increased,ATLAS-4410,PR-9412,"Action items: add alert, update runbook, assign owner, verify rollback, write KT note for pricing-engine."
PD-2736,2024-11-30,2024-11-30,73,SEV3,cart-service,Yara Haddad,Harper Lee,postmortem complete,payment provider timeout,orders delayed,ATLAS-1756,PR-6124,"Action items: add alert, update runbook, assign owner, verify rollback, write KT note for cart-service."
PD-2737,2024-12-01,2024-12-01,65,SEV4,tax-service,Fatima Noor,Aisha Khan,follow-up open,database connection saturation,no customer impact detected,ATLAS-3815,PR-8511,"Action items: add alert, update runbook, assign owner, verify rollback, write KT note for tax-service."
PD-2738,2024-12-04,2024-12-04,110,SEV2,loyalty-service,Anika Sharma,Fatima Noor,resolved,bad deployment,payment retries increased,ATLAS-5643,PR-7776,"Action items: add alert, update runbook, assign owner, verify rollback, write KT note for loyalty-service."
PD-2739,2024-12-11,2024-12-11,151,SEV2,notification-service,Grace Kim,Nora Singh,follow-up open,database connection saturation,no customer impact detected,ATLAS-2011,PR-5142,"Action items: add alert, update runbook, assign owner, verify rollback, write KT note for notification-service."
PD-2740,2024-12-15,2024-12-15,24,SEV4,auth-gateway,Yara Haddad,Owen Brooks,resolved,feature flag misconfiguration,checkout errors increased,ATLAS-2601,PR-5704,"Action items: add alert, update runbook, assign owner, verify rollback, write KT note for auth-gateway."
PD-2741,2024-12-16,2024-12-16,5,SEV4,search-recommendations,Theo Martin,Ravi Patel,resolved,database connection saturation,support ticket volume increased,ATLAS-5467,PR-5292,"Action items: add alert, update runbook, assign owner, verify rollback, write KT note for search-recommendations."
PD-2742,2024-12-20,2024-12-20,93,SEV2,loyalty-service,Grace Kim,Kim Tan,follow-up open,bad deployment,payment retries increased,ATLAS-1549,PR-7529,"Action items: add alert, update runbook, assign owner, verify rollback, write KT note for loyalty-service."
PD-2743,2024-12-22,2024-12-22,21,SEV3,pricing-engine,Harper Lee,Jon Bell,follow-up open,inventory reservation deadlock,no customer impact detected,ATLAS-2654,PR-6710,"Action items: add alert, update runbook, assign owner, verify rollback, write KT note for pricing-engine."
PD-2744,2024-12-26,2024-12-26,80,SEV3,search-recommendations,Sara Novak,Luca Moretti,resolved,payment provider timeout,orders delayed,ATLAS-2450,PR-9849,"Action items: add alert, update runbook, assign owner, verify rollback, write KT note for search-recommendations."
PD-2745,2024-12-31,2024-12-31,5,SEV3,checkout-api,Mateo Garcia,Grace Kim,resolved,feature flag misconfiguration,orders delayed,ATLAS-5816,PR-10892,"Action items: add alert, update runbook, assign owner, verify rollback, write KT note for checkout-api."
PD-2746,2024-12-30,2024-12-30,37,SEV4,auth-gateway,Harper Lee,Anika Sharma,postmortem complete,feature flag misconfiguration,support ticket volume increased,ATLAS-2321,PR-7631,"Action items: add alert, update runbook, assign owner, verify rollback, write KT note for auth-gateway."
PD-2747,2025-01-02,2025-01-02,12,SEV3,search-recommendations,Dmitri Volkov,Jon Bell,follow-up open,cache stampede,checkout errors increased,ATLAS-2327,PR-8874,"Action items: add alert, update runbook, assign owner, verify rollback, write KT note for search-recommendations."
PD-2748,2025-01-06,2025-01-06,5,SEV4,search-recommendations,Victor Silva,Ravi Patel,resolved,database connection saturation,no customer impact detected,ATLAS-5186,PR-9101,"Action items: add alert, update runbook, assign owner, verify rollback, write KT note for search-recommendations."
PD-2749,2025-01-09,2025-01-09,53,SEV3,order-ledger,Kim Tan,Sara Novak,postmortem complete,cache stampede,checkout errors increased,ATLAS-3347,PR-6100,"Action items: add alert, update runbook, assign owner, verify rollback, write KT note for order-ledger."
PD-2750,2025-01-13,2025-01-13,86,SEV3,notification-service,Samir Rao,Theo Martin,postmortem complete,cache stampede,latency spike,ATLAS-5810,PR-6864,"Action items: add alert, update runbook, assign owner, verify rollback, write KT note for notification-service."
PD-2751,2025-01-17,2025-01-17,16,SEV4,payment-orchestrator,Owen Brooks,Victor Silva,resolved,queue backlog,orders delayed,ATLAS-5063,PR-10440,"Action items: add alert, update runbook, assign owner, verify rollback, write KT note for payment-orchestrator."
PD-2752,2025-01-19,2025-01-19,177,SEV2,notification-service,Fatima Noor,Noah Evans,resolved,database connection saturation,no customer impact detected,ATLAS-6055,PR-12228,"Action items: add alert, update runbook, assign owner, verify rollback, write KT note for notification-service."
PD-2753,2025-01-25,2025-01-25,48,SEV4,notification-service,Ben Carter,Grace Kim,follow-up open,payment provider timeout,payment retries increased,ATLAS-1619,PR-11951,"Action items: add alert, update runbook, assign owner, verify rollback, write KT note for notification-service."
PD-2754,2025-01-25,2025-01-25,134,SEV3,inventory-reservation,Noah Evans,Elena Petrova,follow-up open,database connection saturation,payment retries increased,ATLAS-4609,PR-9227,"Action items: add alert, update runbook, assign owner, verify rollback, write KT note for inventory-reservation."
PD-2755,2025-02-01,2025-02-01,62,SEV2,cart-service,Sara Novak,Iris Wang,resolved,database connection saturation,support ticket volume increased,ATLAS-1745,PR-6697,"Action items: add alert, update runbook, assign owner, verify rollback, write KT note for cart-service."
PD-2756,2025-01-31,2025-01-31,5,SEV4,tax-service,Priya Nair,Sara Novak,resolved,tax provider latency,orders delayed,ATLAS-5926,PR-6840,"Action items: add alert, update runbook, assign owner, verify rollback, write KT note for tax-service."
PD-2757,2025-02-08,2025-02-08,48,SEV3,cart-service,Ben Carter,Dmitri Volkov,postmortem complete,inventory reservation deadlock,orders delayed,ATLAS-1680,PR-6431,"Action items: add alert, update runbook, assign owner, verify rollback, write KT note for cart-service."
PD-2758,2025-02-09,2025-02-09,27,SEV4,analytics-pipeline,Victor Silva,Sara Novak,postmortem complete,queue backlog,support ticket volume increased,ATLAS-2425,PR-9670,"Action items: add alert, update runbook, assign owner, verify rollback, write KT note for analytics-pipeline."
PD-2759,2025-02-10,2025-02-10,5,SEV4,inventory-reservation,Luca Moretti,Ben Carter,resolved,cache stampede,payment retries increased,ATLAS-5443,PR-7580,"Action items: add alert, update runbook, assign owner, verify rollback, write KT note for inventory-reservation."
PD-2760,2025-02-13,2025-02-13,13,SEV4,analytics-pipeline,Noah Evans,Maya Chen,postmortem complete,schema migration lock,checkout errors increased,ATLAS-2332,PR-5302,"Action items: add alert, update runbook, assign owner, verify rollback, write KT note for analytics-pipeline."
PD-2761,2025-02-18,2025-02-18,23,SEV3,checkout-api,Iris Wang,Aisha Khan,postmortem complete,inventory reservation deadlock,orders delayed,ATLAS-2113,PR-11601,"Action items: add alert, update runbook, assign owner, verify rollback, write KT note for checkout-api."
PD-2762,2025-02-20,2025-02-20,99,SEV2,auth-gateway,Maya Chen,Victor Silva,follow-up open,database connection saturation,checkout errors increased,ATLAS-3000,PR-5934,"Action items: add alert, update runbook, assign owner, verify rollback, write KT note for auth-gateway."
PD-2763,2025-02-24,2025-02-24,66,SEV2,pricing-engine,Aisha Khan,Sara Novak,follow-up open,tax provider latency,payment retries increased,ATLAS-3632,PR-5628,"Action items: add alert, update runbook, assign owner, verify rollback, write KT note for pricing-engine."
PD-2764,2025-02-28,2025-02-28,63,SEV4,checkout-api,Maya Chen,Yara Haddad,resolved,bad deployment,checkout errors increased,ATLAS-2757,PR-6672,"Action items: add alert, update runbook, assign owner, verify rollback, write KT note for checkout-api."
PD-2765,2025-03-02,2025-03-02,74,SEV3,analytics-pipeline,Mateo Garcia,Jon Bell,follow-up open,queue backlog,orders delayed,ATLAS-5456,PR-6082,"Action items: add alert, update runbook, assign owner, verify rollback, write KT note for analytics-pipeline."
PD-2766,2025-03-08,2025-03-08,90,SEV3,analytics-pipeline,Noah Evans,Owen Brooks,postmortem complete,inventory reservation deadlock,payment retries increased,ATLAS-3886,PR-7915,"Action items: add alert, update runbook, assign owner, verify rollback, write KT note for analytics-pipeline."
PD-2767,2025-03-11,2025-03-11,55,SEV4,cart-service,Dmitri Volkov,Priya Nair,follow-up open,tax provider latency,no customer impact detected,ATLAS-5219,PR-10289,"Action items: add alert, update runbook, assign owner, verify rollback, write KT note for cart-service."
PD-2768,2025-03-15,2025-03-15,165,SEV2,order-ledger,Dmitri Volkov,Maya Chen,follow-up open,database connection saturation,orders delayed,ATLAS-4027,PR-10102,"Action items: add alert, update runbook, assign owner, verify rollback, write KT note for order-ledger."
PD-2769,2025-03-16,2025-03-16,93,SEV3,tax-service,Elena Petrova,Maya Chen,resolved,database connection saturation,orders delayed,ATLAS-1929,PR-6805,"Action items: add alert, update runbook, assign owner, verify rollback, write KT note for tax-service."
PD-2770,2025-03-21,2025-03-21,33,SEV4,notification-service,Maya Chen,Priya Nair,resolved,cache stampede,support ticket volume increased,ATLAS-5658,PR-10272,"Action items: add alert, update runbook, assign owner, verify rollback, write KT note for notification-service."
PD-2771,2025-03-25,2025-03-25,63,SEV4,notification-service,Ravi Patel,Samir Rao,resolved,database connection saturation,support ticket volume increased,ATLAS-2401,PR-11709,"Action items: add alert, update runbook, assign owner, verify rollback, write KT note for notification-service."
PD-2772,2025-03-27,2025-03-27,61,SEV4,analytics-pipeline,Grace Kim,Samir Rao,postmortem complete,feature flag misconfiguration,support ticket volume increased,ATLAS-3752,PR-5392,"Action items: add alert, update runbook, assign owner, verify rollback, write KT note for analytics-pipeline."
PD-2773,2025-03-29,2025-03-29,227,SEV1,order-ledger,Elena Petrova,Victor Silva,postmortem complete,bad deployment,latency spike,ATLAS-2595,PR-5034,"Action items: add alert, update runbook, assign owner, verify rollback, write KT note for order-ledger."
PD-2774,2025-04-02,2025-04-02,20,SEV4,payment-orchestrator,Iris Wang,Ben Carter,follow-up open,inventory reservation deadlock,payment retries increased,ATLAS-5471,PR-11013,"Action items: add alert, update runbook, assign owner, verify rollback, write KT note for payment-orchestrator."
PD-2775,2025-04-04,2025-04-04,29,SEV4,inventory-reservation,Noah Evans,Fatima Noor,follow-up open,payment provider timeout,checkout errors increased,ATLAS-3300,PR-5878,"Action items: add alert, update runbook, assign owner, verify rollback, write KT note for inventory-reservation."
PD-2776,2025-04-07,2025-04-07,5,SEV4,auth-gateway,Fatima Noor,Anika Sharma,follow-up open,feature flag misconfiguration,orders delayed,ATLAS-2088,PR-6691,"Action items: add alert, update runbook, assign owner, verify rollback, write KT note for auth-gateway."
PD-2777,2025-04-09,2025-04-09,5,SEV4,order-ledger,Ravi Patel,Fatima Noor,postmortem complete,feature flag misconfiguration,latency spike,ATLAS-1243,PR-7200,"Action items: add alert, update runbook, assign owner, verify rollback, write KT note for order-ledger."
PD-2778,2025-04-13,2025-04-13,74,SEV3,order-ledger,Yara Haddad,Yara Haddad,resolved,feature flag misconfiguration,no customer impact detected,ATLAS-3471,PR-10617,"Action items: add alert, update runbook, assign owner, verify rollback, write KT note for order-ledger."
PD-2779,2025-04-20,2025-04-20,27,SEV3,checkout-api,Harper Lee,Mateo Garcia,resolved,feature flag misconfiguration,latency spike,ATLAS-5515,PR-11043,"Action items: add alert, update runbook, assign owner, verify rollback, write KT note for checkout-api."
PD-2780,2025-04-21,2025-04-21,52,SEV3,notification-service,Anika Sharma,Harper Lee,follow-up open,inventory reservation deadlock,latency spike,ATLAS-6187,PR-5022,"Action items: add alert, update runbook, assign owner, verify rollback, write KT note for notification-service."
PD-2781,2025-04-26,2025-04-26,5,SEV4,order-ledger,Maya Chen,Noah Evans,follow-up open,feature flag misconfiguration,payment retries increased,ATLAS-4799,PR-7099,"Action items: add alert, update runbook, assign owner, verify rollback, write KT note for order-ledger."
PD-2782,2025-04-26,2025-04-26,166,SEV1,order-ledger,Yara Haddad,Owen Brooks,follow-up open,cache stampede,payment retries increased,ATLAS-2130,PR-7410,"Action items: add alert, update runbook, assign owner, verify rollback, write KT note for order-ledger."
PD-2783,2025-05-02,2025-05-02,56,SEV3,auth-gateway,Grace Kim,Iris Wang,resolved,bad deployment,checkout errors increased,ATLAS-6177,PR-6801,"Action items: add alert, update runbook, assign owner, verify rollback, write KT note for auth-gateway."
PD-2784,2025-05-03,2025-05-03,36,SEV3,inventory-reservation,Kim Tan,Anika Sharma,postmortem complete,feature flag misconfiguration,payment retries increased,ATLAS-2286,PR-10842,"Action items: add alert, update runbook, assign owner, verify rollback, write KT note for inventory-reservation."
PD-2785,2025-05-05,2025-05-05,30,SEV4,notification-service,Elena Petrova,Fatima Noor,follow-up open,cache stampede,checkout errors increased,ATLAS-2065,PR-7671,"Action items: add alert, update runbook, assign owner, verify rollback, write KT note for notification-service."
PD-2786,2025-05-10,2025-05-10,74,SEV3,search-recommendations,Yara Haddad,Ravi Patel,follow-up open,queue backlog,latency spike,ATLAS-3320,PR-10078,"Action items: add alert, update runbook, assign owner, verify rollback, write KT note for search-recommendations."
PD-2787,2025-05-13,2025-05-13,106,SEV2,search-recommendations,Nora Singh,Aisha Khan,follow-up open,queue backlog,latency spike,ATLAS-1524,PR-5016,"Action items: add alert, update runbook, assign owner, verify rollback, write KT note for search-recommendations."
PD-2788,2025-05-18,2025-05-18,215,SEV1,cart-service,Dmitri Volkov,Ravi Patel,follow-up open,queue backlog,checkout errors increased,ATLAS-4809,PR-8133,"Action items: add alert, update runbook, assign owner, verify rollback, write KT note for cart-service."
PD-2789,2025-05-20,2025-05-20,39,SEV4,search-recommendations,Jon Bell,Ravi Patel,resolved,inventory reservation deadlock,support ticket volume increased,ATLAS-3674,PR-5435,"Action items: add alert, update runbook, assign owner, verify rollback, write KT note for search-recommendations."
PD-2790,2025-05-25,2025-05-25,53,SEV4,payment-orchestrator,Dmitri Volkov,Dmitri Volkov,postmortem complete,payment provider timeout,payment retries increased,ATLAS-1460,PR-10165,"Action items: add alert, update runbook, assign owner, verify rollback, write KT note for payment-orchestrator."
PD-2791,2025-05-26,2025-05-26,5,SEV3,tax-service,Maya Chen,Luca Moretti,follow-up open,cache stampede,orders delayed,ATLAS-5396,PR-7255,"Action items: add alert, update runbook, assign owner, verify rollback, write KT note for tax-service."
PD-2792,2025-05-28,2025-05-28,52,SEV3,analytics-pipeline,Harper Lee,Owen Brooks,follow-up open,payment provider timeout,orders delayed,ATLAS-3924,PR-5425,"Action items: add alert, update runbook, assign owner, verify rollback, write KT note for analytics-pipeline."
PD-2793,2025-06-02,2025-06-02,45,SEV3,payment-orchestrator,Dmitri Volkov,Ravi Patel,resolved,inventory reservation deadlock,payment retries increased,ATLAS-5151,PR-5354,"Action items: add alert, update runbook, assign owner, verify rollback, write KT note for payment-orchestrator."
PD-2794,2025-06-04,2025-06-04,89,SEV4,analytics-pipeline,Iris Wang,Nora Singh,follow-up open,bad deployment,support ticket volume increased,ATLAS-1557,PR-11265,"Action items: add alert, update runbook, assign owner, verify rollback, write KT note for analytics-pipeline."
PD-2795,2025-06-06,2025-06-06,24,SEV4,notification-service,Nora Singh,Noah Evans,postmortem complete,queue backlog,support ticket volume increased,ATLAS-2471,PR-10320,"Action items: add alert, update runbook, assign owner, verify rollback, write KT note for notification-service."
PD-2796,2025-06-10,2025-06-10,5,SEV4,loyalty-service,Harper Lee,Iris Wang,resolved,database connection saturation,checkout errors increased,ATLAS-5376,PR-7492,"Action items: add alert, update runbook, assign owner, verify rollback, write KT note for loyalty-service."
PD-2797,2025-06-13,2025-06-13,78,SEV4,analytics-pipeline,Luca Moretti,Luca Moretti,postmortem complete,cache stampede,payment retries increased,ATLAS-1258,PR-7535,"Action items: add alert, update runbook, assign owner, verify rollback, write KT note for analytics-pipeline."
PD-2798,2025-06-20,2025-06-20,57,SEV3,search-recommendations,Ben Carter,Priya Nair,resolved,cache stampede,support ticket volume increased,ATLAS-2902,PR-11179,"Action items: add alert, update runbook, assign owner, verify rollback, write KT note for search-recommendations."
PD-2799,2025-06-20,2025-06-20,79,SEV4,checkout-api,Iris Wang,Luca Moretti,postmortem complete,feature flag misconfiguration,latency spike,ATLAS-4218,PR-9752,"Action items: add alert, update runbook, assign owner, verify rollback, write KT note for checkout-api."
PD-2800,2025-06-23,2025-06-23,52,SEV4,search-recommendations,Anika Sharma,Samir Rao,follow-up open,database connection saturation,latency spike,ATLAS-5708,PR-9994,"Action items: add alert, update runbook, assign owner, verify rollback, write KT note for search-recommendations."
PD-2801,2025-06-29,2025-06-29,35,SEV3,pricing-engine,Ben Carter,Luca Moretti,follow-up open,cache stampede,latency spike,ATLAS-4993,PR-11894,"Action items: add alert, update runbook, assign owner, verify rollback, write KT note for pricing-engine."
PD-2802,2025-07-02,2025-07-02,5,SEV4,analytics-pipeline,Owen Brooks,Aisha Khan,follow-up open,inventory reservation deadlock,latency spike,ATLAS-3871,PR-7114,"Action items: add alert, update runbook, assign owner, verify rollback, write KT note for analytics-pipeline."
PD-2803,2025-07-06,2025-07-06,41,SEV3,cart-service,Ravi Patel,Noah Evans,resolved,inventory reservation deadlock,no customer impact detected,ATLAS-1800,PR-5232,"Action items: add alert, update runbook, assign owner, verify rollback, write KT note for cart-service."
PD-2804,2025-07-06,2025-07-06,40,SEV4,tax-service,Elena Petrova,Ben Carter,postmortem complete,payment provider timeout,latency spike,ATLAS-5859,PR-9017,"Action items: add alert, update runbook, assign owner, verify rollback, write KT note for tax-service."
PD-2805,2025-07-13,2025-07-13,23,SEV3,inventory-reservation,Victor Silva,Anika Sharma,resolved,feature flag misconfiguration,support ticket volume increased,ATLAS-5360,PR-9415,"Action items: add alert, update runbook, assign owner, verify rollback, write KT note for inventory-reservation."
PD-2806,2025-07-13,2025-07-13,237,SEV1,notification-service,Grace Kim,Elena Petrova,postmortem complete,database connection saturation,orders delayed,ATLAS-5841,PR-9920,"Action items: add alert, update runbook, assign owner, verify rollback, write KT note for notification-service."
PD-2807,2025-07-17,2025-07-17,120,SEV2,checkout-api,Samir Rao,Noah Evans,resolved,feature flag misconfiguration,checkout errors increased,ATLAS-4476,PR-11067,"Action items: add alert, update runbook, assign owner, verify rollback, write KT note for checkout-api."
PD-2808,2025-07-20,2025-07-20,16,SEV4,notification-service,Ravi Patel,Ben Carter,follow-up open,database connection saturation,no customer impact detected,ATLAS-3214,PR-7659,"Action items: add alert, update runbook, assign owner, verify rollback, write KT note for notification-service."
PD-2809,2025-07-26,2025-07-26,41,SEV4,payment-orchestrator,Samir Rao,Grace Kim,resolved,database connection saturation,orders delayed,ATLAS-3140,PR-6506,"Action items: add alert, update runbook, assign owner, verify rollback, write KT note for payment-orchestrator."
PD-2810,2025-07-25,2025-07-25,81,SEV3,auth-gateway,Luca Moretti,Sara Novak,follow-up open,inventory reservation deadlock,latency spike,ATLAS-3957,PR-6163,"Action items: add alert, update runbook, assign owner, verify rollback, write KT note for auth-gateway."
PD-2811,2025-07-30,2025-07-30,5,SEV4,analytics-pipeline,Dmitri Volkov,Ben Carter,postmortem complete,payment provider timeout,latency spike,ATLAS-3790,PR-5366,"Action items: add alert, update runbook, assign owner, verify rollback, write KT note for analytics-pipeline."
PD-2812,2025-08-02,2025-08-02,35,SEV4,auth-gateway,Anika Sharma,Mateo Garcia,resolved,queue backlog,latency spike,ATLAS-5177,PR-12071,"Action items: add alert, update runbook, assign owner, verify rollback, write KT note for auth-gateway."
PD-2813,2025-08-06,2025-08-06,76,SEV4,tax-service,Jon Bell,Harper Lee,resolved,queue backlog,checkout errors increased,ATLAS-1263,PR-9687,"Action items: add alert, update runbook, assign owner, verify rollback, write KT note for tax-service."
PD-2814,2025-08-09,2025-08-09,9,SEV4,tax-service,Noah Evans,Dmitri Volkov,postmortem complete,bad deployment,support ticket volume increased,ATLAS-4377,PR-5119,"Action items: add alert, update runbook, assign owner, verify rollback, write KT note for tax-service."
PD-2815,2025-08-14,2025-08-14,208,SEV1,pricing-engine,Mateo Garcia,Noah Evans,postmortem complete,queue backlog,payment retries increased,ATLAS-3954,PR-6823,"Action items: add alert, update runbook, assign owner, verify rollback, write KT note for pricing-engine."
PD-2816,2025-08-15,2025-08-15,13,SEV4,auth-gateway,Kim Tan,Yara Haddad,follow-up open,payment provider timeout,support ticket volume increased,ATLAS-2084,PR-8051,"Action items: add alert, update runbook, assign owner, verify rollback, write KT note for auth-gateway."
PD-2817,2025-08-20,2025-08-20,5,SEV4,pricing-engine,Sara Novak,Kim Tan,follow-up open,schema migration lock,support ticket volume increased,ATLAS-2914,PR-12164,"Action items: add alert, update runbook, assign owner, verify rollback, write KT note for pricing-engine."
PD-2818,2025-08-21,2025-08-21,5,SEV3,analytics-pipeline,Yara Haddad,Victor Silva,resolved,cache stampede,support ticket volume increased,ATLAS-5180,PR-12529,"Action items: add alert, update runbook, assign owner, verify rollback, write KT note for analytics-pipeline."
PD-2819,2025-08-23,2025-08-23,73,SEV3,tax-service,Ravi Patel,Grace Kim,follow-up open,payment provider timeout,payment retries increased,ATLAS-3118,PR-9916,"Action items: add alert, update runbook, assign owner, verify rollback, write KT note for tax-service."
PD-2820,2025-08-30,2025-08-30,5,SEV4,payment-orchestrator,Grace Kim,Kim Tan,follow-up open,schema migration lock,latency spike,ATLAS-2974,PR-8533,"Action items: add alert, update runbook, assign owner, verify rollback, write KT note for payment-orchestrator."
PD-2821,2025-08-29,2025-08-29,77,SEV3,search-recommendations,Maya Chen,Dmitri Volkov,postmortem complete,cache stampede,latency spike,ATLAS-3226,PR-6477,"Action items: add alert, update runbook, assign owner, verify rollback, write KT note for search-recommendations."
PD-2822,2025-09-06,2025-09-06,61,SEV3,auth-gateway,Ben Carter,Victor Silva,resolved,inventory reservation deadlock,latency spike,ATLAS-6084,PR-8475,"Action items: add alert, update runbook, assign owner, verify rollback, write KT note for auth-gateway."
PD-2823,2025-09-07,2025-09-07,68,SEV3,search-recommendations,Jon Bell,Kim Tan,postmortem complete,inventory reservation deadlock,checkout errors increased,ATLAS-2226,PR-9853,"Action items: add alert, update runbook, assign owner, verify rollback, write KT note for search-recommendations."
PD-2824,2025-09-12,2025-09-12,45,SEV3,analytics-pipeline,Dmitri Volkov,Grace Kim,follow-up open,feature flag misconfiguration,checkout errors increased,ATLAS-4007,PR-9597,"Action items: add alert, update runbook, assign owner, verify rollback, write KT note for analytics-pipeline."
PD-2825,2025-09-13,2025-09-13,33,SEV4,loyalty-service,Maya Chen,Owen Brooks,postmortem complete,payment provider timeout,no customer impact detected,ATLAS-2529,PR-10584,"Action items: add alert, update runbook, assign owner, verify rollback, write KT note for loyalty-service."
PD-2826,2025-09-15,2025-09-15,5,SEV4,order-ledger,Priya Nair,Fatima Noor,resolved,cache stampede,no customer impact detected,ATLAS-4685,PR-6511,"Action items: add alert, update runbook, assign owner, verify rollback, write KT note for order-ledger."
PD-2827,2025-09-20,2025-09-20,31,SEV3,checkout-api,Elena Petrova,Elena Petrova,follow-up open,bad deployment,support ticket volume increased,ATLAS-3138,PR-6598,"Action items: add alert, update runbook, assign owner, verify rollback, write KT note for checkout-api."
PD-2828,2025-09-22,2025-09-22,61,SEV4,order-ledger,Maya Chen,Kim Tan,resolved,database connection saturation,payment retries increased,ATLAS-3429,PR-9370,"Action items: add alert, update runbook, assign owner, verify rollback, write KT note for order-ledger."
PD-2829,2025-09-27,2025-09-27,127,SEV2,checkout-api,Anika Sharma,Jon Bell,postmortem complete,tax provider latency,no customer impact detected,ATLAS-2099,PR-8250,"Action items: add alert, update runbook, assign owner, verify rollback, write KT note for checkout-api."
PD-2830,2025-10-01,2025-10-01,30,SEV4,payment-orchestrator,Elena Petrova,Grace Kim,follow-up open,feature flag misconfiguration,latency spike,ATLAS-3147,PR-10740,"Action items: add alert, update runbook, assign owner, verify rollback, write KT note for payment-orchestrator."
PD-2831,2025-10-04,2025-10-04,31,SEV3,checkout-api,Priya Nair,Maya Chen,postmortem complete,cache stampede,support ticket volume increased,ATLAS-2478,PR-9450,"Action items: add alert, update runbook, assign owner, verify rollback, write KT note for checkout-api."
PD-2832,2025-10-07,2025-10-07,143,SEV3,inventory-reservation,Harper Lee,Luca Moretti,postmortem complete,cache stampede,payment retries increased,ATLAS-3592,PR-7093,"Action items: add alert, update runbook, assign owner, verify rollback, write KT note for inventory-reservation."
PD-2833,2025-10-09,2025-10-09,5,SEV4,cart-service,Ben Carter,Noah Evans,follow-up open,payment provider timeout,no customer impact detected,ATLAS-4701,PR-8387,"Action items: add alert, update runbook, assign owner, verify rollback, write KT note for cart-service."
PD-2834,2025-10-11,2025-10-11,5,SEV4,auth-gateway,Kim Tan,Anika Sharma,postmortem complete,tax provider latency,payment retries increased,ATLAS-1142,PR-10453,"Action items: add alert, update runbook, assign owner, verify rollback, write KT note for auth-gateway."
PD-2835,2025-10-17,2025-10-17,64,SEV2,order-ledger,Sara Novak,Aisha Khan,resolved,queue backlog,no customer impact detected,ATLAS-2693,PR-9408,"Action items: add alert, update runbook, assign owner, verify rollback, write KT note for order-ledger."
PD-2836,2025-10-21,2025-10-21,48,SEV3,inventory-reservation,Nora Singh,Priya Nair,resolved,schema migration lock,orders delayed,ATLAS-4623,PR-5007,"Action items: add alert, update runbook, assign owner, verify rollback, write KT note for inventory-reservation."
PD-2837,2025-10-24,2025-10-24,118,SEV2,inventory-reservation,Nora Singh,Jon Bell,resolved,bad deployment,support ticket volume increased,ATLAS-4464,PR-5814,"Action items: add alert, update runbook, assign owner, verify rollback, write KT note for inventory-reservation."
PD-2838,2025-10-26,2025-10-26,75,SEV4,cart-service,Noah Evans,Maya Chen,resolved,payment provider timeout,support ticket volume increased,ATLAS-2366,PR-11334,"Action items: add alert, update runbook, assign owner, verify rollback, write KT note for cart-service."
PD-2839,2025-10-30,2025-10-30,65,SEV2,loyalty-service,Maya Chen,Sara Novak,postmortem complete,tax provider latency,latency spike,ATLAS-1947,PR-7949,"Action items: add alert, update runbook, assign owner, verify rollback, write KT note for loyalty-service."
PD-2840,2025-10-31,2025-10-31,145,SEV2,tax-service,Elena Petrova,Anika Sharma,follow-up open,tax provider latency,latency spike,ATLAS-2334,PR-10608,"Action items: add alert, update runbook, assign owner, verify rollback, write KT note for tax-service."
PD-2841,2025-11-05,2025-11-05,107,SEV2,checkout-api,Theo Martin,Ravi Patel,resolved,tax provider latency,latency spike,ATLAS-1910,PR-7234,"Action items: add alert, update runbook, assign owner, verify rollback, write KT note for checkout-api."
PD-2842,2025-11-08,2025-11-08,86,SEV3,pricing-engine,Fatima Noor,Jon Bell,postmortem complete,queue backlog,checkout errors increased,ATLAS-3893,PR-5248,"Action items: add alert, update runbook, assign owner, verify rollback, write KT note for pricing-engine."
PD-2843,2025-11-10,2025-11-10,59,SEV3,pricing-engine,Elena Petrova,Maya Chen,postmortem complete,inventory reservation deadlock,support ticket volume increased,ATLAS-3869,PR-7567,"Action items: add alert, update runbook, assign owner, verify rollback, write KT note for pricing-engine."
PD-2844,2025-11-13,2025-11-13,179,SEV1,notification-service,Mateo Garcia,Elena Petrova,follow-up open,tax provider latency,no customer impact detected,ATLAS-5306,PR-7800,"Action items: add alert, update runbook, assign owner, verify rollback, write KT note for notification-service."
PD-2845,2025-11-19,2025-11-19,140,SEV2,loyalty-service,Ben Carter,Priya Nair,follow-up open,schema migration lock,payment retries increased,ATLAS-1311,PR-11558,"Action items: add alert, update runbook, assign owner, verify rollback, write KT note for loyalty-service."
PD-2846,2025-11-19,2025-11-19,131,SEV2,search-recommendations,Ben Carter,Owen Brooks,follow-up open,bad deployment,no customer impact detected,ATLAS-5277,PR-8531,"Action items: add alert, update runbook, assign owner, verify rollback, write KT note for search-recommendations."
PD-2847,2025-11-21,2025-11-21,5,SEV4,cart-service,Noah Evans,Nora Singh,follow-up open,tax provider latency,payment retries increased,ATLAS-6047,PR-6671,"Action items: add alert, update runbook, assign owner, verify rollback, write KT note for cart-service."
PD-2848,2025-11-24,2025-11-24,5,SEV4,search-recommendations,Sara Novak,Aisha Khan,postmortem complete,payment provider timeout,no customer impact detected,ATLAS-2206,PR-7786,"Action items: add alert, update runbook, assign owner, verify rollback, write KT note for search-recommendations."
PD-2849,2025-11-28,2025-11-28,23,SEV3,loyalty-service,Iris Wang,Maya Chen,postmortem complete,feature flag misconfiguration,no customer impact detected,ATLAS-2490,PR-8562,"Action items: add alert, update runbook, assign owner, verify rollback, write KT note for loyalty-service."
PD-2850,2025-12-04,2025-12-04,47,SEV4,pricing-engine,Priya Nair,Dmitri Volkov,postmortem complete,queue backlog,latency spike,ATLAS-5817,PR-7903,"Action items: add alert, update runbook, assign owner, verify rollback, write KT note for pricing-engine."
PD-2851,2025-12-08,2025-12-08,39,SEV4,inventory-reservation,Elena Petrova,Anika Sharma,resolved,bad deployment,latency spike,ATLAS-3260,PR-9480,"Action items: add alert, update runbook, assign owner, verify rollback, write KT note for inventory-reservation."
PD-2852,2025-12-09,2025-12-09,48,SEV2,notification-service,Samir Rao,Theo Martin,postmortem complete,cache stampede,latency spike,ATLAS-4168,PR-8643,"Action items: add alert, update runbook, assign owner, verify rollback, write KT note for notification-service."
PD-2853,2025-12-11,2025-12-11,5,SEV4,notification-service,Samir Rao,Fatima Noor,resolved,payment provider timeout,no customer impact detected,ATLAS-1784,PR-10166,"Action items: add alert, update runbook, assign owner, verify rollback, write KT note for notification-service."
PD-2854,2025-12-15,2025-12-15,51,SEV3,order-ledger,Grace Kim,Anika Sharma,follow-up open,payment provider timeout,orders delayed,ATLAS-1754,PR-6976,"Action items: add alert, update runbook, assign owner, verify rollback, write KT note for order-ledger."
PD-2855,2025-12-18,2025-12-18,34,SEV4,search-recommendations,Owen Brooks,Iris Wang,follow-up open,cache stampede,payment retries increased,ATLAS-5363,PR-8294,"Action items: add alert, update runbook, assign owner, verify rollback, write KT note for search-recommendations."
PD-2856,2025-12-24,2025-12-24,84,SEV2,order-ledger,Harper Lee,Priya Nair,resolved,database connection saturation,payment retries increased,ATLAS-5088,PR-5291,"Action items: add alert, update runbook, assign owner, verify rollback, write KT note for order-ledger."
PD-2857,2025-12-24,2025-12-24,112,SEV2,cart-service,Fatima Noor,Samir Rao,resolved,schema migration lock,payment retries increased,ATLAS-1190,PR-8909,"Action items: add alert, update runbook, assign owner, verify rollback, write KT note for cart-service."
PD-2858,2025-12-27,2025-12-27,5,SEV4,checkout-api,Dmitri Volkov,Kim Tan,postmortem complete,cache stampede,latency spike,ATLAS-2917,PR-9484,"Action items: add alert, update runbook, assign owner, verify rollback, write KT note for checkout-api."
PD-2859,2025-12-30,2025-12-30,19,SEV4,notification-service,Iris Wang,Theo Martin,resolved,queue backlog,orders delayed,ATLAS-2406,PR-7935,"Action items: add alert, update runbook, assign owner, verify rollback, write KT note for notification-service."
PD-2860,2026-01-02,2026-01-02,61,SEV4,analytics-pipeline,Nora Singh,Yara Haddad,follow-up open,cache stampede,orders delayed,ATLAS-4562,PR-8703,"Action items: add alert, update runbook, assign owner, verify rollback, write KT note for analytics-pipeline."
PD-2861,2026-01-07,2026-01-07,199,SEV1,notification-service,Kim Tan,Aisha Khan,follow-up open,bad deployment,payment retries increased,ATLAS-2852,PR-11116,"Action items: add alert, update runbook, assign owner, verify rollback, write KT note for notification-service."
PD-2862,2026-01-13,2026-01-13,58,SEV3,order-ledger,Ben Carter,Owen Brooks,follow-up open,tax provider latency,no customer impact detected,ATLAS-5731,PR-8776,"Action items: add alert, update runbook, assign owner, verify rollback, write KT note for order-ledger."
PD-2863,2026-01-15,2026-01-15,114,SEV3,checkout-api,Aisha Khan,Kim Tan,postmortem complete,queue backlog,checkout errors increased,ATLAS-3381,PR-12216,"Action items: add alert, update runbook, assign owner, verify rollback, write KT note for checkout-api."
PD-2864,2026-01-17,2026-01-17,31,SEV3,order-ledger,Maya Chen,Theo Martin,resolved,queue backlog,latency spike,ATLAS-1512,PR-7891,"Action items: add alert, update runbook, assign owner, verify rollback, write KT note for order-ledger."
PD-2865,2026-01-18,2026-01-18,157,SEV2,inventory-reservation,Ravi Patel,Jon Bell,postmortem complete,database connection saturation,payment retries increased,ATLAS-3367,PR-5133,"Action items: add alert, update runbook, assign owner, verify rollback, write KT note for inventory-reservation."
PD-2866,2026-01-24,2026-01-24,63,SEV3,inventory-reservation,Owen Brooks,Harper Lee,resolved,cache stampede,orders delayed,ATLAS-2982,PR-8327,"Action items: add alert, update runbook, assign owner, verify rollback, write KT note for inventory-reservation."
PD-2867,2026-01-27,2026-01-27,151,SEV1,order-ledger,Priya Nair,Samir Rao,resolved,cache stampede,latency spike,ATLAS-3367,PR-11854,"Action items: add alert, update runbook, assign owner, verify rollback, write KT note for order-ledger."
PD-2868,2026-01-31,2026-01-31,26,SEV4,payment-orchestrator,Harper Lee,Fatima Noor,resolved,tax provider latency,payment retries increased,ATLAS-3245,PR-10670,"Action items: add alert, update runbook, assign owner, verify rollback, write KT note for payment-orchestrator."
PD-2869,2026-02-01,2026-02-01,73,SEV4,cart-service,Luca Moretti,Victor Silva,postmortem complete,inventory reservation deadlock,payment retries increased,ATLAS-6029,PR-6861,"Action items: add alert, update runbook, assign owner, verify rollback, write KT note for cart-service."
PD-2870,2026-02-03,2026-02-03,178,SEV2,order-ledger,Samir Rao,Priya Nair,resolved,payment provider timeout,payment retries increased,ATLAS-4301,PR-7729,"Action items: add alert, update runbook, assign owner, verify rollback, write KT note for order-ledger."
PD-2871,2026-02-09,2026-02-09,5,SEV4,search-recommendations,Noah Evans,Victor Silva,follow-up open,database connection saturation,checkout errors increased,ATLAS-1508,PR-5927,"Action items: add alert, update runbook, assign owner, verify rollback, write KT note for search-recommendations."
PD-2872,2026-02-11,2026-02-11,5,SEV4,pricing-engine,Owen Brooks,Kim Tan,resolved,payment provider timeout,payment retries increased,ATLAS-5045,PR-7751,"Action items: add alert, update runbook, assign owner, verify rollback, write KT note for pricing-engine."
PD-2873,2026-02-14,2026-02-14,27,SEV4,cart-service,Nora Singh,Grace Kim,follow-up open,schema migration lock,latency spike,ATLAS-6168,PR-9077,"Action items: add alert, update runbook, assign owner, verify rollback, write KT note for cart-service."
PD-2874,2026-02-20,2026-02-20,99,SEV4,notification-service,Priya Nair,Grace Kim,resolved,feature flag misconfiguration,payment retries increased,ATLAS-3204,PR-5131,"Action items: add alert, update runbook, assign owner, verify rollback, write KT note for notification-service."
PD-2875,2026-02-24,2026-02-24,61,SEV3,analytics-pipeline,Owen Brooks,Fatima Noor,follow-up open,cache stampede,latency spike,ATLAS-5061,PR-7847,"Action items: add alert, update runbook, assign owner, verify rollback, write KT note for analytics-pipeline."
PD-2876,2026-02-23,2026-02-23,40,SEV4,payment-orchestrator,Sara Novak,Priya Nair,postmortem complete,payment provider timeout,orders delayed,ATLAS-2077,PR-10035,"Action items: add alert, update runbook, assign owner, verify rollback, write KT note for payment-orchestrator."
PD-2877,2026-03-01,2026-03-01,29,SEV4,auth-gateway,Samir Rao,Maya Chen,follow-up open,cache stampede,support ticket volume increased,ATLAS-2416,PR-5483,"Action items: add alert, update runbook, assign owner, verify rollback, write KT note for auth-gateway."
PD-2878,2026-03-03,2026-03-03,5,SEV4,auth-gateway,Ben Carter,Priya Nair,resolved,cache stampede,checkout errors increased,ATLAS-5451,PR-8721,"Action items: add alert, update runbook, assign owner, verify rollback, write KT note for auth-gateway."
PD-2879,2026-03-07,2026-03-07,110,SEV2,auth-gateway,Noah Evans,Nora Singh,postmortem complete,feature flag misconfiguration,payment retries increased,ATLAS-3572,PR-5383,"Action items: add alert, update runbook, assign owner, verify rollback, write KT note for auth-gateway."
PD-2880,2026-03-08,2026-03-08,81,SEV3,order-ledger,Ravi Patel,Ravi Patel,resolved,payment provider timeout,latency spike,ATLAS-4995,PR-6451,"Action items: add alert, update runbook, assign owner, verify rollback, write KT note for order-ledger."
PD-2881,2026-03-15,2026-03-15,70,SEV4,search-recommendations,Sara Novak,Priya Nair,postmortem complete,database connection saturation,latency spike,ATLAS-4964,PR-12388,"Action items: add alert, update runbook, assign owner, verify rollback, write KT note for search-recommendations."
PD-2882,2026-03-16,2026-03-16,167,SEV1,cart-service,Owen Brooks,Victor Silva,resolved,feature flag misconfiguration,latency spike,ATLAS-1597,PR-11049,"Action items: add alert, update runbook, assign owner, verify rollback, write KT note for cart-service."
PD-2883,2026-03-19,2026-03-19,16,SEV4,analytics-pipeline,Sara Novak,Luca Moretti,postmortem complete,payment provider timeout,no customer impact detected,ATLAS-4729,PR-7561,"Action items: add alert, update runbook, assign owner, verify rollback, write KT note for analytics-pipeline."
PD-2884,2026-03-25,2026-03-25,89,SEV2,pricing-engine,Samir Rao,Grace Kim,resolved,bad deployment,orders delayed,ATLAS-4542,PR-5451,"Action items: add alert, update runbook, assign owner, verify rollback, write KT note for pricing-engine."
PD-2885,2026-03-25,2026-03-25,177,SEV2,analytics-pipeline,Nora Singh,Owen Brooks,postmortem complete,tax provider latency,support ticket volume increased,ATLAS-5971,PR-8909,"Action items: add alert, update runbook, assign owner, verify rollback, write KT note for analytics-pipeline."
PD-2886,2026-03-30,2026-03-30,68,SEV3,search-recommendations,Yara Haddad,Dmitri Volkov,postmortem complete,inventory reservation deadlock,payment retries increased,ATLAS-4838,PR-10021,"Action items: add alert, update runbook, assign owner, verify rollback, write KT note for search-recommendations."
PD-2887,2026-04-03,2026-04-03,48,SEV4,cart-service,Grace Kim,Harper Lee,resolved,bad deployment,orders delayed,ATLAS-5997,PR-5961,"Action items: add alert, update runbook, assign owner, verify rollback, write KT note for cart-service."
PD-2888,2026-04-04,2026-04-04,36,SEV3,pricing-engine,Kim Tan,Priya Nair,resolved,queue backlog,support ticket volume increased,ATLAS-4674,PR-5786,"Action items: add alert, update runbook, assign owner, verify rollback, write KT note for pricing-engine."
PD-2889,2026-04-08,2026-04-08,5,SEV4,cart-service,Samir Rao,Maya Chen,postmortem complete,cache stampede,checkout errors increased,ATLAS-3441,PR-6521,"Action items: add alert, update runbook, assign owner, verify rollback, write KT note for cart-service."
PD-2890,2026-04-10,2026-04-10,5,SEV4,payment-orchestrator,Dmitri Volkov,Sara Novak,follow-up open,payment provider timeout,checkout errors increased,ATLAS-3782,PR-5058,"Action items: add alert, update runbook, assign owner, verify rollback, write KT note for payment-orchestrator."
PD-2891,2026-04-16,2026-04-16,10,SEV4,analytics-pipeline,Mateo Garcia,Maya Chen,follow-up open,tax provider latency,orders delayed,ATLAS-4599,PR-9341,"Action items: add alert, update runbook, assign owner, verify rollback, write KT note for analytics-pipeline."
PD-2892,2026-04-18,2026-04-18,72,SEV3,inventory-reservation,Dmitri Volkov,Priya Nair,postmortem complete,cache stampede,no customer impact detected,ATLAS-6175,PR-9867,"Action items: add alert, update runbook, assign owner, verify rollback, write KT note for inventory-reservation."
PD-2893,2026-04-19,2026-04-19,18,SEV4,cart-service,Dmitri Volkov,Ben Carter,resolved,inventory reservation deadlock,latency spike,ATLAS-1710,PR-6013,"Action items: add alert, update runbook, assign owner, verify rollback, write KT note for cart-service."
PD-2894,2026-04-23,2026-04-23,73,SEV3,notification-service,Priya Nair,Luca Moretti,postmortem complete,database connection saturation,payment retries increased,ATLAS-4923,PR-7678,"Action items: add alert, update runbook, assign owner, verify rollback, write KT note for notification-service."
PD-2895,2026-04-26,2026-04-26,5,SEV4,inventory-reservation,Kim Tan,Owen Brooks,resolved,inventory reservation deadlock,checkout errors increased,ATLAS-1217,PR-7658,"Action items: add alert, update runbook, assign owner, verify rollback, write KT note for inventory-reservation."
PD-2896,2026-05-02,2026-05-02,5,SEV4,pricing-engine,Anika Sharma,Ravi Patel,follow-up open,inventory reservation deadlock,payment retries increased,ATLAS-4432,PR-6298,"Action items: add alert, update runbook, assign owner, verify rollback, write KT note for pricing-engine."
PD-2897,2026-05-04,2026-05-04,30,SEV3,search-recommendations,Ben Carter,Nora Singh,postmortem complete,cache stampede,latency spike,ATLAS-3335,PR-9855,"Action items: add alert, update runbook, assign owner, verify rollback, write KT note for search-recommendations."
PD-2898,2026-05-06,2026-05-06,10,SEV3,checkout-api,Ravi Patel,Mateo Garcia,follow-up open,feature flag misconfiguration,orders delayed,ATLAS-1185,PR-5365,"Action items: add alert, update runbook, assign owner, verify rollback, write KT note for checkout-api."
PD-2899,2026-05-11,2026-05-11,185,SEV1,notification-service,Harper Lee,Fatima Noor,postmortem complete,database connection saturation,payment retries increased,ATLAS-3862,PR-9272,"Action items: add alert, update runbook, assign owner, verify rollback, write KT note for notification-service."
PD-2900,2026-05-14,2026-05-14,55,SEV3,pricing-engine,Priya Nair,Mateo Garcia,resolved,inventory reservation deadlock,support ticket volume increased,ATLAS-1686,PR-8542,"Action items: add alert, update runbook, assign owner, verify rollback, write KT note for pricing-engine."
