record_id,date,record_type,severity,service,owner,status,linked_jira,linked_pr,linked_incident,summary,evidence
DRA-00001,2018-06-01,blocker,medium,analytics-pipeline,Mateo Garcia,open,ATLAS-4372,PR-12426,,Blocker for analytics-pipeline: feature flag remains required.,"Evidence: Teams decision, Confluence runbook, Jira acceptance criteria, Grafana metric, and PagerDuty incident history."
DRA-00002,2018-06-02,assumption,,analytics-pipeline,Iris Wang,accepted,ATLAS-4570,PR-12299,,Assumption for analytics-pipeline: support escalation macro must be updated.,"Evidence: Teams decision, Confluence runbook, Jira acceptance criteria, Grafana metric, and PagerDuty incident history."
DRA-00003,2018-06-04,assumption,,tax-service,Kim Tan,watching,ATLAS-2243,PR-9436,PD-2853,Assumption for tax-service: support escalation macro must be updated.,"Evidence: Teams decision, Confluence runbook, Jira acceptance criteria, Grafana metric, and PagerDuty incident history."
DRA-00004,2018-06-06,decision,,payment-orchestrator,Mateo Garcia,open,ATLAS-4910,PR-9254,PD-2370,Decision for payment-orchestrator: rollback owner must be assigned.,"Evidence: Teams decision, Confluence runbook, Jira acceptance criteria, Grafana metric, and PagerDuty incident history."
DRA-00005,2018-06-08,assumption,,payment-orchestrator,Nora Singh,mitigated,ATLAS-2120,PR-5103,PD-2331,Assumption for payment-orchestrator: support escalation macro must be updated.,"Evidence: Teams decision, Confluence runbook, Jira acceptance criteria, Grafana metric, and PagerDuty incident history."
DRA-00006,2018-06-10,open_question,,notification-service,Theo Martin,closed,ATLAS-5952,PR-6580,,Open_Question for notification-service: rollback owner must be assigned.,"Evidence: Teams decision, Confluence runbook, Jira acceptance criteria, Grafana metric, and PagerDuty incident history."
DRA-00007,2018-06-11,assumption,,inventory-reservation,Theo Martin,mitigated,ATLAS-2194,PR-12359,,Assumption for inventory-reservation: support escalation macro must be updated.,"Evidence: Teams decision, Confluence runbook, Jira acceptance criteria, Grafana metric, and PagerDuty incident history."
DRA-00008,2018-06-13,blocker,low,search-recommendations,Iris Wang,watching,ATLAS-4991,PR-5761,,Blocker for search-recommendations: latency burn must stay below threshold.,"Evidence: Teams decision, Confluence runbook, Jira acceptance criteria, Grafana metric, and PagerDuty incident history."
DRA-00009,2018-06-15,blocker,medium,search-recommendations,Grace Kim,watching,ATLAS-4318,PR-6177,PD-2754,Blocker for search-recommendations: feature flag remains required.,"Evidence: Teams decision, Confluence runbook, Jira acceptance criteria, Grafana metric, and PagerDuty incident history."
DRA-00010,2018-06-17,open_question,,search-recommendations,Kim Tan,open,ATLAS-4321,PR-7235,,Open_Question for search-recommendations: QA evidence is missing.,"Evidence: Teams decision, Confluence runbook, Jira acceptance criteria, Grafana metric, and PagerDuty incident history."
DRA-00011,2018-06-19,decision,,cart-service,Fatima Noor,mitigated,ATLAS-4472,PR-5125,,Decision for cart-service: latency burn must stay below threshold.,"Evidence: Teams decision, Confluence runbook, Jira acceptance criteria, Grafana metric, and PagerDuty incident history."
DRA-00012,2018-06-20,assumption,,search-recommendations,Kim Tan,mitigated,ATLAS-1515,PR-9815,PD-2439,Assumption for search-recommendations: latency burn must stay below threshold.,"Evidence: Teams decision, Confluence runbook, Jira acceptance criteria, Grafana metric, and PagerDuty incident history."
DRA-00013,2018-06-22,assumption,,analytics-pipeline,Nora Singh,mitigated,ATLAS-5723,PR-7912,,Assumption for analytics-pipeline: database migration needs rehearsal.,"Evidence: Teams decision, Confluence runbook, Jira acceptance criteria, Grafana metric, and PagerDuty incident history."
DRA-00014,2018-06-24,assumption,,tax-service,Fatima Noor,closed,ATLAS-5387,PR-12128,,Assumption for tax-service: database migration needs rehearsal.,"Evidence: Teams decision, Confluence runbook, Jira acceptance criteria, Grafana metric, and PagerDuty incident history."
DRA-00015,2018-06-26,blocker,low,analytics-pipeline,Aisha Khan,accepted,ATLAS-1748,PR-5617,,Blocker for analytics-pipeline: rollback owner must be assigned.,"Evidence: Teams decision, Confluence runbook, Jira acceptance criteria, Grafana metric, and PagerDuty incident history."
DRA-00016,2018-06-28,blocker,high,cart-service,Jon Bell,open,ATLAS-1031,PR-9992,,Blocker for cart-service: latency burn must stay below threshold.,"Evidence: Teams decision, Confluence runbook, Jira acceptance criteria, Grafana metric, and PagerDuty incident history."
DRA-00017,2018-06-30,risk,high,pricing-engine,Iris Wang,accepted,ATLAS-5886,PR-12412,PD-2824,Risk for pricing-engine: feature flag remains required.,"Evidence: Teams decision, Confluence runbook, Jira acceptance criteria, Grafana metric, and PagerDuty incident history."
DRA-00018,2018-07-01,assumption,,auth-gateway,Jon Bell,open,ATLAS-4796,PR-7858,,Assumption for auth-gateway: rollback owner must be assigned.,"Evidence: Teams decision, Confluence runbook, Jira acceptance criteria, Grafana metric, and PagerDuty incident history."
DRA-00019,2018-07-03,open_question,,cart-service,Maya Chen,open,ATLAS-2242,PR-8959,,Open_Question for cart-service: support escalation macro must be updated.,"Evidence: Teams decision, Confluence runbook, Jira acceptance criteria, Grafana metric, and PagerDuty incident history."
DRA-00020,2018-07-05,action,,tax-service,Harper Lee,watching,ATLAS-4220,PR-6842,,Action for tax-service: latency burn must stay below threshold.,"Evidence: Teams decision, Confluence runbook, Jira acceptance criteria, Grafana metric, and PagerDuty incident history."
DRA-00021,2018-07-07,risk,critical,auth-gateway,Dmitri Volkov,accepted,ATLAS-3730,PR-5080,,Risk for auth-gateway: feature flag remains required.,"Evidence: Teams decision, Confluence runbook, Jira acceptance criteria, Grafana metric, and PagerDuty incident history."
DRA-00022,2018-07-09,action,,tax-service,Owen Brooks,watching,ATLAS-2465,PR-8620,,Action for tax-service: rollback owner must be assigned.,"Evidence: Teams decision, Confluence runbook, Jira acceptance criteria, Grafana metric, and PagerDuty incident history."
DRA-00023,2018-07-10,action,,order-ledger,Harper Lee,open,ATLAS-2132,PR-7144,,Action for order-ledger: QA evidence is missing.,"Evidence: Teams decision, Confluence runbook, Jira acceptance criteria, Grafana metric, and PagerDuty incident history."
DRA-00024,2018-07-12,risk,high,checkout-api,Yara Haddad,open,ATLAS-4523,PR-5264,,Risk for checkout-api: QA evidence is missing.,"Evidence: Teams decision, Confluence runbook, Jira acceptance criteria, Grafana metric, and PagerDuty incident history."
DRA-00025,2018-07-14,action,,pricing-engine,Mateo Garcia,watching,ATLAS-4158,PR-9647,PD-2133,Action for pricing-engine: QA evidence is missing.,"Evidence: Teams decision, Confluence runbook, Jira acceptance criteria, Grafana metric, and PagerDuty incident history."
DRA-00026,2018-07-16,risk,low,analytics-pipeline,Priya Nair,closed,ATLAS-6122,PR-7481,,Risk for analytics-pipeline: latency burn must stay below threshold.,"Evidence: Teams decision, Confluence runbook, Jira acceptance criteria, Grafana metric, and PagerDuty incident history."
DRA-00027,2018-07-18,decision,,inventory-reservation,Yara Haddad,accepted,ATLAS-1695,PR-11055,,Decision for inventory-reservation: feature flag remains required.,"Evidence: Teams decision, Confluence runbook, Jira acceptance criteria, Grafana metric, and PagerDuty incident history."
DRA-00028,2018-07-20,decision,,loyalty-service,Yara Haddad,open,ATLAS-1166,PR-5032,PD-2716,Decision for loyalty-service: rollback owner must be assigned.,"Evidence: Teams decision, Confluence runbook, Jira acceptance criteria, Grafana metric, and PagerDuty incident history."
DRA-00029,2018-07-21,risk,high,loyalty-service,Maya Chen,closed,ATLAS-5318,PR-7667,PD-2893,Risk for loyalty-service: rollback owner must be assigned.,"Evidence: Teams decision, Confluence runbook, Jira acceptance criteria, Grafana metric, and PagerDuty incident history."
DRA-00030,2018-07-23,risk,low,loyalty-service,Fatima Noor,watching,ATLAS-4115,PR-5450,PD-2748,Risk for loyalty-service: database migration needs rehearsal.,"Evidence: Teams decision, Confluence runbook, Jira acceptance criteria, Grafana metric, and PagerDuty incident history."
DRA-00031,2018-07-25,risk,medium,inventory-reservation,Anika Sharma,accepted,ATLAS-5018,PR-9278,PD-2719,Risk for inventory-reservation: database migration needs rehearsal.,"Evidence: Teams decision, Confluence runbook, Jira acceptance criteria, Grafana metric, and PagerDuty incident history."
DRA-00032,2018-07-27,assumption,,pricing-engine,Aisha Khan,accepted,ATLAS-3691,PR-7871,,Assumption for pricing-engine: QA evidence is missing.,"Evidence: Teams decision, Confluence runbook, Jira acceptance criteria, Grafana metric, and PagerDuty incident history."
DRA-00033,2018-07-29,decision,,inventory-reservation,Owen Brooks,mitigated,ATLAS-6098,PR-10159,,Decision for inventory-reservation: QA evidence is missing.,"Evidence: Teams decision, Confluence runbook, Jira acceptance criteria, Grafana metric, and PagerDuty incident history."
DRA-00034,2018-07-30,risk,critical,order-ledger,Ben Carter,open,ATLAS-1719,PR-10359,,Risk for order-ledger: support escalation macro must be updated.,"Evidence: Teams decision, Confluence runbook, Jira acceptance criteria, Grafana metric, and PagerDuty incident history."
DRA-00035,2018-08-01,open_question,,checkout-api,Jon Bell,open,ATLAS-4895,PR-9541,,Open_Question for checkout-api: feature flag remains required.,"Evidence: Teams decision, Confluence runbook, Jira acceptance criteria, Grafana metric, and PagerDuty incident history."
DRA-00036,2018-08-03,risk,high,inventory-reservation,Samir Rao,mitigated,ATLAS-4503,PR-10111,,Risk for inventory-reservation: QA evidence is missing.,"Evidence: Teams decision, Confluence runbook, Jira acceptance criteria, Grafana metric, and PagerDuty incident history."
DRA-00037,2018-08-05,risk,critical,search-recommendations,Aisha Khan,closed,ATLAS-5527,PR-5451,,Risk for search-recommendations: support escalation macro must be updated.,"Evidence: Teams decision, Confluence runbook, Jira acceptance criteria, Grafana metric, and PagerDuty incident history."
DRA-00038,2018-08-07,decision,,inventory-reservation,Samir Rao,closed,ATLAS-1415,PR-11435,,Decision for inventory-reservation: rollback owner must be assigned.,"Evidence: Teams decision, Confluence runbook, Jira acceptance criteria, Grafana metric, and PagerDuty incident history."
DRA-00039,2018-08-08,assumption,,cart-service,Samir Rao,mitigated,ATLAS-3725,PR-8032,,Assumption for cart-service: feature flag remains required.,"Evidence: Teams decision, Confluence runbook, Jira acceptance criteria, Grafana metric, and PagerDuty incident history."
DRA-00040,2018-08-10,risk,medium,checkout-api,Anika Sharma,open,ATLAS-2568,PR-5963,,Risk for checkout-api: feature flag remains required.,"Evidence: Teams decision, Confluence runbook, Jira acceptance criteria, Grafana metric, and PagerDuty incident history."
DRA-00041,2018-08-12,assumption,,tax-service,Priya Nair,watching,ATLAS-2359,PR-10207,,Assumption for tax-service: feature flag remains required.,"Evidence: Teams decision, Confluence runbook, Jira acceptance criteria, Grafana metric, and PagerDuty incident history."
DRA-00042,2018-08-14,risk,critical,payment-orchestrator,Luca Moretti,open,ATLAS-4733,PR-6821,,Risk for payment-orchestrator: database migration needs rehearsal.,"Evidence: Teams decision, Confluence runbook, Jira acceptance criteria, Grafana metric, and PagerDuty incident history."
DRA-00043,2018-08-16,decision,,cart-service,Theo Martin,closed,ATLAS-4291,PR-5959,,Decision for cart-service: latency burn must stay below threshold.,"Evidence: Teams decision, Confluence runbook, Jira acceptance criteria, Grafana metric, and PagerDuty incident history."
DRA-00044,2018-08-18,blocker,high,payment-orchestrator,Kim Tan,watching,ATLAS-1440,PR-9028,,Blocker for payment-orchestrator: latency burn must stay below threshold.,"Evidence: Teams decision, Confluence runbook, Jira acceptance criteria, Grafana metric, and PagerDuty incident history."
DRA-00045,2018-08-19,open_question,,payment-orchestrator,Luca Moretti,watching,ATLAS-2526,PR-9373,,Open_Question for payment-orchestrator: support escalation macro must be updated.,"Evidence: Teams decision, Confluence runbook, Jira acceptance criteria, Grafana metric, and PagerDuty incident history."
DRA-00046,2018-08-21,action,,analytics-pipeline,Theo Martin,closed,ATLAS-3349,PR-5771,,Action for analytics-pipeline: support escalation macro must be updated.,"Evidence: Teams decision, Confluence runbook, Jira acceptance criteria, Grafana metric, and PagerDuty incident history."
DRA-00047,2018-08-23,open_question,,pricing-engine,Ravi Patel,accepted,ATLAS-2547,PR-6453,PD-2404,Open_Question for pricing-engine: QA evidence is missing.,"Evidence: Teams decision, Confluence runbook, Jira acceptance criteria, Grafana metric, and PagerDuty incident history."
DRA-00048,2018-08-25,blocker,low,pricing-engine,Dmitri Volkov,watching,ATLAS-4905,PR-6111,,Blocker for pricing-engine: rollback owner must be assigned.,"Evidence: Teams decision, Confluence runbook, Jira acceptance criteria, Grafana metric, and PagerDuty incident history."
DRA-00049,2018-08-27,decision,,loyalty-service,Nora Singh,mitigated,ATLAS-4713,PR-9227,,Decision for loyalty-service: database migration needs rehearsal.,"Evidence: Teams decision, Confluence runbook, Jira acceptance criteria, Grafana metric, and PagerDuty incident history."
DRA-00050,2018-08-28,decision,,checkout-api,Sara Novak,closed,ATLAS-2775,PR-6246,,Decision for checkout-api: database migration needs rehearsal.,"Evidence: Teams decision, Confluence runbook, Jira acceptance criteria, Grafana metric, and PagerDuty incident history."
DRA-00051,2018-08-30,assumption,,order-ledger,Priya Nair,closed,ATLAS-4255,PR-11828,,Assumption for order-ledger: feature flag remains required.,"Evidence: Teams decision, Confluence runbook, Jira acceptance criteria, Grafana metric, and PagerDuty incident history."
DRA-00052,2018-09-01,decision,,order-ledger,Owen Brooks,open,ATLAS-2034,PR-5053,,Decision for order-ledger: feature flag remains required.,"Evidence: Teams decision, Confluence runbook, Jira acceptance criteria, Grafana metric, and PagerDuty incident history."
DRA-00053,2018-09-03,assumption,,tax-service,Noah Evans,open,ATLAS-3989,PR-7206,PD-2469,Assumption for tax-service: support escalation macro must be updated.,"Evidence: Teams decision, Confluence runbook, Jira acceptance criteria, Grafana metric, and PagerDuty incident history."
DRA-00054,2018-09-05,assumption,,auth-gateway,Ben Carter,watching,ATLAS-4225,PR-6978,PD-2263,Assumption for auth-gateway: feature flag remains required.,"Evidence: Teams decision, Confluence runbook, Jira acceptance criteria, Grafana metric, and PagerDuty incident history."
DRA-00055,2018-09-07,action,,pricing-engine,Victor Silva,closed,ATLAS-5608,PR-7498,,Action for pricing-engine: rollback owner must be assigned.,"Evidence: Teams decision, Confluence runbook, Jira acceptance criteria, Grafana metric, and PagerDuty incident history."
DRA-00056,2018-09-08,blocker,medium,analytics-pipeline,Grace Kim,closed,ATLAS-1613,PR-5133,,Blocker for analytics-pipeline: rollback owner must be assigned.,"Evidence: Teams decision, Confluence runbook, Jira acceptance criteria, Grafana metric, and PagerDuty incident history."
DRA-00057,2018-09-10,blocker,critical,tax-service,Grace Kim,open,ATLAS-6085,PR-8496,PD-2888,Blocker for tax-service: rollback owner must be assigned.,"Evidence: Teams decision, Confluence runbook, Jira acceptance criteria, Grafana metric, and PagerDuty incident history."
DRA-00058,2018-09-12,open_question,,tax-service,Iris Wang,closed,ATLAS-5887,PR-9769,,Open_Question for tax-service: latency burn must stay below threshold.,"Evidence: Teams decision, Confluence runbook, Jira acceptance criteria, Grafana metric, and PagerDuty incident history."
DRA-00059,2018-09-14,blocker,critical,checkout-api,Dmitri Volkov,open,ATLAS-3059,PR-7839,PD-2108,Blocker for checkout-api: database migration needs rehearsal.,"Evidence: Teams decision, Confluence runbook, Jira acceptance criteria, Grafana metric, and PagerDuty incident history."
DRA-00060,2018-09-16,decision,,tax-service,Aisha Khan,watching,ATLAS-5393,PR-6946,,Decision for tax-service: database migration needs rehearsal.,"Evidence: Teams decision, Confluence runbook, Jira acceptance criteria, Grafana metric, and PagerDuty incident history."
DRA-00061,2018-09-17,blocker,high,tax-service,Luca Moretti,open,ATLAS-3019,PR-8284,,Blocker for tax-service: rollback owner must be assigned.,"Evidence: Teams decision, Confluence runbook, Jira acceptance criteria, Grafana metric, and PagerDuty incident history."
DRA-00062,2018-09-19,action,,notification-service,Grace Kim,mitigated,ATLAS-3796,PR-7406,,Action for notification-service: rollback owner must be assigned.,"Evidence: Teams decision, Confluence runbook, Jira acceptance criteria, Grafana metric, and PagerDuty incident history."
DRA-00063,2018-09-21,risk,low,order-ledger,Ben Carter,accepted,ATLAS-5055,PR-8780,,Risk for order-ledger: support escalation macro must be updated.,"Evidence: Teams decision, Confluence runbook, Jira acceptance criteria, Grafana metric, and PagerDuty incident history."
DRA-00064,2018-09-23,open_question,,notification-service,Aisha Khan,watching,ATLAS-1278,PR-7584,,Open_Question for notification-service: rollback owner must be assigned.,"Evidence: Teams decision, Confluence runbook, Jira acceptance criteria, Grafana metric, and PagerDuty incident history."
DRA-00065,2018-09-25,decision,,auth-gateway,Ben Carter,closed,ATLAS-3782,PR-5598,,Decision for auth-gateway: QA evidence is missing.,"Evidence: Teams decision, Confluence runbook, Jira acceptance criteria, Grafana metric, and PagerDuty incident history."
DRA-00066,2018-09-27,risk,low,payment-orchestrator,Victor Silva,accepted,ATLAS-1267,PR-7063,,Risk for payment-orchestrator: latency burn must stay below threshold.,"Evidence: Teams decision, Confluence runbook, Jira acceptance criteria, Grafana metric, and PagerDuty incident history."
DRA-00067,2018-09-28,action,,pricing-engine,Kim Tan,accepted,ATLAS-3397,PR-5201,,Action for pricing-engine: rollback owner must be assigned.,"Evidence: Teams decision, Confluence runbook, Jira acceptance criteria, Grafana metric, and PagerDuty incident history."
DRA-00068,2018-09-30,blocker,high,payment-orchestrator,Dmitri Volkov,closed,ATLAS-3823,PR-6954,,Blocker for payment-orchestrator: latency burn must stay below threshold.,"Evidence: Teams decision, Confluence runbook, Jira acceptance criteria, Grafana metric, and PagerDuty incident history."
DRA-00069,2018-10-02,assumption,,auth-gateway,Theo Martin,mitigated,ATLAS-3593,PR-6053,,Assumption for auth-gateway: support escalation macro must be updated.,"Evidence: Teams decision, Confluence runbook, Jira acceptance criteria, Grafana metric, and PagerDuty incident history."
DRA-00070,2018-10-04,blocker,high,tax-service,Victor Silva,mitigated,ATLAS-4385,PR-7180,,Blocker for tax-service: feature flag remains required.,"Evidence: Teams decision, Confluence runbook, Jira acceptance criteria, Grafana metric, and PagerDuty incident history."
DRA-00071,2018-10-06,action,,inventory-reservation,Anika Sharma,mitigated,ATLAS-5277,PR-8453,,Action for inventory-reservation: latency burn must stay below threshold.,"Evidence: Teams decision, Confluence runbook, Jira acceptance criteria, Grafana metric, and PagerDuty incident history."
DRA-00072,2018-10-07,action,,tax-service,Ben Carter,closed,ATLAS-2811,PR-6815,,Action for tax-service: rollback owner must be assigned.,"Evidence: Teams decision, Confluence runbook, Jira acceptance criteria, Grafana metric, and PagerDuty incident history."
DRA-00073,2018-10-09,assumption,,payment-orchestrator,Owen Brooks,open,ATLAS-5748,PR-5180,PD-2800,Assumption for payment-orchestrator: latency burn must stay below threshold.,"Evidence: Teams decision, Confluence runbook, Jira acceptance criteria, Grafana metric, and PagerDuty incident history."
DRA-00074,2018-10-11,open_question,,payment-orchestrator,Samir Rao,mitigated,ATLAS-2522,PR-5869,,Open_Question for payment-orchestrator: support escalation macro must be updated.,"Evidence: Teams decision, Confluence runbook, Jira acceptance criteria, Grafana metric, and PagerDuty incident history."
DRA-00075,2018-10-13,action,,cart-service,Samir Rao,closed,ATLAS-2605,PR-9418,,Action for cart-service: latency burn must stay below threshold.,"Evidence: Teams decision, Confluence runbook, Jira acceptance criteria, Grafana metric, and PagerDuty incident history."
DRA-00076,2018-10-15,assumption,,auth-gateway,Jon Bell,open,ATLAS-3256,PR-10470,PD-2501,Assumption for auth-gateway: rollback owner must be assigned.,"Evidence: Teams decision, Confluence runbook, Jira acceptance criteria, Grafana metric, and PagerDuty incident history."
DRA-00077,2018-10-16,blocker,critical,order-ledger,Elena Petrova,watching,ATLAS-5074,PR-10505,PD-2890,Blocker for order-ledger: rollback owner must be assigned.,"Evidence: Teams decision, Confluence runbook, Jira acceptance criteria, Grafana metric, and PagerDuty incident history."
DRA-00078,2018-10-18,risk,high,payment-orchestrator,Luca Moretti,open,ATLAS-2896,PR-6993,,Risk for payment-orchestrator: support escalation macro must be updated.,"Evidence: Teams decision, Confluence runbook, Jira acceptance criteria, Grafana metric, and PagerDuty incident history."
DRA-00079,2018-10-20,risk,critical,payment-orchestrator,Aisha Khan,accepted,ATLAS-4828,PR-6002,PD-2644,Risk for payment-orchestrator: latency burn must stay below threshold.,"Evidence: Teams decision, Confluence runbook, Jira acceptance criteria, Grafana metric, and PagerDuty incident history."
DRA-00080,2018-10-22,blocker,low,payment-orchestrator,Dmitri Volkov,open,ATLAS-5204,PR-8658,,Blocker for payment-orchestrator: feature flag remains required.,"Evidence: Teams decision, Confluence runbook, Jira acceptance criteria, Grafana metric, and PagerDuty incident history."
DRA-00081,2018-10-24,risk,low,notification-service,Sara Novak,mitigated,ATLAS-5659,PR-7007,PD-2635,Risk for notification-service: latency burn must stay below threshold.,"Evidence: Teams decision, Confluence runbook, Jira acceptance criteria, Grafana metric, and PagerDuty incident history."
DRA-00082,2018-10-26,action,,inventory-reservation,Kim Tan,closed,ATLAS-3106,PR-10032,,Action for inventory-reservation: feature flag remains required.,"Evidence: Teams decision, Confluence runbook, Jira acceptance criteria, Grafana metric, and PagerDuty incident history."
DRA-00083,2018-10-27,blocker,medium,payment-orchestrator,Theo Martin,mitigated,ATLAS-3175,PR-11250,,Blocker for payment-orchestrator: database migration needs rehearsal.,"Evidence: Teams decision, Confluence runbook, Jira acceptance criteria, Grafana metric, and PagerDuty incident history."
DRA-00084,2018-10-29,open_question,,checkout-api,Harper Lee,watching,ATLAS-5644,PR-9755,PD-2347,Open_Question for checkout-api: rollback owner must be assigned.,"Evidence: Teams decision, Confluence runbook, Jira acceptance criteria, Grafana metric, and PagerDuty incident history."
DRA-00085,2018-10-31,blocker,low,notification-service,Kim Tan,watching,ATLAS-4426,PR-5775,,Blocker for notification-service: QA evidence is missing.,"Evidence: Teams decision, Confluence runbook, Jira acceptance criteria, Grafana metric, and PagerDuty incident history."
DRA-00086,2018-11-02,risk,medium,checkout-api,Noah Evans,open,ATLAS-1446,PR-8135,,Risk for checkout-api: feature flag remains required.,"Evidence: Teams decision, Confluence runbook, Jira acceptance criteria, Grafana metric, and PagerDuty incident history."
DRA-00087,2018-11-04,action,,cart-service,Theo Martin,mitigated,ATLAS-2109,PR-5991,,Action for cart-service: support escalation macro must be updated.,"Evidence: Teams decision, Confluence runbook, Jira acceptance criteria, Grafana metric, and PagerDuty incident history."
DRA-00088,2018-11-05,assumption,,tax-service,Ravi Patel,mitigated,ATLAS-3283,PR-10584,PD-2146,Assumption for tax-service: database migration needs rehearsal.,"Evidence: Teams decision, Confluence runbook, Jira acceptance criteria, Grafana metric, and PagerDuty incident history."
DRA-00089,2018-11-07,blocker,medium,payment-orchestrator,Iris Wang,accepted,ATLAS-1388,PR-10011,PD-2385,Blocker for payment-orchestrator: support escalation macro must be updated.,"Evidence: Teams decision, Confluence runbook, Jira acceptance criteria, Grafana metric, and PagerDuty incident history."
DRA-00090,2018-11-09,assumption,,analytics-pipeline,Fatima Noor,closed,ATLAS-1749,PR-5208,,Assumption for analytics-pipeline: database migration needs rehearsal.,"Evidence: Teams decision, Confluence runbook, Jira acceptance criteria, Grafana metric, and PagerDuty incident history."
DRA-00091,2018-11-11,open_question,,auth-gateway,Theo Martin,accepted,ATLAS-1292,PR-7331,,Open_Question for auth-gateway: QA evidence is missing.,"Evidence: Teams decision, Confluence runbook, Jira acceptance criteria, Grafana metric, and PagerDuty incident history."
DRA-00092,2018-11-13,assumption,,notification-service,Sara Novak,closed,ATLAS-6051,PR-11461,PD-2849,Assumption for notification-service: latency burn must stay below threshold.,"Evidence: Teams decision, Confluence runbook, Jira acceptance criteria, Grafana metric, and PagerDuty incident history."
DRA-00093,2018-11-15,assumption,,search-recommendations,Sara Novak,mitigated,ATLAS-2546,PR-9613,,Assumption for search-recommendations: support escalation macro must be updated.,"Evidence: Teams decision, Confluence runbook, Jira acceptance criteria, Grafana metric, and PagerDuty incident history."
DRA-00094,2018-11-16,risk,low,inventory-reservation,Mateo Garcia,watching,ATLAS-1095,PR-8903,,Risk for inventory-reservation: support escalation macro must be updated.,"Evidence: Teams decision, Confluence runbook, Jira acceptance criteria, Grafana metric, and PagerDuty incident history."
DRA-00095,2018-11-18,open_question,,auth-gateway,Anika Sharma,mitigated,ATLAS-5133,PR-12116,,Open_Question for auth-gateway: feature flag remains required.,"Evidence: Teams decision, Confluence runbook, Jira acceptance criteria, Grafana metric, and PagerDuty incident history."
DRA-00096,2018-11-20,open_question,,cart-service,Ravi Patel,watching,ATLAS-1945,PR-9118,PD-2159,Open_Question for cart-service: latency burn must stay below threshold.,"Evidence: Teams decision, Confluence runbook, Jira acceptance criteria, Grafana metric, and PagerDuty incident history."
DRA-00097,2018-11-22,blocker,high,tax-service,Noah Evans,open,ATLAS-2992,PR-5580,PD-2348,Blocker for tax-service: support escalation macro must be updated.,"Evidence: Teams decision, Confluence runbook, Jira acceptance criteria, Grafana metric, and PagerDuty incident history."
DRA-00098,2018-11-24,open_question,,search-recommendations,Victor Silva,watching,ATLAS-2799,PR-6679,PD-2697,Open_Question for search-recommendations: rollback owner must be assigned.,"Evidence: Teams decision, Confluence runbook, Jira acceptance criteria, Grafana metric, and PagerDuty incident history."
DRA-00099,2018-11-25,risk,low,checkout-api,Theo Martin,accepted,ATLAS-3727,PR-11316,,Risk for checkout-api: database migration needs rehearsal.,"Evidence: Teams decision, Confluence runbook, Jira acceptance criteria, Grafana metric, and PagerDuty incident history."
DRA-00100,2018-11-27,action,,pricing-engine,Harper Lee,accepted,ATLAS-3066,PR-9941,,Action for pricing-engine: rollback owner must be assigned.,"Evidence: Teams decision, Confluence runbook, Jira acceptance criteria, Grafana metric, and PagerDuty incident history."
DRA-00101,2018-11-29,open_question,,inventory-reservation,Harper Lee,mitigated,ATLAS-5037,PR-8120,PD-2742,Open_Question for inventory-reservation: QA evidence is missing.,"Evidence: Teams decision, Confluence runbook, Jira acceptance criteria, Grafana metric, and PagerDuty incident history."
DRA-00102,2018-12-01,action,,tax-service,Harper Lee,accepted,ATLAS-1856,PR-7255,,Action for tax-service: feature flag remains required.,"Evidence: Teams decision, Confluence runbook, Jira acceptance criteria, Grafana metric, and PagerDuty incident history."
DRA-00103,2018-12-03,blocker,medium,auth-gateway,Ben Carter,mitigated,ATLAS-1436,PR-7573,,Blocker for auth-gateway: latency burn must stay below threshold.,"Evidence: Teams decision, Confluence runbook, Jira acceptance criteria, Grafana metric, and PagerDuty incident history."
DRA-00104,2018-12-05,action,,loyalty-service,Harper Lee,accepted,ATLAS-5156,PR-9775,PD-2093,Action for loyalty-service: support escalation macro must be updated.,"Evidence: Teams decision, Confluence runbook, Jira acceptance criteria, Grafana metric, and PagerDuty incident history."
DRA-00105,2018-12-06,decision,,cart-service,Aisha Khan,closed,ATLAS-4060,PR-6010,PD-2517,Decision for cart-service: QA evidence is missing.,"Evidence: Teams decision, Confluence runbook, Jira acceptance criteria, Grafana metric, and PagerDuty incident history."
DRA-00106,2018-12-08,open_question,,auth-gateway,Ravi Patel,watching,ATLAS-2263,PR-9365,,Open_Question for auth-gateway: latency burn must stay below threshold.,"Evidence: Teams decision, Confluence runbook, Jira acceptance criteria, Grafana metric, and PagerDuty incident history."
DRA-00107,2018-12-10,blocker,high,analytics-pipeline,Victor Silva,open,ATLAS-5464,PR-9215,,Blocker for analytics-pipeline: database migration needs rehearsal.,"Evidence: Teams decision, Confluence runbook, Jira acceptance criteria, Grafana metric, and PagerDuty incident history."
DRA-00108,2018-12-12,blocker,medium,analytics-pipeline,Iris Wang,open,ATLAS-2687,PR-9599,,Blocker for analytics-pipeline: feature flag remains required.,"Evidence: Teams decision, Confluence runbook, Jira acceptance criteria, Grafana metric, and PagerDuty incident history."
DRA-00109,2018-12-14,blocker,medium,analytics-pipeline,Mateo Garcia,closed,ATLAS-5540,PR-8032,,Blocker for analytics-pipeline: rollback owner must be assigned.,"Evidence: Teams decision, Confluence runbook, Jira acceptance criteria, Grafana metric, and PagerDuty incident history."
DRA-00110,2018-12-15,open_question,,cart-service,Kim Tan,closed,ATLAS-3851,PR-10470,,Open_Question for cart-service: database migration needs rehearsal.,"Evidence: Teams decision, Confluence runbook, Jira acceptance criteria, Grafana metric, and PagerDuty incident history."
DRA-00111,2018-12-17,open_question,,notification-service,Jon Bell,watching,ATLAS-5251,PR-10099,,Open_Question for notification-service: database migration needs rehearsal.,"Evidence: Teams decision, Confluence runbook, Jira acceptance criteria, Grafana metric, and PagerDuty incident history."
DRA-00112,2018-12-19,assumption,,search-recommendations,Priya Nair,watching,ATLAS-1288,PR-5590,,Assumption for search-recommendations: support escalation macro must be updated.,"Evidence: Teams decision, Confluence runbook, Jira acceptance criteria, Grafana metric, and PagerDuty incident history."
DRA-00113,2018-12-21,risk,low,inventory-reservation,Ravi Patel,watching,ATLAS-2401,PR-8069,,Risk for inventory-reservation: QA evidence is missing.,"Evidence: Teams decision, Confluence runbook, Jira acceptance criteria, Grafana metric, and PagerDuty incident history."
DRA-00114,2018-12-23,action,,tax-service,Yara Haddad,open,ATLAS-1314,PR-8230,,Action for tax-service: database migration needs rehearsal.,"Evidence: Teams decision, Confluence runbook, Jira acceptance criteria, Grafana metric, and PagerDuty incident history."
DRA-00115,2018-12-24,blocker,high,payment-orchestrator,Mateo Garcia,closed,ATLAS-5534,PR-10603,,Blocker for payment-orchestrator: feature flag remains required.,"Evidence: Teams decision, Confluence runbook, Jira acceptance criteria, Grafana metric, and PagerDuty incident history."
DRA-00116,2018-12-26,open_question,,checkout-api,Elena Petrova,closed,ATLAS-5888,PR-8338,,Open_Question for checkout-api: feature flag remains required.,"Evidence: Teams decision, Confluence runbook, Jira acceptance criteria, Grafana metric, and PagerDuty incident history."
DRA-00117,2018-12-28,risk,critical,search-recommendations,Maya Chen,accepted,ATLAS-5569,PR-5615,,Risk for search-recommendations: support escalation macro must be updated.,"Evidence: Teams decision, Confluence runbook, Jira acceptance criteria, Grafana metric, and PagerDuty incident history."
DRA-00118,2018-12-30,action,,tax-service,Iris Wang,open,ATLAS-3650,PR-5493,,Action for tax-service: QA evidence is missing.,"Evidence: Teams decision, Confluence runbook, Jira acceptance criteria, Grafana metric, and PagerDuty incident history."
DRA-00119,2019-01-01,action,,notification-service,Ravi Patel,accepted,ATLAS-4464,PR-6707,,Action for notification-service: rollback owner must be assigned.,"Evidence: Teams decision, Confluence runbook, Jira acceptance criteria, Grafana metric, and PagerDuty incident history."
DRA-00120,2019-01-03,blocker,critical,order-ledger,Dmitri Volkov,accepted,ATLAS-4612,PR-11596,,Blocker for order-ledger: rollback owner must be assigned.,"Evidence: Teams decision, Confluence runbook, Jira acceptance criteria, Grafana metric, and PagerDuty incident history."
DRA-00121,2019-01-04,risk,medium,auth-gateway,Ben Carter,open,ATLAS-3118,PR-9801,PD-2780,Risk for auth-gateway: support escalation macro must be updated.,"Evidence: Teams decision, Confluence runbook, Jira acceptance criteria, Grafana metric, and PagerDuty incident history."
DRA-00122,2019-01-06,decision,,search-recommendations,Anika Sharma,accepted,ATLAS-1149,PR-7896,PD-2483,Decision for search-recommendations: feature flag remains required.,"Evidence: Teams decision, Confluence runbook, Jira acceptance criteria, Grafana metric, and PagerDuty incident history."
DRA-00123,2019-01-08,decision,,order-ledger,Nora Singh,open,ATLAS-3545,PR-9162,,Decision for order-ledger: feature flag remains required.,"Evidence: Teams decision, Confluence runbook, Jira acceptance criteria, Grafana metric, and PagerDuty incident history."
DRA-00124,2019-01-10,risk,critical,tax-service,Ravi Patel,closed,ATLAS-5280,PR-9002,PD-2474,Risk for tax-service: QA evidence is missing.,"Evidence: Teams decision, Confluence runbook, Jira acceptance criteria, Grafana metric, and PagerDuty incident history."
DRA-00125,2019-01-12,risk,high,checkout-api,Sara Novak,watching,ATLAS-2819,PR-5288,,Risk for checkout-api: support escalation macro must be updated.,"Evidence: Teams decision, Confluence runbook, Jira acceptance criteria, Grafana metric, and PagerDuty incident history."
DRA-00126,2019-01-13,assumption,,cart-service,Elena Petrova,watching,ATLAS-3268,PR-7195,,Assumption for cart-service: QA evidence is missing.,"Evidence: Teams decision, Confluence runbook, Jira acceptance criteria, Grafana metric, and PagerDuty incident history."
DRA-00127,2019-01-15,blocker,high,notification-service,Ben Carter,closed,ATLAS-3009,PR-10134,PD-2337,Blocker for notification-service: feature flag remains required.,"Evidence: Teams decision, Confluence runbook, Jira acceptance criteria, Grafana metric, and PagerDuty incident history."
DRA-00128,2019-01-17,assumption,,auth-gateway,Samir Rao,closed,ATLAS-1791,PR-8495,,Assumption for auth-gateway: feature flag remains required.,"Evidence: Teams decision, Confluence runbook, Jira acceptance criteria, Grafana metric, and PagerDuty incident history."
DRA-00129,2019-01-19,decision,,inventory-reservation,Elena Petrova,closed,ATLAS-2119,PR-5256,,Decision for inventory-reservation: database migration needs rehearsal.,"Evidence: Teams decision, Confluence runbook, Jira acceptance criteria, Grafana metric, and PagerDuty incident history."
DRA-00130,2019-01-21,decision,,loyalty-service,Anika Sharma,closed,ATLAS-5902,PR-9609,PD-2556,Decision for loyalty-service: rollback owner must be assigned.,"Evidence: Teams decision, Confluence runbook, Jira acceptance criteria, Grafana metric, and PagerDuty incident history."
DRA-00131,2019-01-23,blocker,high,cart-service,Ben Carter,watching,ATLAS-4830,PR-10991,PD-2697,Blocker for cart-service: latency burn must stay below threshold.,"Evidence: Teams decision, Confluence runbook, Jira acceptance criteria, Grafana metric, and PagerDuty incident history."
DRA-00132,2019-01-24,open_question,,inventory-reservation,Anika Sharma,open,ATLAS-5235,PR-6966,,Open_Question for inventory-reservation: latency burn must stay below threshold.,"Evidence: Teams decision, Confluence runbook, Jira acceptance criteria, Grafana metric, and PagerDuty incident history."
DRA-00133,2019-01-26,open_question,,tax-service,Mateo Garcia,mitigated,ATLAS-3441,PR-9677,,Open_Question for tax-service: feature flag remains required.,"Evidence: Teams decision, Confluence runbook, Jira acceptance criteria, Grafana metric, and PagerDuty incident history."
DRA-00134,2019-01-28,decision,,pricing-engine,Grace Kim,accepted,ATLAS-3581,PR-6498,PD-2558,Decision for pricing-engine: latency burn must stay below threshold.,"Evidence: Teams decision, Confluence runbook, Jira acceptance criteria, Grafana metric, and PagerDuty incident history."
DRA-00135,2019-01-30,open_question,,auth-gateway,Theo Martin,accepted,ATLAS-4096,PR-7496,,Open_Question for auth-gateway: latency burn must stay below threshold.,"Evidence: Teams decision, Confluence runbook, Jira acceptance criteria, Grafana metric, and PagerDuty incident history."
DRA-00136,2019-02-01,decision,,loyalty-service,Victor Silva,mitigated,ATLAS-5669,PR-8332,,Decision for loyalty-service: support escalation macro must be updated.,"Evidence: Teams decision, Confluence runbook, Jira acceptance criteria, Grafana metric, and PagerDuty incident history."
DRA-00137,2019-02-02,blocker,medium,loyalty-service,Mateo Garcia,accepted,ATLAS-3134,PR-5083,PD-2542,Blocker for loyalty-service: database migration needs rehearsal.,"Evidence: Teams decision, Confluence runbook, Jira acceptance criteria, Grafana metric, and PagerDuty incident history."
DRA-00138,2019-02-04,action,,inventory-reservation,Maya Chen,mitigated,ATLAS-6056,PR-9797,,Action for inventory-reservation: support escalation macro must be updated.,"Evidence: Teams decision, Confluence runbook, Jira acceptance criteria, Grafana metric, and PagerDuty incident history."
DRA-00139,2019-02-06,risk,critical,inventory-reservation,Mateo Garcia,mitigated,ATLAS-3007,PR-8548,,Risk for inventory-reservation: latency burn must stay below threshold.,"Evidence: Teams decision, Confluence runbook, Jira acceptance criteria, Grafana metric, and PagerDuty incident history."
DRA-00140,2019-02-08,blocker,high,pricing-engine,Anika Sharma,watching,ATLAS-5279,PR-6269,,Blocker for pricing-engine: feature flag remains required.,"Evidence: Teams decision, Confluence runbook, Jira acceptance criteria, Grafana metric, and PagerDuty incident history."
DRA-00141,2019-02-10,action,,pricing-engine,Noah Evans,watching,ATLAS-3430,PR-11919,,Action for pricing-engine: database migration needs rehearsal.,"Evidence: Teams decision, Confluence runbook, Jira acceptance criteria, Grafana metric, and PagerDuty incident history."
DRA-00142,2019-02-12,decision,,pricing-engine,Nora Singh,watching,ATLAS-2270,PR-9359,,Decision for pricing-engine: latency burn must stay below threshold.,"Evidence: Teams decision, Confluence runbook, Jira acceptance criteria, Grafana metric, and PagerDuty incident history."
DRA-00143,2019-02-13,assumption,,notification-service,Ravi Patel,accepted,ATLAS-4297,PR-6284,,Assumption for notification-service: feature flag remains required.,"Evidence: Teams decision, Confluence runbook, Jira acceptance criteria, Grafana metric, and PagerDuty incident history."
DRA-00144,2019-02-15,blocker,medium,order-ledger,Ben Carter,closed,ATLAS-3104,PR-9928,,Blocker for order-ledger: database migration needs rehearsal.,"Evidence: Teams decision, Confluence runbook, Jira acceptance criteria, Grafana metric, and PagerDuty incident history."
DRA-00145,2019-02-17,blocker,low,analytics-pipeline,Dmitri Volkov,watching,ATLAS-2016,PR-7789,,Blocker for analytics-pipeline: latency burn must stay below threshold.,"Evidence: Teams decision, Confluence runbook, Jira acceptance criteria, Grafana metric, and PagerDuty incident history."
DRA-00146,2019-02-19,action,,cart-service,Priya Nair,watching,ATLAS-3336,PR-5375,PD-2720,Action for cart-service: QA evidence is missing.,"Evidence: Teams decision, Confluence runbook, Jira acceptance criteria, Grafana metric, and PagerDuty incident history."
DRA-00147,2019-02-21,open_question,,search-recommendations,Luca Moretti,open,ATLAS-2669,PR-9530,,Open_Question for search-recommendations: QA evidence is missing.,"Evidence: Teams decision, Confluence runbook, Jira acceptance criteria, Grafana metric, and PagerDuty incident history."
DRA-00148,2019-02-22,decision,,search-recommendations,Priya Nair,watching,ATLAS-4361,PR-8241,PD-2667,Decision for search-recommendations: QA evidence is missing.,"Evidence: Teams decision, Confluence runbook, Jira acceptance criteria, Grafana metric, and PagerDuty incident history."
DRA-00149,2019-02-24,open_question,,analytics-pipeline,Fatima Noor,open,ATLAS-5465,PR-8939,,Open_Question for analytics-pipeline: QA evidence is missing.,"Evidence: Teams decision, Confluence runbook, Jira acceptance criteria, Grafana metric, and PagerDuty incident history."
DRA-00150,2019-02-26,action,,loyalty-service,Kim Tan,mitigated,ATLAS-2985,PR-8616,,Action for loyalty-service: rollback owner must be assigned.,"Evidence: Teams decision, Confluence runbook, Jira acceptance criteria, Grafana metric, and PagerDuty incident history."
DRA-00151,2019-02-28,action,,loyalty-service,Luca Moretti,watching,ATLAS-5935,PR-12534,PD-2619,Action for loyalty-service: feature flag remains required.,"Evidence: Teams decision, Confluence runbook, Jira acceptance criteria, Grafana metric, and PagerDuty incident history."
DRA-00152,2019-03-02,decision,,checkout-api,Noah Evans,closed,ATLAS-3160,PR-7691,,Decision for checkout-api: support escalation macro must be updated.,"Evidence: Teams decision, Confluence runbook, Jira acceptance criteria, Grafana metric, and PagerDuty incident history."
DRA-00153,2019-03-03,open_question,,order-ledger,Maya Chen,closed,ATLAS-2019,PR-5781,,Open_Question for order-ledger: latency burn must stay below threshold.,"Evidence: Teams decision, Confluence runbook, Jira acceptance criteria, Grafana metric, and PagerDuty incident history."
DRA-00154,2019-03-05,decision,,analytics-pipeline,Maya Chen,mitigated,ATLAS-1774,PR-8987,,Decision for analytics-pipeline: feature flag remains required.,"Evidence: Teams decision, Confluence runbook, Jira acceptance criteria, Grafana metric, and PagerDuty incident history."
DRA-00155,2019-03-07,open_question,,analytics-pipeline,Ravi Patel,open,ATLAS-6082,PR-9479,,Open_Question for analytics-pipeline: QA evidence is missing.,"Evidence: Teams decision, Confluence runbook, Jira acceptance criteria, Grafana metric, and PagerDuty incident history."
DRA-00156,2019-03-09,risk,high,search-recommendations,Elena Petrova,mitigated,ATLAS-2280,PR-7396,,Risk for search-recommendations: support escalation macro must be updated.,"Evidence: Teams decision, Confluence runbook, Jira acceptance criteria, Grafana metric, and PagerDuty incident history."
DRA-00157,2019-03-11,open_question,,notification-service,Yara Haddad,mitigated,ATLAS-4647,PR-6319,,Open_Question for notification-service: database migration needs rehearsal.,"Evidence: Teams decision, Confluence runbook, Jira acceptance criteria, Grafana metric, and PagerDuty incident history."
DRA-00158,2019-03-13,blocker,low,loyalty-service,Victor Silva,open,ATLAS-4770,PR-8922,,Blocker for loyalty-service: latency burn must stay below threshold.,"Evidence: Teams decision, Confluence runbook, Jira acceptance criteria, Grafana metric, and PagerDuty incident history."
DRA-00159,2019-03-14,blocker,medium,tax-service,Yara Haddad,closed,ATLAS-3976,PR-6959,,Blocker for tax-service: rollback owner must be assigned.,"Evidence: Teams decision, Confluence runbook, Jira acceptance criteria, Grafana metric, and PagerDuty incident history."
DRA-00160,2019-03-16,action,,pricing-engine,Theo Martin,watching,ATLAS-4196,PR-6206,PD-2277,Action for pricing-engine: feature flag remains required.,"Evidence: Teams decision, Confluence runbook, Jira acceptance criteria, Grafana metric, and PagerDuty incident history."
DRA-00161,2019-03-18,open_question,,notification-service,Sara Novak,open,ATLAS-1633,PR-6564,,Open_Question for notification-service: feature flag remains required.,"Evidence: Teams decision, Confluence runbook, Jira acceptance criteria, Grafana metric, and PagerDuty incident history."
DRA-00162,2019-03-20,assumption,,inventory-reservation,Dmitri Volkov,open,ATLAS-3314,PR-7445,PD-2625,Assumption for inventory-reservation: database migration needs rehearsal.,"Evidence: Teams decision, Confluence runbook, Jira acceptance criteria, Grafana metric, and PagerDuty incident history."
DRA-00163,2019-03-22,open_question,,tax-service,Jon Bell,watching,ATLAS-3277,PR-6682,,Open_Question for tax-service: rollback owner must be assigned.,"Evidence: Teams decision, Confluence runbook, Jira acceptance criteria, Grafana metric, and PagerDuty incident history."
DRA-00164,2019-03-23,blocker,low,notification-service,Nora Singh,mitigated,ATLAS-1455,PR-7897,,Blocker for notification-service: QA evidence is missing.,"Evidence: Teams decision, Confluence runbook, Jira acceptance criteria, Grafana metric, and PagerDuty incident history."
DRA-00165,2019-03-25,risk,medium,tax-service,Kim Tan,closed,ATLAS-2841,PR-5692,PD-2564,Risk for tax-service: rollback owner must be assigned.,"Evidence: Teams decision, Confluence runbook, Jira acceptance criteria, Grafana metric, and PagerDuty incident history."
DRA-00166,2019-03-27,action,,cart-service,Luca Moretti,closed,ATLAS-5102,PR-5206,,Action for cart-service: QA evidence is missing.,"Evidence: Teams decision, Confluence runbook, Jira acceptance criteria, Grafana metric, and PagerDuty incident history."
DRA-00167,2019-03-29,open_question,,checkout-api,Sara Novak,open,ATLAS-5865,PR-11398,,Open_Question for checkout-api: database migration needs rehearsal.,"Evidence: Teams decision, Confluence runbook, Jira acceptance criteria, Grafana metric, and PagerDuty incident history."
DRA-00168,2019-03-31,assumption,,notification-service,Maya Chen,open,ATLAS-1418,PR-5266,,Assumption for notification-service: latency burn must stay below threshold.,"Evidence: Teams decision, Confluence runbook, Jira acceptance criteria, Grafana metric, and PagerDuty incident history."
DRA-00169,2019-04-02,open_question,,inventory-reservation,Noah Evans,closed,ATLAS-1153,PR-11470,,Open_Question for inventory-reservation: latency burn must stay below threshold.,"Evidence: Teams decision, Confluence runbook, Jira acceptance criteria, Grafana metric, and PagerDuty incident history."
DRA-00170,2019-04-03,blocker,critical,cart-service,Nora Singh,closed,ATLAS-1995,PR-6498,,Blocker for cart-service: latency burn must stay below threshold.,"Evidence: Teams decision, Confluence runbook, Jira acceptance criteria, Grafana metric, and PagerDuty incident history."
DRA-00171,2019-04-05,risk,high,checkout-api,Victor Silva,closed,ATLAS-3046,PR-8619,,Risk for checkout-api: QA evidence is missing.,"Evidence: Teams decision, Confluence runbook, Jira acceptance criteria, Grafana metric, and PagerDuty incident history."
DRA-00172,2019-04-07,risk,high,auth-gateway,Maya Chen,watching,ATLAS-3598,PR-11253,,Risk for auth-gateway: QA evidence is missing.,"Evidence: Teams decision, Confluence runbook, Jira acceptance criteria, Grafana metric, and PagerDuty incident history."
DRA-00173,2019-04-09,decision,,notification-service,Mateo Garcia,accepted,ATLAS-1799,PR-9678,,Decision for notification-service: rollback owner must be assigned.,"Evidence: Teams decision, Confluence runbook, Jira acceptance criteria, Grafana metric, and PagerDuty incident history."
DRA-00174,2019-04-11,decision,,loyalty-service,Priya Nair,mitigated,ATLAS-5855,PR-10630,,Decision for loyalty-service: feature flag remains required.,"Evidence: Teams decision, Confluence runbook, Jira acceptance criteria, Grafana metric, and PagerDuty incident history."
DRA-00175,2019-04-12,assumption,,search-recommendations,Ravi Patel,watching,ATLAS-1733,PR-5872,PD-2153,Assumption for search-recommendations: rollback owner must be assigned.,"Evidence: Teams decision, Confluence runbook, Jira acceptance criteria, Grafana metric, and PagerDuty incident history."
DRA-00176,2019-04-14,blocker,critical,analytics-pipeline,Luca Moretti,mitigated,ATLAS-2691,PR-7026,,Blocker for analytics-pipeline: support escalation macro must be updated.,"Evidence: Teams decision, Confluence runbook, Jira acceptance criteria, Grafana metric, and PagerDuty incident history."
DRA-00177,2019-04-16,assumption,,analytics-pipeline,Grace Kim,accepted,ATLAS-1173,PR-10812,,Assumption for analytics-pipeline: latency burn must stay below threshold.,"Evidence: Teams decision, Confluence runbook, Jira acceptance criteria, Grafana metric, and PagerDuty incident history."
DRA-00178,2019-04-18,blocker,high,auth-gateway,Sara Novak,closed,ATLAS-6153,PR-5217,PD-2705,Blocker for auth-gateway: feature flag remains required.,"Evidence: Teams decision, Confluence runbook, Jira acceptance criteria, Grafana metric, and PagerDuty incident history."
DRA-00179,2019-04-20,open_question,,pricing-engine,Elena Petrova,mitigated,ATLAS-1584,PR-5833,,Open_Question for pricing-engine: support escalation macro must be updated.,"Evidence: Teams decision, Confluence runbook, Jira acceptance criteria, Grafana metric, and PagerDuty incident history."
DRA-00180,2019-04-21,decision,,notification-service,Jon Bell,watching,ATLAS-4250,PR-5731,PD-2754,Decision for notification-service: rollback owner must be assigned.,"Evidence: Teams decision, Confluence runbook, Jira acceptance criteria, Grafana metric, and PagerDuty incident history."
DRA-00181,2019-04-23,assumption,,loyalty-service,Iris Wang,open,ATLAS-5398,PR-9972,,Assumption for loyalty-service: latency burn must stay below threshold.,"Evidence: Teams decision, Confluence runbook, Jira acceptance criteria, Grafana metric, and PagerDuty incident history."
DRA-00182,2019-04-25,open_question,,inventory-reservation,Dmitri Volkov,watching,ATLAS-3681,PR-11942,PD-2300,Open_Question for inventory-reservation: feature flag remains required.,"Evidence: Teams decision, Confluence runbook, Jira acceptance criteria, Grafana metric, and PagerDuty incident history."
DRA-00183,2019-04-27,open_question,,pricing-engine,Grace Kim,watching,ATLAS-3135,PR-6799,,Open_Question for pricing-engine: rollback owner must be assigned.,"Evidence: Teams decision, Confluence runbook, Jira acceptance criteria, Grafana metric, and PagerDuty incident history."
DRA-00184,2019-04-29,open_question,,loyalty-service,Aisha Khan,watching,ATLAS-4146,PR-5615,,Open_Question for loyalty-service: rollback owner must be assigned.,"Evidence: Teams decision, Confluence runbook, Jira acceptance criteria, Grafana metric, and PagerDuty incident history."
DRA-00185,2019-05-01,risk,critical,auth-gateway,Anika Sharma,accepted,ATLAS-3984,PR-8934,,Risk for auth-gateway: latency burn must stay below threshold.,"Evidence: Teams decision, Confluence runbook, Jira acceptance criteria, Grafana metric, and PagerDuty incident history."
DRA-00186,2019-05-02,risk,high,cart-service,Yara Haddad,mitigated,ATLAS-3672,PR-11873,,Risk for cart-service: feature flag remains required.,"Evidence: Teams decision, Confluence runbook, Jira acceptance criteria, Grafana metric, and PagerDuty incident history."
DRA-00187,2019-05-04,decision,,analytics-pipeline,Harper Lee,closed,ATLAS-2379,PR-5793,PD-2521,Decision for analytics-pipeline: feature flag remains required.,"Evidence: Teams decision, Confluence runbook, Jira acceptance criteria, Grafana metric, and PagerDuty incident history."
DRA-00188,2019-05-06,risk,critical,order-ledger,Theo Martin,open,ATLAS-2888,PR-9856,,Risk for order-ledger: database migration needs rehearsal.,"Evidence: Teams decision, Confluence runbook, Jira acceptance criteria, Grafana metric, and PagerDuty incident history."
DRA-00189,2019-05-08,risk,critical,payment-orchestrator,Nora Singh,closed,ATLAS-5922,PR-7669,,Risk for payment-orchestrator: database migration needs rehearsal.,"Evidence: Teams decision, Confluence runbook, Jira acceptance criteria, Grafana metric, and PagerDuty incident history."
DRA-00190,2019-05-10,blocker,critical,auth-gateway,Ben Carter,mitigated,ATLAS-1923,PR-7677,,Blocker for auth-gateway: database migration needs rehearsal.,"Evidence: Teams decision, Confluence runbook, Jira acceptance criteria, Grafana metric, and PagerDuty incident history."
DRA-00191,2019-05-11,blocker,high,tax-service,Sara Novak,open,ATLAS-4018,PR-6211,,Blocker for tax-service: latency burn must stay below threshold.,"Evidence: Teams decision, Confluence runbook, Jira acceptance criteria, Grafana metric, and PagerDuty incident history."
DRA-00192,2019-05-13,risk,low,pricing-engine,Nora Singh,accepted,ATLAS-5151,PR-7504,,Risk for pricing-engine: support escalation macro must be updated.,"Evidence: Teams decision, Confluence runbook, Jira acceptance criteria, Grafana metric, and PagerDuty incident history."
DRA-00193,2019-05-15,decision,,notification-service,Yara Haddad,mitigated,ATLAS-2102,PR-9527,PD-2230,Decision for notification-service: rollback owner must be assigned.,"Evidence: Teams decision, Confluence runbook, Jira acceptance criteria, Grafana metric, and PagerDuty incident history."
DRA-00194,2019-05-17,risk,medium,auth-gateway,Fatima Noor,mitigated,ATLAS-5682,PR-6943,,Risk for auth-gateway: rollback owner must be assigned.,"Evidence: Teams decision, Confluence runbook, Jira acceptance criteria, Grafana metric, and PagerDuty incident history."
DRA-00195,2019-05-19,blocker,high,analytics-pipeline,Ben Carter,mitigated,ATLAS-2966,PR-5626,,Blocker for analytics-pipeline: database migration needs rehearsal.,"Evidence: Teams decision, Confluence runbook, Jira acceptance criteria, Grafana metric, and PagerDuty incident history."
DRA-00196,2019-05-21,risk,high,cart-service,Victor Silva,open,ATLAS-2746,PR-9442,,Risk for cart-service: database migration needs rehearsal.,"Evidence: Teams decision, Confluence runbook, Jira acceptance criteria, Grafana metric, and PagerDuty incident history."
DRA-00197,2019-05-22,assumption,,auth-gateway,Kim Tan,closed,ATLAS-2683,PR-8717,,Assumption for auth-gateway: QA evidence is missing.,"Evidence: Teams decision, Confluence runbook, Jira acceptance criteria, Grafana metric, and PagerDuty incident history."
DRA-00198,2019-05-24,assumption,,search-recommendations,Noah Evans,accepted,ATLAS-5036,PR-7611,PD-2679,Assumption for search-recommendations: rollback owner must be assigned.,"Evidence: Teams decision, Confluence runbook, Jira acceptance criteria, Grafana metric, and PagerDuty incident history."
DRA-00199,2019-05-26,action,,notification-service,Grace Kim,watching,ATLAS-4566,PR-7561,,Action for notification-service: QA evidence is missing.,"Evidence: Teams decision, Confluence runbook, Jira acceptance criteria, Grafana metric, and PagerDuty incident history."
DRA-00200,2019-05-28,open_question,,tax-service,Elena Petrova,open,ATLAS-1970,PR-8752,,Open_Question for tax-service: rollback owner must be assigned.,"Evidence: Teams decision, Confluence runbook, Jira acceptance criteria, Grafana metric, and PagerDuty incident history."
DRA-00201,2019-05-30,risk,critical,order-ledger,Noah Evans,watching,ATLAS-2651,PR-6357,PD-2300,Risk for order-ledger: support escalation macro must be updated.,"Evidence: Teams decision, Confluence runbook, Jira acceptance criteria, Grafana metric, and PagerDuty incident history."
DRA-00202,2019-05-31,action,,analytics-pipeline,Sara Novak,open,ATLAS-5546,PR-10098,,Action for analytics-pipeline: database migration needs rehearsal.,"Evidence: Teams decision, Confluence runbook, Jira acceptance criteria, Grafana metric, and PagerDuty incident history."
DRA-00203,2019-06-02,decision,,inventory-reservation,Yara Haddad,mitigated,ATLAS-5843,PR-12412,,Decision for inventory-reservation: latency burn must stay below threshold.,"Evidence: Teams decision, Confluence runbook, Jira acceptance criteria, Grafana metric, and PagerDuty incident history."
DRA-00204,2019-06-04,blocker,critical,cart-service,Dmitri Volkov,mitigated,ATLAS-4477,PR-8647,,Blocker for cart-service: feature flag remains required.,"Evidence: Teams decision, Confluence runbook, Jira acceptance criteria, Grafana metric, and PagerDuty incident history."
DRA-00205,2019-06-06,decision,,payment-orchestrator,Maya Chen,open,ATLAS-3826,PR-6527,,Decision for payment-orchestrator: rollback owner must be assigned.,"Evidence: Teams decision, Confluence runbook, Jira acceptance criteria, Grafana metric, and PagerDuty incident history."
DRA-00206,2019-06-08,open_question,,payment-orchestrator,Ben Carter,closed,ATLAS-3320,PR-5381,,Open_Question for payment-orchestrator: rollback owner must be assigned.,"Evidence: Teams decision, Confluence runbook, Jira acceptance criteria, Grafana metric, and PagerDuty incident history."
DRA-00207,2019-06-10,action,,cart-service,Luca Moretti,mitigated,ATLAS-2629,PR-9315,,Action for cart-service: QA evidence is missing.,"Evidence: Teams decision, Confluence runbook, Jira acceptance criteria, Grafana metric, and PagerDuty incident history."
DRA-00208,2019-06-11,action,,tax-service,Ben Carter,accepted,ATLAS-3538,PR-7117,PD-2201,Action for tax-service: feature flag remains required.,"Evidence: Teams decision, Confluence runbook, Jira acceptance criteria, Grafana metric, and PagerDuty incident history."
DRA-00209,2019-06-13,action,,loyalty-service,Victor Silva,closed,ATLAS-2189,PR-7129,,Action for loyalty-service: rollback owner must be assigned.,"Evidence: Teams decision, Confluence runbook, Jira acceptance criteria, Grafana metric, and PagerDuty incident history."
DRA-00210,2019-06-15,open_question,,auth-gateway,Owen Brooks,mitigated,ATLAS-3659,PR-5585,,Open_Question for auth-gateway: QA evidence is missing.,"Evidence: Teams decision, Confluence runbook, Jira acceptance criteria, Grafana metric, and PagerDuty incident history."
DRA-00211,2019-06-17,action,,tax-service,Samir Rao,mitigated,ATLAS-4904,PR-11798,PD-2792,Action for tax-service: latency burn must stay below threshold.,"Evidence: Teams decision, Confluence runbook, Jira acceptance criteria, Grafana metric, and PagerDuty incident history."
DRA-00212,2019-06-19,assumption,,auth-gateway,Elena Petrova,accepted,ATLAS-2928,PR-8647,,Assumption for auth-gateway: latency burn must stay below threshold.,"Evidence: Teams decision, Confluence runbook, Jira acceptance criteria, Grafana metric, and PagerDuty incident history."
DRA-00213,2019-06-20,open_question,,inventory-reservation,Grace Kim,accepted,ATLAS-1288,PR-5649,,Open_Question for inventory-reservation: support escalation macro must be updated.,"Evidence: Teams decision, Confluence runbook, Jira acceptance criteria, Grafana metric, and PagerDuty incident history."
DRA-00214,2019-06-22,risk,high,analytics-pipeline,Kim Tan,accepted,ATLAS-3478,PR-8947,,Risk for analytics-pipeline: rollback owner must be assigned.,"Evidence: Teams decision, Confluence runbook, Jira acceptance criteria, Grafana metric, and PagerDuty incident history."
DRA-00215,2019-06-24,assumption,,pricing-engine,Iris Wang,mitigated,ATLAS-5162,PR-8509,,Assumption for pricing-engine: feature flag remains required.,"Evidence: Teams decision, Confluence runbook, Jira acceptance criteria, Grafana metric, and PagerDuty incident history."
DRA-00216,2019-06-26,decision,,loyalty-service,Maya Chen,accepted,ATLAS-2860,PR-5799,PD-2611,Decision for loyalty-service: database migration needs rehearsal.,"Evidence: Teams decision, Confluence runbook, Jira acceptance criteria, Grafana metric, and PagerDuty incident history."
DRA-00217,2019-06-28,risk,medium,search-recommendations,Elena Petrova,mitigated,ATLAS-5249,PR-5430,PD-2350,Risk for search-recommendations: QA evidence is missing.,"Evidence: Teams decision, Confluence runbook, Jira acceptance criteria, Grafana metric, and PagerDuty incident history."
DRA-00218,2019-06-29,blocker,critical,tax-service,Theo Martin,watching,ATLAS-2695,PR-7165,PD-2135,Blocker for tax-service: database migration needs rehearsal.,"Evidence: Teams decision, Confluence runbook, Jira acceptance criteria, Grafana metric, and PagerDuty incident history."
DRA-00219,2019-07-01,risk,critical,payment-orchestrator,Yara Haddad,closed,ATLAS-2545,PR-5782,,Risk for payment-orchestrator: feature flag remains required.,"Evidence: Teams decision, Confluence runbook, Jira acceptance criteria, Grafana metric, and PagerDuty incident history."
DRA-00220,2019-07-03,blocker,high,cart-service,Priya Nair,watching,ATLAS-6181,PR-10006,PD-2333,Blocker for cart-service: latency burn must stay below threshold.,"Evidence: Teams decision, Confluence runbook, Jira acceptance criteria, Grafana metric, and PagerDuty incident history."
DRA-00221,2019-07-05,action,,pricing-engine,Aisha Khan,mitigated,ATLAS-4381,PR-9230,,Action for pricing-engine: QA evidence is missing.,"Evidence: Teams decision, Confluence runbook, Jira acceptance criteria, Grafana metric, and PagerDuty incident history."
DRA-00222,2019-07-07,risk,medium,payment-orchestrator,Jon Bell,watching,ATLAS-3428,PR-5914,PD-2132,Risk for payment-orchestrator: latency burn must stay below threshold.,"Evidence: Teams decision, Confluence runbook, Jira acceptance criteria, Grafana metric, and PagerDuty incident history."
DRA-00223,2019-07-09,action,,inventory-reservation,Luca Moretti,watching,ATLAS-4409,PR-7169,,Action for inventory-reservation: support escalation macro must be updated.,"Evidence: Teams decision, Confluence runbook, Jira acceptance criteria, Grafana metric, and PagerDuty incident history."
DRA-00224,2019-07-10,open_question,,analytics-pipeline,Ben Carter,closed,ATLAS-3781,PR-8301,,Open_Question for analytics-pipeline: QA evidence is missing.,"Evidence: Teams decision, Confluence runbook, Jira acceptance criteria, Grafana metric, and PagerDuty incident history."
DRA-00225,2019-07-12,risk,critical,search-recommendations,Nora Singh,mitigated,ATLAS-3084,PR-5518,,Risk for search-recommendations: database migration needs rehearsal.,"Evidence: Teams decision, Confluence runbook, Jira acceptance criteria, Grafana metric, and PagerDuty incident history."
DRA-00226,2019-07-14,open_question,,search-recommendations,Kim Tan,accepted,ATLAS-1207,PR-5450,PD-2042,Open_Question for search-recommendations: database migration needs rehearsal.,"Evidence: Teams decision, Confluence runbook, Jira acceptance criteria, Grafana metric, and PagerDuty incident history."
DRA-00227,2019-07-16,action,,auth-gateway,Iris Wang,watching,ATLAS-4598,PR-7494,,Action for auth-gateway: rollback owner must be assigned.,"Evidence: Teams decision, Confluence runbook, Jira acceptance criteria, Grafana metric, and PagerDuty incident history."
DRA-00228,2019-07-18,risk,critical,checkout-api,Nora Singh,watching,ATLAS-3602,PR-5905,,Risk for checkout-api: QA evidence is missing.,"Evidence: Teams decision, Confluence runbook, Jira acceptance criteria, Grafana metric, and PagerDuty incident history."
DRA-00229,2019-07-19,open_question,,notification-service,Priya Nair,accepted,ATLAS-4592,PR-8383,,Open_Question for notification-service: database migration needs rehearsal.,"Evidence: Teams decision, Confluence runbook, Jira acceptance criteria, Grafana metric, and PagerDuty incident history."
DRA-00230,2019-07-21,assumption,,payment-orchestrator,Mateo Garcia,mitigated,ATLAS-3366,PR-8060,,Assumption for payment-orchestrator: feature flag remains required.,"Evidence: Teams decision, Confluence runbook, Jira acceptance criteria, Grafana metric, and PagerDuty incident history."
DRA-00231,2019-07-23,decision,,notification-service,Fatima Noor,mitigated,ATLAS-4573,PR-9941,,Decision for notification-service: support escalation macro must be updated.,"Evidence: Teams decision, Confluence runbook, Jira acceptance criteria, Grafana metric, and PagerDuty incident history."
DRA-00232,2019-07-25,open_question,,pricing-engine,Yara Haddad,watching,ATLAS-5743,PR-8028,,Open_Question for pricing-engine: support escalation macro must be updated.,"Evidence: Teams decision, Confluence runbook, Jira acceptance criteria, Grafana metric, and PagerDuty incident history."
DRA-00233,2019-07-27,risk,critical,auth-gateway,Ben Carter,mitigated,ATLAS-2884,PR-7827,PD-2823,Risk for auth-gateway: support escalation macro must be updated.,"Evidence: Teams decision, Confluence runbook, Jira acceptance criteria, Grafana metric, and PagerDuty incident history."
DRA-00234,2019-07-29,action,,search-recommendations,Sara Novak,open,ATLAS-2992,PR-12500,,Action for search-recommendations: feature flag remains required.,"Evidence: Teams decision, Confluence runbook, Jira acceptance criteria, Grafana metric, and PagerDuty incident history."
DRA-00235,2019-07-30,decision,,checkout-api,Mateo Garcia,closed,ATLAS-3007,PR-10124,,Decision for checkout-api: support escalation macro must be updated.,"Evidence: Teams decision, Confluence runbook, Jira acceptance criteria, Grafana metric, and PagerDuty incident history."
DRA-00236,2019-08-01,assumption,,search-recommendations,Anika Sharma,watching,ATLAS-5908,PR-9215,PD-2357,Assumption for search-recommendations: feature flag remains required.,"Evidence: Teams decision, Confluence runbook, Jira acceptance criteria, Grafana metric, and PagerDuty incident history."
DRA-00237,2019-08-03,blocker,low,inventory-reservation,Ravi Patel,closed,ATLAS-3858,PR-6716,,Blocker for inventory-reservation: database migration needs rehearsal.,"Evidence: Teams decision, Confluence runbook, Jira acceptance criteria, Grafana metric, and PagerDuty incident history."
DRA-00238,2019-08-05,action,,search-recommendations,Dmitri Volkov,closed,ATLAS-1875,PR-9862,,Action for search-recommendations: rollback owner must be assigned.,"Evidence: Teams decision, Confluence runbook, Jira acceptance criteria, Grafana metric, and PagerDuty incident history."
DRA-00239,2019-08-07,open_question,,tax-service,Victor Silva,accepted,ATLAS-2477,PR-6047,PD-2050,Open_Question for tax-service: feature flag remains required.,"Evidence: Teams decision, Confluence runbook, Jira acceptance criteria, Grafana metric, and PagerDuty incident history."
DRA-00240,2019-08-08,blocker,low,inventory-reservation,Aisha Khan,accepted,ATLAS-5172,PR-8386,,Blocker for inventory-reservation: rollback owner must be assigned.,"Evidence: Teams decision, Confluence runbook, Jira acceptance criteria, Grafana metric, and PagerDuty incident history."
DRA-00241,2019-08-10,open_question,,notification-service,Theo Martin,open,ATLAS-4722,PR-9842,,Open_Question for notification-service: support escalation macro must be updated.,"Evidence: Teams decision, Confluence runbook, Jira acceptance criteria, Grafana metric, and PagerDuty incident history."
DRA-00242,2019-08-12,open_question,,loyalty-service,Grace Kim,closed,ATLAS-1801,PR-8789,,Open_Question for loyalty-service: feature flag remains required.,"Evidence: Teams decision, Confluence runbook, Jira acceptance criteria, Grafana metric, and PagerDuty incident history."
DRA-00243,2019-08-14,assumption,,inventory-reservation,Priya Nair,closed,ATLAS-1541,PR-6359,,Assumption for inventory-reservation: feature flag remains required.,"Evidence: Teams decision, Confluence runbook, Jira acceptance criteria, Grafana metric, and PagerDuty incident history."
DRA-00244,2019-08-16,decision,,loyalty-service,Owen Brooks,open,ATLAS-3975,PR-8331,,Decision for loyalty-service: support escalation macro must be updated.,"Evidence: Teams decision, Confluence runbook, Jira acceptance criteria, Grafana metric, and PagerDuty incident history."
DRA-00245,2019-08-18,assumption,,payment-orchestrator,Fatima Noor,closed,ATLAS-1387,PR-6195,,Assumption for payment-orchestrator: support escalation macro must be updated.,"Evidence: Teams decision, Confluence runbook, Jira acceptance criteria, Grafana metric, and PagerDuty incident history."
DRA-00246,2019-08-19,blocker,low,tax-service,Kim Tan,accepted,ATLAS-5084,PR-5428,,Blocker for tax-service: database migration needs rehearsal.,"Evidence: Teams decision, Confluence runbook, Jira acceptance criteria, Grafana metric, and PagerDuty incident history."
DRA-00247,2019-08-21,blocker,high,notification-service,Maya Chen,mitigated,ATLAS-1004,PR-9007,,Blocker for notification-service: rollback owner must be assigned.,"Evidence: Teams decision, Confluence runbook, Jira acceptance criteria, Grafana metric, and PagerDuty incident history."
DRA-00248,2019-08-23,open_question,,inventory-reservation,Theo Martin,watching,ATLAS-2948,PR-11110,,Open_Question for inventory-reservation: QA evidence is missing.,"Evidence: Teams decision, Confluence runbook, Jira acceptance criteria, Grafana metric, and PagerDuty incident history."
DRA-00249,2019-08-25,blocker,low,checkout-api,Kim Tan,open,ATLAS-3270,PR-7988,PD-2537,Blocker for checkout-api: rollback owner must be assigned.,"Evidence: Teams decision, Confluence runbook, Jira acceptance criteria, Grafana metric, and PagerDuty incident history."
DRA-00250,2019-08-27,decision,,cart-service,Yara Haddad,mitigated,ATLAS-5513,PR-7145,PD-2777,Decision for cart-service: feature flag remains required.,"Evidence: Teams decision, Confluence runbook, Jira acceptance criteria, Grafana metric, and PagerDuty incident history."
DRA-00251,2019-08-28,open_question,,analytics-pipeline,Grace Kim,mitigated,ATLAS-2137,PR-6172,,Open_Question for analytics-pipeline: feature flag remains required.,"Evidence: Teams decision, Confluence runbook, Jira acceptance criteria, Grafana metric, and PagerDuty incident history."
DRA-00252,2019-08-30,decision,,payment-orchestrator,Iris Wang,closed,ATLAS-2642,PR-5457,,Decision for payment-orchestrator: database migration needs rehearsal.,"Evidence: Teams decision, Confluence runbook, Jira acceptance criteria, Grafana metric, and PagerDuty incident history."
DRA-00253,2019-09-01,decision,,search-recommendations,Ben Carter,accepted,ATLAS-2802,PR-6771,PD-2124,Decision for search-recommendations: QA evidence is missing.,"Evidence: Teams decision, Confluence runbook, Jira acceptance criteria, Grafana metric, and PagerDuty incident history."
DRA-00254,2019-09-03,action,,analytics-pipeline,Sara Novak,mitigated,ATLAS-3240,PR-7859,PD-2588,Action for analytics-pipeline: latency burn must stay below threshold.,"Evidence: Teams decision, Confluence runbook, Jira acceptance criteria, Grafana metric, and PagerDuty incident history."
DRA-00255,2019-09-05,decision,,analytics-pipeline,Luca Moretti,mitigated,ATLAS-2669,PR-9853,,Decision for analytics-pipeline: latency burn must stay below threshold.,"Evidence: Teams decision, Confluence runbook, Jira acceptance criteria, Grafana metric, and PagerDuty incident history."
DRA-00256,2019-09-06,blocker,critical,analytics-pipeline,Aisha Khan,closed,ATLAS-4692,PR-5536,,Blocker for analytics-pipeline: database migration needs rehearsal.,"Evidence: Teams decision, Confluence runbook, Jira acceptance criteria, Grafana metric, and PagerDuty incident history."
DRA-00257,2019-09-08,risk,low,loyalty-service,Elena Petrova,accepted,ATLAS-5022,PR-6147,,Risk for loyalty-service: latency burn must stay below threshold.,"Evidence: Teams decision, Confluence runbook, Jira acceptance criteria, Grafana metric, and PagerDuty incident history."
DRA-00258,2019-09-10,assumption,,notification-service,Nora Singh,mitigated,ATLAS-5065,PR-9997,PD-2233,Assumption for notification-service: latency burn must stay below threshold.,"Evidence: Teams decision, Confluence runbook, Jira acceptance criteria, Grafana metric, and PagerDuty incident history."
DRA-00259,2019-09-12,action,,payment-orchestrator,Victor Silva,closed,ATLAS-5441,PR-9237,,Action for payment-orchestrator: rollback owner must be assigned.,"Evidence: Teams decision, Confluence runbook, Jira acceptance criteria, Grafana metric, and PagerDuty incident history."
DRA-00260,2019-09-14,blocker,high,checkout-api,Samir Rao,watching,ATLAS-1631,PR-10297,PD-2885,Blocker for checkout-api: QA evidence is missing.,"Evidence: Teams decision, Confluence runbook, Jira acceptance criteria, Grafana metric, and PagerDuty incident history."
DRA-00261,2019-09-16,action,,cart-service,Luca Moretti,accepted,ATLAS-3653,PR-7439,,Action for cart-service: feature flag remains required.,"Evidence: Teams decision, Confluence runbook, Jira acceptance criteria, Grafana metric, and PagerDuty incident history."
DRA-00262,2019-09-17,decision,,order-ledger,Maya Chen,accepted,ATLAS-4144,PR-11803,,Decision for order-ledger: support escalation macro must be updated.,"Evidence: Teams decision, Confluence runbook, Jira acceptance criteria, Grafana metric, and PagerDuty incident history."
DRA-00263,2019-09-19,decision,,order-ledger,Ravi Patel,open,ATLAS-1576,PR-5632,,Decision for order-ledger: rollback owner must be assigned.,"Evidence: Teams decision, Confluence runbook, Jira acceptance criteria, Grafana metric, and PagerDuty incident history."
DRA-00264,2019-09-21,assumption,,inventory-reservation,Samir Rao,closed,ATLAS-5484,PR-6868,,Assumption for inventory-reservation: feature flag remains required.,"Evidence: Teams decision, Confluence runbook, Jira acceptance criteria, Grafana metric, and PagerDuty incident history."
DRA-00265,2019-09-23,risk,critical,checkout-api,Samir Rao,mitigated,ATLAS-4375,PR-5849,PD-2616,Risk for checkout-api: latency burn must stay below threshold.,"Evidence: Teams decision, Confluence runbook, Jira acceptance criteria, Grafana metric, and PagerDuty incident history."
DRA-00266,2019-09-25,risk,medium,inventory-reservation,Ravi Patel,open,ATLAS-2431,PR-7280,PD-2588,Risk for inventory-reservation: rollback owner must be assigned.,"Evidence: Teams decision, Confluence runbook, Jira acceptance criteria, Grafana metric, and PagerDuty incident history."
DRA-00267,2019-09-26,decision,,cart-service,Mateo Garcia,mitigated,ATLAS-3811,PR-7147,,Decision for cart-service: feature flag remains required.,"Evidence: Teams decision, Confluence runbook, Jira acceptance criteria, Grafana metric, and PagerDuty incident history."
DRA-00268,2019-09-28,open_question,,auth-gateway,Aisha Khan,closed,ATLAS-5727,PR-9783,,Open_Question for auth-gateway: feature flag remains required.,"Evidence: Teams decision, Confluence runbook, Jira acceptance criteria, Grafana metric, and PagerDuty incident history."
DRA-00269,2019-09-30,action,,analytics-pipeline,Sara Novak,watching,ATLAS-3634,PR-6163,,Action for analytics-pipeline: feature flag remains required.,"Evidence: Teams decision, Confluence runbook, Jira acceptance criteria, Grafana metric, and PagerDuty incident history."
DRA-00270,2019-10-02,action,,pricing-engine,Mateo Garcia,accepted,ATLAS-3294,PR-5886,,Action for pricing-engine: QA evidence is missing.,"Evidence: Teams decision, Confluence runbook, Jira acceptance criteria, Grafana metric, and PagerDuty incident history."
DRA-00271,2019-10-04,decision,,cart-service,Mateo Garcia,watching,ATLAS-3785,PR-5039,,Decision for cart-service: rollback owner must be assigned.,"Evidence: Teams decision, Confluence runbook, Jira acceptance criteria, Grafana metric, and PagerDuty incident history."
DRA-00272,2019-10-06,assumption,,search-recommendations,Iris Wang,accepted,ATLAS-5880,PR-10642,PD-2297,Assumption for search-recommendations: feature flag remains required.,"Evidence: Teams decision, Confluence runbook, Jira acceptance criteria, Grafana metric, and PagerDuty incident history."
DRA-00273,2019-10-07,open_question,,inventory-reservation,Ben Carter,watching,ATLAS-5854,PR-8665,,Open_Question for inventory-reservation: support escalation macro must be updated.,"Evidence: Teams decision, Confluence runbook, Jira acceptance criteria, Grafana metric, and PagerDuty incident history."
DRA-00274,2019-10-09,blocker,critical,search-recommendations,Elena Petrova,mitigated,ATLAS-3452,PR-7688,,Blocker for search-recommendations: QA evidence is missing.,"Evidence: Teams decision, Confluence runbook, Jira acceptance criteria, Grafana metric, and PagerDuty incident history."
DRA-00275,2019-10-11,blocker,critical,analytics-pipeline,Mateo Garcia,mitigated,ATLAS-6125,PR-11175,,Blocker for analytics-pipeline: rollback owner must be assigned.,"Evidence: Teams decision, Confluence runbook, Jira acceptance criteria, Grafana metric, and PagerDuty incident history."
DRA-00276,2019-10-13,assumption,,inventory-reservation,Victor Silva,open,ATLAS-4243,PR-6642,PD-2609,Assumption for inventory-reservation: database migration needs rehearsal.,"Evidence: Teams decision, Confluence runbook, Jira acceptance criteria, Grafana metric, and PagerDuty incident history."
DRA-00277,2019-10-15,assumption,,tax-service,Maya Chen,open,ATLAS-3758,PR-7160,,Assumption for tax-service: rollback owner must be assigned.,"Evidence: Teams decision, Confluence runbook, Jira acceptance criteria, Grafana metric, and PagerDuty incident history."
DRA-00278,2019-10-16,decision,,pricing-engine,Harper Lee,open,ATLAS-4072,PR-8338,,Decision for pricing-engine: QA evidence is missing.,"Evidence: Teams decision, Confluence runbook, Jira acceptance criteria, Grafana metric, and PagerDuty incident history."
DRA-00279,2019-10-18,assumption,,loyalty-service,Ben Carter,watching,ATLAS-3437,PR-9227,,Assumption for loyalty-service: feature flag remains required.,"Evidence: Teams decision, Confluence runbook, Jira acceptance criteria, Grafana metric, and PagerDuty incident history."
DRA-00280,2019-10-20,assumption,,cart-service,Harper Lee,mitigated,ATLAS-4970,PR-9358,,Assumption for cart-service: feature flag remains required.,"Evidence: Teams decision, Confluence runbook, Jira acceptance criteria, Grafana metric, and PagerDuty incident history."
DRA-00281,2019-10-22,assumption,,order-ledger,Victor Silva,accepted,ATLAS-3592,PR-7178,,Assumption for order-ledger: database migration needs rehearsal.,"Evidence: Teams decision, Confluence runbook, Jira acceptance criteria, Grafana metric, and PagerDuty incident history."
DRA-00282,2019-10-24,assumption,,order-ledger,Noah Evans,accepted,ATLAS-1863,PR-8232,,Assumption for order-ledger: rollback owner must be assigned.,"Evidence: Teams decision, Confluence runbook, Jira acceptance criteria, Grafana metric, and PagerDuty incident history."
DRA-00283,2019-10-26,risk,medium,auth-gateway,Ben Carter,mitigated,ATLAS-5043,PR-8034,,Risk for auth-gateway: feature flag remains required.,"Evidence: Teams decision, Confluence runbook, Jira acceptance criteria, Grafana metric, and PagerDuty incident history."
DRA-00284,2019-10-27,action,,analytics-pipeline,Anika Sharma,closed,ATLAS-5749,PR-10466,,Action for analytics-pipeline: rollback owner must be assigned.,"Evidence: Teams decision, Confluence runbook, Jira acceptance criteria, Grafana metric, and PagerDuty incident history."
DRA-00285,2019-10-29,blocker,medium,loyalty-service,Nora Singh,watching,ATLAS-2713,PR-7443,,Blocker for loyalty-service: rollback owner must be assigned.,"Evidence: Teams decision, Confluence runbook, Jira acceptance criteria, Grafana metric, and PagerDuty incident history."
DRA-00286,2019-10-31,blocker,high,order-ledger,Elena Petrova,mitigated,ATLAS-2918,PR-8732,,Blocker for order-ledger: support escalation macro must be updated.,"Evidence: Teams decision, Confluence runbook, Jira acceptance criteria, Grafana metric, and PagerDuty incident history."
DRA-00287,2019-11-02,assumption,,inventory-reservation,Grace Kim,accepted,ATLAS-1926,PR-7785,,Assumption for inventory-reservation: feature flag remains required.,"Evidence: Teams decision, Confluence runbook, Jira acceptance criteria, Grafana metric, and PagerDuty incident history."
DRA-00288,2019-11-04,decision,,order-ledger,Victor Silva,open,ATLAS-4295,PR-8426,,Decision for order-ledger: database migration needs rehearsal.,"Evidence: Teams decision, Confluence runbook, Jira acceptance criteria, Grafana metric, and PagerDuty incident history."
DRA-00289,2019-11-05,assumption,,loyalty-service,Aisha Khan,closed,ATLAS-4139,PR-8931,PD-2273,Assumption for loyalty-service: latency burn must stay below threshold.,"Evidence: Teams decision, Confluence runbook, Jira acceptance criteria, Grafana metric, and PagerDuty incident history."
DRA-00290,2019-11-07,open_question,,search-recommendations,Ben Carter,open,ATLAS-3129,PR-9995,,Open_Question for search-recommendations: database migration needs rehearsal.,"Evidence: Teams decision, Confluence runbook, Jira acceptance criteria, Grafana metric, and PagerDuty incident history."
DRA-00291,2019-11-09,blocker,medium,checkout-api,Fatima Noor,open,ATLAS-2610,PR-10526,,Blocker for checkout-api: feature flag remains required.,"Evidence: Teams decision, Confluence runbook, Jira acceptance criteria, Grafana metric, and PagerDuty incident history."
DRA-00292,2019-11-11,decision,,payment-orchestrator,Owen Brooks,watching,ATLAS-3549,PR-11252,,Decision for payment-orchestrator: database migration needs rehearsal.,"Evidence: Teams decision, Confluence runbook, Jira acceptance criteria, Grafana metric, and PagerDuty incident history."
DRA-00293,2019-11-13,blocker,high,notification-service,Nora Singh,watching,ATLAS-5323,PR-7560,,Blocker for notification-service: latency burn must stay below threshold.,"Evidence: Teams decision, Confluence runbook, Jira acceptance criteria, Grafana metric, and PagerDuty incident history."
DRA-00294,2019-11-14,risk,high,notification-service,Mateo Garcia,watching,ATLAS-3701,PR-9744,,Risk for notification-service: rollback owner must be assigned.,"Evidence: Teams decision, Confluence runbook, Jira acceptance criteria, Grafana metric, and PagerDuty incident history."
DRA-00295,2019-11-16,action,,analytics-pipeline,Aisha Khan,closed,ATLAS-5179,PR-8923,,Action for analytics-pipeline: feature flag remains required.,"Evidence: Teams decision, Confluence runbook, Jira acceptance criteria, Grafana metric, and PagerDuty incident history."
DRA-00296,2019-11-18,assumption,,pricing-engine,Anika Sharma,mitigated,ATLAS-1180,PR-6766,,Assumption for pricing-engine: database migration needs rehearsal.,"Evidence: Teams decision, Confluence runbook, Jira acceptance criteria, Grafana metric, and PagerDuty incident history."
DRA-00297,2019-11-20,decision,,search-recommendations,Theo Martin,accepted,ATLAS-5283,PR-5355,,Decision for search-recommendations: support escalation macro must be updated.,"Evidence: Teams decision, Confluence runbook, Jira acceptance criteria, Grafana metric, and PagerDuty incident history."
DRA-00298,2019-11-22,open_question,,auth-gateway,Nora Singh,accepted,ATLAS-4245,PR-8247,PD-2284,Open_Question for auth-gateway: rollback owner must be assigned.,"Evidence: Teams decision, Confluence runbook, Jira acceptance criteria, Grafana metric, and PagerDuty incident history."
DRA-00299,2019-11-24,open_question,,notification-service,Owen Brooks,watching,ATLAS-3116,PR-7688,,Open_Question for notification-service: feature flag remains required.,"Evidence: Teams decision, Confluence runbook, Jira acceptance criteria, Grafana metric, and PagerDuty incident history."
DRA-00300,2019-11-25,assumption,,inventory-reservation,Grace Kim,open,ATLAS-4887,PR-5449,,Assumption for inventory-reservation: rollback owner must be assigned.,"Evidence: Teams decision, Confluence runbook, Jira acceptance criteria, Grafana metric, and PagerDuty incident history."
DRA-00301,2019-11-27,risk,high,analytics-pipeline,Kim Tan,open,ATLAS-6151,PR-5125,,Risk for analytics-pipeline: support escalation macro must be updated.,"Evidence: Teams decision, Confluence runbook, Jira acceptance criteria, Grafana metric, and PagerDuty incident history."
DRA-00302,2019-11-29,action,,search-recommendations,Kim Tan,watching,ATLAS-2755,PR-9889,,Action for search-recommendations: latency burn must stay below threshold.,"Evidence: Teams decision, Confluence runbook, Jira acceptance criteria, Grafana metric, and PagerDuty incident history."
DRA-00303,2019-12-01,action,,loyalty-service,Dmitri Volkov,closed,ATLAS-2869,PR-9239,PD-2567,Action for loyalty-service: support escalation macro must be updated.,"Evidence: Teams decision, Confluence runbook, Jira acceptance criteria, Grafana metric, and PagerDuty incident history."
DRA-00304,2019-12-03,assumption,,checkout-api,Priya Nair,open,ATLAS-4608,PR-7879,,Assumption for checkout-api: database migration needs rehearsal.,"Evidence: Teams decision, Confluence runbook, Jira acceptance criteria, Grafana metric, and PagerDuty incident history."
DRA-00305,2019-12-04,decision,,tax-service,Fatima Noor,accepted,ATLAS-2763,PR-7594,,Decision for tax-service: latency burn must stay below threshold.,"Evidence: Teams decision, Confluence runbook, Jira acceptance criteria, Grafana metric, and PagerDuty incident history."
DRA-00306,2019-12-06,decision,,analytics-pipeline,Fatima Noor,watching,ATLAS-1721,PR-7409,,Decision for analytics-pipeline: QA evidence is missing.,"Evidence: Teams decision, Confluence runbook, Jira acceptance criteria, Grafana metric, and PagerDuty incident history."
DRA-00307,2019-12-08,blocker,low,payment-orchestrator,Fatima Noor,closed,ATLAS-3064,PR-5886,,Blocker for payment-orchestrator: database migration needs rehearsal.,"Evidence: Teams decision, Confluence runbook, Jira acceptance criteria, Grafana metric, and PagerDuty incident history."
DRA-00308,2019-12-10,blocker,low,pricing-engine,Iris Wang,mitigated,ATLAS-4233,PR-5211,,Blocker for pricing-engine: rollback owner must be assigned.,"Evidence: Teams decision, Confluence runbook, Jira acceptance criteria, Grafana metric, and PagerDuty incident history."
DRA-00309,2019-12-12,blocker,low,pricing-engine,Ben Carter,mitigated,ATLAS-5648,PR-11624,PD-2153,Blocker for pricing-engine: database migration needs rehearsal.,"Evidence: Teams decision, Confluence runbook, Jira acceptance criteria, Grafana metric, and PagerDuty incident history."
DRA-00310,2019-12-14,action,,inventory-reservation,Noah Evans,open,ATLAS-5275,PR-9125,,Action for inventory-reservation: QA evidence is missing.,"Evidence: Teams decision, Confluence runbook, Jira acceptance criteria, Grafana metric, and PagerDuty incident history."
DRA-00311,2019-12-15,blocker,medium,payment-orchestrator,Mateo Garcia,accepted,ATLAS-5067,PR-7313,,Blocker for payment-orchestrator: QA evidence is missing.,"Evidence: Teams decision, Confluence runbook, Jira acceptance criteria, Grafana metric, and PagerDuty incident history."
DRA-00312,2019-12-17,blocker,critical,order-ledger,Fatima Noor,accepted,ATLAS-4646,PR-5770,,Blocker for order-ledger: database migration needs rehearsal.,"Evidence: Teams decision, Confluence runbook, Jira acceptance criteria, Grafana metric, and PagerDuty incident history."
DRA-00313,2019-12-19,blocker,high,analytics-pipeline,Maya Chen,open,ATLAS-4778,PR-9436,,Blocker for analytics-pipeline: rollback owner must be assigned.,"Evidence: Teams decision, Confluence runbook, Jira acceptance criteria, Grafana metric, and PagerDuty incident history."
DRA-00314,2019-12-21,action,,search-recommendations,Anika Sharma,closed,ATLAS-4181,PR-7417,,Action for search-recommendations: rollback owner must be assigned.,"Evidence: Teams decision, Confluence runbook, Jira acceptance criteria, Grafana metric, and PagerDuty incident history."
DRA-00315,2019-12-23,blocker,medium,inventory-reservation,Sara Novak,mitigated,ATLAS-4706,PR-9211,,Blocker for inventory-reservation: latency burn must stay below threshold.,"Evidence: Teams decision, Confluence runbook, Jira acceptance criteria, Grafana metric, and PagerDuty incident history."
DRA-00316,2019-12-24,action,,auth-gateway,Sara Novak,watching,ATLAS-3735,PR-7916,,Action for auth-gateway: support escalation macro must be updated.,"Evidence: Teams decision, Confluence runbook, Jira acceptance criteria, Grafana metric, and PagerDuty incident history."
DRA-00317,2019-12-26,blocker,high,payment-orchestrator,Dmitri Volkov,watching,ATLAS-2384,PR-12310,,Blocker for payment-orchestrator: database migration needs rehearsal.,"Evidence: Teams decision, Confluence runbook, Jira acceptance criteria, Grafana metric, and PagerDuty incident history."
DRA-00318,2019-12-28,decision,,tax-service,Fatima Noor,accepted,ATLAS-2897,PR-11142,,Decision for tax-service: database migration needs rehearsal.,"Evidence: Teams decision, Confluence runbook, Jira acceptance criteria, Grafana metric, and PagerDuty incident history."
DRA-00319,2019-12-30,blocker,critical,payment-orchestrator,Ravi Patel,watching,ATLAS-1290,PR-9873,,Blocker for payment-orchestrator: rollback owner must be assigned.,"Evidence: Teams decision, Confluence runbook, Jira acceptance criteria, Grafana metric, and PagerDuty incident history."
DRA-00320,2020-01-01,risk,low,auth-gateway,Grace Kim,open,ATLAS-1182,PR-5609,,Risk for auth-gateway: rollback owner must be assigned.,"Evidence: Teams decision, Confluence runbook, Jira acceptance criteria, Grafana metric, and PagerDuty incident history."
DRA-00321,2020-01-03,blocker,medium,payment-orchestrator,Priya Nair,accepted,ATLAS-4079,PR-8785,PD-2555,Blocker for payment-orchestrator: feature flag remains required.,"Evidence: Teams decision, Confluence runbook, Jira acceptance criteria, Grafana metric, and PagerDuty incident history."
DRA-00322,2020-01-04,assumption,,auth-gateway,Yara Haddad,closed,ATLAS-4190,PR-6865,,Assumption for auth-gateway: database migration needs rehearsal.,"Evidence: Teams decision, Confluence runbook, Jira acceptance criteria, Grafana metric, and PagerDuty incident history."
DRA-00323,2020-01-06,action,,analytics-pipeline,Mateo Garcia,closed,ATLAS-5724,PR-11910,,Action for analytics-pipeline: latency burn must stay below threshold.,"Evidence: Teams decision, Confluence runbook, Jira acceptance criteria, Grafana metric, and PagerDuty incident history."
DRA-00324,2020-01-08,assumption,,inventory-reservation,Kim Tan,open,ATLAS-1744,PR-8411,,Assumption for inventory-reservation: rollback owner must be assigned.,"Evidence: Teams decision, Confluence runbook, Jira acceptance criteria, Grafana metric, and PagerDuty incident history."
DRA-00325,2020-01-10,decision,,inventory-reservation,Sara Novak,watching,ATLAS-2262,PR-12595,,Decision for inventory-reservation: support escalation macro must be updated.,"Evidence: Teams decision, Confluence runbook, Jira acceptance criteria, Grafana metric, and PagerDuty incident history."
DRA-00326,2020-01-12,risk,medium,loyalty-service,Ravi Patel,closed,ATLAS-1720,PR-7148,,Risk for loyalty-service: support escalation macro must be updated.,"Evidence: Teams decision, Confluence runbook, Jira acceptance criteria, Grafana metric, and PagerDuty incident history."
DRA-00327,2020-01-13,action,,payment-orchestrator,Grace Kim,mitigated,ATLAS-4686,PR-9104,,Action for payment-orchestrator: rollback owner must be assigned.,"Evidence: Teams decision, Confluence runbook, Jira acceptance criteria, Grafana metric, and PagerDuty incident history."
DRA-00328,2020-01-15,open_question,,order-ledger,Noah Evans,open,ATLAS-3181,PR-6968,,Open_Question for order-ledger: feature flag remains required.,"Evidence: Teams decision, Confluence runbook, Jira acceptance criteria, Grafana metric, and PagerDuty incident history."
DRA-00329,2020-01-17,decision,,loyalty-service,Ben Carter,mitigated,ATLAS-4421,PR-9906,,Decision for loyalty-service: feature flag remains required.,"Evidence: Teams decision, Confluence runbook, Jira acceptance criteria, Grafana metric, and PagerDuty incident history."
DRA-00330,2020-01-19,decision,,order-ledger,Jon Bell,accepted,ATLAS-4806,PR-11733,,Decision for order-ledger: QA evidence is missing.,"Evidence: Teams decision, Confluence runbook, Jira acceptance criteria, Grafana metric, and PagerDuty incident history."
DRA-00331,2020-01-21,blocker,medium,auth-gateway,Dmitri Volkov,accepted,ATLAS-2972,PR-5697,,Blocker for auth-gateway: database migration needs rehearsal.,"Evidence: Teams decision, Confluence runbook, Jira acceptance criteria, Grafana metric, and PagerDuty incident history."
DRA-00332,2020-01-22,open_question,,inventory-reservation,Jon Bell,accepted,ATLAS-4379,PR-10527,,Open_Question for inventory-reservation: QA evidence is missing.,"Evidence: Teams decision, Confluence runbook, Jira acceptance criteria, Grafana metric, and PagerDuty incident history."
DRA-00333,2020-01-24,action,,search-recommendations,Jon Bell,accepted,ATLAS-5627,PR-7991,,Action for search-recommendations: support escalation macro must be updated.,"Evidence: Teams decision, Confluence runbook, Jira acceptance criteria, Grafana metric, and PagerDuty incident history."
DRA-00334,2020-01-26,decision,,checkout-api,Dmitri Volkov,closed,ATLAS-3792,PR-12483,PD-2849,Decision for checkout-api: feature flag remains required.,"Evidence: Teams decision, Confluence runbook, Jira acceptance criteria, Grafana metric, and PagerDuty incident history."
DRA-00335,2020-01-28,decision,,notification-service,Jon Bell,closed,ATLAS-4357,PR-9740,,Decision for notification-service: database migration needs rehearsal.,"Evidence: Teams decision, Confluence runbook, Jira acceptance criteria, Grafana metric, and PagerDuty incident history."
DRA-00336,2020-01-30,risk,high,pricing-engine,Owen Brooks,accepted,ATLAS-6044,PR-8764,,Risk for pricing-engine: rollback owner must be assigned.,"Evidence: Teams decision, Confluence runbook, Jira acceptance criteria, Grafana metric, and PagerDuty incident history."
DRA-00337,2020-02-01,open_question,,analytics-pipeline,Aisha Khan,watching,ATLAS-1229,PR-7387,,Open_Question for analytics-pipeline: feature flag remains required.,"Evidence: Teams decision, Confluence runbook, Jira acceptance criteria, Grafana metric, and PagerDuty incident history."
DRA-00338,2020-02-02,action,,notification-service,Dmitri Volkov,open,ATLAS-1864,PR-10565,,Action for notification-service: feature flag remains required.,"Evidence: Teams decision, Confluence runbook, Jira acceptance criteria, Grafana metric, and PagerDuty incident history."
DRA-00339,2020-02-04,blocker,medium,pricing-engine,Ben Carter,closed,ATLAS-2321,PR-12407,,Blocker for pricing-engine: feature flag remains required.,"Evidence: Teams decision, Confluence runbook, Jira acceptance criteria, Grafana metric, and PagerDuty incident history."
DRA-00340,2020-02-06,assumption,,analytics-pipeline,Yara Haddad,accepted,ATLAS-4627,PR-8283,,Assumption for analytics-pipeline: rollback owner must be assigned.,"Evidence: Teams decision, Confluence runbook, Jira acceptance criteria, Grafana metric, and PagerDuty incident history."
DRA-00341,2020-02-08,decision,,inventory-reservation,Iris Wang,open,ATLAS-3701,PR-8989,,Decision for inventory-reservation: database migration needs rehearsal.,"Evidence: Teams decision, Confluence runbook, Jira acceptance criteria, Grafana metric, and PagerDuty incident history."
DRA-00342,2020-02-10,decision,,tax-service,Samir Rao,mitigated,ATLAS-3854,PR-11083,,Decision for tax-service: database migration needs rehearsal.,"Evidence: Teams decision, Confluence runbook, Jira acceptance criteria, Grafana metric, and PagerDuty incident history."
DRA-00343,2020-02-11,risk,high,tax-service,Ravi Patel,accepted,ATLAS-5903,PR-7737,,Risk for tax-service: feature flag remains required.,"Evidence: Teams decision, Confluence runbook, Jira acceptance criteria, Grafana metric, and PagerDuty incident history."
DRA-00344,2020-02-13,action,,search-recommendations,Iris Wang,accepted,ATLAS-5353,PR-10729,,Action for search-recommendations: feature flag remains required.,"Evidence: Teams decision, Confluence runbook, Jira acceptance criteria, Grafana metric, and PagerDuty incident history."
DRA-00345,2020-02-15,open_question,,inventory-reservation,Ravi Patel,open,ATLAS-2662,PR-6805,,Open_Question for inventory-reservation: rollback owner must be assigned.,"Evidence: Teams decision, Confluence runbook, Jira acceptance criteria, Grafana metric, and PagerDuty incident history."
DRA-00346,2020-02-17,open_question,,analytics-pipeline,Theo Martin,watching,ATLAS-3196,PR-6018,,Open_Question for analytics-pipeline: QA evidence is missing.,"Evidence: Teams decision, Confluence runbook, Jira acceptance criteria, Grafana metric, and PagerDuty incident history."
DRA-00347,2020-02-19,blocker,medium,search-recommendations,Anika Sharma,closed,ATLAS-4765,PR-5550,,Blocker for search-recommendations: database migration needs rehearsal.,"Evidence: Teams decision, Confluence runbook, Jira acceptance criteria, Grafana metric, and PagerDuty incident history."
DRA-00348,2020-02-21,blocker,high,pricing-engine,Yara Haddad,mitigated,ATLAS-3498,PR-10434,,Blocker for pricing-engine: support escalation macro must be updated.,"Evidence: Teams decision, Confluence runbook, Jira acceptance criteria, Grafana metric, and PagerDuty incident history."
DRA-00349,2020-02-22,risk,medium,inventory-reservation,Ravi Patel,watching,ATLAS-1921,PR-9979,,Risk for inventory-reservation: feature flag remains required.,"Evidence: Teams decision, Confluence runbook, Jira acceptance criteria, Grafana metric, and PagerDuty incident history."
DRA-00350,2020-02-24,risk,low,inventory-reservation,Jon Bell,mitigated,ATLAS-3519,PR-9890,,Risk for inventory-reservation: database migration needs rehearsal.,"Evidence: Teams decision, Confluence runbook, Jira acceptance criteria, Grafana metric, and PagerDuty incident history."
DRA-00351,2020-02-26,action,,notification-service,Nora Singh,open,ATLAS-2066,PR-11217,,Action for notification-service: support escalation macro must be updated.,"Evidence: Teams decision, Confluence runbook, Jira acceptance criteria, Grafana metric, and PagerDuty incident history."
DRA-00352,2020-02-28,action,,auth-gateway,Ravi Patel,mitigated,ATLAS-5172,PR-12470,,Action for auth-gateway: latency burn must stay below threshold.,"Evidence: Teams decision, Confluence runbook, Jira acceptance criteria, Grafana metric, and PagerDuty incident history."
DRA-00353,2020-03-01,action,,search-recommendations,Theo Martin,accepted,ATLAS-2040,PR-7645,,Action for search-recommendations: rollback owner must be assigned.,"Evidence: Teams decision, Confluence runbook, Jira acceptance criteria, Grafana metric, and PagerDuty incident history."
DRA-00354,2020-03-02,open_question,,payment-orchestrator,Grace Kim,closed,ATLAS-2114,PR-8783,,Open_Question for payment-orchestrator: support escalation macro must be updated.,"Evidence: Teams decision, Confluence runbook, Jira acceptance criteria, Grafana metric, and PagerDuty incident history."
DRA-00355,2020-03-04,decision,,search-recommendations,Yara Haddad,closed,ATLAS-1210,PR-7112,,Decision for search-recommendations: feature flag remains required.,"Evidence: Teams decision, Confluence runbook, Jira acceptance criteria, Grafana metric, and PagerDuty incident history."
DRA-00356,2020-03-06,open_question,,notification-service,Anika Sharma,open,ATLAS-4961,PR-8373,,Open_Question for notification-service: support escalation macro must be updated.,"Evidence: Teams decision, Confluence runbook, Jira acceptance criteria, Grafana metric, and PagerDuty incident history."
DRA-00357,2020-03-08,blocker,medium,order-ledger,Victor Silva,closed,ATLAS-3447,PR-9715,,Blocker for order-ledger: latency burn must stay below threshold.,"Evidence: Teams decision, Confluence runbook, Jira acceptance criteria, Grafana metric, and PagerDuty incident history."
DRA-00358,2020-03-10,assumption,,search-recommendations,Luca Moretti,accepted,ATLAS-6170,PR-5423,PD-2181,Assumption for search-recommendations: feature flag remains required.,"Evidence: Teams decision, Confluence runbook, Jira acceptance criteria, Grafana metric, and PagerDuty incident history."
DRA-00359,2020-03-11,decision,,pricing-engine,Owen Brooks,watching,ATLAS-5704,PR-8313,,Decision for pricing-engine: latency burn must stay below threshold.,"Evidence: Teams decision, Confluence runbook, Jira acceptance criteria, Grafana metric, and PagerDuty incident history."
DRA-00360,2020-03-13,action,,loyalty-service,Victor Silva,mitigated,ATLAS-4824,PR-9781,,Action for loyalty-service: QA evidence is missing.,"Evidence: Teams decision, Confluence runbook, Jira acceptance criteria, Grafana metric, and PagerDuty incident history."
DRA-00361,2020-03-15,open_question,,search-recommendations,Luca Moretti,open,ATLAS-4746,PR-8534,,Open_Question for search-recommendations: feature flag remains required.,"Evidence: Teams decision, Confluence runbook, Jira acceptance criteria, Grafana metric, and PagerDuty incident history."
DRA-00362,2020-03-17,open_question,,analytics-pipeline,Sara Novak,accepted,ATLAS-2653,PR-6119,,Open_Question for analytics-pipeline: latency burn must stay below threshold.,"Evidence: Teams decision, Confluence runbook, Jira acceptance criteria, Grafana metric, and PagerDuty incident history."
DRA-00363,2020-03-19,assumption,,search-recommendations,Harper Lee,accepted,ATLAS-5191,PR-7626,,Assumption for search-recommendations: feature flag remains required.,"Evidence: Teams decision, Confluence runbook, Jira acceptance criteria, Grafana metric, and PagerDuty incident history."
DRA-00364,2020-03-21,risk,low,loyalty-service,Noah Evans,accepted,ATLAS-3138,PR-6583,,Risk for loyalty-service: feature flag remains required.,"Evidence: Teams decision, Confluence runbook, Jira acceptance criteria, Grafana metric, and PagerDuty incident history."
DRA-00365,2020-03-22,action,,search-recommendations,Kim Tan,open,ATLAS-3053,PR-10050,,Action for search-recommendations: latency burn must stay below threshold.,"Evidence: Teams decision, Confluence runbook, Jira acceptance criteria, Grafana metric, and PagerDuty incident history."
DRA-00366,2020-03-24,action,,search-recommendations,Ravi Patel,open,ATLAS-5510,PR-7016,,Action for search-recommendations: rollback owner must be assigned.,"Evidence: Teams decision, Confluence runbook, Jira acceptance criteria, Grafana metric, and PagerDuty incident history."
DRA-00367,2020-03-26,assumption,,cart-service,Priya Nair,accepted,ATLAS-2928,PR-5884,,Assumption for cart-service: support escalation macro must be updated.,"Evidence: Teams decision, Confluence runbook, Jira acceptance criteria, Grafana metric, and PagerDuty incident history."
DRA-00368,2020-03-28,open_question,,inventory-reservation,Noah Evans,accepted,ATLAS-2266,PR-7538,PD-2004,Open_Question for inventory-reservation: latency burn must stay below threshold.,"Evidence: Teams decision, Confluence runbook, Jira acceptance criteria, Grafana metric, and PagerDuty incident history."
DRA-00369,2020-03-30,open_question,,cart-service,Mateo Garcia,accepted,ATLAS-3293,PR-11834,,Open_Question for cart-service: latency burn must stay below threshold.,"Evidence: Teams decision, Confluence runbook, Jira acceptance criteria, Grafana metric, and PagerDuty incident history."
DRA-00370,2020-03-31,open_question,,auth-gateway,Luca Moretti,mitigated,ATLAS-4287,PR-12453,PD-2065,Open_Question for auth-gateway: rollback owner must be assigned.,"Evidence: Teams decision, Confluence runbook, Jira acceptance criteria, Grafana metric, and PagerDuty incident history."
DRA-00371,2020-04-02,action,,tax-service,Kim Tan,accepted,ATLAS-2426,PR-9799,PD-2649,Action for tax-service: QA evidence is missing.,"Evidence: Teams decision, Confluence runbook, Jira acceptance criteria, Grafana metric, and PagerDuty incident history."
DRA-00372,2020-04-04,blocker,low,pricing-engine,Noah Evans,accepted,ATLAS-4247,PR-7538,,Blocker for pricing-engine: database migration needs rehearsal.,"Evidence: Teams decision, Confluence runbook, Jira acceptance criteria, Grafana metric, and PagerDuty incident history."
DRA-00373,2020-04-06,risk,high,inventory-reservation,Mateo Garcia,watching,ATLAS-1480,PR-7194,,Risk for inventory-reservation: support escalation macro must be updated.,"Evidence: Teams decision, Confluence runbook, Jira acceptance criteria, Grafana metric, and PagerDuty incident history."
DRA-00374,2020-04-08,risk,medium,loyalty-service,Maya Chen,open,ATLAS-3230,PR-10087,,Risk for loyalty-service: support escalation macro must be updated.,"Evidence: Teams decision, Confluence runbook, Jira acceptance criteria, Grafana metric, and PagerDuty incident history."
DRA-00375,2020-04-10,assumption,,search-recommendations,Noah Evans,open,ATLAS-5240,PR-8947,,Assumption for search-recommendations: rollback owner must be assigned.,"Evidence: Teams decision, Confluence runbook, Jira acceptance criteria, Grafana metric, and PagerDuty incident history."
DRA-00376,2020-04-11,assumption,,auth-gateway,Grace Kim,watching,ATLAS-3884,PR-5029,PD-2695,Assumption for auth-gateway: database migration needs rehearsal.,"Evidence: Teams decision, Confluence runbook, Jira acceptance criteria, Grafana metric, and PagerDuty incident history."
DRA-00377,2020-04-13,action,,tax-service,Kim Tan,accepted,ATLAS-2110,PR-6674,,Action for tax-service: QA evidence is missing.,"Evidence: Teams decision, Confluence runbook, Jira acceptance criteria, Grafana metric, and PagerDuty incident history."
DRA-00378,2020-04-15,open_question,,loyalty-service,Priya Nair,watching,ATLAS-4601,PR-5723,,Open_Question for loyalty-service: latency burn must stay below threshold.,"Evidence: Teams decision, Confluence runbook, Jira acceptance criteria, Grafana metric, and PagerDuty incident history."
DRA-00379,2020-04-17,risk,medium,loyalty-service,Sara Novak,accepted,ATLAS-5420,PR-8651,PD-2242,Risk for loyalty-service: latency burn must stay below threshold.,"Evidence: Teams decision, Confluence runbook, Jira acceptance criteria, Grafana metric, and PagerDuty incident history."
DRA-00380,2020-04-19,open_question,,analytics-pipeline,Grace Kim,accepted,ATLAS-4498,PR-5650,,Open_Question for analytics-pipeline: QA evidence is missing.,"Evidence: Teams decision, Confluence runbook, Jira acceptance criteria, Grafana metric, and PagerDuty incident history."
DRA-00381,2020-04-20,decision,,analytics-pipeline,Theo Martin,accepted,ATLAS-2545,PR-10127,PD-2899,Decision for analytics-pipeline: QA evidence is missing.,"Evidence: Teams decision, Confluence runbook, Jira acceptance criteria, Grafana metric, and PagerDuty incident history."
DRA-00382,2020-04-22,risk,medium,loyalty-service,Fatima Noor,closed,ATLAS-1189,PR-8338,PD-2320,Risk for loyalty-service: feature flag remains required.,"Evidence: Teams decision, Confluence runbook, Jira acceptance criteria, Grafana metric, and PagerDuty incident history."
DRA-00383,2020-04-24,decision,,inventory-reservation,Mateo Garcia,watching,ATLAS-2190,PR-8386,,Decision for inventory-reservation: QA evidence is missing.,"Evidence: Teams decision, Confluence runbook, Jira acceptance criteria, Grafana metric, and PagerDuty incident history."
DRA-00384,2020-04-26,open_question,,checkout-api,Harper Lee,watching,ATLAS-5118,PR-6494,,Open_Question for checkout-api: support escalation macro must be updated.,"Evidence: Teams decision, Confluence runbook, Jira acceptance criteria, Grafana metric, and PagerDuty incident history."
DRA-00385,2020-04-28,risk,critical,cart-service,Owen Brooks,watching,ATLAS-2778,PR-6881,,Risk for cart-service: support escalation macro must be updated.,"Evidence: Teams decision, Confluence runbook, Jira acceptance criteria, Grafana metric, and PagerDuty incident history."
DRA-00386,2020-04-30,decision,,auth-gateway,Ben Carter,watching,ATLAS-2186,PR-12153,PD-2638,Decision for auth-gateway: latency burn must stay below threshold.,"Evidence: Teams decision, Confluence runbook, Jira acceptance criteria, Grafana metric, and PagerDuty incident history."
DRA-00387,2020-05-01,assumption,,pricing-engine,Owen Brooks,open,ATLAS-4348,PR-8275,,Assumption for pricing-engine: database migration needs rehearsal.,"Evidence: Teams decision, Confluence runbook, Jira acceptance criteria, Grafana metric, and PagerDuty incident history."
DRA-00388,2020-05-03,blocker,high,tax-service,Mateo Garcia,closed,ATLAS-5257,PR-8869,,Blocker for tax-service: rollback owner must be assigned.,"Evidence: Teams decision, Confluence runbook, Jira acceptance criteria, Grafana metric, and PagerDuty incident history."
DRA-00389,2020-05-05,decision,,auth-gateway,Mateo Garcia,open,ATLAS-1737,PR-10632,,Decision for auth-gateway: latency burn must stay below threshold.,"Evidence: Teams decision, Confluence runbook, Jira acceptance criteria, Grafana metric, and PagerDuty incident history."
DRA-00390,2020-05-07,decision,,auth-gateway,Jon Bell,watching,ATLAS-2866,PR-7649,,Decision for auth-gateway: latency burn must stay below threshold.,"Evidence: Teams decision, Confluence runbook, Jira acceptance criteria, Grafana metric, and PagerDuty incident history."
DRA-00391,2020-05-09,open_question,,inventory-reservation,Elena Petrova,accepted,ATLAS-1903,PR-10693,,Open_Question for inventory-reservation: feature flag remains required.,"Evidence: Teams decision, Confluence runbook, Jira acceptance criteria, Grafana metric, and PagerDuty incident history."
DRA-00392,2020-05-10,decision,,loyalty-service,Elena Petrova,accepted,ATLAS-1251,PR-10501,,Decision for loyalty-service: feature flag remains required.,"Evidence: Teams decision, Confluence runbook, Jira acceptance criteria, Grafana metric, and PagerDuty incident history."
DRA-00393,2020-05-12,blocker,medium,auth-gateway,Harper Lee,mitigated,ATLAS-3427,PR-9263,,Blocker for auth-gateway: support escalation macro must be updated.,"Evidence: Teams decision, Confluence runbook, Jira acceptance criteria, Grafana metric, and PagerDuty incident history."
DRA-00394,2020-05-14,open_question,,loyalty-service,Kim Tan,open,ATLAS-1235,PR-6836,,Open_Question for loyalty-service: support escalation macro must be updated.,"Evidence: Teams decision, Confluence runbook, Jira acceptance criteria, Grafana metric, and PagerDuty incident history."
DRA-00395,2020-05-16,assumption,,order-ledger,Kim Tan,mitigated,ATLAS-1937,PR-10603,,Assumption for order-ledger: database migration needs rehearsal.,"Evidence: Teams decision, Confluence runbook, Jira acceptance criteria, Grafana metric, and PagerDuty incident history."
DRA-00396,2020-05-18,open_question,,search-recommendations,Kim Tan,accepted,ATLAS-5980,PR-9574,,Open_Question for search-recommendations: database migration needs rehearsal.,"Evidence: Teams decision, Confluence runbook, Jira acceptance criteria, Grafana metric, and PagerDuty incident history."
DRA-00397,2020-05-19,risk,medium,inventory-reservation,Owen Brooks,accepted,ATLAS-4210,PR-5136,,Risk for inventory-reservation: rollback owner must be assigned.,"Evidence: Teams decision, Confluence runbook, Jira acceptance criteria, Grafana metric, and PagerDuty incident history."
DRA-00398,2020-05-21,assumption,,payment-orchestrator,Grace Kim,mitigated,ATLAS-2278,PR-10024,,Assumption for payment-orchestrator: rollback owner must be assigned.,"Evidence: Teams decision, Confluence runbook, Jira acceptance criteria, Grafana metric, and PagerDuty incident history."
DRA-00399,2020-05-23,decision,,checkout-api,Iris Wang,open,ATLAS-5359,PR-6086,,Decision for checkout-api: feature flag remains required.,"Evidence: Teams decision, Confluence runbook, Jira acceptance criteria, Grafana metric, and PagerDuty incident history."
DRA-00400,2020-05-25,action,,notification-service,Jon Bell,mitigated,ATLAS-5014,PR-7014,PD-2828,Action for notification-service: support escalation macro must be updated.,"Evidence: Teams decision, Confluence runbook, Jira acceptance criteria, Grafana metric, and PagerDuty incident history."
DRA-00401,2020-05-27,action,,search-recommendations,Ravi Patel,accepted,ATLAS-3000,PR-9478,,Action for search-recommendations: latency burn must stay below threshold.,"Evidence: Teams decision, Confluence runbook, Jira acceptance criteria, Grafana metric, and PagerDuty incident history."
DRA-00402,2020-05-29,open_question,,tax-service,Owen Brooks,mitigated,ATLAS-5211,PR-5462,PD-2380,Open_Question for tax-service: rollback owner must be assigned.,"Evidence: Teams decision, Confluence runbook, Jira acceptance criteria, Grafana metric, and PagerDuty incident history."
DRA-00403,2020-05-30,action,,loyalty-service,Jon Bell,open,ATLAS-1562,PR-6616,,Action for loyalty-service: rollback owner must be assigned.,"Evidence: Teams decision, Confluence runbook, Jira acceptance criteria, Grafana metric, and PagerDuty incident history."
DRA-00404,2020-06-01,decision,,order-ledger,Iris Wang,open,ATLAS-1576,PR-7130,PD-2492,Decision for order-ledger: database migration needs rehearsal.,"Evidence: Teams decision, Confluence runbook, Jira acceptance criteria, Grafana metric, and PagerDuty incident history."
DRA-00405,2020-06-03,blocker,medium,notification-service,Jon Bell,watching,ATLAS-3596,PR-7274,,Blocker for notification-service: QA evidence is missing.,"Evidence: Teams decision, Confluence runbook, Jira acceptance criteria, Grafana metric, and PagerDuty incident history."
DRA-00406,2020-06-05,decision,,order-ledger,Sara Novak,open,ATLAS-1831,PR-5758,PD-2747,Decision for order-ledger: latency burn must stay below threshold.,"Evidence: Teams decision, Confluence runbook, Jira acceptance criteria, Grafana metric, and PagerDuty incident history."
DRA-00407,2020-06-07,risk,low,analytics-pipeline,Nora Singh,open,ATLAS-2980,PR-10227,,Risk for analytics-pipeline: rollback owner must be assigned.,"Evidence: Teams decision, Confluence runbook, Jira acceptance criteria, Grafana metric, and PagerDuty incident history."
DRA-00408,2020-06-08,risk,critical,checkout-api,Owen Brooks,closed,ATLAS-2866,PR-10908,,Risk for checkout-api: database migration needs rehearsal.,"Evidence: Teams decision, Confluence runbook, Jira acceptance criteria, Grafana metric, and PagerDuty incident history."
DRA-00409,2020-06-10,action,,payment-orchestrator,Jon Bell,watching,ATLAS-3035,PR-10589,,Action for payment-orchestrator: database migration needs rehearsal.,"Evidence: Teams decision, Confluence runbook, Jira acceptance criteria, Grafana metric, and PagerDuty incident history."
DRA-00410,2020-06-12,action,,auth-gateway,Iris Wang,accepted,ATLAS-2837,PR-7853,,Action for auth-gateway: latency burn must stay below threshold.,"Evidence: Teams decision, Confluence runbook, Jira acceptance criteria, Grafana metric, and PagerDuty incident history."
DRA-00411,2020-06-14,action,,payment-orchestrator,Theo Martin,open,ATLAS-4887,PR-10169,,Action for payment-orchestrator: support escalation macro must be updated.,"Evidence: Teams decision, Confluence runbook, Jira acceptance criteria, Grafana metric, and PagerDuty incident history."
DRA-00412,2020-06-16,assumption,,cart-service,Grace Kim,open,ATLAS-2595,PR-8616,,Assumption for cart-service: rollback owner must be assigned.,"Evidence: Teams decision, Confluence runbook, Jira acceptance criteria, Grafana metric, and PagerDuty incident history."
DRA-00413,2020-06-18,decision,,payment-orchestrator,Kim Tan,accepted,ATLAS-6170,PR-8620,,Decision for payment-orchestrator: support escalation macro must be updated.,"Evidence: Teams decision, Confluence runbook, Jira acceptance criteria, Grafana metric, and PagerDuty incident history."
DRA-00414,2020-06-19,action,,checkout-api,Sara Novak,mitigated,ATLAS-5357,PR-9011,,Action for checkout-api: support escalation macro must be updated.,"Evidence: Teams decision, Confluence runbook, Jira acceptance criteria, Grafana metric, and PagerDuty incident history."
DRA-00415,2020-06-21,decision,,loyalty-service,Samir Rao,open,ATLAS-6073,PR-11391,,Decision for loyalty-service: QA evidence is missing.,"Evidence: Teams decision, Confluence runbook, Jira acceptance criteria, Grafana metric, and PagerDuty incident history."
DRA-00416,2020-06-23,assumption,,search-recommendations,Ravi Patel,watching,ATLAS-5534,PR-7588,,Assumption for search-recommendations: latency burn must stay below threshold.,"Evidence: Teams decision, Confluence runbook, Jira acceptance criteria, Grafana metric, and PagerDuty incident history."
DRA-00417,2020-06-25,blocker,high,tax-service,Kim Tan,mitigated,ATLAS-4400,PR-8163,,Blocker for tax-service: rollback owner must be assigned.,"Evidence: Teams decision, Confluence runbook, Jira acceptance criteria, Grafana metric, and PagerDuty incident history."
DRA-00418,2020-06-27,open_question,,search-recommendations,Noah Evans,accepted,ATLAS-3190,PR-12069,,Open_Question for search-recommendations: feature flag remains required.,"Evidence: Teams decision, Confluence runbook, Jira acceptance criteria, Grafana metric, and PagerDuty incident history."
DRA-00419,2020-06-28,blocker,high,auth-gateway,Victor Silva,open,ATLAS-1087,PR-7978,,Blocker for auth-gateway: QA evidence is missing.,"Evidence: Teams decision, Confluence runbook, Jira acceptance criteria, Grafana metric, and PagerDuty incident history."
DRA-00420,2020-06-30,decision,,notification-service,Aisha Khan,mitigated,ATLAS-5781,PR-9590,,Decision for notification-service: database migration needs rehearsal.,"Evidence: Teams decision, Confluence runbook, Jira acceptance criteria, Grafana metric, and PagerDuty incident history."
DRA-00421,2020-07-02,assumption,,pricing-engine,Fatima Noor,accepted,ATLAS-4813,PR-5675,,Assumption for pricing-engine: latency burn must stay below threshold.,"Evidence: Teams decision, Confluence runbook, Jira acceptance criteria, Grafana metric, and PagerDuty incident history."
DRA-00422,2020-07-04,risk,critical,analytics-pipeline,Victor Silva,watching,ATLAS-5170,PR-7123,,Risk for analytics-pipeline: rollback owner must be assigned.,"Evidence: Teams decision, Confluence runbook, Jira acceptance criteria, Grafana metric, and PagerDuty incident history."
DRA-00423,2020-07-06,action,,payment-orchestrator,Ben Carter,accepted,ATLAS-1672,PR-7943,,Action for payment-orchestrator: rollback owner must be assigned.,"Evidence: Teams decision, Confluence runbook, Jira acceptance criteria, Grafana metric, and PagerDuty incident history."
DRA-00424,2020-07-08,assumption,,loyalty-service,Anika Sharma,open,ATLAS-5818,PR-8330,,Assumption for loyalty-service: rollback owner must be assigned.,"Evidence: Teams decision, Confluence runbook, Jira acceptance criteria, Grafana metric, and PagerDuty incident history."
DRA-00425,2020-07-09,risk,medium,notification-service,Luca Moretti,accepted,ATLAS-3929,PR-5803,PD-2410,Risk for notification-service: database migration needs rehearsal.,"Evidence: Teams decision, Confluence runbook, Jira acceptance criteria, Grafana metric, and PagerDuty incident history."
DRA-00426,2020-07-11,action,,notification-service,Ben Carter,open,ATLAS-6184,PR-8284,PD-2111,Action for notification-service: support escalation macro must be updated.,"Evidence: Teams decision, Confluence runbook, Jira acceptance criteria, Grafana metric, and PagerDuty incident history."
DRA-00427,2020-07-13,decision,,checkout-api,Ben Carter,closed,ATLAS-5788,PR-7717,PD-2211,Decision for checkout-api: feature flag remains required.,"Evidence: Teams decision, Confluence runbook, Jira acceptance criteria, Grafana metric, and PagerDuty incident history."
DRA-00428,2020-07-15,action,,tax-service,Mateo Garcia,watching,ATLAS-4340,PR-11455,,Action for tax-service: support escalation macro must be updated.,"Evidence: Teams decision, Confluence runbook, Jira acceptance criteria, Grafana metric, and PagerDuty incident history."
DRA-00429,2020-07-17,blocker,critical,cart-service,Theo Martin,accepted,ATLAS-5254,PR-10261,,Blocker for cart-service: rollback owner must be assigned.,"Evidence: Teams decision, Confluence runbook, Jira acceptance criteria, Grafana metric, and PagerDuty incident history."
DRA-00430,2020-07-18,blocker,low,auth-gateway,Anika Sharma,open,ATLAS-2031,PR-11592,,Blocker for auth-gateway: database migration needs rehearsal.,"Evidence: Teams decision, Confluence runbook, Jira acceptance criteria, Grafana metric, and PagerDuty incident history."
DRA-00431,2020-07-20,blocker,low,tax-service,Noah Evans,open,ATLAS-2556,PR-11136,,Blocker for tax-service: database migration needs rehearsal.,"Evidence: Teams decision, Confluence runbook, Jira acceptance criteria, Grafana metric, and PagerDuty incident history."
DRA-00432,2020-07-22,blocker,critical,payment-orchestrator,Fatima Noor,accepted,ATLAS-1738,PR-11869,,Blocker for payment-orchestrator: database migration needs rehearsal.,"Evidence: Teams decision, Confluence runbook, Jira acceptance criteria, Grafana metric, and PagerDuty incident history."
DRA-00433,2020-07-24,open_question,,payment-orchestrator,Theo Martin,watching,ATLAS-2312,PR-5382,PD-2058,Open_Question for payment-orchestrator: QA evidence is missing.,"Evidence: Teams decision, Confluence runbook, Jira acceptance criteria, Grafana metric, and PagerDuty incident history."
DRA-00434,2020-07-26,decision,,payment-orchestrator,Theo Martin,watching,ATLAS-5351,PR-7364,,Decision for payment-orchestrator: QA evidence is missing.,"Evidence: Teams decision, Confluence runbook, Jira acceptance criteria, Grafana metric, and PagerDuty incident history."
DRA-00435,2020-07-27,action,,payment-orchestrator,Theo Martin,watching,ATLAS-2740,PR-6551,PD-2229,Action for payment-orchestrator: feature flag remains required.,"Evidence: Teams decision, Confluence runbook, Jira acceptance criteria, Grafana metric, and PagerDuty incident history."
DRA-00436,2020-07-29,open_question,,notification-service,Iris Wang,closed,ATLAS-2463,PR-6789,,Open_Question for notification-service: QA evidence is missing.,"Evidence: Teams decision, Confluence runbook, Jira acceptance criteria, Grafana metric, and PagerDuty incident history."
DRA-00437,2020-07-31,open_question,,tax-service,Sara Novak,accepted,ATLAS-2836,PR-6866,PD-2719,Open_Question for tax-service: support escalation macro must be updated.,"Evidence: Teams decision, Confluence runbook, Jira acceptance criteria, Grafana metric, and PagerDuty incident history."
DRA-00438,2020-08-02,blocker,critical,tax-service,Anika Sharma,open,ATLAS-1419,PR-8514,,Blocker for tax-service: rollback owner must be assigned.,"Evidence: Teams decision, Confluence runbook, Jira acceptance criteria, Grafana metric, and PagerDuty incident history."
DRA-00439,2020-08-04,assumption,,search-recommendations,Aisha Khan,watching,ATLAS-5535,PR-11433,,Assumption for search-recommendations: feature flag remains required.,"Evidence: Teams decision, Confluence runbook, Jira acceptance criteria, Grafana metric, and PagerDuty incident history."
DRA-00440,2020-08-06,decision,,pricing-engine,Sara Novak,mitigated,ATLAS-4401,PR-7827,,Decision for pricing-engine: support escalation macro must be updated.,"Evidence: Teams decision, Confluence runbook, Jira acceptance criteria, Grafana metric, and PagerDuty incident history."
DRA-00441,2020-08-07,blocker,critical,notification-service,Nora Singh,accepted,ATLAS-1848,PR-5518,,Blocker for notification-service: latency burn must stay below threshold.,"Evidence: Teams decision, Confluence runbook, Jira acceptance criteria, Grafana metric, and PagerDuty incident history."
DRA-00442,2020-08-09,assumption,,notification-service,Owen Brooks,watching,ATLAS-3331,PR-8243,PD-2067,Assumption for notification-service: rollback owner must be assigned.,"Evidence: Teams decision, Confluence runbook, Jira acceptance criteria, Grafana metric, and PagerDuty incident history."
DRA-00443,2020-08-11,risk,high,search-recommendations,Kim Tan,accepted,ATLAS-1285,PR-9489,,Risk for search-recommendations: rollback owner must be assigned.,"Evidence: Teams decision, Confluence runbook, Jira acceptance criteria, Grafana metric, and PagerDuty incident history."
DRA-00444,2020-08-13,action,,search-recommendations,Ravi Patel,closed,ATLAS-6106,PR-10720,,Action for search-recommendations: QA evidence is missing.,"Evidence: Teams decision, Confluence runbook, Jira acceptance criteria, Grafana metric, and PagerDuty incident history."
DRA-00445,2020-08-15,open_question,,cart-service,Elena Petrova,accepted,ATLAS-3504,PR-6101,,Open_Question for cart-service: QA evidence is missing.,"Evidence: Teams decision, Confluence runbook, Jira acceptance criteria, Grafana metric, and PagerDuty incident history."
DRA-00446,2020-08-16,assumption,,checkout-api,Ben Carter,closed,ATLAS-1384,PR-10847,,Assumption for checkout-api: QA evidence is missing.,"Evidence: Teams decision, Confluence runbook, Jira acceptance criteria, Grafana metric, and PagerDuty incident history."
DRA-00447,2020-08-18,open_question,,analytics-pipeline,Grace Kim,open,ATLAS-4794,PR-8073,,Open_Question for analytics-pipeline: database migration needs rehearsal.,"Evidence: Teams decision, Confluence runbook, Jira acceptance criteria, Grafana metric, and PagerDuty incident history."
DRA-00448,2020-08-20,blocker,low,checkout-api,Theo Martin,mitigated,ATLAS-4062,PR-10803,,Blocker for checkout-api: latency burn must stay below threshold.,"Evidence: Teams decision, Confluence runbook, Jira acceptance criteria, Grafana metric, and PagerDuty incident history."
DRA-00449,2020-08-22,risk,low,payment-orchestrator,Sara Novak,accepted,ATLAS-5769,PR-9613,,Risk for payment-orchestrator: rollback owner must be assigned.,"Evidence: Teams decision, Confluence runbook, Jira acceptance criteria, Grafana metric, and PagerDuty incident history."
DRA-00450,2020-08-24,open_question,,loyalty-service,Ben Carter,mitigated,ATLAS-2895,PR-6815,,Open_Question for loyalty-service: database migration needs rehearsal.,"Evidence: Teams decision, Confluence runbook, Jira acceptance criteria, Grafana metric, and PagerDuty incident history."
DRA-00451,2020-08-26,assumption,,checkout-api,Anika Sharma,accepted,ATLAS-3546,PR-7923,,Assumption for checkout-api: feature flag remains required.,"Evidence: Teams decision, Confluence runbook, Jira acceptance criteria, Grafana metric, and PagerDuty incident history."
DRA-00452,2020-08-27,decision,,inventory-reservation,Ben Carter,accepted,ATLAS-3161,PR-8259,,Decision for inventory-reservation: QA evidence is missing.,"Evidence: Teams decision, Confluence runbook, Jira acceptance criteria, Grafana metric, and PagerDuty incident history."
DRA-00453,2020-08-29,decision,,loyalty-service,Yara Haddad,accepted,ATLAS-1556,PR-11518,,Decision for loyalty-service: feature flag remains required.,"Evidence: Teams decision, Confluence runbook, Jira acceptance criteria, Grafana metric, and PagerDuty incident history."
DRA-00454,2020-08-31,assumption,,loyalty-service,Aisha Khan,watching,ATLAS-5387,PR-7572,,Assumption for loyalty-service: QA evidence is missing.,"Evidence: Teams decision, Confluence runbook, Jira acceptance criteria, Grafana metric, and PagerDuty incident history."
DRA-00455,2020-09-02,blocker,low,analytics-pipeline,Dmitri Volkov,mitigated,ATLAS-5209,PR-9488,,Blocker for analytics-pipeline: feature flag remains required.,"Evidence: Teams decision, Confluence runbook, Jira acceptance criteria, Grafana metric, and PagerDuty incident history."
DRA-00456,2020-09-04,risk,critical,auth-gateway,Sara Novak,watching,ATLAS-2081,PR-12069,,Risk for auth-gateway: database migration needs rehearsal.,"Evidence: Teams decision, Confluence runbook, Jira acceptance criteria, Grafana metric, and PagerDuty incident history."
DRA-00457,2020-09-05,action,,checkout-api,Samir Rao,open,ATLAS-4367,PR-8280,PD-2145,Action for checkout-api: database migration needs rehearsal.,"Evidence: Teams decision, Confluence runbook, Jira acceptance criteria, Grafana metric, and PagerDuty incident history."
DRA-00458,2020-09-07,blocker,medium,loyalty-service,Maya Chen,mitigated,ATLAS-4046,PR-6400,,Blocker for loyalty-service: rollback owner must be assigned.,"Evidence: Teams decision, Confluence runbook, Jira acceptance criteria, Grafana metric, and PagerDuty incident history."
DRA-00459,2020-09-09,decision,,checkout-api,Luca Moretti,mitigated,ATLAS-6180,PR-10782,,Decision for checkout-api: latency burn must stay below threshold.,"Evidence: Teams decision, Confluence runbook, Jira acceptance criteria, Grafana metric, and PagerDuty incident history."
DRA-00460,2020-09-11,assumption,,payment-orchestrator,Nora Singh,open,ATLAS-5707,PR-5140,,Assumption for payment-orchestrator: database migration needs rehearsal.,"Evidence: Teams decision, Confluence runbook, Jira acceptance criteria, Grafana metric, and PagerDuty incident history."
DRA-00461,2020-09-13,decision,,notification-service,Mateo Garcia,watching,ATLAS-6107,PR-8435,,Decision for notification-service: database migration needs rehearsal.,"Evidence: Teams decision, Confluence runbook, Jira acceptance criteria, Grafana metric, and PagerDuty incident history."
DRA-00462,2020-09-15,risk,medium,cart-service,Harper Lee,closed,ATLAS-5800,PR-12054,,Risk for cart-service: rollback owner must be assigned.,"Evidence: Teams decision, Confluence runbook, Jira acceptance criteria, Grafana metric, and PagerDuty incident history."
DRA-00463,2020-09-16,risk,high,analytics-pipeline,Ben Carter,closed,ATLAS-2843,PR-10035,,Risk for analytics-pipeline: rollback owner must be assigned.,"Evidence: Teams decision, Confluence runbook, Jira acceptance criteria, Grafana metric, and PagerDuty incident history."
DRA-00464,2020-09-18,blocker,low,payment-orchestrator,Aisha Khan,watching,ATLAS-4374,PR-5332,,Blocker for payment-orchestrator: rollback owner must be assigned.,"Evidence: Teams decision, Confluence runbook, Jira acceptance criteria, Grafana metric, and PagerDuty incident history."
DRA-00465,2020-09-20,assumption,,inventory-reservation,Samir Rao,watching,ATLAS-4843,PR-6488,,Assumption for inventory-reservation: feature flag remains required.,"Evidence: Teams decision, Confluence runbook, Jira acceptance criteria, Grafana metric, and PagerDuty incident history."
DRA-00466,2020-09-22,action,,notification-service,Iris Wang,open,ATLAS-1032,PR-7653,PD-2287,Action for notification-service: rollback owner must be assigned.,"Evidence: Teams decision, Confluence runbook, Jira acceptance criteria, Grafana metric, and PagerDuty incident history."
DRA-00467,2020-09-24,blocker,critical,pricing-engine,Owen Brooks,watching,ATLAS-6150,PR-10841,,Blocker for pricing-engine: database migration needs rehearsal.,"Evidence: Teams decision, Confluence runbook, Jira acceptance criteria, Grafana metric, and PagerDuty incident history."
DRA-00468,2020-09-25,risk,high,cart-service,Yara Haddad,closed,ATLAS-3097,PR-9172,,Risk for cart-service: rollback owner must be assigned.,"Evidence: Teams decision, Confluence runbook, Jira acceptance criteria, Grafana metric, and PagerDuty incident history."
DRA-00469,2020-09-27,risk,high,notification-service,Ben Carter,watching,ATLAS-1699,PR-8018,,Risk for notification-service: rollback owner must be assigned.,"Evidence: Teams decision, Confluence runbook, Jira acceptance criteria, Grafana metric, and PagerDuty incident history."
DRA-00470,2020-09-29,risk,low,checkout-api,Anika Sharma,open,ATLAS-3386,PR-6894,,Risk for checkout-api: rollback owner must be assigned.,"Evidence: Teams decision, Confluence runbook, Jira acceptance criteria, Grafana metric, and PagerDuty incident history."
DRA-00471,2020-10-01,action,,auth-gateway,Iris Wang,watching,ATLAS-2992,PR-5719,,Action for auth-gateway: support escalation macro must be updated.,"Evidence: Teams decision, Confluence runbook, Jira acceptance criteria, Grafana metric, and PagerDuty incident history."
DRA-00472,2020-10-03,risk,low,cart-service,Dmitri Volkov,mitigated,ATLAS-2631,PR-5076,,Risk for cart-service: support escalation macro must be updated.,"Evidence: Teams decision, Confluence runbook, Jira acceptance criteria, Grafana metric, and PagerDuty incident history."
DRA-00473,2020-10-04,action,,search-recommendations,Ravi Patel,open,ATLAS-1103,PR-9627,,Action for search-recommendations: latency burn must stay below threshold.,"Evidence: Teams decision, Confluence runbook, Jira acceptance criteria, Grafana metric, and PagerDuty incident history."
DRA-00474,2020-10-06,blocker,high,cart-service,Fatima Noor,accepted,ATLAS-4426,PR-11666,,Blocker for cart-service: support escalation macro must be updated.,"Evidence: Teams decision, Confluence runbook, Jira acceptance criteria, Grafana metric, and PagerDuty incident history."
DRA-00475,2020-10-08,action,,payment-orchestrator,Mateo Garcia,accepted,ATLAS-3068,PR-7529,,Action for payment-orchestrator: QA evidence is missing.,"Evidence: Teams decision, Confluence runbook, Jira acceptance criteria, Grafana metric, and PagerDuty incident history."
DRA-00476,2020-10-10,open_question,,auth-gateway,Owen Brooks,mitigated,ATLAS-4409,PR-6278,,Open_Question for auth-gateway: rollback owner must be assigned.,"Evidence: Teams decision, Confluence runbook, Jira acceptance criteria, Grafana metric, and PagerDuty incident history."
DRA-00477,2020-10-12,open_question,,inventory-reservation,Harper Lee,open,ATLAS-3516,PR-6371,,Open_Question for inventory-reservation: support escalation macro must be updated.,"Evidence: Teams decision, Confluence runbook, Jira acceptance criteria, Grafana metric, and PagerDuty incident history."
DRA-00478,2020-10-14,open_question,,analytics-pipeline,Nora Singh,open,ATLAS-5040,PR-7550,,Open_Question for analytics-pipeline: support escalation macro must be updated.,"Evidence: Teams decision, Confluence runbook, Jira acceptance criteria, Grafana metric, and PagerDuty incident history."
DRA-00479,2020-10-15,assumption,,analytics-pipeline,Owen Brooks,closed,ATLAS-5249,PR-7561,,Assumption for analytics-pipeline: latency burn must stay below threshold.,"Evidence: Teams decision, Confluence runbook, Jira acceptance criteria, Grafana metric, and PagerDuty incident history."
DRA-00480,2020-10-17,risk,medium,auth-gateway,Anika Sharma,open,ATLAS-3453,PR-8779,,Risk for auth-gateway: database migration needs rehearsal.,"Evidence: Teams decision, Confluence runbook, Jira acceptance criteria, Grafana metric, and PagerDuty incident history."
DRA-00481,2020-10-19,decision,,pricing-engine,Victor Silva,accepted,ATLAS-3467,PR-5774,,Decision for pricing-engine: feature flag remains required.,"Evidence: Teams decision, Confluence runbook, Jira acceptance criteria, Grafana metric, and PagerDuty incident history."
DRA-00482,2020-10-21,action,,loyalty-service,Priya Nair,watching,ATLAS-3045,PR-10437,,Action for loyalty-service: QA evidence is missing.,"Evidence: Teams decision, Confluence runbook, Jira acceptance criteria, Grafana metric, and PagerDuty incident history."
DRA-00483,2020-10-23,assumption,,notification-service,Maya Chen,open,ATLAS-5799,PR-9256,,Assumption for notification-service: latency burn must stay below threshold.,"Evidence: Teams decision, Confluence runbook, Jira acceptance criteria, Grafana metric, and PagerDuty incident history."
DRA-00484,2020-10-24,assumption,,payment-orchestrator,Mateo Garcia,mitigated,ATLAS-5939,PR-8994,,Assumption for payment-orchestrator: database migration needs rehearsal.,"Evidence: Teams decision, Confluence runbook, Jira acceptance criteria, Grafana metric, and PagerDuty incident history."
DRA-00485,2020-10-26,open_question,,payment-orchestrator,Fatima Noor,accepted,ATLAS-1128,PR-10092,,Open_Question for payment-orchestrator: QA evidence is missing.,"Evidence: Teams decision, Confluence runbook, Jira acceptance criteria, Grafana metric, and PagerDuty incident history."
DRA-00486,2020-10-28,action,,auth-gateway,Kim Tan,accepted,ATLAS-5019,PR-6300,,Action for auth-gateway: rollback owner must be assigned.,"Evidence: Teams decision, Confluence runbook, Jira acceptance criteria, Grafana metric, and PagerDuty incident history."
DRA-00487,2020-10-30,risk,medium,order-ledger,Ben Carter,watching,ATLAS-2780,PR-9558,,Risk for order-ledger: QA evidence is missing.,"Evidence: Teams decision, Confluence runbook, Jira acceptance criteria, Grafana metric, and PagerDuty incident history."
DRA-00488,2020-11-01,assumption,,pricing-engine,Yara Haddad,accepted,ATLAS-1313,PR-5312,PD-2113,Assumption for pricing-engine: feature flag remains required.,"Evidence: Teams decision, Confluence runbook, Jira acceptance criteria, Grafana metric, and PagerDuty incident history."
DRA-00489,2020-11-03,open_question,,tax-service,Victor Silva,open,ATLAS-2798,PR-9960,,Open_Question for tax-service: feature flag remains required.,"Evidence: Teams decision, Confluence runbook, Jira acceptance criteria, Grafana metric, and PagerDuty incident history."
DRA-00490,2020-11-04,assumption,,auth-gateway,Anika Sharma,open,ATLAS-3056,PR-6203,,Assumption for auth-gateway: QA evidence is missing.,"Evidence: Teams decision, Confluence runbook, Jira acceptance criteria, Grafana metric, and PagerDuty incident history."
DRA-00491,2020-11-06,action,,tax-service,Owen Brooks,closed,ATLAS-3986,PR-9856,PD-2432,Action for tax-service: QA evidence is missing.,"Evidence: Teams decision, Confluence runbook, Jira acceptance criteria, Grafana metric, and PagerDuty incident history."
DRA-00492,2020-11-08,risk,medium,notification-service,Priya Nair,mitigated,ATLAS-1953,PR-7146,,Risk for notification-service: latency burn must stay below threshold.,"Evidence: Teams decision, Confluence runbook, Jira acceptance criteria, Grafana metric, and PagerDuty incident history."
DRA-00493,2020-11-10,action,,inventory-reservation,Kim Tan,accepted,ATLAS-3411,PR-5572,PD-2857,Action for inventory-reservation: rollback owner must be assigned.,"Evidence: Teams decision, Confluence runbook, Jira acceptance criteria, Grafana metric, and PagerDuty incident history."
DRA-00494,2020-11-12,risk,critical,tax-service,Ben Carter,open,ATLAS-4654,PR-5469,,Risk for tax-service: feature flag remains required.,"Evidence: Teams decision, Confluence runbook, Jira acceptance criteria, Grafana metric, and PagerDuty incident history."
DRA-00495,2020-11-13,action,,payment-orchestrator,Sara Novak,accepted,ATLAS-4766,PR-11788,,Action for payment-orchestrator: latency burn must stay below threshold.,"Evidence: Teams decision, Confluence runbook, Jira acceptance criteria, Grafana metric, and PagerDuty incident history."
DRA-00496,2020-11-15,action,,order-ledger,Jon Bell,accepted,ATLAS-2165,PR-6656,,Action for order-ledger: feature flag remains required.,"Evidence: Teams decision, Confluence runbook, Jira acceptance criteria, Grafana metric, and PagerDuty incident history."
DRA-00497,2020-11-17,decision,,pricing-engine,Yara Haddad,accepted,ATLAS-2611,PR-8502,PD-2283,Decision for pricing-engine: feature flag remains required.,"Evidence: Teams decision, Confluence runbook, Jira acceptance criteria, Grafana metric, and PagerDuty incident history."
DRA-00498,2020-11-19,risk,medium,loyalty-service,Samir Rao,accepted,ATLAS-3508,PR-8243,,Risk for loyalty-service: database migration needs rehearsal.,"Evidence: Teams decision, Confluence runbook, Jira acceptance criteria, Grafana metric, and PagerDuty incident history."
DRA-00499,2020-11-21,risk,critical,tax-service,Ravi Patel,closed,ATLAS-3734,PR-7853,,Risk for tax-service: latency burn must stay below threshold.,"Evidence: Teams decision, Confluence runbook, Jira acceptance criteria, Grafana metric, and PagerDuty incident history."
DRA-00500,2020-11-22,risk,medium,inventory-reservation,Kim Tan,watching,ATLAS-2067,PR-5546,,Risk for inventory-reservation: rollback owner must be assigned.,"Evidence: Teams decision, Confluence runbook, Jira acceptance criteria, Grafana metric, and PagerDuty incident history."
DRA-00501,2020-11-24,decision,,auth-gateway,Priya Nair,open,ATLAS-2957,PR-7897,,Decision for auth-gateway: feature flag remains required.,"Evidence: Teams decision, Confluence runbook, Jira acceptance criteria, Grafana metric, and PagerDuty incident history."
DRA-00502,2020-11-26,risk,medium,order-ledger,Priya Nair,closed,ATLAS-5716,PR-6202,,Risk for order-ledger: support escalation macro must be updated.,"Evidence: Teams decision, Confluence runbook, Jira acceptance criteria, Grafana metric, and PagerDuty incident history."
DRA-00503,2020-11-28,assumption,,tax-service,Ravi Patel,closed,ATLAS-5453,PR-9094,,Assumption for tax-service: QA evidence is missing.,"Evidence: Teams decision, Confluence runbook, Jira acceptance criteria, Grafana metric, and PagerDuty incident history."
DRA-00504,2020-11-30,action,,cart-service,Ben Carter,open,ATLAS-4914,PR-8449,,Action for cart-service: latency burn must stay below threshold.,"Evidence: Teams decision, Confluence runbook, Jira acceptance criteria, Grafana metric, and PagerDuty incident history."
DRA-00505,2020-12-02,open_question,,notification-service,Luca Moretti,open,ATLAS-2852,PR-6138,,Open_Question for notification-service: database migration needs rehearsal.,"Evidence: Teams decision, Confluence runbook, Jira acceptance criteria, Grafana metric, and PagerDuty incident history."
DRA-00506,2020-12-03,assumption,,analytics-pipeline,Elena Petrova,closed,ATLAS-4630,PR-7924,PD-2402,Assumption for analytics-pipeline: database migration needs rehearsal.,"Evidence: Teams decision, Confluence runbook, Jira acceptance criteria, Grafana metric, and PagerDuty incident history."
DRA-00507,2020-12-05,open_question,,analytics-pipeline,Anika Sharma,closed,ATLAS-4078,PR-5012,,Open_Question for analytics-pipeline: support escalation macro must be updated.,"Evidence: Teams decision, Confluence runbook, Jira acceptance criteria, Grafana metric, and PagerDuty incident history."
DRA-00508,2020-12-07,open_question,,inventory-reservation,Nora Singh,accepted,ATLAS-1488,PR-6282,,Open_Question for inventory-reservation: QA evidence is missing.,"Evidence: Teams decision, Confluence runbook, Jira acceptance criteria, Grafana metric, and PagerDuty incident history."
DRA-00509,2020-12-09,assumption,,inventory-reservation,Grace Kim,closed,ATLAS-5400,PR-7085,,Assumption for inventory-reservation: database migration needs rehearsal.,"Evidence: Teams decision, Confluence runbook, Jira acceptance criteria, Grafana metric, and PagerDuty incident history."
DRA-00510,2020-12-11,blocker,critical,search-recommendations,Anika Sharma,mitigated,ATLAS-1783,PR-5085,PD-2460,Blocker for search-recommendations: latency burn must stay below threshold.,"Evidence: Teams decision, Confluence runbook, Jira acceptance criteria, Grafana metric, and PagerDuty incident history."
DRA-00511,2020-12-12,blocker,low,order-ledger,Aisha Khan,watching,ATLAS-1146,PR-6821,,Blocker for order-ledger: QA evidence is missing.,"Evidence: Teams decision, Confluence runbook, Jira acceptance criteria, Grafana metric, and PagerDuty incident history."
DRA-00512,2020-12-14,open_question,,tax-service,Elena Petrova,open,ATLAS-5921,PR-11226,,Open_Question for tax-service: latency burn must stay below threshold.,"Evidence: Teams decision, Confluence runbook, Jira acceptance criteria, Grafana metric, and PagerDuty incident history."
DRA-00513,2020-12-16,action,,cart-service,Kim Tan,accepted,ATLAS-3722,PR-5965,,Action for cart-service: rollback owner must be assigned.,"Evidence: Teams decision, Confluence runbook, Jira acceptance criteria, Grafana metric, and PagerDuty incident history."
DRA-00514,2020-12-18,decision,,search-recommendations,Mateo Garcia,open,ATLAS-1768,PR-9990,PD-2802,Decision for search-recommendations: support escalation macro must be updated.,"Evidence: Teams decision, Confluence runbook, Jira acceptance criteria, Grafana metric, and PagerDuty incident history."
DRA-00515,2020-12-20,open_question,,checkout-api,Aisha Khan,mitigated,ATLAS-1122,PR-8408,,Open_Question for checkout-api: feature flag remains required.,"Evidence: Teams decision, Confluence runbook, Jira acceptance criteria, Grafana metric, and PagerDuty incident history."
DRA-00516,2020-12-22,risk,low,pricing-engine,Elena Petrova,mitigated,ATLAS-4581,PR-6448,,Risk for pricing-engine: database migration needs rehearsal.,"Evidence: Teams decision, Confluence runbook, Jira acceptance criteria, Grafana metric, and PagerDuty incident history."
DRA-00517,2020-12-23,open_question,,tax-service,Kim Tan,mitigated,ATLAS-2554,PR-9010,PD-2635,Open_Question for tax-service: latency burn must stay below threshold.,"Evidence: Teams decision, Confluence runbook, Jira acceptance criteria, Grafana metric, and PagerDuty incident history."
DRA-00518,2020-12-25,risk,medium,pricing-engine,Luca Moretti,open,ATLAS-2405,PR-7278,,Risk for pricing-engine: feature flag remains required.,"Evidence: Teams decision, Confluence runbook, Jira acceptance criteria, Grafana metric, and PagerDuty incident history."
DRA-00519,2020-12-27,risk,high,tax-service,Samir Rao,watching,ATLAS-2216,PR-11671,,Risk for tax-service: support escalation macro must be updated.,"Evidence: Teams decision, Confluence runbook, Jira acceptance criteria, Grafana metric, and PagerDuty incident history."
DRA-00520,2020-12-29,assumption,,loyalty-service,Nora Singh,closed,ATLAS-6141,PR-10919,,Assumption for loyalty-service: feature flag remains required.,"Evidence: Teams decision, Confluence runbook, Jira acceptance criteria, Grafana metric, and PagerDuty incident history."
DRA-00521,2020-12-31,open_question,,loyalty-service,Dmitri Volkov,watching,ATLAS-2749,PR-9944,,Open_Question for loyalty-service: feature flag remains required.,"Evidence: Teams decision, Confluence runbook, Jira acceptance criteria, Grafana metric, and PagerDuty incident history."
DRA-00522,2021-01-01,assumption,,search-recommendations,Nora Singh,watching,ATLAS-5876,PR-11773,,Assumption for search-recommendations: feature flag remains required.,"Evidence: Teams decision, Confluence runbook, Jira acceptance criteria, Grafana metric, and PagerDuty incident history."
DRA-00523,2021-01-03,blocker,low,pricing-engine,Anika Sharma,open,ATLAS-4521,PR-6915,,Blocker for pricing-engine: support escalation macro must be updated.,"Evidence: Teams decision, Confluence runbook, Jira acceptance criteria, Grafana metric, and PagerDuty incident history."
DRA-00524,2021-01-05,assumption,,loyalty-service,Harper Lee,open,ATLAS-5660,PR-9420,,Assumption for loyalty-service: latency burn must stay below threshold.,"Evidence: Teams decision, Confluence runbook, Jira acceptance criteria, Grafana metric, and PagerDuty incident history."
DRA-00525,2021-01-07,open_question,,pricing-engine,Anika Sharma,accepted,ATLAS-4075,PR-10963,PD-2344,Open_Question for pricing-engine: database migration needs rehearsal.,"Evidence: Teams decision, Confluence runbook, Jira acceptance criteria, Grafana metric, and PagerDuty incident history."
DRA-00526,2021-01-09,action,,payment-orchestrator,Noah Evans,mitigated,ATLAS-1480,PR-9058,PD-2738,Action for payment-orchestrator: database migration needs rehearsal.,"Evidence: Teams decision, Confluence runbook, Jira acceptance criteria, Grafana metric, and PagerDuty incident history."
DRA-00527,2021-01-11,risk,high,pricing-engine,Fatima Noor,mitigated,ATLAS-2386,PR-6772,,Risk for pricing-engine: latency burn must stay below threshold.,"Evidence: Teams decision, Confluence runbook, Jira acceptance criteria, Grafana metric, and PagerDuty incident history."
DRA-00528,2021-01-12,open_question,,tax-service,Luca Moretti,closed,ATLAS-5653,PR-8936,,Open_Question for tax-service: support escalation macro must be updated.,"Evidence: Teams decision, Confluence runbook, Jira acceptance criteria, Grafana metric, and PagerDuty incident history."
DRA-00529,2021-01-14,risk,high,search-recommendations,Noah Evans,open,ATLAS-2355,PR-5530,,Risk for search-recommendations: support escalation macro must be updated.,"Evidence: Teams decision, Confluence runbook, Jira acceptance criteria, Grafana metric, and PagerDuty incident history."
DRA-00530,2021-01-16,risk,low,order-ledger,Dmitri Volkov,mitigated,ATLAS-4404,PR-6638,PD-2453,Risk for order-ledger: latency burn must stay below threshold.,"Evidence: Teams decision, Confluence runbook, Jira acceptance criteria, Grafana metric, and PagerDuty incident history."
DRA-00531,2021-01-18,risk,critical,search-recommendations,Yara Haddad,accepted,ATLAS-4563,PR-5209,,Risk for search-recommendations: database migration needs rehearsal.,"Evidence: Teams decision, Confluence runbook, Jira acceptance criteria, Grafana metric, and PagerDuty incident history."
DRA-00532,2021-01-20,assumption,,cart-service,Victor Silva,watching,ATLAS-1647,PR-8457,PD-2422,Assumption for cart-service: QA evidence is missing.,"Evidence: Teams decision, Confluence runbook, Jira acceptance criteria, Grafana metric, and PagerDuty incident history."
DRA-00533,2021-01-21,decision,,payment-orchestrator,Harper Lee,watching,ATLAS-3838,PR-8311,PD-2871,Decision for payment-orchestrator: database migration needs rehearsal.,"Evidence: Teams decision, Confluence runbook, Jira acceptance criteria, Grafana metric, and PagerDuty incident history."
DRA-00534,2021-01-23,risk,low,cart-service,Samir Rao,mitigated,ATLAS-2549,PR-6138,,Risk for cart-service: QA evidence is missing.,"Evidence: Teams decision, Confluence runbook, Jira acceptance criteria, Grafana metric, and PagerDuty incident history."
DRA-00535,2021-01-25,assumption,,tax-service,Victor Silva,mitigated,ATLAS-5485,PR-10860,,Assumption for tax-service: latency burn must stay below threshold.,"Evidence: Teams decision, Confluence runbook, Jira acceptance criteria, Grafana metric, and PagerDuty incident history."
DRA-00536,2021-01-27,decision,,auth-gateway,Maya Chen,mitigated,ATLAS-5181,PR-9992,,Decision for auth-gateway: latency burn must stay below threshold.,"Evidence: Teams decision, Confluence runbook, Jira acceptance criteria, Grafana metric, and PagerDuty incident history."
DRA-00537,2021-01-29,action,,loyalty-service,Ravi Patel,open,ATLAS-6064,PR-10991,,Action for loyalty-service: latency burn must stay below threshold.,"Evidence: Teams decision, Confluence runbook, Jira acceptance criteria, Grafana metric, and PagerDuty incident history."
DRA-00538,2021-01-30,open_question,,inventory-reservation,Elena Petrova,accepted,ATLAS-1493,PR-9779,,Open_Question for inventory-reservation: support escalation macro must be updated.,"Evidence: Teams decision, Confluence runbook, Jira acceptance criteria, Grafana metric, and PagerDuty incident history."
DRA-00539,2021-02-01,action,,tax-service,Victor Silva,closed,ATLAS-5048,PR-5024,,Action for tax-service: database migration needs rehearsal.,"Evidence: Teams decision, Confluence runbook, Jira acceptance criteria, Grafana metric, and PagerDuty incident history."
DRA-00540,2021-02-03,action,,notification-service,Dmitri Volkov,mitigated,ATLAS-5982,PR-11468,,Action for notification-service: latency burn must stay below threshold.,"Evidence: Teams decision, Confluence runbook, Jira acceptance criteria, Grafana metric, and PagerDuty incident history."
DRA-00541,2021-02-05,risk,critical,cart-service,Theo Martin,open,ATLAS-1839,PR-12005,,Risk for cart-service: rollback owner must be assigned.,"Evidence: Teams decision, Confluence runbook, Jira acceptance criteria, Grafana metric, and PagerDuty incident history."
DRA-00542,2021-02-07,decision,,tax-service,Theo Martin,mitigated,ATLAS-1521,PR-8387,,Decision for tax-service: QA evidence is missing.,"Evidence: Teams decision, Confluence runbook, Jira acceptance criteria, Grafana metric, and PagerDuty incident history."
DRA-00543,2021-02-09,risk,low,cart-service,Jon Bell,accepted,ATLAS-5091,PR-11228,PD-2121,Risk for cart-service: database migration needs rehearsal.,"Evidence: Teams decision, Confluence runbook, Jira acceptance criteria, Grafana metric, and PagerDuty incident history."
DRA-00544,2021-02-10,assumption,,notification-service,Nora Singh,accepted,ATLAS-1909,PR-12025,,Assumption for notification-service: support escalation macro must be updated.,"Evidence: Teams decision, Confluence runbook, Jira acceptance criteria, Grafana metric, and PagerDuty incident history."
DRA-00545,2021-02-12,decision,,cart-service,Sara Novak,open,ATLAS-4230,PR-7545,,Decision for cart-service: rollback owner must be assigned.,"Evidence: Teams decision, Confluence runbook, Jira acceptance criteria, Grafana metric, and PagerDuty incident history."
DRA-00546,2021-02-14,assumption,,notification-service,Yara Haddad,closed,ATLAS-5978,PR-11368,,Assumption for notification-service: rollback owner must be assigned.,"Evidence: Teams decision, Confluence runbook, Jira acceptance criteria, Grafana metric, and PagerDuty incident history."
DRA-00547,2021-02-16,decision,,analytics-pipeline,Elena Petrova,mitigated,ATLAS-1207,PR-11374,,Decision for analytics-pipeline: latency burn must stay below threshold.,"Evidence: Teams decision, Confluence runbook, Jira acceptance criteria, Grafana metric, and PagerDuty incident history."
DRA-00548,2021-02-18,action,,inventory-reservation,Samir Rao,open,ATLAS-3332,PR-7667,,Action for inventory-reservation: latency burn must stay below threshold.,"Evidence: Teams decision, Confluence runbook, Jira acceptance criteria, Grafana metric, and PagerDuty incident history."
DRA-00549,2021-02-19,blocker,medium,loyalty-service,Maya Chen,closed,ATLAS-5374,PR-10355,PD-2051,Blocker for loyalty-service: database migration needs rehearsal.,"Evidence: Teams decision, Confluence runbook, Jira acceptance criteria, Grafana metric, and PagerDuty incident history."
DRA-00550,2021-02-21,action,,pricing-engine,Noah Evans,open,ATLAS-1278,PR-8352,,Action for pricing-engine: rollback owner must be assigned.,"Evidence: Teams decision, Confluence runbook, Jira acceptance criteria, Grafana metric, and PagerDuty incident history."
DRA-00551,2021-02-23,decision,,loyalty-service,Nora Singh,watching,ATLAS-1340,PR-8386,,Decision for loyalty-service: QA evidence is missing.,"Evidence: Teams decision, Confluence runbook, Jira acceptance criteria, Grafana metric, and PagerDuty incident history."
DRA-00552,2021-02-25,decision,,payment-orchestrator,Noah Evans,watching,ATLAS-5839,PR-5504,,Decision for payment-orchestrator: latency burn must stay below threshold.,"Evidence: Teams decision, Confluence runbook, Jira acceptance criteria, Grafana metric, and PagerDuty incident history."
DRA-00553,2021-02-27,blocker,medium,auth-gateway,Anika Sharma,open,ATLAS-1819,PR-9889,,Blocker for auth-gateway: rollback owner must be assigned.,"Evidence: Teams decision, Confluence runbook, Jira acceptance criteria, Grafana metric, and PagerDuty incident history."
DRA-00554,2021-03-01,assumption,,checkout-api,Harper Lee,accepted,ATLAS-3942,PR-6390,PD-2078,Assumption for checkout-api: QA evidence is missing.,"Evidence: Teams decision, Confluence runbook, Jira acceptance criteria, Grafana metric, and PagerDuty incident history."
DRA-00555,2021-03-02,decision,,inventory-reservation,Yara Haddad,mitigated,ATLAS-2410,PR-8721,,Decision for inventory-reservation: feature flag remains required.,"Evidence: Teams decision, Confluence runbook, Jira acceptance criteria, Grafana metric, and PagerDuty incident history."
DRA-00556,2021-03-04,open_question,,payment-orchestrator,Fatima Noor,mitigated,ATLAS-1823,PR-8614,PD-2406,Open_Question for payment-orchestrator: support escalation macro must be updated.,"Evidence: Teams decision, Confluence runbook, Jira acceptance criteria, Grafana metric, and PagerDuty incident history."
DRA-00557,2021-03-06,assumption,,loyalty-service,Harper Lee,closed,ATLAS-2739,PR-8776,,Assumption for loyalty-service: support escalation macro must be updated.,"Evidence: Teams decision, Confluence runbook, Jira acceptance criteria, Grafana metric, and PagerDuty incident history."
DRA-00558,2021-03-08,blocker,low,search-recommendations,Priya Nair,watching,ATLAS-6049,PR-8445,,Blocker for search-recommendations: QA evidence is missing.,"Evidence: Teams decision, Confluence runbook, Jira acceptance criteria, Grafana metric, and PagerDuty incident history."
DRA-00559,2021-03-10,decision,,search-recommendations,Noah Evans,accepted,ATLAS-4139,PR-6900,,Decision for search-recommendations: feature flag remains required.,"Evidence: Teams decision, Confluence runbook, Jira acceptance criteria, Grafana metric, and PagerDuty incident history."
DRA-00560,2021-03-11,assumption,,cart-service,Owen Brooks,watching,ATLAS-5028,PR-10458,PD-2243,Assumption for cart-service: latency burn must stay below threshold.,"Evidence: Teams decision, Confluence runbook, Jira acceptance criteria, Grafana metric, and PagerDuty incident history."
DRA-00561,2021-03-13,blocker,critical,auth-gateway,Noah Evans,accepted,ATLAS-5045,PR-5835,,Blocker for auth-gateway: latency burn must stay below threshold.,"Evidence: Teams decision, Confluence runbook, Jira acceptance criteria, Grafana metric, and PagerDuty incident history."
DRA-00562,2021-03-15,open_question,,auth-gateway,Priya Nair,accepted,ATLAS-1628,PR-7856,PD-2765,Open_Question for auth-gateway: rollback owner must be assigned.,"Evidence: Teams decision, Confluence runbook, Jira acceptance criteria, Grafana metric, and PagerDuty incident history."
DRA-00563,2021-03-17,risk,medium,checkout-api,Ben Carter,closed,ATLAS-2149,PR-5675,,Risk for checkout-api: latency burn must stay below threshold.,"Evidence: Teams decision, Confluence runbook, Jira acceptance criteria, Grafana metric, and PagerDuty incident history."
DRA-00564,2021-03-19,assumption,,cart-service,Dmitri Volkov,watching,ATLAS-2116,PR-9267,,Assumption for cart-service: rollback owner must be assigned.,"Evidence: Teams decision, Confluence runbook, Jira acceptance criteria, Grafana metric, and PagerDuty incident history."
DRA-00565,2021-03-21,risk,critical,order-ledger,Noah Evans,mitigated,ATLAS-2579,PR-8292,,Risk for order-ledger: latency burn must stay below threshold.,"Evidence: Teams decision, Confluence runbook, Jira acceptance criteria, Grafana metric, and PagerDuty incident history."
DRA-00566,2021-03-22,decision,,loyalty-service,Aisha Khan,open,ATLAS-2169,PR-8159,,Decision for loyalty-service: QA evidence is missing.,"Evidence: Teams decision, Confluence runbook, Jira acceptance criteria, Grafana metric, and PagerDuty incident history."
DRA-00567,2021-03-24,open_question,,auth-gateway,Ben Carter,open,ATLAS-4037,PR-5008,PD-2071,Open_Question for auth-gateway: QA evidence is missing.,"Evidence: Teams decision, Confluence runbook, Jira acceptance criteria, Grafana metric, and PagerDuty incident history."
DRA-00568,2021-03-26,risk,low,analytics-pipeline,Mateo Garcia,mitigated,ATLAS-6025,PR-6631,,Risk for analytics-pipeline: QA evidence is missing.,"Evidence: Teams decision, Confluence runbook, Jira acceptance criteria, Grafana metric, and PagerDuty incident history."
DRA-00569,2021-03-28,open_question,,inventory-reservation,Mateo Garcia,closed,ATLAS-4786,PR-10858,,Open_Question for inventory-reservation: feature flag remains required.,"Evidence: Teams decision, Confluence runbook, Jira acceptance criteria, Grafana metric, and PagerDuty incident history."
DRA-00570,2021-03-30,decision,,tax-service,Iris Wang,open,ATLAS-6127,PR-11591,,Decision for tax-service: QA evidence is missing.,"Evidence: Teams decision, Confluence runbook, Jira acceptance criteria, Grafana metric, and PagerDuty incident history."
DRA-00571,2021-03-31,blocker,high,analytics-pipeline,Sara Novak,mitigated,ATLAS-4614,PR-8124,,Blocker for analytics-pipeline: database migration needs rehearsal.,"Evidence: Teams decision, Confluence runbook, Jira acceptance criteria, Grafana metric, and PagerDuty incident history."
DRA-00572,2021-04-02,blocker,low,inventory-reservation,Anika Sharma,open,ATLAS-2853,PR-8447,,Blocker for inventory-reservation: support escalation macro must be updated.,"Evidence: Teams decision, Confluence runbook, Jira acceptance criteria, Grafana metric, and PagerDuty incident history."
DRA-00573,2021-04-04,assumption,,notification-service,Priya Nair,watching,ATLAS-2511,PR-6398,PD-2546,Assumption for notification-service: database migration needs rehearsal.,"Evidence: Teams decision, Confluence runbook, Jira acceptance criteria, Grafana metric, and PagerDuty incident history."
DRA-00574,2021-04-06,action,,tax-service,Ben Carter,accepted,ATLAS-3782,PR-5478,,Action for tax-service: feature flag remains required.,"Evidence: Teams decision, Confluence runbook, Jira acceptance criteria, Grafana metric, and PagerDuty incident history."
DRA-00575,2021-04-08,assumption,,notification-service,Ravi Patel,mitigated,ATLAS-4191,PR-5447,,Assumption for notification-service: feature flag remains required.,"Evidence: Teams decision, Confluence runbook, Jira acceptance criteria, Grafana metric, and PagerDuty incident history."
DRA-00576,2021-04-09,action,,search-recommendations,Elena Petrova,accepted,ATLAS-2180,PR-7620,,Action for search-recommendations: latency burn must stay below threshold.,"Evidence: Teams decision, Confluence runbook, Jira acceptance criteria, Grafana metric, and PagerDuty incident history."
DRA-00577,2021-04-11,blocker,medium,notification-service,Ravi Patel,mitigated,ATLAS-5810,PR-7414,PD-2501,Blocker for notification-service: QA evidence is missing.,"Evidence: Teams decision, Confluence runbook, Jira acceptance criteria, Grafana metric, and PagerDuty incident history."
DRA-00578,2021-04-13,assumption,,search-recommendations,Ben Carter,watching,ATLAS-1968,PR-6137,,Assumption for search-recommendations: database migration needs rehearsal.,"Evidence: Teams decision, Confluence runbook, Jira acceptance criteria, Grafana metric, and PagerDuty incident history."
DRA-00579,2021-04-15,risk,high,analytics-pipeline,Priya Nair,watching,ATLAS-2959,PR-10861,PD-2899,Risk for analytics-pipeline: rollback owner must be assigned.,"Evidence: Teams decision, Confluence runbook, Jira acceptance criteria, Grafana metric, and PagerDuty incident history."
DRA-00580,2021-04-17,assumption,,payment-orchestrator,Anika Sharma,watching,ATLAS-4205,PR-6391,,Assumption for payment-orchestrator: latency burn must stay below threshold.,"Evidence: Teams decision, Confluence runbook, Jira acceptance criteria, Grafana metric, and PagerDuty incident history."
DRA-00581,2021-04-19,assumption,,payment-orchestrator,Owen Brooks,mitigated,ATLAS-4483,PR-8242,,Assumption for payment-orchestrator: rollback owner must be assigned.,"Evidence: Teams decision, Confluence runbook, Jira acceptance criteria, Grafana metric, and PagerDuty incident history."
DRA-00582,2021-04-20,risk,critical,order-ledger,Victor Silva,accepted,ATLAS-1243,PR-7845,,Risk for order-ledger: QA evidence is missing.,"Evidence: Teams decision, Confluence runbook, Jira acceptance criteria, Grafana metric, and PagerDuty incident history."
DRA-00583,2021-04-22,assumption,,payment-orchestrator,Nora Singh,accepted,ATLAS-1779,PR-10855,,Assumption for payment-orchestrator: database migration needs rehearsal.,"Evidence: Teams decision, Confluence runbook, Jira acceptance criteria, Grafana metric, and PagerDuty incident history."
DRA-00584,2021-04-24,risk,critical,cart-service,Sara Novak,closed,ATLAS-4741,PR-5701,,Risk for cart-service: latency burn must stay below threshold.,"Evidence: Teams decision, Confluence runbook, Jira acceptance criteria, Grafana metric, and PagerDuty incident history."
DRA-00585,2021-04-26,blocker,critical,loyalty-service,Samir Rao,accepted,ATLAS-2491,PR-9921,,Blocker for loyalty-service: support escalation macro must be updated.,"Evidence: Teams decision, Confluence runbook, Jira acceptance criteria, Grafana metric, and PagerDuty incident history."
DRA-00586,2021-04-28,decision,,loyalty-service,Priya Nair,mitigated,ATLAS-3424,PR-9889,PD-2188,Decision for loyalty-service: database migration needs rehearsal.,"Evidence: Teams decision, Confluence runbook, Jira acceptance criteria, Grafana metric, and PagerDuty incident history."
DRA-00587,2021-04-29,action,,payment-orchestrator,Maya Chen,accepted,ATLAS-4826,PR-11377,,Action for payment-orchestrator: latency burn must stay below threshold.,"Evidence: Teams decision, Confluence runbook, Jira acceptance criteria, Grafana metric, and PagerDuty incident history."
DRA-00588,2021-05-01,blocker,critical,checkout-api,Sara Novak,closed,ATLAS-5111,PR-6042,,Blocker for checkout-api: feature flag remains required.,"Evidence: Teams decision, Confluence runbook, Jira acceptance criteria, Grafana metric, and PagerDuty incident history."
DRA-00589,2021-05-03,risk,high,payment-orchestrator,Harper Lee,mitigated,ATLAS-1920,PR-10982,,Risk for payment-orchestrator: QA evidence is missing.,"Evidence: Teams decision, Confluence runbook, Jira acceptance criteria, Grafana metric, and PagerDuty incident history."
DRA-00590,2021-05-05,open_question,,cart-service,Sara Novak,open,ATLAS-3858,PR-6573,,Open_Question for cart-service: QA evidence is missing.,"Evidence: Teams decision, Confluence runbook, Jira acceptance criteria, Grafana metric, and PagerDuty incident history."
DRA-00591,2021-05-07,action,,analytics-pipeline,Owen Brooks,open,ATLAS-3115,PR-9200,PD-2032,Action for analytics-pipeline: database migration needs rehearsal.,"Evidence: Teams decision, Confluence runbook, Jira acceptance criteria, Grafana metric, and PagerDuty incident history."
DRA-00592,2021-05-09,open_question,,tax-service,Ravi Patel,open,ATLAS-1784,PR-7648,,Open_Question for tax-service: latency burn must stay below threshold.,"Evidence: Teams decision, Confluence runbook, Jira acceptance criteria, Grafana metric, and PagerDuty incident history."
DRA-00593,2021-05-10,blocker,critical,pricing-engine,Owen Brooks,mitigated,ATLAS-5660,PR-5483,,Blocker for pricing-engine: feature flag remains required.,"Evidence: Teams decision, Confluence runbook, Jira acceptance criteria, Grafana metric, and PagerDuty incident history."
DRA-00594,2021-05-12,assumption,,payment-orchestrator,Nora Singh,accepted,ATLAS-3331,PR-5879,,Assumption for payment-orchestrator: feature flag remains required.,"Evidence: Teams decision, Confluence runbook, Jira acceptance criteria, Grafana metric, and PagerDuty incident history."
DRA-00595,2021-05-14,open_question,,auth-gateway,Maya Chen,open,ATLAS-1509,PR-10186,,Open_Question for auth-gateway: latency burn must stay below threshold.,"Evidence: Teams decision, Confluence runbook, Jira acceptance criteria, Grafana metric, and PagerDuty incident history."
DRA-00596,2021-05-16,assumption,,analytics-pipeline,Nora Singh,watching,ATLAS-2552,PR-11850,,Assumption for analytics-pipeline: feature flag remains required.,"Evidence: Teams decision, Confluence runbook, Jira acceptance criteria, Grafana metric, and PagerDuty incident history."
DRA-00597,2021-05-18,blocker,critical,cart-service,Priya Nair,accepted,ATLAS-4878,PR-9213,,Blocker for cart-service: support escalation macro must be updated.,"Evidence: Teams decision, Confluence runbook, Jira acceptance criteria, Grafana metric, and PagerDuty incident history."
DRA-00598,2021-05-19,assumption,,loyalty-service,Victor Silva,watching,ATLAS-2868,PR-12454,,Assumption for loyalty-service: latency burn must stay below threshold.,"Evidence: Teams decision, Confluence runbook, Jira acceptance criteria, Grafana metric, and PagerDuty incident history."
DRA-00599,2021-05-21,blocker,low,analytics-pipeline,Jon Bell,accepted,ATLAS-4873,PR-8022,,Blocker for analytics-pipeline: rollback owner must be assigned.,"Evidence: Teams decision, Confluence runbook, Jira acceptance criteria, Grafana metric, and PagerDuty incident history."
DRA-00600,2021-05-23,risk,medium,tax-service,Victor Silva,accepted,ATLAS-5928,PR-5517,,Risk for tax-service: feature flag remains required.,"Evidence: Teams decision, Confluence runbook, Jira acceptance criteria, Grafana metric, and PagerDuty incident history."
DRA-00601,2021-05-25,decision,,payment-orchestrator,Owen Brooks,open,ATLAS-6008,PR-9007,,Decision for payment-orchestrator: database migration needs rehearsal.,"Evidence: Teams decision, Confluence runbook, Jira acceptance criteria, Grafana metric, and PagerDuty incident history."
DRA-00602,2021-05-27,risk,high,auth-gateway,Harper Lee,watching,ATLAS-1387,PR-11371,,Risk for auth-gateway: latency burn must stay below threshold.,"Evidence: Teams decision, Confluence runbook, Jira acceptance criteria, Grafana metric, and PagerDuty incident history."
DRA-00603,2021-05-29,blocker,medium,tax-service,Samir Rao,accepted,ATLAS-5846,PR-11108,,Blocker for tax-service: database migration needs rehearsal.,"Evidence: Teams decision, Confluence runbook, Jira acceptance criteria, Grafana metric, and PagerDuty incident history."
DRA-00604,2021-05-30,risk,critical,tax-service,Victor Silva,watching,ATLAS-2530,PR-6446,PD-2312,Risk for tax-service: QA evidence is missing.,"Evidence: Teams decision, Confluence runbook, Jira acceptance criteria, Grafana metric, and PagerDuty incident history."
DRA-00605,2021-06-01,decision,,notification-service,Sara Novak,open,ATLAS-5625,PR-5954,,Decision for notification-service: latency burn must stay below threshold.,"Evidence: Teams decision, Confluence runbook, Jira acceptance criteria, Grafana metric, and PagerDuty incident history."
DRA-00606,2021-06-03,decision,,order-ledger,Harper Lee,open,ATLAS-5152,PR-7229,,Decision for order-ledger: QA evidence is missing.,"Evidence: Teams decision, Confluence runbook, Jira acceptance criteria, Grafana metric, and PagerDuty incident history."
DRA-00607,2021-06-05,assumption,,order-ledger,Iris Wang,accepted,ATLAS-4001,PR-10546,,Assumption for order-ledger: support escalation macro must be updated.,"Evidence: Teams decision, Confluence runbook, Jira acceptance criteria, Grafana metric, and PagerDuty incident history."
DRA-00608,2021-06-07,assumption,,order-ledger,Iris Wang,mitigated,ATLAS-3754,PR-8214,,Assumption for order-ledger: QA evidence is missing.,"Evidence: Teams decision, Confluence runbook, Jira acceptance criteria, Grafana metric, and PagerDuty incident history."
DRA-00609,2021-06-08,risk,high,checkout-api,Ravi Patel,closed,ATLAS-3872,PR-8839,,Risk for checkout-api: feature flag remains required.,"Evidence: Teams decision, Confluence runbook, Jira acceptance criteria, Grafana metric, and PagerDuty incident history."
DRA-00610,2021-06-10,blocker,high,cart-service,Dmitri Volkov,mitigated,ATLAS-3283,PR-7724,,Blocker for cart-service: database migration needs rehearsal.,"Evidence: Teams decision, Confluence runbook, Jira acceptance criteria, Grafana metric, and PagerDuty incident history."
DRA-00611,2021-06-12,action,,auth-gateway,Noah Evans,closed,ATLAS-2395,PR-9441,,Action for auth-gateway: feature flag remains required.,"Evidence: Teams decision, Confluence runbook, Jira acceptance criteria, Grafana metric, and PagerDuty incident history."
DRA-00612,2021-06-14,action,,notification-service,Elena Petrova,accepted,ATLAS-2131,PR-9213,,Action for notification-service: database migration needs rehearsal.,"Evidence: Teams decision, Confluence runbook, Jira acceptance criteria, Grafana metric, and PagerDuty incident history."
DRA-00613,2021-06-16,action,,payment-orchestrator,Owen Brooks,open,ATLAS-4593,PR-11409,,Action for payment-orchestrator: feature flag remains required.,"Evidence: Teams decision, Confluence runbook, Jira acceptance criteria, Grafana metric, and PagerDuty incident history."
DRA-00614,2021-06-17,action,,checkout-api,Anika Sharma,closed,ATLAS-2749,PR-9743,,Action for checkout-api: feature flag remains required.,"Evidence: Teams decision, Confluence runbook, Jira acceptance criteria, Grafana metric, and PagerDuty incident history."
DRA-00615,2021-06-19,blocker,low,pricing-engine,Samir Rao,closed,ATLAS-3952,PR-9093,,Blocker for pricing-engine: support escalation macro must be updated.,"Evidence: Teams decision, Confluence runbook, Jira acceptance criteria, Grafana metric, and PagerDuty incident history."
DRA-00616,2021-06-21,decision,,order-ledger,Nora Singh,open,ATLAS-1991,PR-7448,,Decision for order-ledger: rollback owner must be assigned.,"Evidence: Teams decision, Confluence runbook, Jira acceptance criteria, Grafana metric, and PagerDuty incident history."
DRA-00617,2021-06-23,blocker,low,order-ledger,Ravi Patel,closed,ATLAS-3967,PR-7735,,Blocker for order-ledger: latency burn must stay below threshold.,"Evidence: Teams decision, Confluence runbook, Jira acceptance criteria, Grafana metric, and PagerDuty incident history."
DRA-00618,2021-06-25,open_question,,cart-service,Theo Martin,accepted,ATLAS-1079,PR-5698,,Open_Question for cart-service: latency burn must stay below threshold.,"Evidence: Teams decision, Confluence runbook, Jira acceptance criteria, Grafana metric, and PagerDuty incident history."
DRA-00619,2021-06-27,action,,tax-service,Nora Singh,watching,ATLAS-5932,PR-8567,,Action for tax-service: database migration needs rehearsal.,"Evidence: Teams decision, Confluence runbook, Jira acceptance criteria, Grafana metric, and PagerDuty incident history."
DRA-00620,2021-06-28,decision,,checkout-api,Kim Tan,mitigated,ATLAS-2597,PR-5248,PD-2625,Decision for checkout-api: feature flag remains required.,"Evidence: Teams decision, Confluence runbook, Jira acceptance criteria, Grafana metric, and PagerDuty incident history."
DRA-00621,2021-06-30,decision,,search-recommendations,Priya Nair,watching,ATLAS-5925,PR-6521,,Decision for search-recommendations: feature flag remains required.,"Evidence: Teams decision, Confluence runbook, Jira acceptance criteria, Grafana metric, and PagerDuty incident history."
DRA-00622,2021-07-02,open_question,,analytics-pipeline,Noah Evans,watching,ATLAS-3302,PR-8430,PD-2352,Open_Question for analytics-pipeline: support escalation macro must be updated.,"Evidence: Teams decision, Confluence runbook, Jira acceptance criteria, Grafana metric, and PagerDuty incident history."
DRA-00623,2021-07-04,decision,,pricing-engine,Jon Bell,mitigated,ATLAS-3878,PR-5669,,Decision for pricing-engine: latency burn must stay below threshold.,"Evidence: Teams decision, Confluence runbook, Jira acceptance criteria, Grafana metric, and PagerDuty incident history."
DRA-00624,2021-07-06,action,,auth-gateway,Yara Haddad,mitigated,ATLAS-4888,PR-12380,,Action for auth-gateway: database migration needs rehearsal.,"Evidence: Teams decision, Confluence runbook, Jira acceptance criteria, Grafana metric, and PagerDuty incident history."
DRA-00625,2021-07-07,open_question,,order-ledger,Luca Moretti,open,ATLAS-5306,PR-8513,,Open_Question for order-ledger: QA evidence is missing.,"Evidence: Teams decision, Confluence runbook, Jira acceptance criteria, Grafana metric, and PagerDuty incident history."
DRA-00626,2021-07-09,decision,,notification-service,Elena Petrova,mitigated,ATLAS-1840,PR-6257,,Decision for notification-service: support escalation macro must be updated.,"Evidence: Teams decision, Confluence runbook, Jira acceptance criteria, Grafana metric, and PagerDuty incident history."
DRA-00627,2021-07-11,decision,,inventory-reservation,Nora Singh,mitigated,ATLAS-3631,PR-5830,,Decision for inventory-reservation: feature flag remains required.,"Evidence: Teams decision, Confluence runbook, Jira acceptance criteria, Grafana metric, and PagerDuty incident history."
DRA-00628,2021-07-13,action,,checkout-api,Maya Chen,mitigated,ATLAS-4131,PR-7109,,Action for checkout-api: database migration needs rehearsal.,"Evidence: Teams decision, Confluence runbook, Jira acceptance criteria, Grafana metric, and PagerDuty incident history."
DRA-00629,2021-07-15,risk,low,payment-orchestrator,Dmitri Volkov,closed,ATLAS-5059,PR-7265,PD-2207,Risk for payment-orchestrator: database migration needs rehearsal.,"Evidence: Teams decision, Confluence runbook, Jira acceptance criteria, Grafana metric, and PagerDuty incident history."
DRA-00630,2021-07-17,blocker,medium,payment-orchestrator,Maya Chen,watching,ATLAS-5589,PR-9132,,Blocker for payment-orchestrator: database migration needs rehearsal.,"Evidence: Teams decision, Confluence runbook, Jira acceptance criteria, Grafana metric, and PagerDuty incident history."
DRA-00631,2021-07-18,decision,,notification-service,Sara Novak,accepted,ATLAS-1803,PR-6488,,Decision for notification-service: feature flag remains required.,"Evidence: Teams decision, Confluence runbook, Jira acceptance criteria, Grafana metric, and PagerDuty incident history."
DRA-00632,2021-07-20,risk,high,cart-service,Samir Rao,closed,ATLAS-5677,PR-7893,PD-2165,Risk for cart-service: feature flag remains required.,"Evidence: Teams decision, Confluence runbook, Jira acceptance criteria, Grafana metric, and PagerDuty incident history."
DRA-00633,2021-07-22,open_question,,payment-orchestrator,Iris Wang,closed,ATLAS-3778,PR-9531,,Open_Question for payment-orchestrator: support escalation macro must be updated.,"Evidence: Teams decision, Confluence runbook, Jira acceptance criteria, Grafana metric, and PagerDuty incident history."
DRA-00634,2021-07-24,decision,,inventory-reservation,Jon Bell,mitigated,ATLAS-2077,PR-7451,,Decision for inventory-reservation: QA evidence is missing.,"Evidence: Teams decision, Confluence runbook, Jira acceptance criteria, Grafana metric, and PagerDuty incident history."
DRA-00635,2021-07-26,blocker,low,tax-service,Mateo Garcia,open,ATLAS-5422,PR-5404,,Blocker for tax-service: support escalation macro must be updated.,"Evidence: Teams decision, Confluence runbook, Jira acceptance criteria, Grafana metric, and PagerDuty incident history."
DRA-00636,2021-07-27,blocker,medium,auth-gateway,Aisha Khan,watching,ATLAS-4894,PR-6046,,Blocker for auth-gateway: support escalation macro must be updated.,"Evidence: Teams decision, Confluence runbook, Jira acceptance criteria, Grafana metric, and PagerDuty incident history."
DRA-00637,2021-07-29,risk,high,checkout-api,Mateo Garcia,open,ATLAS-4860,PR-6035,PD-2540,Risk for checkout-api: support escalation macro must be updated.,"Evidence: Teams decision, Confluence runbook, Jira acceptance criteria, Grafana metric, and PagerDuty incident history."
DRA-00638,2021-07-31,action,,cart-service,Grace Kim,mitigated,ATLAS-4026,PR-8478,,Action for cart-service: latency burn must stay below threshold.,"Evidence: Teams decision, Confluence runbook, Jira acceptance criteria, Grafana metric, and PagerDuty incident history."
DRA-00639,2021-08-02,decision,,cart-service,Sara Novak,closed,ATLAS-2338,PR-10840,,Decision for cart-service: QA evidence is missing.,"Evidence: Teams decision, Confluence runbook, Jira acceptance criteria, Grafana metric, and PagerDuty incident history."
DRA-00640,2021-08-04,assumption,,tax-service,Owen Brooks,open,ATLAS-5760,PR-8182,,Assumption for tax-service: QA evidence is missing.,"Evidence: Teams decision, Confluence runbook, Jira acceptance criteria, Grafana metric, and PagerDuty incident history."
DRA-00641,2021-08-06,blocker,high,analytics-pipeline,Mateo Garcia,mitigated,ATLAS-5058,PR-11399,,Blocker for analytics-pipeline: latency burn must stay below threshold.,"Evidence: Teams decision, Confluence runbook, Jira acceptance criteria, Grafana metric, and PagerDuty incident history."
DRA-00642,2021-08-07,assumption,,loyalty-service,Nora Singh,closed,ATLAS-3246,PR-9529,,Assumption for loyalty-service: database migration needs rehearsal.,"Evidence: Teams decision, Confluence runbook, Jira acceptance criteria, Grafana metric, and PagerDuty incident history."
DRA-00643,2021-08-09,risk,low,search-recommendations,Fatima Noor,open,ATLAS-2891,PR-5818,,Risk for search-recommendations: database migration needs rehearsal.,"Evidence: Teams decision, Confluence runbook, Jira acceptance criteria, Grafana metric, and PagerDuty incident history."
DRA-00644,2021-08-11,action,,analytics-pipeline,Iris Wang,accepted,ATLAS-1736,PR-9066,,Action for analytics-pipeline: support escalation macro must be updated.,"Evidence: Teams decision, Confluence runbook, Jira acceptance criteria, Grafana metric, and PagerDuty incident history."
DRA-00645,2021-08-13,open_question,,payment-orchestrator,Theo Martin,mitigated,ATLAS-2693,PR-8926,,Open_Question for payment-orchestrator: QA evidence is missing.,"Evidence: Teams decision, Confluence runbook, Jira acceptance criteria, Grafana metric, and PagerDuty incident history."
DRA-00646,2021-08-15,blocker,medium,tax-service,Yara Haddad,closed,ATLAS-6171,PR-10993,PD-2079,Blocker for tax-service: support escalation macro must be updated.,"Evidence: Teams decision, Confluence runbook, Jira acceptance criteria, Grafana metric, and PagerDuty incident history."
DRA-00647,2021-08-16,action,,tax-service,Victor Silva,mitigated,ATLAS-2516,PR-11039,,Action for tax-service: database migration needs rehearsal.,"Evidence: Teams decision, Confluence runbook, Jira acceptance criteria, Grafana metric, and PagerDuty incident history."
DRA-00648,2021-08-18,risk,high,analytics-pipeline,Priya Nair,closed,ATLAS-2657,PR-8589,,Risk for analytics-pipeline: feature flag remains required.,"Evidence: Teams decision, Confluence runbook, Jira acceptance criteria, Grafana metric, and PagerDuty incident history."
DRA-00649,2021-08-20,blocker,medium,order-ledger,Ben Carter,watching,ATLAS-4942,PR-12052,,Blocker for order-ledger: latency burn must stay below threshold.,"Evidence: Teams decision, Confluence runbook, Jira acceptance criteria, Grafana metric, and PagerDuty incident history."
DRA-00650,2021-08-22,decision,,tax-service,Nora Singh,closed,ATLAS-5933,PR-9527,,Decision for tax-service: latency burn must stay below threshold.,"Evidence: Teams decision, Confluence runbook, Jira acceptance criteria, Grafana metric, and PagerDuty incident history."
DRA-00651,2021-08-24,assumption,,loyalty-service,Yara Haddad,mitigated,ATLAS-4509,PR-10847,,Assumption for loyalty-service: rollback owner must be assigned.,"Evidence: Teams decision, Confluence runbook, Jira acceptance criteria, Grafana metric, and PagerDuty incident history."
DRA-00652,2021-08-25,open_question,,pricing-engine,Jon Bell,accepted,ATLAS-2761,PR-6969,PD-2637,Open_Question for pricing-engine: QA evidence is missing.,"Evidence: Teams decision, Confluence runbook, Jira acceptance criteria, Grafana metric, and PagerDuty incident history."
DRA-00653,2021-08-27,assumption,,search-recommendations,Theo Martin,mitigated,ATLAS-4547,PR-7476,,Assumption for search-recommendations: feature flag remains required.,"Evidence: Teams decision, Confluence runbook, Jira acceptance criteria, Grafana metric, and PagerDuty incident history."
DRA-00654,2021-08-29,open_question,,search-recommendations,Maya Chen,mitigated,ATLAS-5464,PR-5357,PD-2750,Open_Question for search-recommendations: latency burn must stay below threshold.,"Evidence: Teams decision, Confluence runbook, Jira acceptance criteria, Grafana metric, and PagerDuty incident history."
DRA-00655,2021-08-31,action,,order-ledger,Kim Tan,watching,ATLAS-3461,PR-6189,,Action for order-ledger: support escalation macro must be updated.,"Evidence: Teams decision, Confluence runbook, Jira acceptance criteria, Grafana metric, and PagerDuty incident history."
DRA-00656,2021-09-02,assumption,,auth-gateway,Nora Singh,closed,ATLAS-3738,PR-10954,,Assumption for auth-gateway: QA evidence is missing.,"Evidence: Teams decision, Confluence runbook, Jira acceptance criteria, Grafana metric, and PagerDuty incident history."
DRA-00657,2021-09-04,action,,analytics-pipeline,Iris Wang,mitigated,ATLAS-1968,PR-7492,,Action for analytics-pipeline: database migration needs rehearsal.,"Evidence: Teams decision, Confluence runbook, Jira acceptance criteria, Grafana metric, and PagerDuty incident history."
DRA-00658,2021-09-05,blocker,medium,loyalty-service,Ravi Patel,open,ATLAS-1083,PR-11964,,Blocker for loyalty-service: feature flag remains required.,"Evidence: Teams decision, Confluence runbook, Jira acceptance criteria, Grafana metric, and PagerDuty incident history."
DRA-00659,2021-09-07,assumption,,payment-orchestrator,Owen Brooks,closed,ATLAS-5417,PR-10058,,Assumption for payment-orchestrator: latency burn must stay below threshold.,"Evidence: Teams decision, Confluence runbook, Jira acceptance criteria, Grafana metric, and PagerDuty incident history."
DRA-00660,2021-09-09,open_question,,loyalty-service,Jon Bell,watching,ATLAS-5862,PR-10456,,Open_Question for loyalty-service: rollback owner must be assigned.,"Evidence: Teams decision, Confluence runbook, Jira acceptance criteria, Grafana metric, and PagerDuty incident history."
DRA-00661,2021-09-11,blocker,medium,search-recommendations,Kim Tan,watching,ATLAS-2332,PR-9695,,Blocker for search-recommendations: feature flag remains required.,"Evidence: Teams decision, Confluence runbook, Jira acceptance criteria, Grafana metric, and PagerDuty incident history."
DRA-00662,2021-09-13,assumption,,payment-orchestrator,Owen Brooks,watching,ATLAS-4037,PR-8629,,Assumption for payment-orchestrator: database migration needs rehearsal.,"Evidence: Teams decision, Confluence runbook, Jira acceptance criteria, Grafana metric, and PagerDuty incident history."
DRA-00663,2021-09-14,decision,,inventory-reservation,Yara Haddad,watching,ATLAS-3251,PR-12228,,Decision for inventory-reservation: rollback owner must be assigned.,"Evidence: Teams decision, Confluence runbook, Jira acceptance criteria, Grafana metric, and PagerDuty incident history."
DRA-00664,2021-09-16,action,,inventory-reservation,Priya Nair,mitigated,ATLAS-1687,PR-10791,,Action for inventory-reservation: rollback owner must be assigned.,"Evidence: Teams decision, Confluence runbook, Jira acceptance criteria, Grafana metric, and PagerDuty incident history."
DRA-00665,2021-09-18,risk,low,checkout-api,Theo Martin,mitigated,ATLAS-4939,PR-10050,PD-2370,Risk for checkout-api: latency burn must stay below threshold.,"Evidence: Teams decision, Confluence runbook, Jira acceptance criteria, Grafana metric, and PagerDuty incident history."
DRA-00666,2021-09-20,assumption,,checkout-api,Mateo Garcia,open,ATLAS-3563,PR-11607,PD-2491,Assumption for checkout-api: QA evidence is missing.,"Evidence: Teams decision, Confluence runbook, Jira acceptance criteria, Grafana metric, and PagerDuty incident history."
DRA-00667,2021-09-22,open_question,,search-recommendations,Dmitri Volkov,accepted,ATLAS-5985,PR-8140,,Open_Question for search-recommendations: QA evidence is missing.,"Evidence: Teams decision, Confluence runbook, Jira acceptance criteria, Grafana metric, and PagerDuty incident history."
DRA-00668,2021-09-24,blocker,medium,inventory-reservation,Harper Lee,open,ATLAS-2394,PR-9519,,Blocker for inventory-reservation: database migration needs rehearsal.,"Evidence: Teams decision, Confluence runbook, Jira acceptance criteria, Grafana metric, and PagerDuty incident history."
DRA-00669,2021-09-25,action,,analytics-pipeline,Harper Lee,mitigated,ATLAS-1628,PR-11072,,Action for analytics-pipeline: database migration needs rehearsal.,"Evidence: Teams decision, Confluence runbook, Jira acceptance criteria, Grafana metric, and PagerDuty incident history."
DRA-00670,2021-09-27,decision,,checkout-api,Ravi Patel,watching,ATLAS-4007,PR-5317,,Decision for checkout-api: support escalation macro must be updated.,"Evidence: Teams decision, Confluence runbook, Jira acceptance criteria, Grafana metric, and PagerDuty incident history."
DRA-00671,2021-09-29,blocker,high,payment-orchestrator,Ben Carter,closed,ATLAS-4664,PR-8516,,Blocker for payment-orchestrator: QA evidence is missing.,"Evidence: Teams decision, Confluence runbook, Jira acceptance criteria, Grafana metric, and PagerDuty incident history."
DRA-00672,2021-10-01,decision,,order-ledger,Priya Nair,accepted,ATLAS-3547,PR-11487,PD-2468,Decision for order-ledger: latency burn must stay below threshold.,"Evidence: Teams decision, Confluence runbook, Jira acceptance criteria, Grafana metric, and PagerDuty incident history."
DRA-00673,2021-10-03,action,,pricing-engine,Aisha Khan,accepted,ATLAS-4386,PR-10483,,Action for pricing-engine: rollback owner must be assigned.,"Evidence: Teams decision, Confluence runbook, Jira acceptance criteria, Grafana metric, and PagerDuty incident history."
DRA-00674,2021-10-04,risk,low,pricing-engine,Luca Moretti,open,ATLAS-1495,PR-6063,,Risk for pricing-engine: rollback owner must be assigned.,"Evidence: Teams decision, Confluence runbook, Jira acceptance criteria, Grafana metric, and PagerDuty incident history."
DRA-00675,2021-10-06,open_question,,pricing-engine,Anika Sharma,mitigated,ATLAS-5598,PR-8130,PD-2793,Open_Question for pricing-engine: support escalation macro must be updated.,"Evidence: Teams decision, Confluence runbook, Jira acceptance criteria, Grafana metric, and PagerDuty incident history."
DRA-00676,2021-10-08,decision,,cart-service,Samir Rao,mitigated,ATLAS-3509,PR-9192,,Decision for cart-service: latency burn must stay below threshold.,"Evidence: Teams decision, Confluence runbook, Jira acceptance criteria, Grafana metric, and PagerDuty incident history."
DRA-00677,2021-10-10,action,,inventory-reservation,Anika Sharma,watching,ATLAS-3676,PR-6683,,Action for inventory-reservation: QA evidence is missing.,"Evidence: Teams decision, Confluence runbook, Jira acceptance criteria, Grafana metric, and PagerDuty incident history."
DRA-00678,2021-10-12,action,,loyalty-service,Samir Rao,mitigated,ATLAS-5447,PR-5263,,Action for loyalty-service: support escalation macro must be updated.,"Evidence: Teams decision, Confluence runbook, Jira acceptance criteria, Grafana metric, and PagerDuty incident history."
DRA-00679,2021-10-13,assumption,,auth-gateway,Priya Nair,watching,ATLAS-2057,PR-7120,,Assumption for auth-gateway: QA evidence is missing.,"Evidence: Teams decision, Confluence runbook, Jira acceptance criteria, Grafana metric, and PagerDuty incident history."
DRA-00680,2021-10-15,action,,loyalty-service,Nora Singh,open,ATLAS-5156,PR-7476,PD-2894,Action for loyalty-service: QA evidence is missing.,"Evidence: Teams decision, Confluence runbook, Jira acceptance criteria, Grafana metric, and PagerDuty incident history."
DRA-00681,2021-10-17,assumption,,payment-orchestrator,Harper Lee,mitigated,ATLAS-1717,PR-5264,,Assumption for payment-orchestrator: database migration needs rehearsal.,"Evidence: Teams decision, Confluence runbook, Jira acceptance criteria, Grafana metric, and PagerDuty incident history."
DRA-00682,2021-10-19,risk,critical,search-recommendations,Jon Bell,open,ATLAS-1641,PR-12477,,Risk for search-recommendations: QA evidence is missing.,"Evidence: Teams decision, Confluence runbook, Jira acceptance criteria, Grafana metric, and PagerDuty incident history."
DRA-00683,2021-10-21,open_question,,cart-service,Samir Rao,watching,ATLAS-5884,PR-5437,,Open_Question for cart-service: support escalation macro must be updated.,"Evidence: Teams decision, Confluence runbook, Jira acceptance criteria, Grafana metric, and PagerDuty incident history."
DRA-00684,2021-10-23,assumption,,payment-orchestrator,Mateo Garcia,accepted,ATLAS-1033,PR-7067,PD-2753,Assumption for payment-orchestrator: latency burn must stay below threshold.,"Evidence: Teams decision, Confluence runbook, Jira acceptance criteria, Grafana metric, and PagerDuty incident history."
DRA-00685,2021-10-24,assumption,,search-recommendations,Jon Bell,mitigated,ATLAS-1757,PR-7749,,Assumption for search-recommendations: QA evidence is missing.,"Evidence: Teams decision, Confluence runbook, Jira acceptance criteria, Grafana metric, and PagerDuty incident history."
DRA-00686,2021-10-26,blocker,high,pricing-engine,Maya Chen,accepted,ATLAS-4490,PR-8531,,Blocker for pricing-engine: support escalation macro must be updated.,"Evidence: Teams decision, Confluence runbook, Jira acceptance criteria, Grafana metric, and PagerDuty incident history."
DRA-00687,2021-10-28,blocker,high,tax-service,Maya Chen,accepted,ATLAS-2907,PR-5926,,Blocker for tax-service: feature flag remains required.,"Evidence: Teams decision, Confluence runbook, Jira acceptance criteria, Grafana metric, and PagerDuty incident history."
DRA-00688,2021-10-30,decision,,auth-gateway,Victor Silva,open,ATLAS-2861,PR-7633,,Decision for auth-gateway: feature flag remains required.,"Evidence: Teams decision, Confluence runbook, Jira acceptance criteria, Grafana metric, and PagerDuty incident history."
DRA-00689,2021-11-01,decision,,checkout-api,Maya Chen,closed,ATLAS-2182,PR-5529,,Decision for checkout-api: feature flag remains required.,"Evidence: Teams decision, Confluence runbook, Jira acceptance criteria, Grafana metric, and PagerDuty incident history."
DRA-00690,2021-11-02,open_question,,pricing-engine,Fatima Noor,accepted,ATLAS-5512,PR-8249,,Open_Question for pricing-engine: support escalation macro must be updated.,"Evidence: Teams decision, Confluence runbook, Jira acceptance criteria, Grafana metric, and PagerDuty incident history."
DRA-00691,2021-11-04,decision,,payment-orchestrator,Owen Brooks,accepted,ATLAS-2265,PR-8267,,Decision for payment-orchestrator: QA evidence is missing.,"Evidence: Teams decision, Confluence runbook, Jira acceptance criteria, Grafana metric, and PagerDuty incident history."
DRA-00692,2021-11-06,blocker,high,inventory-reservation,Sara Novak,open,ATLAS-1023,PR-5354,,Blocker for inventory-reservation: support escalation macro must be updated.,"Evidence: Teams decision, Confluence runbook, Jira acceptance criteria, Grafana metric, and PagerDuty incident history."
DRA-00693,2021-11-08,decision,,cart-service,Priya Nair,mitigated,ATLAS-2875,PR-10079,PD-2757,Decision for cart-service: rollback owner must be assigned.,"Evidence: Teams decision, Confluence runbook, Jira acceptance criteria, Grafana metric, and PagerDuty incident history."
DRA-00694,2021-11-10,assumption,,pricing-engine,Iris Wang,open,ATLAS-2222,PR-8531,,Assumption for pricing-engine: support escalation macro must be updated.,"Evidence: Teams decision, Confluence runbook, Jira acceptance criteria, Grafana metric, and PagerDuty incident history."
DRA-00695,2021-11-12,assumption,,loyalty-service,Theo Martin,closed,ATLAS-1936,PR-8666,,Assumption for loyalty-service: support escalation macro must be updated.,"Evidence: Teams decision, Confluence runbook, Jira acceptance criteria, Grafana metric, and PagerDuty incident history."
DRA-00696,2021-11-13,open_question,,checkout-api,Harper Lee,accepted,ATLAS-3302,PR-6780,,Open_Question for checkout-api: latency burn must stay below threshold.,"Evidence: Teams decision, Confluence runbook, Jira acceptance criteria, Grafana metric, and PagerDuty incident history."
DRA-00697,2021-11-15,open_question,,search-recommendations,Victor Silva,watching,ATLAS-3608,PR-7455,,Open_Question for search-recommendations: database migration needs rehearsal.,"Evidence: Teams decision, Confluence runbook, Jira acceptance criteria, Grafana metric, and PagerDuty incident history."
DRA-00698,2021-11-17,blocker,critical,notification-service,Theo Martin,accepted,ATLAS-3109,PR-8510,,Blocker for notification-service: latency burn must stay below threshold.,"Evidence: Teams decision, Confluence runbook, Jira acceptance criteria, Grafana metric, and PagerDuty incident history."
DRA-00699,2021-11-19,risk,low,pricing-engine,Jon Bell,mitigated,ATLAS-4234,PR-12042,,Risk for pricing-engine: rollback owner must be assigned.,"Evidence: Teams decision, Confluence runbook, Jira acceptance criteria, Grafana metric, and PagerDuty incident history."
DRA-00700,2021-11-21,action,,loyalty-service,Yara Haddad,closed,ATLAS-2853,PR-5006,,Action for loyalty-service: support escalation macro must be updated.,"Evidence: Teams decision, Confluence runbook, Jira acceptance criteria, Grafana metric, and PagerDuty incident history."
DRA-00701,2021-11-22,action,,search-recommendations,Theo Martin,accepted,ATLAS-3591,PR-7748,,Action for search-recommendations: rollback owner must be assigned.,"Evidence: Teams decision, Confluence runbook, Jira acceptance criteria, Grafana metric, and PagerDuty incident history."
DRA-00702,2021-11-24,blocker,critical,payment-orchestrator,Anika Sharma,watching,ATLAS-2371,PR-9162,PD-2143,Blocker for payment-orchestrator: QA evidence is missing.,"Evidence: Teams decision, Confluence runbook, Jira acceptance criteria, Grafana metric, and PagerDuty incident history."
DRA-00703,2021-11-26,open_question,,analytics-pipeline,Ben Carter,open,ATLAS-2679,PR-10871,PD-2475,Open_Question for analytics-pipeline: rollback owner must be assigned.,"Evidence: Teams decision, Confluence runbook, Jira acceptance criteria, Grafana metric, and PagerDuty incident history."
DRA-00704,2021-11-28,assumption,,inventory-reservation,Kim Tan,watching,ATLAS-2672,PR-11288,,Assumption for inventory-reservation: feature flag remains required.,"Evidence: Teams decision, Confluence runbook, Jira acceptance criteria, Grafana metric, and PagerDuty incident history."
DRA-00705,2021-11-30,action,,pricing-engine,Nora Singh,accepted,ATLAS-3355,PR-8727,,Action for pricing-engine: support escalation macro must be updated.,"Evidence: Teams decision, Confluence runbook, Jira acceptance criteria, Grafana metric, and PagerDuty incident history."
DRA-00706,2021-12-02,open_question,,checkout-api,Kim Tan,watching,ATLAS-3289,PR-5579,,Open_Question for checkout-api: database migration needs rehearsal.,"Evidence: Teams decision, Confluence runbook, Jira acceptance criteria, Grafana metric, and PagerDuty incident history."
DRA-00707,2021-12-03,action,,tax-service,Elena Petrova,watching,ATLAS-1055,PR-7607,,Action for tax-service: rollback owner must be assigned.,"Evidence: Teams decision, Confluence runbook, Jira acceptance criteria, Grafana metric, and PagerDuty incident history."
DRA-00708,2021-12-05,assumption,,inventory-reservation,Owen Brooks,mitigated,ATLAS-5689,PR-5801,,Assumption for inventory-reservation: rollback owner must be assigned.,"Evidence: Teams decision, Confluence runbook, Jira acceptance criteria, Grafana metric, and PagerDuty incident history."
DRA-00709,2021-12-07,blocker,critical,payment-orchestrator,Jon Bell,open,ATLAS-5924,PR-6981,,Blocker for payment-orchestrator: database migration needs rehearsal.,"Evidence: Teams decision, Confluence runbook, Jira acceptance criteria, Grafana metric, and PagerDuty incident history."
DRA-00710,2021-12-09,action,,analytics-pipeline,Owen Brooks,closed,ATLAS-2273,PR-8328,,Action for analytics-pipeline: QA evidence is missing.,"Evidence: Teams decision, Confluence runbook, Jira acceptance criteria, Grafana metric, and PagerDuty incident history."
DRA-00711,2021-12-11,decision,,checkout-api,Samir Rao,mitigated,ATLAS-4435,PR-9815,PD-2088,Decision for checkout-api: database migration needs rehearsal.,"Evidence: Teams decision, Confluence runbook, Jira acceptance criteria, Grafana metric, and PagerDuty incident history."
DRA-00712,2021-12-12,open_question,,tax-service,Samir Rao,watching,ATLAS-5108,PR-5130,,Open_Question for tax-service: support escalation macro must be updated.,"Evidence: Teams decision, Confluence runbook, Jira acceptance criteria, Grafana metric, and PagerDuty incident history."
DRA-00713,2021-12-14,action,,inventory-reservation,Jon Bell,open,ATLAS-1697,PR-10515,,Action for inventory-reservation: feature flag remains required.,"Evidence: Teams decision, Confluence runbook, Jira acceptance criteria, Grafana metric, and PagerDuty incident history."
DRA-00714,2021-12-16,assumption,,tax-service,Ben Carter,accepted,ATLAS-3515,PR-6209,,Assumption for tax-service: database migration needs rehearsal.,"Evidence: Teams decision, Confluence runbook, Jira acceptance criteria, Grafana metric, and PagerDuty incident history."
DRA-00715,2021-12-18,open_question,,notification-service,Sara Novak,closed,ATLAS-2266,PR-12469,,Open_Question for notification-service: QA evidence is missing.,"Evidence: Teams decision, Confluence runbook, Jira acceptance criteria, Grafana metric, and PagerDuty incident history."
DRA-00716,2021-12-20,blocker,critical,tax-service,Samir Rao,watching,ATLAS-4614,PR-12057,,Blocker for tax-service: feature flag remains required.,"Evidence: Teams decision, Confluence runbook, Jira acceptance criteria, Grafana metric, and PagerDuty incident history."
DRA-00717,2021-12-21,action,,cart-service,Victor Silva,accepted,ATLAS-4569,PR-11136,,Action for cart-service: feature flag remains required.,"Evidence: Teams decision, Confluence runbook, Jira acceptance criteria, Grafana metric, and PagerDuty incident history."
DRA-00718,2021-12-23,decision,,auth-gateway,Nora Singh,open,ATLAS-5134,PR-6324,,Decision for auth-gateway: feature flag remains required.,"Evidence: Teams decision, Confluence runbook, Jira acceptance criteria, Grafana metric, and PagerDuty incident history."
DRA-00719,2021-12-25,action,,notification-service,Kim Tan,closed,ATLAS-1641,PR-11217,,Action for notification-service: support escalation macro must be updated.,"Evidence: Teams decision, Confluence runbook, Jira acceptance criteria, Grafana metric, and PagerDuty incident history."
DRA-00720,2021-12-27,action,,inventory-reservation,Theo Martin,accepted,ATLAS-4095,PR-9221,,Action for inventory-reservation: latency burn must stay below threshold.,"Evidence: Teams decision, Confluence runbook, Jira acceptance criteria, Grafana metric, and PagerDuty incident history."
DRA-00721,2021-12-29,open_question,,analytics-pipeline,Sara Novak,accepted,ATLAS-1541,PR-10063,,Open_Question for analytics-pipeline: rollback owner must be assigned.,"Evidence: Teams decision, Confluence runbook, Jira acceptance criteria, Grafana metric, and PagerDuty incident history."
DRA-00722,2021-12-31,blocker,low,payment-orchestrator,Aisha Khan,mitigated,ATLAS-4732,PR-11455,,Blocker for payment-orchestrator: latency burn must stay below threshold.,"Evidence: Teams decision, Confluence runbook, Jira acceptance criteria, Grafana metric, and PagerDuty incident history."
DRA-00723,2022-01-01,risk,high,order-ledger,Kim Tan,accepted,ATLAS-5118,PR-9557,,Risk for order-ledger: rollback owner must be assigned.,"Evidence: Teams decision, Confluence runbook, Jira acceptance criteria, Grafana metric, and PagerDuty incident history."
DRA-00724,2022-01-03,blocker,low,notification-service,Anika Sharma,mitigated,ATLAS-1326,PR-12102,PD-2068,Blocker for notification-service: database migration needs rehearsal.,"Evidence: Teams decision, Confluence runbook, Jira acceptance criteria, Grafana metric, and PagerDuty incident history."
DRA-00725,2022-01-05,decision,,checkout-api,Luca Moretti,watching,ATLAS-5604,PR-6305,,Decision for checkout-api: latency burn must stay below threshold.,"Evidence: Teams decision, Confluence runbook, Jira acceptance criteria, Grafana metric, and PagerDuty incident history."
DRA-00726,2022-01-07,blocker,critical,pricing-engine,Owen Brooks,mitigated,ATLAS-2544,PR-11950,,Blocker for pricing-engine: rollback owner must be assigned.,"Evidence: Teams decision, Confluence runbook, Jira acceptance criteria, Grafana metric, and PagerDuty incident history."
DRA-00727,2022-01-09,decision,,notification-service,Anika Sharma,open,ATLAS-1698,PR-5694,,Decision for notification-service: QA evidence is missing.,"Evidence: Teams decision, Confluence runbook, Jira acceptance criteria, Grafana metric, and PagerDuty incident history."
DRA-00728,2022-01-10,open_question,,order-ledger,Nora Singh,mitigated,ATLAS-5900,PR-5923,,Open_Question for order-ledger: rollback owner must be assigned.,"Evidence: Teams decision, Confluence runbook, Jira acceptance criteria, Grafana metric, and PagerDuty incident history."
DRA-00729,2022-01-12,risk,high,inventory-reservation,Grace Kim,mitigated,ATLAS-1489,PR-9782,,Risk for inventory-reservation: latency burn must stay below threshold.,"Evidence: Teams decision, Confluence runbook, Jira acceptance criteria, Grafana metric, and PagerDuty incident history."
DRA-00730,2022-01-14,blocker,low,cart-service,Grace Kim,open,ATLAS-4140,PR-8914,,Blocker for cart-service: QA evidence is missing.,"Evidence: Teams decision, Confluence runbook, Jira acceptance criteria, Grafana metric, and PagerDuty incident history."
DRA-00731,2022-01-16,risk,high,inventory-reservation,Ravi Patel,watching,ATLAS-3959,PR-5808,,Risk for inventory-reservation: feature flag remains required.,"Evidence: Teams decision, Confluence runbook, Jira acceptance criteria, Grafana metric, and PagerDuty incident history."
DRA-00732,2022-01-18,open_question,,order-ledger,Samir Rao,watching,ATLAS-4711,PR-12514,,Open_Question for order-ledger: latency burn must stay below threshold.,"Evidence: Teams decision, Confluence runbook, Jira acceptance criteria, Grafana metric, and PagerDuty incident history."
DRA-00733,2022-01-20,risk,critical,order-ledger,Jon Bell,closed,ATLAS-1084,PR-10109,,Risk for order-ledger: rollback owner must be assigned.,"Evidence: Teams decision, Confluence runbook, Jira acceptance criteria, Grafana metric, and PagerDuty incident history."
DRA-00734,2022-01-21,blocker,low,loyalty-service,Luca Moretti,open,ATLAS-5669,PR-9992,,Blocker for loyalty-service: database migration needs rehearsal.,"Evidence: Teams decision, Confluence runbook, Jira acceptance criteria, Grafana metric, and PagerDuty incident history."
DRA-00735,2022-01-23,decision,,payment-orchestrator,Ben Carter,open,ATLAS-4392,PR-5281,,Decision for payment-orchestrator: feature flag remains required.,"Evidence: Teams decision, Confluence runbook, Jira acceptance criteria, Grafana metric, and PagerDuty incident history."
DRA-00736,2022-01-25,assumption,,auth-gateway,Maya Chen,closed,ATLAS-5712,PR-9416,,Assumption for auth-gateway: database migration needs rehearsal.,"Evidence: Teams decision, Confluence runbook, Jira acceptance criteria, Grafana metric, and PagerDuty incident history."
DRA-00737,2022-01-27,blocker,low,loyalty-service,Victor Silva,watching,ATLAS-3921,PR-7233,,Blocker for loyalty-service: rollback owner must be assigned.,"Evidence: Teams decision, Confluence runbook, Jira acceptance criteria, Grafana metric, and PagerDuty incident history."
DRA-00738,2022-01-29,blocker,medium,loyalty-service,Elena Petrova,mitigated,ATLAS-3988,PR-5060,PD-2868,Blocker for loyalty-service: support escalation macro must be updated.,"Evidence: Teams decision, Confluence runbook, Jira acceptance criteria, Grafana metric, and PagerDuty incident history."
DRA-00739,2022-01-30,risk,medium,search-recommendations,Priya Nair,open,ATLAS-6179,PR-6888,,Risk for search-recommendations: support escalation macro must be updated.,"Evidence: Teams decision, Confluence runbook, Jira acceptance criteria, Grafana metric, and PagerDuty incident history."
DRA-00740,2022-02-01,assumption,,auth-gateway,Fatima Noor,closed,ATLAS-6088,PR-10458,,Assumption for auth-gateway: support escalation macro must be updated.,"Evidence: Teams decision, Confluence runbook, Jira acceptance criteria, Grafana metric, and PagerDuty incident history."
DRA-00741,2022-02-03,risk,high,cart-service,Noah Evans,open,ATLAS-2541,PR-5449,,Risk for cart-service: feature flag remains required.,"Evidence: Teams decision, Confluence runbook, Jira acceptance criteria, Grafana metric, and PagerDuty incident history."
DRA-00742,2022-02-05,open_question,,payment-orchestrator,Elena Petrova,mitigated,ATLAS-5101,PR-11226,PD-2224,Open_Question for payment-orchestrator: support escalation macro must be updated.,"Evidence: Teams decision, Confluence runbook, Jira acceptance criteria, Grafana metric, and PagerDuty incident history."
DRA-00743,2022-02-07,risk,medium,tax-service,Luca Moretti,mitigated,ATLAS-1930,PR-5219,,Risk for tax-service: support escalation macro must be updated.,"Evidence: Teams decision, Confluence runbook, Jira acceptance criteria, Grafana metric, and PagerDuty incident history."
DRA-00744,2022-02-09,decision,,search-recommendations,Victor Silva,mitigated,ATLAS-5132,PR-6193,,Decision for search-recommendations: database migration needs rehearsal.,"Evidence: Teams decision, Confluence runbook, Jira acceptance criteria, Grafana metric, and PagerDuty incident history."
DRA-00745,2022-02-10,blocker,critical,checkout-api,Yara Haddad,watching,ATLAS-5091,PR-6207,,Blocker for checkout-api: QA evidence is missing.,"Evidence: Teams decision, Confluence runbook, Jira acceptance criteria, Grafana metric, and PagerDuty incident history."
DRA-00746,2022-02-12,open_question,,notification-service,Iris Wang,mitigated,ATLAS-4506,PR-10568,PD-2309,Open_Question for notification-service: rollback owner must be assigned.,"Evidence: Teams decision, Confluence runbook, Jira acceptance criteria, Grafana metric, and PagerDuty incident history."
DRA-00747,2022-02-14,decision,,inventory-reservation,Noah Evans,mitigated,ATLAS-6163,PR-5995,,Decision for inventory-reservation: QA evidence is missing.,"Evidence: Teams decision, Confluence runbook, Jira acceptance criteria, Grafana metric, and PagerDuty incident history."
DRA-00748,2022-02-16,risk,critical,search-recommendations,Noah Evans,accepted,ATLAS-1987,PR-5334,,Risk for search-recommendations: database migration needs rehearsal.,"Evidence: Teams decision, Confluence runbook, Jira acceptance criteria, Grafana metric, and PagerDuty incident history."
DRA-00749,2022-02-18,blocker,high,payment-orchestrator,Anika Sharma,closed,ATLAS-3837,PR-7090,,Blocker for payment-orchestrator: database migration needs rehearsal.,"Evidence: Teams decision, Confluence runbook, Jira acceptance criteria, Grafana metric, and PagerDuty incident history."
DRA-00750,2022-02-19,action,,auth-gateway,Anika Sharma,closed,ATLAS-2104,PR-5420,,Action for auth-gateway: QA evidence is missing.,"Evidence: Teams decision, Confluence runbook, Jira acceptance criteria, Grafana metric, and PagerDuty incident history."
DRA-00751,2022-02-21,blocker,critical,payment-orchestrator,Mateo Garcia,watching,ATLAS-4639,PR-5813,PD-2417,Blocker for payment-orchestrator: support escalation macro must be updated.,"Evidence: Teams decision, Confluence runbook, Jira acceptance criteria, Grafana metric, and PagerDuty incident history."
DRA-00752,2022-02-23,risk,low,payment-orchestrator,Noah Evans,mitigated,ATLAS-1205,PR-7031,,Risk for payment-orchestrator: feature flag remains required.,"Evidence: Teams decision, Confluence runbook, Jira acceptance criteria, Grafana metric, and PagerDuty incident history."
DRA-00753,2022-02-25,blocker,high,notification-service,Dmitri Volkov,closed,ATLAS-1677,PR-9127,PD-2415,Blocker for notification-service: support escalation macro must be updated.,"Evidence: Teams decision, Confluence runbook, Jira acceptance criteria, Grafana metric, and PagerDuty incident history."
DRA-00754,2022-02-27,open_question,,checkout-api,Dmitri Volkov,mitigated,ATLAS-1328,PR-9210,,Open_Question for checkout-api: database migration needs rehearsal.,"Evidence: Teams decision, Confluence runbook, Jira acceptance criteria, Grafana metric, and PagerDuty incident history."
DRA-00755,2022-02-28,assumption,,analytics-pipeline,Harper Lee,watching,ATLAS-2554,PR-10025,,Assumption for analytics-pipeline: support escalation macro must be updated.,"Evidence: Teams decision, Confluence runbook, Jira acceptance criteria, Grafana metric, and PagerDuty incident history."
DRA-00756,2022-03-02,blocker,critical,payment-orchestrator,Kim Tan,closed,ATLAS-2021,PR-6941,,Blocker for payment-orchestrator: rollback owner must be assigned.,"Evidence: Teams decision, Confluence runbook, Jira acceptance criteria, Grafana metric, and PagerDuty incident history."
DRA-00757,2022-03-04,decision,,analytics-pipeline,Priya Nair,mitigated,ATLAS-2606,PR-9377,PD-2811,Decision for analytics-pipeline: rollback owner must be assigned.,"Evidence: Teams decision, Confluence runbook, Jira acceptance criteria, Grafana metric, and PagerDuty incident history."
DRA-00758,2022-03-06,blocker,medium,pricing-engine,Ravi Patel,closed,ATLAS-4564,PR-10265,,Blocker for pricing-engine: database migration needs rehearsal.,"Evidence: Teams decision, Confluence runbook, Jira acceptance criteria, Grafana metric, and PagerDuty incident history."
DRA-00759,2022-03-08,risk,critical,order-ledger,Owen Brooks,accepted,ATLAS-5166,PR-5580,,Risk for order-ledger: support escalation macro must be updated.,"Evidence: Teams decision, Confluence runbook, Jira acceptance criteria, Grafana metric, and PagerDuty incident history."
DRA-00760,2022-03-10,assumption,,auth-gateway,Sara Novak,watching,ATLAS-5208,PR-7993,PD-2452,Assumption for auth-gateway: feature flag remains required.,"Evidence: Teams decision, Confluence runbook, Jira acceptance criteria, Grafana metric, and PagerDuty incident history."
DRA-00761,2022-03-11,action,,inventory-reservation,Fatima Noor,watching,ATLAS-1598,PR-5870,,Action for inventory-reservation: support escalation macro must be updated.,"Evidence: Teams decision, Confluence runbook, Jira acceptance criteria, Grafana metric, and PagerDuty incident history."
DRA-00762,2022-03-13,action,,auth-gateway,Sara Novak,watching,ATLAS-5925,PR-9603,PD-2717,Action for auth-gateway: support escalation macro must be updated.,"Evidence: Teams decision, Confluence runbook, Jira acceptance criteria, Grafana metric, and PagerDuty incident history."
DRA-00763,2022-03-15,risk,high,analytics-pipeline,Luca Moretti,open,ATLAS-1161,PR-6149,,Risk for analytics-pipeline: QA evidence is missing.,"Evidence: Teams decision, Confluence runbook, Jira acceptance criteria, Grafana metric, and PagerDuty incident history."
DRA-00764,2022-03-17,action,,inventory-reservation,Mateo Garcia,watching,ATLAS-1032,PR-8187,,Action for inventory-reservation: QA evidence is missing.,"Evidence: Teams decision, Confluence runbook, Jira acceptance criteria, Grafana metric, and PagerDuty incident history."
DRA-00765,2022-03-19,risk,high,analytics-pipeline,Priya Nair,closed,ATLAS-5634,PR-5961,,Risk for analytics-pipeline: rollback owner must be assigned.,"Evidence: Teams decision, Confluence runbook, Jira acceptance criteria, Grafana metric, and PagerDuty incident history."
DRA-00766,2022-03-20,decision,,payment-orchestrator,Kim Tan,accepted,ATLAS-4793,PR-9128,,Decision for payment-orchestrator: feature flag remains required.,"Evidence: Teams decision, Confluence runbook, Jira acceptance criteria, Grafana metric, and PagerDuty incident history."
DRA-00767,2022-03-22,assumption,,order-ledger,Grace Kim,accepted,ATLAS-3523,PR-5483,,Assumption for order-ledger: feature flag remains required.,"Evidence: Teams decision, Confluence runbook, Jira acceptance criteria, Grafana metric, and PagerDuty incident history."
DRA-00768,2022-03-24,decision,,auth-gateway,Fatima Noor,accepted,ATLAS-4331,PR-12023,PD-2703,Decision for auth-gateway: database migration needs rehearsal.,"Evidence: Teams decision, Confluence runbook, Jira acceptance criteria, Grafana metric, and PagerDuty incident history."
DRA-00769,2022-03-26,assumption,,notification-service,Iris Wang,closed,ATLAS-1389,PR-12268,,Assumption for notification-service: database migration needs rehearsal.,"Evidence: Teams decision, Confluence runbook, Jira acceptance criteria, Grafana metric, and PagerDuty incident history."
DRA-00770,2022-03-28,decision,,auth-gateway,Dmitri Volkov,watching,ATLAS-5747,PR-10557,,Decision for auth-gateway: rollback owner must be assigned.,"Evidence: Teams decision, Confluence runbook, Jira acceptance criteria, Grafana metric, and PagerDuty incident history."
DRA-00771,2022-03-30,blocker,medium,inventory-reservation,Mateo Garcia,open,ATLAS-5552,PR-6707,,Blocker for inventory-reservation: latency burn must stay below threshold.,"Evidence: Teams decision, Confluence runbook, Jira acceptance criteria, Grafana metric, and PagerDuty incident history."
DRA-00772,2022-03-31,assumption,,inventory-reservation,Ben Carter,accepted,ATLAS-1024,PR-9965,,Assumption for inventory-reservation: QA evidence is missing.,"Evidence: Teams decision, Confluence runbook, Jira acceptance criteria, Grafana metric, and PagerDuty incident history."
DRA-00773,2022-04-02,open_question,,pricing-engine,Harper Lee,mitigated,ATLAS-4147,PR-5209,,Open_Question for pricing-engine: latency burn must stay below threshold.,"Evidence: Teams decision, Confluence runbook, Jira acceptance criteria, Grafana metric, and PagerDuty incident history."
DRA-00774,2022-04-04,assumption,,auth-gateway,Nora Singh,open,ATLAS-3168,PR-12171,,Assumption for auth-gateway: rollback owner must be assigned.,"Evidence: Teams decision, Confluence runbook, Jira acceptance criteria, Grafana metric, and PagerDuty incident history."
DRA-00775,2022-04-06,open_question,,checkout-api,Samir Rao,watching,ATLAS-5577,PR-5200,,Open_Question for checkout-api: support escalation macro must be updated.,"Evidence: Teams decision, Confluence runbook, Jira acceptance criteria, Grafana metric, and PagerDuty incident history."
DRA-00776,2022-04-08,decision,,payment-orchestrator,Elena Petrova,mitigated,ATLAS-5826,PR-6246,PD-2774,Decision for payment-orchestrator: QA evidence is missing.,"Evidence: Teams decision, Confluence runbook, Jira acceptance criteria, Grafana metric, and PagerDuty incident history."
DRA-00777,2022-04-09,assumption,,inventory-reservation,Harper Lee,mitigated,ATLAS-2165,PR-12231,,Assumption for inventory-reservation: database migration needs rehearsal.,"Evidence: Teams decision, Confluence runbook, Jira acceptance criteria, Grafana metric, and PagerDuty incident history."
DRA-00778,2022-04-11,decision,,payment-orchestrator,Mateo Garcia,watching,ATLAS-3656,PR-11278,,Decision for payment-orchestrator: feature flag remains required.,"Evidence: Teams decision, Confluence runbook, Jira acceptance criteria, Grafana metric, and PagerDuty incident history."
DRA-00779,2022-04-13,blocker,low,tax-service,Elena Petrova,mitigated,ATLAS-2500,PR-6765,PD-2133,Blocker for tax-service: support escalation macro must be updated.,"Evidence: Teams decision, Confluence runbook, Jira acceptance criteria, Grafana metric, and PagerDuty incident history."
DRA-00780,2022-04-15,decision,,cart-service,Ravi Patel,mitigated,ATLAS-5076,PR-5291,,Decision for cart-service: latency burn must stay below threshold.,"Evidence: Teams decision, Confluence runbook, Jira acceptance criteria, Grafana metric, and PagerDuty incident history."
DRA-00781,2022-04-17,risk,medium,inventory-reservation,Anika Sharma,mitigated,ATLAS-2459,PR-7315,PD-2566,Risk for inventory-reservation: QA evidence is missing.,"Evidence: Teams decision, Confluence runbook, Jira acceptance criteria, Grafana metric, and PagerDuty incident history."
DRA-00782,2022-04-19,blocker,critical,search-recommendations,Owen Brooks,watching,ATLAS-4789,PR-10186,PD-2485,Blocker for search-recommendations: feature flag remains required.,"Evidence: Teams decision, Confluence runbook, Jira acceptance criteria, Grafana metric, and PagerDuty incident history."
DRA-00783,2022-04-20,open_question,,inventory-reservation,Harper Lee,open,ATLAS-4870,PR-8612,,Open_Question for inventory-reservation: support escalation macro must be updated.,"Evidence: Teams decision, Confluence runbook, Jira acceptance criteria, Grafana metric, and PagerDuty incident history."
DRA-00784,2022-04-22,decision,,analytics-pipeline,Yara Haddad,mitigated,ATLAS-1867,PR-6422,PD-2558,Decision for analytics-pipeline: QA evidence is missing.,"Evidence: Teams decision, Confluence runbook, Jira acceptance criteria, Grafana metric, and PagerDuty incident history."
DRA-00785,2022-04-24,action,,pricing-engine,Maya Chen,accepted,ATLAS-2104,PR-7538,,Action for pricing-engine: rollback owner must be assigned.,"Evidence: Teams decision, Confluence runbook, Jira acceptance criteria, Grafana metric, and PagerDuty incident history."
DRA-00786,2022-04-26,risk,low,analytics-pipeline,Ravi Patel,open,ATLAS-2405,PR-6338,,Risk for analytics-pipeline: database migration needs rehearsal.,"Evidence: Teams decision, Confluence runbook, Jira acceptance criteria, Grafana metric, and PagerDuty incident history."
DRA-00787,2022-04-28,open_question,,search-recommendations,Elena Petrova,accepted,ATLAS-2613,PR-6599,,Open_Question for search-recommendations: QA evidence is missing.,"Evidence: Teams decision, Confluence runbook, Jira acceptance criteria, Grafana metric, and PagerDuty incident history."
DRA-00788,2022-04-29,risk,high,pricing-engine,Priya Nair,open,ATLAS-6109,PR-7700,,Risk for pricing-engine: support escalation macro must be updated.,"Evidence: Teams decision, Confluence runbook, Jira acceptance criteria, Grafana metric, and PagerDuty incident history."
DRA-00789,2022-05-01,open_question,,checkout-api,Sara Novak,closed,ATLAS-2764,PR-7211,PD-2506,Open_Question for checkout-api: feature flag remains required.,"Evidence: Teams decision, Confluence runbook, Jira acceptance criteria, Grafana metric, and PagerDuty incident history."
DRA-00790,2022-05-03,risk,low,pricing-engine,Dmitri Volkov,accepted,ATLAS-5643,PR-6325,,Risk for pricing-engine: QA evidence is missing.,"Evidence: Teams decision, Confluence runbook, Jira acceptance criteria, Grafana metric, and PagerDuty incident history."
DRA-00791,2022-05-05,assumption,,pricing-engine,Elena Petrova,watching,ATLAS-2947,PR-5202,,Assumption for pricing-engine: database migration needs rehearsal.,"Evidence: Teams decision, Confluence runbook, Jira acceptance criteria, Grafana metric, and PagerDuty incident history."
DRA-00792,2022-05-07,risk,high,inventory-reservation,Fatima Noor,watching,ATLAS-2337,PR-8946,,Risk for inventory-reservation: QA evidence is missing.,"Evidence: Teams decision, Confluence runbook, Jira acceptance criteria, Grafana metric, and PagerDuty incident history."
DRA-00793,2022-05-08,action,,cart-service,Owen Brooks,mitigated,ATLAS-1357,PR-6434,,Action for cart-service: support escalation macro must be updated.,"Evidence: Teams decision, Confluence runbook, Jira acceptance criteria, Grafana metric, and PagerDuty incident history."
DRA-00794,2022-05-10,open_question,,cart-service,Maya Chen,closed,ATLAS-1135,PR-8303,,Open_Question for cart-service: database migration needs rehearsal.,"Evidence: Teams decision, Confluence runbook, Jira acceptance criteria, Grafana metric, and PagerDuty incident history."
DRA-00795,2022-05-12,open_question,,loyalty-service,Anika Sharma,open,ATLAS-3240,PR-10432,,Open_Question for loyalty-service: QA evidence is missing.,"Evidence: Teams decision, Confluence runbook, Jira acceptance criteria, Grafana metric, and PagerDuty incident history."
DRA-00796,2022-05-14,risk,medium,analytics-pipeline,Luca Moretti,closed,ATLAS-1935,PR-10148,,Risk for analytics-pipeline: rollback owner must be assigned.,"Evidence: Teams decision, Confluence runbook, Jira acceptance criteria, Grafana metric, and PagerDuty incident history."
DRA-00797,2022-05-16,decision,,order-ledger,Samir Rao,open,ATLAS-1255,PR-8925,,Decision for order-ledger: rollback owner must be assigned.,"Evidence: Teams decision, Confluence runbook, Jira acceptance criteria, Grafana metric, and PagerDuty incident history."
DRA-00798,2022-05-18,decision,,loyalty-service,Sara Novak,watching,ATLAS-4401,PR-7681,,Decision for loyalty-service: latency burn must stay below threshold.,"Evidence: Teams decision, Confluence runbook, Jira acceptance criteria, Grafana metric, and PagerDuty incident history."
DRA-00799,2022-05-19,open_question,,loyalty-service,Jon Bell,open,ATLAS-1632,PR-5899,,Open_Question for loyalty-service: support escalation macro must be updated.,"Evidence: Teams decision, Confluence runbook, Jira acceptance criteria, Grafana metric, and PagerDuty incident history."
DRA-00800,2022-05-21,action,,cart-service,Iris Wang,accepted,ATLAS-2371,PR-7504,,Action for cart-service: database migration needs rehearsal.,"Evidence: Teams decision, Confluence runbook, Jira acceptance criteria, Grafana metric, and PagerDuty incident history."
DRA-00801,2022-05-23,action,,pricing-engine,Ravi Patel,open,ATLAS-6174,PR-8892,,Action for pricing-engine: support escalation macro must be updated.,"Evidence: Teams decision, Confluence runbook, Jira acceptance criteria, Grafana metric, and PagerDuty incident history."
DRA-00802,2022-05-25,blocker,medium,inventory-reservation,Nora Singh,accepted,ATLAS-4338,PR-6924,,Blocker for inventory-reservation: rollback owner must be assigned.,"Evidence: Teams decision, Confluence runbook, Jira acceptance criteria, Grafana metric, and PagerDuty incident history."
DRA-00803,2022-05-27,open_question,,order-ledger,Anika Sharma,watching,ATLAS-1745,PR-8408,,Open_Question for order-ledger: database migration needs rehearsal.,"Evidence: Teams decision, Confluence runbook, Jira acceptance criteria, Grafana metric, and PagerDuty incident history."
DRA-00804,2022-05-28,open_question,,cart-service,Ben Carter,accepted,ATLAS-5354,PR-5520,,Open_Question for cart-service: latency burn must stay below threshold.,"Evidence: Teams decision, Confluence runbook, Jira acceptance criteria, Grafana metric, and PagerDuty incident history."
DRA-00805,2022-05-30,action,,search-recommendations,Ravi Patel,accepted,ATLAS-5352,PR-5521,PD-2624,Action for search-recommendations: rollback owner must be assigned.,"Evidence: Teams decision, Confluence runbook, Jira acceptance criteria, Grafana metric, and PagerDuty incident history."
DRA-00806,2022-06-01,decision,,analytics-pipeline,Samir Rao,mitigated,ATLAS-5904,PR-8485,,Decision for analytics-pipeline: QA evidence is missing.,"Evidence: Teams decision, Confluence runbook, Jira acceptance criteria, Grafana metric, and PagerDuty incident history."
DRA-00807,2022-06-03,action,,order-ledger,Luca Moretti,mitigated,ATLAS-5814,PR-7458,,Action for order-ledger: QA evidence is missing.,"Evidence: Teams decision, Confluence runbook, Jira acceptance criteria, Grafana metric, and PagerDuty incident history."
DRA-00808,2022-06-05,blocker,critical,analytics-pipeline,Nora Singh,open,ATLAS-5803,PR-9548,PD-2097,Blocker for analytics-pipeline: latency burn must stay below threshold.,"Evidence: Teams decision, Confluence runbook, Jira acceptance criteria, Grafana metric, and PagerDuty incident history."
DRA-00809,2022-06-07,action,,analytics-pipeline,Victor Silva,mitigated,ATLAS-1967,PR-10109,PD-2068,Action for analytics-pipeline: support escalation macro must be updated.,"Evidence: Teams decision, Confluence runbook, Jira acceptance criteria, Grafana metric, and PagerDuty incident history."
DRA-00810,2022-06-08,blocker,high,order-ledger,Yara Haddad,open,ATLAS-1187,PR-8965,,Blocker for order-ledger: support escalation macro must be updated.,"Evidence: Teams decision, Confluence runbook, Jira acceptance criteria, Grafana metric, and PagerDuty incident history."
DRA-00811,2022-06-10,risk,high,cart-service,Ravi Patel,open,ATLAS-5106,PR-8426,,Risk for cart-service: feature flag remains required.,"Evidence: Teams decision, Confluence runbook, Jira acceptance criteria, Grafana metric, and PagerDuty incident history."
DRA-00812,2022-06-12,decision,,pricing-engine,Noah Evans,closed,ATLAS-5580,PR-5863,,Decision for pricing-engine: database migration needs rehearsal.,"Evidence: Teams decision, Confluence runbook, Jira acceptance criteria, Grafana metric, and PagerDuty incident history."
DRA-00813,2022-06-14,blocker,high,search-recommendations,Nora Singh,accepted,ATLAS-4905,PR-6317,,Blocker for search-recommendations: support escalation macro must be updated.,"Evidence: Teams decision, Confluence runbook, Jira acceptance criteria, Grafana metric, and PagerDuty incident history."
DRA-00814,2022-06-16,open_question,,checkout-api,Yara Haddad,mitigated,ATLAS-4381,PR-8440,,Open_Question for checkout-api: support escalation macro must be updated.,"Evidence: Teams decision, Confluence runbook, Jira acceptance criteria, Grafana metric, and PagerDuty incident history."
DRA-00815,2022-06-17,decision,,checkout-api,Mateo Garcia,open,ATLAS-5200,PR-8186,,Decision for checkout-api: support escalation macro must be updated.,"Evidence: Teams decision, Confluence runbook, Jira acceptance criteria, Grafana metric, and PagerDuty incident history."
DRA-00816,2022-06-19,risk,critical,order-ledger,Nora Singh,accepted,ATLAS-1044,PR-8815,,Risk for order-ledger: QA evidence is missing.,"Evidence: Teams decision, Confluence runbook, Jira acceptance criteria, Grafana metric, and PagerDuty incident history."
DRA-00817,2022-06-21,blocker,medium,search-recommendations,Elena Petrova,open,ATLAS-2803,PR-8694,,Blocker for search-recommendations: support escalation macro must be updated.,"Evidence: Teams decision, Confluence runbook, Jira acceptance criteria, Grafana metric, and PagerDuty incident history."
DRA-00818,2022-06-23,risk,low,checkout-api,Ravi Patel,closed,ATLAS-3327,PR-7736,,Risk for checkout-api: support escalation macro must be updated.,"Evidence: Teams decision, Confluence runbook, Jira acceptance criteria, Grafana metric, and PagerDuty incident history."
DRA-00819,2022-06-25,open_question,,search-recommendations,Mateo Garcia,accepted,ATLAS-4690,PR-6690,PD-2469,Open_Question for search-recommendations: database migration needs rehearsal.,"Evidence: Teams decision, Confluence runbook, Jira acceptance criteria, Grafana metric, and PagerDuty incident history."
DRA-00820,2022-06-26,action,,loyalty-service,Mateo Garcia,open,ATLAS-1587,PR-7038,PD-2198,Action for loyalty-service: rollback owner must be assigned.,"Evidence: Teams decision, Confluence runbook, Jira acceptance criteria, Grafana metric, and PagerDuty incident history."
DRA-00821,2022-06-28,open_question,,pricing-engine,Kim Tan,mitigated,ATLAS-1643,PR-6654,PD-2785,Open_Question for pricing-engine: rollback owner must be assigned.,"Evidence: Teams decision, Confluence runbook, Jira acceptance criteria, Grafana metric, and PagerDuty incident history."
DRA-00822,2022-06-30,blocker,low,notification-service,Iris Wang,watching,ATLAS-3216,PR-5564,,Blocker for notification-service: support escalation macro must be updated.,"Evidence: Teams decision, Confluence runbook, Jira acceptance criteria, Grafana metric, and PagerDuty incident history."
DRA-00823,2022-07-02,assumption,,checkout-api,Priya Nair,accepted,ATLAS-4123,PR-7688,,Assumption for checkout-api: feature flag remains required.,"Evidence: Teams decision, Confluence runbook, Jira acceptance criteria, Grafana metric, and PagerDuty incident history."
DRA-00824,2022-07-04,assumption,,search-recommendations,Mateo Garcia,closed,ATLAS-4376,PR-8016,,Assumption for search-recommendations: rollback owner must be assigned.,"Evidence: Teams decision, Confluence runbook, Jira acceptance criteria, Grafana metric, and PagerDuty incident history."
DRA-00825,2022-07-06,action,,payment-orchestrator,Owen Brooks,accepted,ATLAS-1537,PR-8623,PD-2130,Action for payment-orchestrator: latency burn must stay below threshold.,"Evidence: Teams decision, Confluence runbook, Jira acceptance criteria, Grafana metric, and PagerDuty incident history."
DRA-00826,2022-07-07,assumption,,auth-gateway,Grace Kim,accepted,ATLAS-5230,PR-5131,,Assumption for auth-gateway: support escalation macro must be updated.,"Evidence: Teams decision, Confluence runbook, Jira acceptance criteria, Grafana metric, and PagerDuty incident history."
DRA-00827,2022-07-09,risk,low,tax-service,Maya Chen,mitigated,ATLAS-3370,PR-8913,PD-2882,Risk for tax-service: latency burn must stay below threshold.,"Evidence: Teams decision, Confluence runbook, Jira acceptance criteria, Grafana metric, and PagerDuty incident history."
DRA-00828,2022-07-11,decision,,order-ledger,Owen Brooks,watching,ATLAS-2174,PR-12251,,Decision for order-ledger: latency burn must stay below threshold.,"Evidence: Teams decision, Confluence runbook, Jira acceptance criteria, Grafana metric, and PagerDuty incident history."
DRA-00829,2022-07-13,blocker,low,order-ledger,Aisha Khan,mitigated,ATLAS-5209,PR-9839,,Blocker for order-ledger: QA evidence is missing.,"Evidence: Teams decision, Confluence runbook, Jira acceptance criteria, Grafana metric, and PagerDuty incident history."
DRA-00830,2022-07-15,risk,low,order-ledger,Owen Brooks,accepted,ATLAS-5064,PR-5423,,Risk for order-ledger: QA evidence is missing.,"Evidence: Teams decision, Confluence runbook, Jira acceptance criteria, Grafana metric, and PagerDuty incident history."
DRA-00831,2022-07-16,blocker,high,tax-service,Noah Evans,mitigated,ATLAS-5690,PR-9405,,Blocker for tax-service: rollback owner must be assigned.,"Evidence: Teams decision, Confluence runbook, Jira acceptance criteria, Grafana metric, and PagerDuty incident history."
DRA-00832,2022-07-18,decision,,tax-service,Ben Carter,closed,ATLAS-5825,PR-6380,,Decision for tax-service: support escalation macro must be updated.,"Evidence: Teams decision, Confluence runbook, Jira acceptance criteria, Grafana metric, and PagerDuty incident history."
DRA-00833,2022-07-20,risk,medium,search-recommendations,Anika Sharma,open,ATLAS-5741,PR-8708,,Risk for search-recommendations: QA evidence is missing.,"Evidence: Teams decision, Confluence runbook, Jira acceptance criteria, Grafana metric, and PagerDuty incident history."
DRA-00834,2022-07-22,open_question,,checkout-api,Dmitri Volkov,closed,ATLAS-5722,PR-9684,,Open_Question for checkout-api: support escalation macro must be updated.,"Evidence: Teams decision, Confluence runbook, Jira acceptance criteria, Grafana metric, and PagerDuty incident history."
DRA-00835,2022-07-24,blocker,critical,auth-gateway,Elena Petrova,mitigated,ATLAS-2918,PR-5970,,Blocker for auth-gateway: latency burn must stay below threshold.,"Evidence: Teams decision, Confluence runbook, Jira acceptance criteria, Grafana metric, and PagerDuty incident history."
DRA-00836,2022-07-26,assumption,,tax-service,Dmitri Volkov,watching,ATLAS-4798,PR-12269,,Assumption for tax-service: feature flag remains required.,"Evidence: Teams decision, Confluence runbook, Jira acceptance criteria, Grafana metric, and PagerDuty incident history."
DRA-00837,2022-07-27,open_question,,pricing-engine,Grace Kim,open,ATLAS-5311,PR-7586,,Open_Question for pricing-engine: rollback owner must be assigned.,"Evidence: Teams decision, Confluence runbook, Jira acceptance criteria, Grafana metric, and PagerDuty incident history."
DRA-00838,2022-07-29,action,,cart-service,Luca Moretti,watching,ATLAS-6145,PR-9223,PD-2384,Action for cart-service: support escalation macro must be updated.,"Evidence: Teams decision, Confluence runbook, Jira acceptance criteria, Grafana metric, and PagerDuty incident history."
DRA-00839,2022-07-31,action,,search-recommendations,Elena Petrova,open,ATLAS-4707,PR-8297,PD-2529,Action for search-recommendations: rollback owner must be assigned.,"Evidence: Teams decision, Confluence runbook, Jira acceptance criteria, Grafana metric, and PagerDuty incident history."
DRA-00840,2022-08-02,decision,,notification-service,Harper Lee,open,ATLAS-3502,PR-10631,PD-2411,Decision for notification-service: latency burn must stay below threshold.,"Evidence: Teams decision, Confluence runbook, Jira acceptance criteria, Grafana metric, and PagerDuty incident history."
DRA-00841,2022-08-04,action,,payment-orchestrator,Grace Kim,watching,ATLAS-3007,PR-7906,,Action for payment-orchestrator: latency burn must stay below threshold.,"Evidence: Teams decision, Confluence runbook, Jira acceptance criteria, Grafana metric, and PagerDuty incident history."
DRA-00842,2022-08-05,open_question,,analytics-pipeline,Victor Silva,mitigated,ATLAS-1126,PR-6871,,Open_Question for analytics-pipeline: support escalation macro must be updated.,"Evidence: Teams decision, Confluence runbook, Jira acceptance criteria, Grafana metric, and PagerDuty incident history."
DRA-00843,2022-08-07,assumption,,payment-orchestrator,Fatima Noor,accepted,ATLAS-5130,PR-10087,,Assumption for payment-orchestrator: latency burn must stay below threshold.,"Evidence: Teams decision, Confluence runbook, Jira acceptance criteria, Grafana metric, and PagerDuty incident history."
DRA-00844,2022-08-09,decision,,analytics-pipeline,Victor Silva,accepted,ATLAS-1903,PR-9862,PD-2068,Decision for analytics-pipeline: support escalation macro must be updated.,"Evidence: Teams decision, Confluence runbook, Jira acceptance criteria, Grafana metric, and PagerDuty incident history."
DRA-00845,2022-08-11,risk,medium,loyalty-service,Noah Evans,closed,ATLAS-5264,PR-8366,,Risk for loyalty-service: rollback owner must be assigned.,"Evidence: Teams decision, Confluence runbook, Jira acceptance criteria, Grafana metric, and PagerDuty incident history."
DRA-00846,2022-08-13,action,,inventory-reservation,Sara Novak,mitigated,ATLAS-3360,PR-5837,,Action for inventory-reservation: database migration needs rehearsal.,"Evidence: Teams decision, Confluence runbook, Jira acceptance criteria, Grafana metric, and PagerDuty incident history."
DRA-00847,2022-08-15,decision,,payment-orchestrator,Priya Nair,open,ATLAS-2840,PR-12550,,Decision for payment-orchestrator: rollback owner must be assigned.,"Evidence: Teams decision, Confluence runbook, Jira acceptance criteria, Grafana metric, and PagerDuty incident history."
DRA-00848,2022-08-16,decision,,order-ledger,Nora Singh,open,ATLAS-3270,PR-9558,,Decision for order-ledger: latency burn must stay below threshold.,"Evidence: Teams decision, Confluence runbook, Jira acceptance criteria, Grafana metric, and PagerDuty incident history."
DRA-00849,2022-08-18,open_question,,auth-gateway,Sara Novak,closed,ATLAS-1447,PR-8639,,Open_Question for auth-gateway: database migration needs rehearsal.,"Evidence: Teams decision, Confluence runbook, Jira acceptance criteria, Grafana metric, and PagerDuty incident history."
DRA-00850,2022-08-20,decision,,checkout-api,Ben Carter,watching,ATLAS-2894,PR-9451,,Decision for checkout-api: rollback owner must be assigned.,"Evidence: Teams decision, Confluence runbook, Jira acceptance criteria, Grafana metric, and PagerDuty incident history."
DRA-00851,2022-08-22,risk,low,order-ledger,Mateo Garcia,closed,ATLAS-2448,PR-7596,,Risk for order-ledger: QA evidence is missing.,"Evidence: Teams decision, Confluence runbook, Jira acceptance criteria, Grafana metric, and PagerDuty incident history."
DRA-00852,2022-08-24,assumption,,loyalty-service,Samir Rao,closed,ATLAS-3316,PR-5346,,Assumption for loyalty-service: feature flag remains required.,"Evidence: Teams decision, Confluence runbook, Jira acceptance criteria, Grafana metric, and PagerDuty incident history."
DRA-00853,2022-08-25,action,,search-recommendations,Sara Novak,accepted,ATLAS-3536,PR-8845,,Action for search-recommendations: feature flag remains required.,"Evidence: Teams decision, Confluence runbook, Jira acceptance criteria, Grafana metric, and PagerDuty incident history."
DRA-00854,2022-08-27,assumption,,cart-service,Theo Martin,mitigated,ATLAS-5762,PR-9852,,Assumption for cart-service: latency burn must stay below threshold.,"Evidence: Teams decision, Confluence runbook, Jira acceptance criteria, Grafana metric, and PagerDuty incident history."
DRA-00855,2022-08-29,action,,search-recommendations,Anika Sharma,closed,ATLAS-2677,PR-7129,PD-2285,Action for search-recommendations: support escalation macro must be updated.,"Evidence: Teams decision, Confluence runbook, Jira acceptance criteria, Grafana metric, and PagerDuty incident history."
DRA-00856,2022-08-31,open_question,,analytics-pipeline,Theo Martin,mitigated,ATLAS-4974,PR-7409,,Open_Question for analytics-pipeline: support escalation macro must be updated.,"Evidence: Teams decision, Confluence runbook, Jira acceptance criteria, Grafana metric, and PagerDuty incident history."
DRA-00857,2022-09-02,action,,inventory-reservation,Ben Carter,accepted,ATLAS-3031,PR-11087,,Action for inventory-reservation: QA evidence is missing.,"Evidence: Teams decision, Confluence runbook, Jira acceptance criteria, Grafana metric, and PagerDuty incident history."
DRA-00858,2022-09-03,action,,tax-service,Aisha Khan,open,ATLAS-4272,PR-8526,,Action for tax-service: rollback owner must be assigned.,"Evidence: Teams decision, Confluence runbook, Jira acceptance criteria, Grafana metric, and PagerDuty incident history."
DRA-00859,2022-09-05,open_question,,search-recommendations,Nora Singh,accepted,ATLAS-3666,PR-8167,,Open_Question for search-recommendations: latency burn must stay below threshold.,"Evidence: Teams decision, Confluence runbook, Jira acceptance criteria, Grafana metric, and PagerDuty incident history."
DRA-00860,2022-09-07,decision,,pricing-engine,Mateo Garcia,mitigated,ATLAS-2826,PR-8515,,Decision for pricing-engine: rollback owner must be assigned.,"Evidence: Teams decision, Confluence runbook, Jira acceptance criteria, Grafana metric, and PagerDuty incident history."
DRA-00861,2022-09-09,decision,,search-recommendations,Iris Wang,watching,ATLAS-4010,PR-8769,PD-2338,Decision for search-recommendations: QA evidence is missing.,"Evidence: Teams decision, Confluence runbook, Jira acceptance criteria, Grafana metric, and PagerDuty incident history."
DRA-00862,2022-09-11,open_question,,analytics-pipeline,Sara Novak,closed,ATLAS-2811,PR-11347,,Open_Question for analytics-pipeline: rollback owner must be assigned.,"Evidence: Teams decision, Confluence runbook, Jira acceptance criteria, Grafana metric, and PagerDuty incident history."
DRA-00863,2022-09-13,decision,,analytics-pipeline,Aisha Khan,accepted,ATLAS-4140,PR-10289,,Decision for analytics-pipeline: latency burn must stay below threshold.,"Evidence: Teams decision, Confluence runbook, Jira acceptance criteria, Grafana metric, and PagerDuty incident history."
DRA-00864,2022-09-14,assumption,,tax-service,Ravi Patel,closed,ATLAS-4693,PR-7429,,Assumption for tax-service: latency burn must stay below threshold.,"Evidence: Teams decision, Confluence runbook, Jira acceptance criteria, Grafana metric, and PagerDuty incident history."
DRA-00865,2022-09-16,risk,high,auth-gateway,Noah Evans,mitigated,ATLAS-1499,PR-10865,,Risk for auth-gateway: QA evidence is missing.,"Evidence: Teams decision, Confluence runbook, Jira acceptance criteria, Grafana metric, and PagerDuty incident history."
DRA-00866,2022-09-18,action,,auth-gateway,Anika Sharma,watching,ATLAS-3799,PR-10440,PD-2221,Action for auth-gateway: support escalation macro must be updated.,"Evidence: Teams decision, Confluence runbook, Jira acceptance criteria, Grafana metric, and PagerDuty incident history."
DRA-00867,2022-09-20,risk,low,payment-orchestrator,Samir Rao,open,ATLAS-5960,PR-5958,PD-2571,Risk for payment-orchestrator: feature flag remains required.,"Evidence: Teams decision, Confluence runbook, Jira acceptance criteria, Grafana metric, and PagerDuty incident history."
DRA-00868,2022-09-22,blocker,high,loyalty-service,Priya Nair,accepted,ATLAS-4797,PR-8705,,Blocker for loyalty-service: QA evidence is missing.,"Evidence: Teams decision, Confluence runbook, Jira acceptance criteria, Grafana metric, and PagerDuty incident history."
DRA-00869,2022-09-23,assumption,,cart-service,Kim Tan,closed,ATLAS-4508,PR-9640,,Assumption for cart-service: QA evidence is missing.,"Evidence: Teams decision, Confluence runbook, Jira acceptance criteria, Grafana metric, and PagerDuty incident history."
DRA-00870,2022-09-25,open_question,,checkout-api,Iris Wang,watching,ATLAS-2188,PR-7757,,Open_Question for checkout-api: support escalation macro must be updated.,"Evidence: Teams decision, Confluence runbook, Jira acceptance criteria, Grafana metric, and PagerDuty incident history."
DRA-00871,2022-09-27,blocker,low,pricing-engine,Iris Wang,closed,ATLAS-3561,PR-9506,,Blocker for pricing-engine: QA evidence is missing.,"Evidence: Teams decision, Confluence runbook, Jira acceptance criteria, Grafana metric, and PagerDuty incident history."
DRA-00872,2022-09-29,action,,notification-service,Nora Singh,mitigated,ATLAS-1858,PR-7212,PD-2593,Action for notification-service: feature flag remains required.,"Evidence: Teams decision, Confluence runbook, Jira acceptance criteria, Grafana metric, and PagerDuty incident history."
DRA-00873,2022-10-01,decision,,cart-service,Victor Silva,open,ATLAS-2279,PR-10157,,Decision for cart-service: database migration needs rehearsal.,"Evidence: Teams decision, Confluence runbook, Jira acceptance criteria, Grafana metric, and PagerDuty incident history."
DRA-00874,2022-10-03,decision,,analytics-pipeline,Iris Wang,watching,ATLAS-2351,PR-6842,,Decision for analytics-pipeline: support escalation macro must be updated.,"Evidence: Teams decision, Confluence runbook, Jira acceptance criteria, Grafana metric, and PagerDuty incident history."
DRA-00875,2022-10-04,open_question,,payment-orchestrator,Mateo Garcia,watching,ATLAS-5791,PR-8895,,Open_Question for payment-orchestrator: latency burn must stay below threshold.,"Evidence: Teams decision, Confluence runbook, Jira acceptance criteria, Grafana metric, and PagerDuty incident history."
DRA-00876,2022-10-06,open_question,,cart-service,Maya Chen,watching,ATLAS-4393,PR-9947,PD-2377,Open_Question for cart-service: database migration needs rehearsal.,"Evidence: Teams decision, Confluence runbook, Jira acceptance criteria, Grafana metric, and PagerDuty incident history."
DRA-00877,2022-10-08,open_question,,payment-orchestrator,Noah Evans,watching,ATLAS-2064,PR-8591,,Open_Question for payment-orchestrator: latency burn must stay below threshold.,"Evidence: Teams decision, Confluence runbook, Jira acceptance criteria, Grafana metric, and PagerDuty incident history."
DRA-00878,2022-10-10,action,,auth-gateway,Harper Lee,open,ATLAS-2989,PR-8009,,Action for auth-gateway: support escalation macro must be updated.,"Evidence: Teams decision, Confluence runbook, Jira acceptance criteria, Grafana metric, and PagerDuty incident history."
DRA-00879,2022-10-12,action,,order-ledger,Nora Singh,closed,ATLAS-4916,PR-7528,,Action for order-ledger: database migration needs rehearsal.,"Evidence: Teams decision, Confluence runbook, Jira acceptance criteria, Grafana metric, and PagerDuty incident history."
DRA-00880,2022-10-13,assumption,,tax-service,Elena Petrova,open,ATLAS-4952,PR-10084,,Assumption for tax-service: database migration needs rehearsal.,"Evidence: Teams decision, Confluence runbook, Jira acceptance criteria, Grafana metric, and PagerDuty incident history."
DRA-00881,2022-10-15,risk,low,payment-orchestrator,Harper Lee,accepted,ATLAS-4726,PR-6745,,Risk for payment-orchestrator: database migration needs rehearsal.,"Evidence: Teams decision, Confluence runbook, Jira acceptance criteria, Grafana metric, and PagerDuty incident history."
DRA-00882,2022-10-17,blocker,low,payment-orchestrator,Yara Haddad,accepted,ATLAS-2194,PR-9405,PD-2310,Blocker for payment-orchestrator: database migration needs rehearsal.,"Evidence: Teams decision, Confluence runbook, Jira acceptance criteria, Grafana metric, and PagerDuty incident history."
DRA-00883,2022-10-19,open_question,,search-recommendations,Fatima Noor,watching,ATLAS-3103,PR-8024,,Open_Question for search-recommendations: feature flag remains required.,"Evidence: Teams decision, Confluence runbook, Jira acceptance criteria, Grafana metric, and PagerDuty incident history."
DRA-00884,2022-10-21,risk,critical,analytics-pipeline,Victor Silva,watching,ATLAS-1006,PR-10032,,Risk for analytics-pipeline: support escalation macro must be updated.,"Evidence: Teams decision, Confluence runbook, Jira acceptance criteria, Grafana metric, and PagerDuty incident history."
DRA-00885,2022-10-23,decision,,search-recommendations,Jon Bell,accepted,ATLAS-4232,PR-5995,,Decision for search-recommendations: support escalation macro must be updated.,"Evidence: Teams decision, Confluence runbook, Jira acceptance criteria, Grafana metric, and PagerDuty incident history."
DRA-00886,2022-10-24,open_question,,analytics-pipeline,Sara Novak,watching,ATLAS-4340,PR-9091,,Open_Question for analytics-pipeline: QA evidence is missing.,"Evidence: Teams decision, Confluence runbook, Jira acceptance criteria, Grafana metric, and PagerDuty incident history."
DRA-00887,2022-10-26,risk,low,inventory-reservation,Mateo Garcia,accepted,ATLAS-3557,PR-10422,,Risk for inventory-reservation: support escalation macro must be updated.,"Evidence: Teams decision, Confluence runbook, Jira acceptance criteria, Grafana metric, and PagerDuty incident history."
DRA-00888,2022-10-28,open_question,,analytics-pipeline,Priya Nair,accepted,ATLAS-3195,PR-5663,,Open_Question for analytics-pipeline: rollback owner must be assigned.,"Evidence: Teams decision, Confluence runbook, Jira acceptance criteria, Grafana metric, and PagerDuty incident history."
DRA-00889,2022-10-30,action,,search-recommendations,Fatima Noor,watching,ATLAS-4618,PR-7892,,Action for search-recommendations: latency burn must stay below threshold.,"Evidence: Teams decision, Confluence runbook, Jira acceptance criteria, Grafana metric, and PagerDuty incident history."
DRA-00890,2022-11-01,open_question,,pricing-engine,Ben Carter,closed,ATLAS-4909,PR-5184,PD-2308,Open_Question for pricing-engine: rollback owner must be assigned.,"Evidence: Teams decision, Confluence runbook, Jira acceptance criteria, Grafana metric, and PagerDuty incident history."
DRA-00891,2022-11-02,risk,medium,payment-orchestrator,Owen Brooks,mitigated,ATLAS-1660,PR-5269,,Risk for payment-orchestrator: latency burn must stay below threshold.,"Evidence: Teams decision, Confluence runbook, Jira acceptance criteria, Grafana metric, and PagerDuty incident history."
DRA-00892,2022-11-04,decision,,tax-service,Nora Singh,closed,ATLAS-2529,PR-5429,PD-2603,Decision for tax-service: support escalation macro must be updated.,"Evidence: Teams decision, Confluence runbook, Jira acceptance criteria, Grafana metric, and PagerDuty incident history."
DRA-00893,2022-11-06,risk,high,payment-orchestrator,Owen Brooks,closed,ATLAS-5403,PR-5389,,Risk for payment-orchestrator: database migration needs rehearsal.,"Evidence: Teams decision, Confluence runbook, Jira acceptance criteria, Grafana metric, and PagerDuty incident history."
DRA-00894,2022-11-08,open_question,,checkout-api,Aisha Khan,accepted,ATLAS-1831,PR-9647,,Open_Question for checkout-api: database migration needs rehearsal.,"Evidence: Teams decision, Confluence runbook, Jira acceptance criteria, Grafana metric, and PagerDuty incident history."
DRA-00895,2022-11-10,risk,medium,auth-gateway,Nora Singh,mitigated,ATLAS-5976,PR-6503,,Risk for auth-gateway: feature flag remains required.,"Evidence: Teams decision, Confluence runbook, Jira acceptance criteria, Grafana metric, and PagerDuty incident history."
DRA-00896,2022-11-11,open_question,,checkout-api,Ben Carter,accepted,ATLAS-2367,PR-11586,PD-2549,Open_Question for checkout-api: latency burn must stay below threshold.,"Evidence: Teams decision, Confluence runbook, Jira acceptance criteria, Grafana metric, and PagerDuty incident history."
DRA-00897,2022-11-13,open_question,,inventory-reservation,Priya Nair,accepted,ATLAS-1917,PR-7939,,Open_Question for inventory-reservation: QA evidence is missing.,"Evidence: Teams decision, Confluence runbook, Jira acceptance criteria, Grafana metric, and PagerDuty incident history."
DRA-00898,2022-11-15,risk,critical,order-ledger,Jon Bell,open,ATLAS-4280,PR-7364,,Risk for order-ledger: database migration needs rehearsal.,"Evidence: Teams decision, Confluence runbook, Jira acceptance criteria, Grafana metric, and PagerDuty incident history."
DRA-00899,2022-11-17,risk,medium,inventory-reservation,Priya Nair,watching,ATLAS-2520,PR-7361,PD-2479,Risk for inventory-reservation: feature flag remains required.,"Evidence: Teams decision, Confluence runbook, Jira acceptance criteria, Grafana metric, and PagerDuty incident history."
DRA-00900,2022-11-19,action,,notification-service,Priya Nair,mitigated,ATLAS-3283,PR-12038,PD-2036,Action for notification-service: latency burn must stay below threshold.,"Evidence: Teams decision, Confluence runbook, Jira acceptance criteria, Grafana metric, and PagerDuty incident history."
DRA-00901,2022-11-21,action,,checkout-api,Owen Brooks,mitigated,ATLAS-1677,PR-8009,,Action for checkout-api: database migration needs rehearsal.,"Evidence: Teams decision, Confluence runbook, Jira acceptance criteria, Grafana metric, and PagerDuty incident history."
DRA-00902,2022-11-22,blocker,medium,inventory-reservation,Yara Haddad,closed,ATLAS-2098,PR-6313,,Blocker for inventory-reservation: latency burn must stay below threshold.,"Evidence: Teams decision, Confluence runbook, Jira acceptance criteria, Grafana metric, and PagerDuty incident history."
DRA-00903,2022-11-24,action,,notification-service,Sara Novak,watching,ATLAS-2628,PR-6896,,Action for notification-service: support escalation macro must be updated.,"Evidence: Teams decision, Confluence runbook, Jira acceptance criteria, Grafana metric, and PagerDuty incident history."
DRA-00904,2022-11-26,blocker,low,search-recommendations,Elena Petrova,open,ATLAS-3236,PR-6698,,Blocker for search-recommendations: database migration needs rehearsal.,"Evidence: Teams decision, Confluence runbook, Jira acceptance criteria, Grafana metric, and PagerDuty incident history."
DRA-00905,2022-11-28,open_question,,search-recommendations,Fatima Noor,mitigated,ATLAS-2604,PR-9212,,Open_Question for search-recommendations: feature flag remains required.,"Evidence: Teams decision, Confluence runbook, Jira acceptance criteria, Grafana metric, and PagerDuty incident history."
DRA-00906,2022-11-30,decision,,payment-orchestrator,Sara Novak,watching,ATLAS-2767,PR-5408,PD-2382,Decision for payment-orchestrator: QA evidence is missing.,"Evidence: Teams decision, Confluence runbook, Jira acceptance criteria, Grafana metric, and PagerDuty incident history."
DRA-00907,2022-12-01,assumption,,inventory-reservation,Elena Petrova,open,ATLAS-1135,PR-5496,,Assumption for inventory-reservation: QA evidence is missing.,"Evidence: Teams decision, Confluence runbook, Jira acceptance criteria, Grafana metric, and PagerDuty incident history."
DRA-00908,2022-12-03,open_question,,inventory-reservation,Aisha Khan,open,ATLAS-1317,PR-6080,,Open_Question for inventory-reservation: QA evidence is missing.,"Evidence: Teams decision, Confluence runbook, Jira acceptance criteria, Grafana metric, and PagerDuty incident history."
DRA-00909,2022-12-05,open_question,,payment-orchestrator,Aisha Khan,watching,ATLAS-4062,PR-10146,,Open_Question for payment-orchestrator: feature flag remains required.,"Evidence: Teams decision, Confluence runbook, Jira acceptance criteria, Grafana metric, and PagerDuty incident history."
DRA-00910,2022-12-07,blocker,medium,order-ledger,Yara Haddad,open,ATLAS-3581,PR-6767,,Blocker for order-ledger: feature flag remains required.,"Evidence: Teams decision, Confluence runbook, Jira acceptance criteria, Grafana metric, and PagerDuty incident history."
DRA-00911,2022-12-09,risk,high,search-recommendations,Luca Moretti,mitigated,ATLAS-2265,PR-6128,,Risk for search-recommendations: database migration needs rehearsal.,"Evidence: Teams decision, Confluence runbook, Jira acceptance criteria, Grafana metric, and PagerDuty incident history."
DRA-00912,2022-12-11,blocker,critical,pricing-engine,Fatima Noor,closed,ATLAS-1276,PR-7147,,Blocker for pricing-engine: QA evidence is missing.,"Evidence: Teams decision, Confluence runbook, Jira acceptance criteria, Grafana metric, and PagerDuty incident history."
DRA-00913,2022-12-12,open_question,,search-recommendations,Ben Carter,accepted,ATLAS-2728,PR-5067,,Open_Question for search-recommendations: latency burn must stay below threshold.,"Evidence: Teams decision, Confluence runbook, Jira acceptance criteria, Grafana metric, and PagerDuty incident history."
DRA-00914,2022-12-14,risk,medium,inventory-reservation,Kim Tan,closed,ATLAS-1421,PR-10147,,Risk for inventory-reservation: QA evidence is missing.,"Evidence: Teams decision, Confluence runbook, Jira acceptance criteria, Grafana metric, and PagerDuty incident history."
DRA-00915,2022-12-16,risk,critical,auth-gateway,Sara Novak,open,ATLAS-2212,PR-8527,,Risk for auth-gateway: support escalation macro must be updated.,"Evidence: Teams decision, Confluence runbook, Jira acceptance criteria, Grafana metric, and PagerDuty incident history."
DRA-00916,2022-12-18,assumption,,auth-gateway,Noah Evans,watching,ATLAS-5871,PR-9564,,Assumption for auth-gateway: latency burn must stay below threshold.,"Evidence: Teams decision, Confluence runbook, Jira acceptance criteria, Grafana metric, and PagerDuty incident history."
DRA-00917,2022-12-20,assumption,,auth-gateway,Anika Sharma,watching,ATLAS-2542,PR-11571,,Assumption for auth-gateway: rollback owner must be assigned.,"Evidence: Teams decision, Confluence runbook, Jira acceptance criteria, Grafana metric, and PagerDuty incident history."
DRA-00918,2022-12-21,blocker,critical,search-recommendations,Iris Wang,accepted,ATLAS-1526,PR-9632,,Blocker for search-recommendations: QA evidence is missing.,"Evidence: Teams decision, Confluence runbook, Jira acceptance criteria, Grafana metric, and PagerDuty incident history."
DRA-00919,2022-12-23,risk,high,checkout-api,Ben Carter,accepted,ATLAS-4233,PR-8386,PD-2467,Risk for checkout-api: QA evidence is missing.,"Evidence: Teams decision, Confluence runbook, Jira acceptance criteria, Grafana metric, and PagerDuty incident history."
DRA-00920,2022-12-25,risk,low,notification-service,Dmitri Volkov,closed,ATLAS-2489,PR-5946,,Risk for notification-service: rollback owner must be assigned.,"Evidence: Teams decision, Confluence runbook, Jira acceptance criteria, Grafana metric, and PagerDuty incident history."
DRA-00921,2022-12-27,action,,inventory-reservation,Samir Rao,watching,ATLAS-5225,PR-6756,,Action for inventory-reservation: QA evidence is missing.,"Evidence: Teams decision, Confluence runbook, Jira acceptance criteria, Grafana metric, and PagerDuty incident history."
DRA-00922,2022-12-29,blocker,low,tax-service,Aisha Khan,open,ATLAS-5108,PR-6058,,Blocker for tax-service: QA evidence is missing.,"Evidence: Teams decision, Confluence runbook, Jira acceptance criteria, Grafana metric, and PagerDuty incident history."
DRA-00923,2022-12-31,open_question,,analytics-pipeline,Anika Sharma,accepted,ATLAS-2196,PR-8948,,Open_Question for analytics-pipeline: feature flag remains required.,"Evidence: Teams decision, Confluence runbook, Jira acceptance criteria, Grafana metric, and PagerDuty incident history."
DRA-00924,2023-01-01,assumption,,pricing-engine,Sara Novak,accepted,ATLAS-5554,PR-9450,PD-2056,Assumption for pricing-engine: QA evidence is missing.,"Evidence: Teams decision, Confluence runbook, Jira acceptance criteria, Grafana metric, and PagerDuty incident history."
DRA-00925,2023-01-03,open_question,,payment-orchestrator,Samir Rao,watching,ATLAS-3173,PR-9539,,Open_Question for payment-orchestrator: rollback owner must be assigned.,"Evidence: Teams decision, Confluence runbook, Jira acceptance criteria, Grafana metric, and PagerDuty incident history."
DRA-00926,2023-01-05,assumption,,analytics-pipeline,Jon Bell,closed,ATLAS-2748,PR-5060,,Assumption for analytics-pipeline: database migration needs rehearsal.,"Evidence: Teams decision, Confluence runbook, Jira acceptance criteria, Grafana metric, and PagerDuty incident history."
DRA-00927,2023-01-07,assumption,,order-ledger,Yara Haddad,closed,ATLAS-5999,PR-11568,,Assumption for order-ledger: rollback owner must be assigned.,"Evidence: Teams decision, Confluence runbook, Jira acceptance criteria, Grafana metric, and PagerDuty incident history."
DRA-00928,2023-01-09,open_question,,loyalty-service,Sara Novak,watching,ATLAS-2857,PR-5507,,Open_Question for loyalty-service: feature flag remains required.,"Evidence: Teams decision, Confluence runbook, Jira acceptance criteria, Grafana metric, and PagerDuty incident history."
DRA-00929,2023-01-10,action,,loyalty-service,Elena Petrova,watching,ATLAS-1896,PR-5416,,Action for loyalty-service: support escalation macro must be updated.,"Evidence: Teams decision, Confluence runbook, Jira acceptance criteria, Grafana metric, and PagerDuty incident history."
DRA-00930,2023-01-12,decision,,loyalty-service,Aisha Khan,accepted,ATLAS-5061,PR-11590,,Decision for loyalty-service: support escalation macro must be updated.,"Evidence: Teams decision, Confluence runbook, Jira acceptance criteria, Grafana metric, and PagerDuty incident history."
DRA-00931,2023-01-14,risk,medium,order-ledger,Mateo Garcia,closed,ATLAS-3268,PR-9974,,Risk for order-ledger: latency burn must stay below threshold.,"Evidence: Teams decision, Confluence runbook, Jira acceptance criteria, Grafana metric, and PagerDuty incident history."
DRA-00932,2023-01-16,assumption,,payment-orchestrator,Theo Martin,mitigated,ATLAS-1396,PR-8367,,Assumption for payment-orchestrator: database migration needs rehearsal.,"Evidence: Teams decision, Confluence runbook, Jira acceptance criteria, Grafana metric, and PagerDuty incident history."
DRA-00933,2023-01-18,open_question,,order-ledger,Aisha Khan,open,ATLAS-4444,PR-5721,,Open_Question for order-ledger: feature flag remains required.,"Evidence: Teams decision, Confluence runbook, Jira acceptance criteria, Grafana metric, and PagerDuty incident history."
DRA-00934,2023-01-19,open_question,,auth-gateway,Samir Rao,watching,ATLAS-5236,PR-7647,,Open_Question for auth-gateway: feature flag remains required.,"Evidence: Teams decision, Confluence runbook, Jira acceptance criteria, Grafana metric, and PagerDuty incident history."
DRA-00935,2023-01-21,decision,,search-recommendations,Victor Silva,accepted,ATLAS-5516,PR-6717,,Decision for search-recommendations: support escalation macro must be updated.,"Evidence: Teams decision, Confluence runbook, Jira acceptance criteria, Grafana metric, and PagerDuty incident history."
DRA-00936,2023-01-23,open_question,,search-recommendations,Harper Lee,closed,ATLAS-5125,PR-5065,,Open_Question for search-recommendations: QA evidence is missing.,"Evidence: Teams decision, Confluence runbook, Jira acceptance criteria, Grafana metric, and PagerDuty incident history."
DRA-00937,2023-01-25,blocker,medium,payment-orchestrator,Ben Carter,accepted,ATLAS-2480,PR-7801,,Blocker for payment-orchestrator: feature flag remains required.,"Evidence: Teams decision, Confluence runbook, Jira acceptance criteria, Grafana metric, and PagerDuty incident history."
DRA-00938,2023-01-27,blocker,critical,search-recommendations,Priya Nair,closed,ATLAS-5562,PR-9989,,Blocker for search-recommendations: QA evidence is missing.,"Evidence: Teams decision, Confluence runbook, Jira acceptance criteria, Grafana metric, and PagerDuty incident history."
DRA-00939,2023-01-29,risk,high,inventory-reservation,Jon Bell,mitigated,ATLAS-4977,PR-11827,PD-2324,Risk for inventory-reservation: feature flag remains required.,"Evidence: Teams decision, Confluence runbook, Jira acceptance criteria, Grafana metric, and PagerDuty incident history."
DRA-00940,2023-01-30,decision,,payment-orchestrator,Maya Chen,mitigated,ATLAS-3857,PR-5833,,Decision for payment-orchestrator: QA evidence is missing.,"Evidence: Teams decision, Confluence runbook, Jira acceptance criteria, Grafana metric, and PagerDuty incident history."
DRA-00941,2023-02-01,action,,loyalty-service,Victor Silva,accepted,ATLAS-2554,PR-6720,,Action for loyalty-service: rollback owner must be assigned.,"Evidence: Teams decision, Confluence runbook, Jira acceptance criteria, Grafana metric, and PagerDuty incident history."
DRA-00942,2023-02-03,risk,medium,checkout-api,Maya Chen,closed,ATLAS-2218,PR-7532,,Risk for checkout-api: QA evidence is missing.,"Evidence: Teams decision, Confluence runbook, Jira acceptance criteria, Grafana metric, and PagerDuty incident history."
DRA-00943,2023-02-05,action,,loyalty-service,Dmitri Volkov,closed,ATLAS-1549,PR-9104,PD-2283,Action for loyalty-service: rollback owner must be assigned.,"Evidence: Teams decision, Confluence runbook, Jira acceptance criteria, Grafana metric, and PagerDuty incident history."
DRA-00944,2023-02-07,open_question,,cart-service,Anika Sharma,accepted,ATLAS-6191,PR-5964,,Open_Question for cart-service: rollback owner must be assigned.,"Evidence: Teams decision, Confluence runbook, Jira acceptance criteria, Grafana metric, and PagerDuty incident history."
DRA-00945,2023-02-08,action,,cart-service,Iris Wang,open,ATLAS-5264,PR-5330,,Action for cart-service: rollback owner must be assigned.,"Evidence: Teams decision, Confluence runbook, Jira acceptance criteria, Grafana metric, and PagerDuty incident history."
DRA-00946,2023-02-10,risk,low,auth-gateway,Anika Sharma,mitigated,ATLAS-5803,PR-8892,PD-2348,Risk for auth-gateway: QA evidence is missing.,"Evidence: Teams decision, Confluence runbook, Jira acceptance criteria, Grafana metric, and PagerDuty incident history."
DRA-00947,2023-02-12,assumption,,checkout-api,Nora Singh,watching,ATLAS-2970,PR-5799,,Assumption for checkout-api: rollback owner must be assigned.,"Evidence: Teams decision, Confluence runbook, Jira acceptance criteria, Grafana metric, and PagerDuty incident history."
DRA-00948,2023-02-14,open_question,,auth-gateway,Iris Wang,closed,ATLAS-1297,PR-7167,,Open_Question for auth-gateway: latency burn must stay below threshold.,"Evidence: Teams decision, Confluence runbook, Jira acceptance criteria, Grafana metric, and PagerDuty incident history."
DRA-00949,2023-02-16,open_question,,pricing-engine,Theo Martin,closed,ATLAS-5758,PR-7334,PD-2504,Open_Question for pricing-engine: feature flag remains required.,"Evidence: Teams decision, Confluence runbook, Jira acceptance criteria, Grafana metric, and PagerDuty incident history."
DRA-00950,2023-02-18,open_question,,search-recommendations,Aisha Khan,open,ATLAS-1532,PR-5599,,Open_Question for search-recommendations: database migration needs rehearsal.,"Evidence: Teams decision, Confluence runbook, Jira acceptance criteria, Grafana metric, and PagerDuty incident history."
DRA-00951,2023-02-19,blocker,medium,loyalty-service,Luca Moretti,closed,ATLAS-1282,PR-7492,,Blocker for loyalty-service: QA evidence is missing.,"Evidence: Teams decision, Confluence runbook, Jira acceptance criteria, Grafana metric, and PagerDuty incident history."
DRA-00952,2023-02-21,open_question,,checkout-api,Elena Petrova,accepted,ATLAS-5460,PR-9058,,Open_Question for checkout-api: rollback owner must be assigned.,"Evidence: Teams decision, Confluence runbook, Jira acceptance criteria, Grafana metric, and PagerDuty incident history."
DRA-00953,2023-02-23,open_question,,inventory-reservation,Aisha Khan,closed,ATLAS-6077,PR-11342,,Open_Question for inventory-reservation: rollback owner must be assigned.,"Evidence: Teams decision, Confluence runbook, Jira acceptance criteria, Grafana metric, and PagerDuty incident history."
DRA-00954,2023-02-25,assumption,,search-recommendations,Kim Tan,open,ATLAS-2145,PR-7130,PD-2610,Assumption for search-recommendations: QA evidence is missing.,"Evidence: Teams decision, Confluence runbook, Jira acceptance criteria, Grafana metric, and PagerDuty incident history."
DRA-00955,2023-02-27,assumption,,search-recommendations,Ravi Patel,accepted,ATLAS-2346,PR-6249,,Assumption for search-recommendations: latency burn must stay below threshold.,"Evidence: Teams decision, Confluence runbook, Jira acceptance criteria, Grafana metric, and PagerDuty incident history."
DRA-00956,2023-02-28,action,,tax-service,Mateo Garcia,accepted,ATLAS-2946,PR-8916,,Action for tax-service: QA evidence is missing.,"Evidence: Teams decision, Confluence runbook, Jira acceptance criteria, Grafana metric, and PagerDuty incident history."
DRA-00957,2023-03-02,assumption,,analytics-pipeline,Maya Chen,watching,ATLAS-5879,PR-5432,,Assumption for analytics-pipeline: latency burn must stay below threshold.,"Evidence: Teams decision, Confluence runbook, Jira acceptance criteria, Grafana metric, and PagerDuty incident history."
DRA-00958,2023-03-04,action,,order-ledger,Nora Singh,closed,ATLAS-4640,PR-6468,,Action for order-ledger: feature flag remains required.,"Evidence: Teams decision, Confluence runbook, Jira acceptance criteria, Grafana metric, and PagerDuty incident history."
DRA-00959,2023-03-06,action,,inventory-reservation,Noah Evans,closed,ATLAS-4573,PR-12259,,Action for inventory-reservation: database migration needs rehearsal.,"Evidence: Teams decision, Confluence runbook, Jira acceptance criteria, Grafana metric, and PagerDuty incident history."
DRA-00960,2023-03-08,action,,analytics-pipeline,Anika Sharma,open,ATLAS-3921,PR-5354,,Action for analytics-pipeline: QA evidence is missing.,"Evidence: Teams decision, Confluence runbook, Jira acceptance criteria, Grafana metric, and PagerDuty incident history."
DRA-00961,2023-03-10,blocker,high,notification-service,Kim Tan,mitigated,ATLAS-1080,PR-12435,,Blocker for notification-service: latency burn must stay below threshold.,"Evidence: Teams decision, Confluence runbook, Jira acceptance criteria, Grafana metric, and PagerDuty incident history."
DRA-00962,2023-03-11,decision,,inventory-reservation,Grace Kim,mitigated,ATLAS-2165,PR-7104,PD-2678,Decision for inventory-reservation: support escalation macro must be updated.,"Evidence: Teams decision, Confluence runbook, Jira acceptance criteria, Grafana metric, and PagerDuty incident history."
DRA-00963,2023-03-13,blocker,high,checkout-api,Elena Petrova,accepted,ATLAS-2334,PR-10897,,Blocker for checkout-api: rollback owner must be assigned.,"Evidence: Teams decision, Confluence runbook, Jira acceptance criteria, Grafana metric, and PagerDuty incident history."
DRA-00964,2023-03-15,risk,critical,search-recommendations,Dmitri Volkov,mitigated,ATLAS-4693,PR-6005,,Risk for search-recommendations: database migration needs rehearsal.,"Evidence: Teams decision, Confluence runbook, Jira acceptance criteria, Grafana metric, and PagerDuty incident history."
DRA-00965,2023-03-17,decision,,notification-service,Maya Chen,accepted,ATLAS-2423,PR-8685,,Decision for notification-service: QA evidence is missing.,"Evidence: Teams decision, Confluence runbook, Jira acceptance criteria, Grafana metric, and PagerDuty incident history."
DRA-00966,2023-03-19,decision,,checkout-api,Noah Evans,mitigated,ATLAS-2069,PR-5020,,Decision for checkout-api: latency burn must stay below threshold.,"Evidence: Teams decision, Confluence runbook, Jira acceptance criteria, Grafana metric, and PagerDuty incident history."
DRA-00967,2023-03-20,assumption,,loyalty-service,Samir Rao,accepted,ATLAS-3645,PR-6202,,Assumption for loyalty-service: QA evidence is missing.,"Evidence: Teams decision, Confluence runbook, Jira acceptance criteria, Grafana metric, and PagerDuty incident history."
DRA-00968,2023-03-22,action,,notification-service,Theo Martin,accepted,ATLAS-4068,PR-11856,,Action for notification-service: latency burn must stay below threshold.,"Evidence: Teams decision, Confluence runbook, Jira acceptance criteria, Grafana metric, and PagerDuty incident history."
DRA-00969,2023-03-24,decision,,loyalty-service,Noah Evans,open,ATLAS-2495,PR-8705,PD-2148,Decision for loyalty-service: rollback owner must be assigned.,"Evidence: Teams decision, Confluence runbook, Jira acceptance criteria, Grafana metric, and PagerDuty incident history."
DRA-00970,2023-03-26,decision,,order-ledger,Fatima Noor,accepted,ATLAS-3804,PR-11235,,Decision for order-ledger: QA evidence is missing.,"Evidence: Teams decision, Confluence runbook, Jira acceptance criteria, Grafana metric, and PagerDuty incident history."
DRA-00971,2023-03-28,assumption,,auth-gateway,Victor Silva,watching,ATLAS-5459,PR-11972,,Assumption for auth-gateway: database migration needs rehearsal.,"Evidence: Teams decision, Confluence runbook, Jira acceptance criteria, Grafana metric, and PagerDuty incident history."
DRA-00972,2023-03-29,blocker,medium,pricing-engine,Dmitri Volkov,watching,ATLAS-2591,PR-9153,,Blocker for pricing-engine: feature flag remains required.,"Evidence: Teams decision, Confluence runbook, Jira acceptance criteria, Grafana metric, and PagerDuty incident history."
DRA-00973,2023-03-31,blocker,critical,notification-service,Victor Silva,watching,ATLAS-1623,PR-9917,,Blocker for notification-service: latency burn must stay below threshold.,"Evidence: Teams decision, Confluence runbook, Jira acceptance criteria, Grafana metric, and PagerDuty incident history."
DRA-00974,2023-04-02,blocker,low,tax-service,Noah Evans,open,ATLAS-5136,PR-6962,PD-2556,Blocker for tax-service: latency burn must stay below threshold.,"Evidence: Teams decision, Confluence runbook, Jira acceptance criteria, Grafana metric, and PagerDuty incident history."
DRA-00975,2023-04-04,blocker,critical,checkout-api,Kim Tan,open,ATLAS-4875,PR-6532,,Blocker for checkout-api: feature flag remains required.,"Evidence: Teams decision, Confluence runbook, Jira acceptance criteria, Grafana metric, and PagerDuty incident history."
DRA-00976,2023-04-06,action,,loyalty-service,Priya Nair,accepted,ATLAS-3702,PR-5421,,Action for loyalty-service: QA evidence is missing.,"Evidence: Teams decision, Confluence runbook, Jira acceptance criteria, Grafana metric, and PagerDuty incident history."
DRA-00977,2023-04-08,action,,notification-service,Maya Chen,closed,ATLAS-3179,PR-8514,,Action for notification-service: feature flag remains required.,"Evidence: Teams decision, Confluence runbook, Jira acceptance criteria, Grafana metric, and PagerDuty incident history."
DRA-00978,2023-04-09,blocker,high,auth-gateway,Noah Evans,open,ATLAS-5337,PR-6731,,Blocker for auth-gateway: QA evidence is missing.,"Evidence: Teams decision, Confluence runbook, Jira acceptance criteria, Grafana metric, and PagerDuty incident history."
DRA-00979,2023-04-11,risk,high,notification-service,Luca Moretti,watching,ATLAS-5940,PR-9767,PD-2629,Risk for notification-service: latency burn must stay below threshold.,"Evidence: Teams decision, Confluence runbook, Jira acceptance criteria, Grafana metric, and PagerDuty incident history."
DRA-00980,2023-04-13,assumption,,cart-service,Nora Singh,open,ATLAS-1438,PR-12060,,Assumption for cart-service: feature flag remains required.,"Evidence: Teams decision, Confluence runbook, Jira acceptance criteria, Grafana metric, and PagerDuty incident history."
DRA-00981,2023-04-15,open_question,,pricing-engine,Owen Brooks,accepted,ATLAS-4957,PR-10584,,Open_Question for pricing-engine: support escalation macro must be updated.,"Evidence: Teams decision, Confluence runbook, Jira acceptance criteria, Grafana metric, and PagerDuty incident history."
DRA-00982,2023-04-17,open_question,,pricing-engine,Priya Nair,accepted,ATLAS-4319,PR-8489,,Open_Question for pricing-engine: latency burn must stay below threshold.,"Evidence: Teams decision, Confluence runbook, Jira acceptance criteria, Grafana metric, and PagerDuty incident history."
DRA-00983,2023-04-18,risk,critical,analytics-pipeline,Samir Rao,watching,ATLAS-1475,PR-10187,,Risk for analytics-pipeline: QA evidence is missing.,"Evidence: Teams decision, Confluence runbook, Jira acceptance criteria, Grafana metric, and PagerDuty incident history."
DRA-00984,2023-04-20,assumption,,analytics-pipeline,Ravi Patel,mitigated,ATLAS-1947,PR-7688,PD-2273,Assumption for analytics-pipeline: feature flag remains required.,"Evidence: Teams decision, Confluence runbook, Jira acceptance criteria, Grafana metric, and PagerDuty incident history."
DRA-00985,2023-04-22,blocker,medium,loyalty-service,Aisha Khan,accepted,ATLAS-5828,PR-5215,,Blocker for loyalty-service: database migration needs rehearsal.,"Evidence: Teams decision, Confluence runbook, Jira acceptance criteria, Grafana metric, and PagerDuty incident history."
DRA-00986,2023-04-24,risk,medium,checkout-api,Iris Wang,closed,ATLAS-4013,PR-6800,PD-2773,Risk for checkout-api: latency burn must stay below threshold.,"Evidence: Teams decision, Confluence runbook, Jira acceptance criteria, Grafana metric, and PagerDuty incident history."
DRA-00987,2023-04-26,blocker,critical,tax-service,Jon Bell,mitigated,ATLAS-5048,PR-9922,,Blocker for tax-service: database migration needs rehearsal.,"Evidence: Teams decision, Confluence runbook, Jira acceptance criteria, Grafana metric, and PagerDuty incident history."
DRA-00988,2023-04-28,assumption,,checkout-api,Theo Martin,accepted,ATLAS-4857,PR-9482,,Assumption for checkout-api: latency burn must stay below threshold.,"Evidence: Teams decision, Confluence runbook, Jira acceptance criteria, Grafana metric, and PagerDuty incident history."
DRA-00989,2023-04-29,risk,low,loyalty-service,Ben Carter,accepted,ATLAS-4316,PR-5193,,Risk for loyalty-service: database migration needs rehearsal.,"Evidence: Teams decision, Confluence runbook, Jira acceptance criteria, Grafana metric, and PagerDuty incident history."
DRA-00990,2023-05-01,assumption,,payment-orchestrator,Elena Petrova,open,ATLAS-2316,PR-8526,,Assumption for payment-orchestrator: QA evidence is missing.,"Evidence: Teams decision, Confluence runbook, Jira acceptance criteria, Grafana metric, and PagerDuty incident history."
DRA-00991,2023-05-03,risk,medium,auth-gateway,Jon Bell,open,ATLAS-3087,PR-9724,PD-2832,Risk for auth-gateway: latency burn must stay below threshold.,"Evidence: Teams decision, Confluence runbook, Jira acceptance criteria, Grafana metric, and PagerDuty incident history."
DRA-00992,2023-05-05,blocker,medium,tax-service,Sara Novak,mitigated,ATLAS-4859,PR-9457,PD-2098,Blocker for tax-service: rollback owner must be assigned.,"Evidence: Teams decision, Confluence runbook, Jira acceptance criteria, Grafana metric, and PagerDuty incident history."
DRA-00993,2023-05-07,decision,,checkout-api,Noah Evans,open,ATLAS-2286,PR-7306,PD-2258,Decision for checkout-api: rollback owner must be assigned.,"Evidence: Teams decision, Confluence runbook, Jira acceptance criteria, Grafana metric, and PagerDuty incident history."
DRA-00994,2023-05-08,risk,critical,order-ledger,Grace Kim,accepted,ATLAS-3365,PR-8043,,Risk for order-ledger: QA evidence is missing.,"Evidence: Teams decision, Confluence runbook, Jira acceptance criteria, Grafana metric, and PagerDuty incident history."
DRA-00995,2023-05-10,open_question,,cart-service,Elena Petrova,closed,ATLAS-2100,PR-7585,,Open_Question for cart-service: latency burn must stay below threshold.,"Evidence: Teams decision, Confluence runbook, Jira acceptance criteria, Grafana metric, and PagerDuty incident history."
DRA-00996,2023-05-12,open_question,,cart-service,Iris Wang,open,ATLAS-4555,PR-9773,,Open_Question for cart-service: database migration needs rehearsal.,"Evidence: Teams decision, Confluence runbook, Jira acceptance criteria, Grafana metric, and PagerDuty incident history."
DRA-00997,2023-05-14,action,,notification-service,Priya Nair,open,ATLAS-5662,PR-9372,,Action for notification-service: database migration needs rehearsal.,"Evidence: Teams decision, Confluence runbook, Jira acceptance criteria, Grafana metric, and PagerDuty incident history."
DRA-00998,2023-05-16,open_question,,pricing-engine,Luca Moretti,watching,ATLAS-2463,PR-5912,PD-2772,Open_Question for pricing-engine: rollback owner must be assigned.,"Evidence: Teams decision, Confluence runbook, Jira acceptance criteria, Grafana metric, and PagerDuty incident history."
DRA-00999,2023-05-17,action,,analytics-pipeline,Victor Silva,watching,ATLAS-4091,PR-7692,,Action for analytics-pipeline: QA evidence is missing.,"Evidence: Teams decision, Confluence runbook, Jira acceptance criteria, Grafana metric, and PagerDuty incident history."
DRA-01000,2023-05-19,action,,loyalty-service,Maya Chen,mitigated,ATLAS-6190,PR-10170,,Action for loyalty-service: database migration needs rehearsal.,"Evidence: Teams decision, Confluence runbook, Jira acceptance criteria, Grafana metric, and PagerDuty incident history."
DRA-01001,2023-05-21,risk,medium,analytics-pipeline,Ravi Patel,accepted,ATLAS-1953,PR-11217,,Risk for analytics-pipeline: QA evidence is missing.,"Evidence: Teams decision, Confluence runbook, Jira acceptance criteria, Grafana metric, and PagerDuty incident history."
DRA-01002,2023-05-23,open_question,,order-ledger,Ravi Patel,open,ATLAS-4953,PR-8077,,Open_Question for order-ledger: latency burn must stay below threshold.,"Evidence: Teams decision, Confluence runbook, Jira acceptance criteria, Grafana metric, and PagerDuty incident history."
DRA-01003,2023-05-25,assumption,,payment-orchestrator,Ravi Patel,watching,ATLAS-2268,PR-8815,PD-2437,Assumption for payment-orchestrator: latency burn must stay below threshold.,"Evidence: Teams decision, Confluence runbook, Jira acceptance criteria, Grafana metric, and PagerDuty incident history."
DRA-01004,2023-05-27,open_question,,loyalty-service,Sara Novak,open,ATLAS-5502,PR-9359,,Open_Question for loyalty-service: rollback owner must be assigned.,"Evidence: Teams decision, Confluence runbook, Jira acceptance criteria, Grafana metric, and PagerDuty incident history."
DRA-01005,2023-05-28,assumption,,analytics-pipeline,Noah Evans,mitigated,ATLAS-1082,PR-5184,,Assumption for analytics-pipeline: latency burn must stay below threshold.,"Evidence: Teams decision, Confluence runbook, Jira acceptance criteria, Grafana metric, and PagerDuty incident history."
DRA-01006,2023-05-30,decision,,analytics-pipeline,Luca Moretti,closed,ATLAS-2069,PR-12075,,Decision for analytics-pipeline: feature flag remains required.,"Evidence: Teams decision, Confluence runbook, Jira acceptance criteria, Grafana metric, and PagerDuty incident history."
DRA-01007,2023-06-01,open_question,,payment-orchestrator,Samir Rao,watching,ATLAS-3513,PR-6221,,Open_Question for payment-orchestrator: QA evidence is missing.,"Evidence: Teams decision, Confluence runbook, Jira acceptance criteria, Grafana metric, and PagerDuty incident history."
DRA-01008,2023-06-03,decision,,checkout-api,Yara Haddad,mitigated,ATLAS-4255,PR-11739,,Decision for checkout-api: database migration needs rehearsal.,"Evidence: Teams decision, Confluence runbook, Jira acceptance criteria, Grafana metric, and PagerDuty incident history."
DRA-01009,2023-06-05,decision,,auth-gateway,Owen Brooks,watching,ATLAS-4425,PR-8647,,Decision for auth-gateway: latency burn must stay below threshold.,"Evidence: Teams decision, Confluence runbook, Jira acceptance criteria, Grafana metric, and PagerDuty incident history."
DRA-01010,2023-06-06,blocker,critical,payment-orchestrator,Mateo Garcia,mitigated,ATLAS-1349,PR-9303,,Blocker for payment-orchestrator: latency burn must stay below threshold.,"Evidence: Teams decision, Confluence runbook, Jira acceptance criteria, Grafana metric, and PagerDuty incident history."
DRA-01011,2023-06-08,open_question,,tax-service,Fatima Noor,open,ATLAS-2964,PR-5617,,Open_Question for tax-service: latency burn must stay below threshold.,"Evidence: Teams decision, Confluence runbook, Jira acceptance criteria, Grafana metric, and PagerDuty incident history."
DRA-01012,2023-06-10,open_question,,search-recommendations,Grace Kim,closed,ATLAS-4794,PR-10330,,Open_Question for search-recommendations: latency burn must stay below threshold.,"Evidence: Teams decision, Confluence runbook, Jira acceptance criteria, Grafana metric, and PagerDuty incident history."
DRA-01013,2023-06-12,open_question,,loyalty-service,Samir Rao,closed,ATLAS-4800,PR-6433,PD-2298,Open_Question for loyalty-service: support escalation macro must be updated.,"Evidence: Teams decision, Confluence runbook, Jira acceptance criteria, Grafana metric, and PagerDuty incident history."
DRA-01014,2023-06-14,risk,high,pricing-engine,Owen Brooks,closed,ATLAS-5750,PR-7038,,Risk for pricing-engine: rollback owner must be assigned.,"Evidence: Teams decision, Confluence runbook, Jira acceptance criteria, Grafana metric, and PagerDuty incident history."
DRA-01015,2023-06-16,risk,medium,tax-service,Luca Moretti,mitigated,ATLAS-6084,PR-7628,,Risk for tax-service: QA evidence is missing.,"Evidence: Teams decision, Confluence runbook, Jira acceptance criteria, Grafana metric, and PagerDuty incident history."
DRA-01016,2023-06-17,blocker,medium,analytics-pipeline,Harper Lee,accepted,ATLAS-2787,PR-5521,,Blocker for analytics-pipeline: feature flag remains required.,"Evidence: Teams decision, Confluence runbook, Jira acceptance criteria, Grafana metric, and PagerDuty incident history."
DRA-01017,2023-06-19,action,,loyalty-service,Ben Carter,mitigated,ATLAS-4287,PR-6108,,Action for loyalty-service: support escalation macro must be updated.,"Evidence: Teams decision, Confluence runbook, Jira acceptance criteria, Grafana metric, and PagerDuty incident history."
DRA-01018,2023-06-21,decision,,analytics-pipeline,Priya Nair,watching,ATLAS-3108,PR-8044,,Decision for analytics-pipeline: feature flag remains required.,"Evidence: Teams decision, Confluence runbook, Jira acceptance criteria, Grafana metric, and PagerDuty incident history."
DRA-01019,2023-06-23,blocker,medium,loyalty-service,Mateo Garcia,open,ATLAS-3613,PR-5654,PD-2433,Blocker for loyalty-service: support escalation macro must be updated.,"Evidence: Teams decision, Confluence runbook, Jira acceptance criteria, Grafana metric, and PagerDuty incident history."
DRA-01020,2023-06-25,decision,,loyalty-service,Jon Bell,mitigated,ATLAS-4965,PR-7745,,Decision for loyalty-service: database migration needs rehearsal.,"Evidence: Teams decision, Confluence runbook, Jira acceptance criteria, Grafana metric, and PagerDuty incident history."
DRA-01021,2023-06-26,risk,medium,inventory-reservation,Luca Moretti,closed,ATLAS-6139,PR-11073,,Risk for inventory-reservation: latency burn must stay below threshold.,"Evidence: Teams decision, Confluence runbook, Jira acceptance criteria, Grafana metric, and PagerDuty incident history."
DRA-01022,2023-06-28,decision,,order-ledger,Ben Carter,mitigated,ATLAS-3553,PR-5750,,Decision for order-ledger: support escalation macro must be updated.,"Evidence: Teams decision, Confluence runbook, Jira acceptance criteria, Grafana metric, and PagerDuty incident history."
DRA-01023,2023-06-30,assumption,,notification-service,Elena Petrova,open,ATLAS-4528,PR-5819,,Assumption for notification-service: latency burn must stay below threshold.,"Evidence: Teams decision, Confluence runbook, Jira acceptance criteria, Grafana metric, and PagerDuty incident history."
DRA-01024,2023-07-02,action,,notification-service,Sara Novak,watching,ATLAS-3348,PR-9497,,Action for notification-service: QA evidence is missing.,"Evidence: Teams decision, Confluence runbook, Jira acceptance criteria, Grafana metric, and PagerDuty incident history."
DRA-01025,2023-07-04,decision,,search-recommendations,Maya Chen,watching,ATLAS-2258,PR-8161,,Decision for search-recommendations: latency burn must stay below threshold.,"Evidence: Teams decision, Confluence runbook, Jira acceptance criteria, Grafana metric, and PagerDuty incident history."
DRA-01026,2023-07-06,blocker,low,analytics-pipeline,Harper Lee,open,ATLAS-3868,PR-9531,PD-2443,Blocker for analytics-pipeline: rollback owner must be assigned.,"Evidence: Teams decision, Confluence runbook, Jira acceptance criteria, Grafana metric, and PagerDuty incident history."
DRA-01027,2023-07-07,open_question,,notification-service,Victor Silva,accepted,ATLAS-3818,PR-6279,,Open_Question for notification-service: feature flag remains required.,"Evidence: Teams decision, Confluence runbook, Jira acceptance criteria, Grafana metric, and PagerDuty incident history."
DRA-01028,2023-07-09,action,,payment-orchestrator,Dmitri Volkov,watching,ATLAS-1931,PR-5934,,Action for payment-orchestrator: QA evidence is missing.,"Evidence: Teams decision, Confluence runbook, Jira acceptance criteria, Grafana metric, and PagerDuty incident history."
DRA-01029,2023-07-11,action,,search-recommendations,Samir Rao,closed,ATLAS-2208,PR-7487,,Action for search-recommendations: feature flag remains required.,"Evidence: Teams decision, Confluence runbook, Jira acceptance criteria, Grafana metric, and PagerDuty incident history."
DRA-01030,2023-07-13,open_question,,loyalty-service,Samir Rao,open,ATLAS-1924,PR-8583,,Open_Question for loyalty-service: latency burn must stay below threshold.,"Evidence: Teams decision, Confluence runbook, Jira acceptance criteria, Grafana metric, and PagerDuty incident history."
DRA-01031,2023-07-15,assumption,,tax-service,Elena Petrova,watching,ATLAS-3988,PR-10515,,Assumption for tax-service: database migration needs rehearsal.,"Evidence: Teams decision, Confluence runbook, Jira acceptance criteria, Grafana metric, and PagerDuty incident history."
DRA-01032,2023-07-16,blocker,low,search-recommendations,Aisha Khan,mitigated,ATLAS-6010,PR-8705,,Blocker for search-recommendations: feature flag remains required.,"Evidence: Teams decision, Confluence runbook, Jira acceptance criteria, Grafana metric, and PagerDuty incident history."
DRA-01033,2023-07-18,blocker,low,payment-orchestrator,Luca Moretti,closed,ATLAS-1340,PR-6077,,Blocker for payment-orchestrator: latency burn must stay below threshold.,"Evidence: Teams decision, Confluence runbook, Jira acceptance criteria, Grafana metric, and PagerDuty incident history."
DRA-01034,2023-07-20,assumption,,cart-service,Jon Bell,closed,ATLAS-1383,PR-6085,,Assumption for cart-service: QA evidence is missing.,"Evidence: Teams decision, Confluence runbook, Jira acceptance criteria, Grafana metric, and PagerDuty incident history."
DRA-01035,2023-07-22,action,,analytics-pipeline,Theo Martin,open,ATLAS-5386,PR-9939,,Action for analytics-pipeline: rollback owner must be assigned.,"Evidence: Teams decision, Confluence runbook, Jira acceptance criteria, Grafana metric, and PagerDuty incident history."
DRA-01036,2023-07-24,assumption,,notification-service,Owen Brooks,closed,ATLAS-1066,PR-5356,,Assumption for notification-service: QA evidence is missing.,"Evidence: Teams decision, Confluence runbook, Jira acceptance criteria, Grafana metric, and PagerDuty incident history."
DRA-01037,2023-07-25,assumption,,tax-service,Aisha Khan,open,ATLAS-1010,PR-8524,,Assumption for tax-service: feature flag remains required.,"Evidence: Teams decision, Confluence runbook, Jira acceptance criteria, Grafana metric, and PagerDuty incident history."
DRA-01038,2023-07-27,assumption,,payment-orchestrator,Harper Lee,accepted,ATLAS-1504,PR-7144,,Assumption for payment-orchestrator: latency burn must stay below threshold.,"Evidence: Teams decision, Confluence runbook, Jira acceptance criteria, Grafana metric, and PagerDuty incident history."
DRA-01039,2023-07-29,risk,high,loyalty-service,Owen Brooks,closed,ATLAS-4166,PR-8466,PD-2235,Risk for loyalty-service: support escalation macro must be updated.,"Evidence: Teams decision, Confluence runbook, Jira acceptance criteria, Grafana metric, and PagerDuty incident history."
DRA-01040,2023-07-31,open_question,,notification-service,Sara Novak,watching,ATLAS-1467,PR-7494,,Open_Question for notification-service: latency burn must stay below threshold.,"Evidence: Teams decision, Confluence runbook, Jira acceptance criteria, Grafana metric, and PagerDuty incident history."
DRA-01041,2023-08-02,assumption,,loyalty-service,Mateo Garcia,accepted,ATLAS-4998,PR-9558,PD-2330,Assumption for loyalty-service: rollback owner must be assigned.,"Evidence: Teams decision, Confluence runbook, Jira acceptance criteria, Grafana metric, and PagerDuty incident history."
DRA-01042,2023-08-04,action,,analytics-pipeline,Noah Evans,mitigated,ATLAS-2186,PR-6284,,Action for analytics-pipeline: QA evidence is missing.,"Evidence: Teams decision, Confluence runbook, Jira acceptance criteria, Grafana metric, and PagerDuty incident history."
DRA-01043,2023-08-05,assumption,,inventory-reservation,Luca Moretti,open,ATLAS-1325,PR-8164,PD-2623,Assumption for inventory-reservation: database migration needs rehearsal.,"Evidence: Teams decision, Confluence runbook, Jira acceptance criteria, Grafana metric, and PagerDuty incident history."
DRA-01044,2023-08-07,assumption,,analytics-pipeline,Owen Brooks,accepted,ATLAS-2080,PR-8937,,Assumption for analytics-pipeline: feature flag remains required.,"Evidence: Teams decision, Confluence runbook, Jira acceptance criteria, Grafana metric, and PagerDuty incident history."
DRA-01045,2023-08-09,action,,search-recommendations,Dmitri Volkov,watching,ATLAS-5539,PR-5413,,Action for search-recommendations: feature flag remains required.,"Evidence: Teams decision, Confluence runbook, Jira acceptance criteria, Grafana metric, and PagerDuty incident history."
DRA-01046,2023-08-11,action,,tax-service,Maya Chen,watching,ATLAS-3661,PR-7716,PD-2035,Action for tax-service: database migration needs rehearsal.,"Evidence: Teams decision, Confluence runbook, Jira acceptance criteria, Grafana metric, and PagerDuty incident history."
DRA-01047,2023-08-13,decision,,notification-service,Elena Petrova,mitigated,ATLAS-5571,PR-8910,PD-2376,Decision for notification-service: latency burn must stay below threshold.,"Evidence: Teams decision, Confluence runbook, Jira acceptance criteria, Grafana metric, and PagerDuty incident history."
DRA-01048,2023-08-14,assumption,,checkout-api,Ben Carter,watching,ATLAS-5628,PR-12435,,Assumption for checkout-api: rollback owner must be assigned.,"Evidence: Teams decision, Confluence runbook, Jira acceptance criteria, Grafana metric, and PagerDuty incident history."
DRA-01049,2023-08-16,assumption,,cart-service,Owen Brooks,mitigated,ATLAS-5629,PR-10727,,Assumption for cart-service: feature flag remains required.,"Evidence: Teams decision, Confluence runbook, Jira acceptance criteria, Grafana metric, and PagerDuty incident history."
DRA-01050,2023-08-18,risk,medium,auth-gateway,Maya Chen,open,ATLAS-3440,PR-12567,,Risk for auth-gateway: database migration needs rehearsal.,"Evidence: Teams decision, Confluence runbook, Jira acceptance criteria, Grafana metric, and PagerDuty incident history."
DRA-01051,2023-08-20,risk,high,checkout-api,Jon Bell,mitigated,ATLAS-1146,PR-8026,,Risk for checkout-api: feature flag remains required.,"Evidence: Teams decision, Confluence runbook, Jira acceptance criteria, Grafana metric, and PagerDuty incident history."
DRA-01052,2023-08-22,decision,,cart-service,Anika Sharma,closed,ATLAS-1435,PR-6425,,Decision for cart-service: QA evidence is missing.,"Evidence: Teams decision, Confluence runbook, Jira acceptance criteria, Grafana metric, and PagerDuty incident history."
DRA-01053,2023-08-24,assumption,,analytics-pipeline,Yara Haddad,closed,ATLAS-5470,PR-9415,,Assumption for analytics-pipeline: database migration needs rehearsal.,"Evidence: Teams decision, Confluence runbook, Jira acceptance criteria, Grafana metric, and PagerDuty incident history."
DRA-01054,2023-08-25,decision,,analytics-pipeline,Jon Bell,accepted,ATLAS-3311,PR-9960,,Decision for analytics-pipeline: QA evidence is missing.,"Evidence: Teams decision, Confluence runbook, Jira acceptance criteria, Grafana metric, and PagerDuty incident history."
DRA-01055,2023-08-27,blocker,high,pricing-engine,Dmitri Volkov,mitigated,ATLAS-4295,PR-10015,PD-2777,Blocker for pricing-engine: support escalation macro must be updated.,"Evidence: Teams decision, Confluence runbook, Jira acceptance criteria, Grafana metric, and PagerDuty incident history."
DRA-01056,2023-08-29,blocker,critical,inventory-reservation,Harper Lee,mitigated,ATLAS-2867,PR-8762,,Blocker for inventory-reservation: QA evidence is missing.,"Evidence: Teams decision, Confluence runbook, Jira acceptance criteria, Grafana metric, and PagerDuty incident history."
DRA-01057,2023-08-31,blocker,low,notification-service,Grace Kim,closed,ATLAS-4357,PR-7477,,Blocker for notification-service: support escalation macro must be updated.,"Evidence: Teams decision, Confluence runbook, Jira acceptance criteria, Grafana metric, and PagerDuty incident history."
DRA-01058,2023-09-02,assumption,,pricing-engine,Owen Brooks,mitigated,ATLAS-3371,PR-5987,,Assumption for pricing-engine: rollback owner must be assigned.,"Evidence: Teams decision, Confluence runbook, Jira acceptance criteria, Grafana metric, and PagerDuty incident history."
DRA-01059,2023-09-03,risk,high,tax-service,Samir Rao,mitigated,ATLAS-3281,PR-9329,,Risk for tax-service: support escalation macro must be updated.,"Evidence: Teams decision, Confluence runbook, Jira acceptance criteria, Grafana metric, and PagerDuty incident history."
DRA-01060,2023-09-05,blocker,low,search-recommendations,Luca Moretti,closed,ATLAS-2021,PR-7308,,Blocker for search-recommendations: rollback owner must be assigned.,"Evidence: Teams decision, Confluence runbook, Jira acceptance criteria, Grafana metric, and PagerDuty incident history."
DRA-01061,2023-09-07,decision,,analytics-pipeline,Luca Moretti,mitigated,ATLAS-2324,PR-8609,,Decision for analytics-pipeline: database migration needs rehearsal.,"Evidence: Teams decision, Confluence runbook, Jira acceptance criteria, Grafana metric, and PagerDuty incident history."
DRA-01062,2023-09-09,action,,payment-orchestrator,Ben Carter,accepted,ATLAS-5435,PR-9128,,Action for payment-orchestrator: feature flag remains required.,"Evidence: Teams decision, Confluence runbook, Jira acceptance criteria, Grafana metric, and PagerDuty incident history."
DRA-01063,2023-09-11,open_question,,cart-service,Anika Sharma,open,ATLAS-5997,PR-9485,,Open_Question for cart-service: QA evidence is missing.,"Evidence: Teams decision, Confluence runbook, Jira acceptance criteria, Grafana metric, and PagerDuty incident history."
DRA-01064,2023-09-13,assumption,,auth-gateway,Iris Wang,mitigated,ATLAS-1417,PR-10178,,Assumption for auth-gateway: support escalation macro must be updated.,"Evidence: Teams decision, Confluence runbook, Jira acceptance criteria, Grafana metric, and PagerDuty incident history."
DRA-01065,2023-09-14,action,,cart-service,Ravi Patel,watching,ATLAS-4592,PR-9015,,Action for cart-service: support escalation macro must be updated.,"Evidence: Teams decision, Confluence runbook, Jira acceptance criteria, Grafana metric, and PagerDuty incident history."
DRA-01066,2023-09-16,action,,order-ledger,Yara Haddad,accepted,ATLAS-2397,PR-5169,,Action for order-ledger: feature flag remains required.,"Evidence: Teams decision, Confluence runbook, Jira acceptance criteria, Grafana metric, and PagerDuty incident history."
DRA-01067,2023-09-18,assumption,,cart-service,Elena Petrova,open,ATLAS-5084,PR-7482,,Assumption for cart-service: rollback owner must be assigned.,"Evidence: Teams decision, Confluence runbook, Jira acceptance criteria, Grafana metric, and PagerDuty incident history."
DRA-01068,2023-09-20,open_question,,checkout-api,Samir Rao,open,ATLAS-3377,PR-10467,,Open_Question for checkout-api: rollback owner must be assigned.,"Evidence: Teams decision, Confluence runbook, Jira acceptance criteria, Grafana metric, and PagerDuty incident history."
DRA-01069,2023-09-22,action,,loyalty-service,Jon Bell,accepted,ATLAS-1614,PR-11391,,Action for loyalty-service: rollback owner must be assigned.,"Evidence: Teams decision, Confluence runbook, Jira acceptance criteria, Grafana metric, and PagerDuty incident history."
DRA-01070,2023-09-23,risk,critical,cart-service,Fatima Noor,watching,ATLAS-2954,PR-8693,PD-2447,Risk for cart-service: database migration needs rehearsal.,"Evidence: Teams decision, Confluence runbook, Jira acceptance criteria, Grafana metric, and PagerDuty incident history."
DRA-01071,2023-09-25,risk,low,cart-service,Samir Rao,watching,ATLAS-5162,PR-7091,,Risk for cart-service: database migration needs rehearsal.,"Evidence: Teams decision, Confluence runbook, Jira acceptance criteria, Grafana metric, and PagerDuty incident history."
DRA-01072,2023-09-27,risk,critical,pricing-engine,Victor Silva,accepted,ATLAS-3850,PR-10113,,Risk for pricing-engine: feature flag remains required.,"Evidence: Teams decision, Confluence runbook, Jira acceptance criteria, Grafana metric, and PagerDuty incident history."
DRA-01073,2023-09-29,open_question,,cart-service,Sara Novak,watching,ATLAS-3876,PR-9176,,Open_Question for cart-service: latency burn must stay below threshold.,"Evidence: Teams decision, Confluence runbook, Jira acceptance criteria, Grafana metric, and PagerDuty incident history."
DRA-01074,2023-10-01,decision,,auth-gateway,Ravi Patel,open,ATLAS-5972,PR-6431,PD-2781,Decision for auth-gateway: feature flag remains required.,"Evidence: Teams decision, Confluence runbook, Jira acceptance criteria, Grafana metric, and PagerDuty incident history."
DRA-01075,2023-10-02,assumption,,inventory-reservation,Nora Singh,mitigated,ATLAS-2499,PR-5975,PD-2504,Assumption for inventory-reservation: database migration needs rehearsal.,"Evidence: Teams decision, Confluence runbook, Jira acceptance criteria, Grafana metric, and PagerDuty incident history."
DRA-01076,2023-10-04,risk,high,cart-service,Elena Petrova,accepted,ATLAS-5519,PR-8718,PD-2878,Risk for cart-service: rollback owner must be assigned.,"Evidence: Teams decision, Confluence runbook, Jira acceptance criteria, Grafana metric, and PagerDuty incident history."
DRA-01077,2023-10-06,risk,high,cart-service,Noah Evans,closed,ATLAS-2530,PR-12411,,Risk for cart-service: feature flag remains required.,"Evidence: Teams decision, Confluence runbook, Jira acceptance criteria, Grafana metric, and PagerDuty incident history."
DRA-01078,2023-10-08,action,,payment-orchestrator,Fatima Noor,watching,ATLAS-5349,PR-5838,,Action for payment-orchestrator: QA evidence is missing.,"Evidence: Teams decision, Confluence runbook, Jira acceptance criteria, Grafana metric, and PagerDuty incident history."
DRA-01079,2023-10-10,blocker,high,search-recommendations,Dmitri Volkov,accepted,ATLAS-4160,PR-8203,,Blocker for search-recommendations: QA evidence is missing.,"Evidence: Teams decision, Confluence runbook, Jira acceptance criteria, Grafana metric, and PagerDuty incident history."
DRA-01080,2023-10-12,assumption,,loyalty-service,Aisha Khan,watching,ATLAS-2698,PR-9596,,Assumption for loyalty-service: rollback owner must be assigned.,"Evidence: Teams decision, Confluence runbook, Jira acceptance criteria, Grafana metric, and PagerDuty incident history."
DRA-01081,2023-10-13,decision,,notification-service,Ben Carter,closed,ATLAS-4559,PR-7764,,Decision for notification-service: rollback owner must be assigned.,"Evidence: Teams decision, Confluence runbook, Jira acceptance criteria, Grafana metric, and PagerDuty incident history."
DRA-01082,2023-10-15,assumption,,inventory-reservation,Mateo Garcia,watching,ATLAS-4942,PR-5958,,Assumption for inventory-reservation: feature flag remains required.,"Evidence: Teams decision, Confluence runbook, Jira acceptance criteria, Grafana metric, and PagerDuty incident history."
DRA-01083,2023-10-17,risk,low,notification-service,Ben Carter,mitigated,ATLAS-5062,PR-8466,PD-2679,Risk for notification-service: latency burn must stay below threshold.,"Evidence: Teams decision, Confluence runbook, Jira acceptance criteria, Grafana metric, and PagerDuty incident history."
DRA-01084,2023-10-19,action,,notification-service,Fatima Noor,closed,ATLAS-4596,PR-7994,,Action for notification-service: rollback owner must be assigned.,"Evidence: Teams decision, Confluence runbook, Jira acceptance criteria, Grafana metric, and PagerDuty incident history."
DRA-01085,2023-10-21,risk,medium,checkout-api,Victor Silva,open,ATLAS-2612,PR-8342,,Risk for checkout-api: latency burn must stay below threshold.,"Evidence: Teams decision, Confluence runbook, Jira acceptance criteria, Grafana metric, and PagerDuty incident history."
DRA-01086,2023-10-22,risk,low,checkout-api,Nora Singh,closed,ATLAS-1293,PR-8323,,Risk for checkout-api: rollback owner must be assigned.,"Evidence: Teams decision, Confluence runbook, Jira acceptance criteria, Grafana metric, and PagerDuty incident history."
DRA-01087,2023-10-24,blocker,critical,loyalty-service,Elena Petrova,open,ATLAS-3947,PR-11600,,Blocker for loyalty-service: feature flag remains required.,"Evidence: Teams decision, Confluence runbook, Jira acceptance criteria, Grafana metric, and PagerDuty incident history."
DRA-01088,2023-10-26,blocker,medium,notification-service,Ravi Patel,watching,ATLAS-4561,PR-8158,,Blocker for notification-service: support escalation macro must be updated.,"Evidence: Teams decision, Confluence runbook, Jira acceptance criteria, Grafana metric, and PagerDuty incident history."
DRA-01089,2023-10-28,risk,medium,tax-service,Harper Lee,mitigated,ATLAS-5571,PR-10060,PD-2002,Risk for tax-service: latency burn must stay below threshold.,"Evidence: Teams decision, Confluence runbook, Jira acceptance criteria, Grafana metric, and PagerDuty incident history."
DRA-01090,2023-10-30,assumption,,payment-orchestrator,Priya Nair,mitigated,ATLAS-2901,PR-11313,,Assumption for payment-orchestrator: latency burn must stay below threshold.,"Evidence: Teams decision, Confluence runbook, Jira acceptance criteria, Grafana metric, and PagerDuty incident history."
DRA-01091,2023-11-01,assumption,,tax-service,Iris Wang,accepted,ATLAS-3330,PR-9201,,Assumption for tax-service: QA evidence is missing.,"Evidence: Teams decision, Confluence runbook, Jira acceptance criteria, Grafana metric, and PagerDuty incident history."
DRA-01092,2023-11-02,blocker,medium,search-recommendations,Iris Wang,closed,ATLAS-3696,PR-7670,,Blocker for search-recommendations: latency burn must stay below threshold.,"Evidence: Teams decision, Confluence runbook, Jira acceptance criteria, Grafana metric, and PagerDuty incident history."
DRA-01093,2023-11-04,risk,critical,search-recommendations,Nora Singh,accepted,ATLAS-4028,PR-9482,,Risk for search-recommendations: rollback owner must be assigned.,"Evidence: Teams decision, Confluence runbook, Jira acceptance criteria, Grafana metric, and PagerDuty incident history."
DRA-01094,2023-11-06,risk,low,inventory-reservation,Sara Novak,accepted,ATLAS-1280,PR-7586,,Risk for inventory-reservation: database migration needs rehearsal.,"Evidence: Teams decision, Confluence runbook, Jira acceptance criteria, Grafana metric, and PagerDuty incident history."
DRA-01095,2023-11-08,decision,,analytics-pipeline,Ben Carter,closed,ATLAS-5138,PR-7269,,Decision for analytics-pipeline: support escalation macro must be updated.,"Evidence: Teams decision, Confluence runbook, Jira acceptance criteria, Grafana metric, and PagerDuty incident history."
DRA-01096,2023-11-10,blocker,high,order-ledger,Yara Haddad,watching,ATLAS-1951,PR-5748,,Blocker for order-ledger: latency burn must stay below threshold.,"Evidence: Teams decision, Confluence runbook, Jira acceptance criteria, Grafana metric, and PagerDuty incident history."
DRA-01097,2023-11-11,risk,medium,inventory-reservation,Anika Sharma,accepted,ATLAS-5604,PR-12183,PD-2048,Risk for inventory-reservation: support escalation macro must be updated.,"Evidence: Teams decision, Confluence runbook, Jira acceptance criteria, Grafana metric, and PagerDuty incident history."
DRA-01098,2023-11-13,blocker,low,cart-service,Maya Chen,open,ATLAS-5983,PR-9390,,Blocker for cart-service: latency burn must stay below threshold.,"Evidence: Teams decision, Confluence runbook, Jira acceptance criteria, Grafana metric, and PagerDuty incident history."
DRA-01099,2023-11-15,risk,medium,inventory-reservation,Victor Silva,watching,ATLAS-5656,PR-8967,,Risk for inventory-reservation: rollback owner must be assigned.,"Evidence: Teams decision, Confluence runbook, Jira acceptance criteria, Grafana metric, and PagerDuty incident history."
DRA-01100,2023-11-17,risk,critical,loyalty-service,Victor Silva,accepted,ATLAS-1318,PR-7508,,Risk for loyalty-service: feature flag remains required.,"Evidence: Teams decision, Confluence runbook, Jira acceptance criteria, Grafana metric, and PagerDuty incident history."
DRA-01101,2023-11-19,blocker,high,analytics-pipeline,Grace Kim,watching,ATLAS-3882,PR-7454,,Blocker for analytics-pipeline: database migration needs rehearsal.,"Evidence: Teams decision, Confluence runbook, Jira acceptance criteria, Grafana metric, and PagerDuty incident history."
DRA-01102,2023-11-21,blocker,low,analytics-pipeline,Dmitri Volkov,mitigated,ATLAS-2030,PR-7094,PD-2622,Blocker for analytics-pipeline: feature flag remains required.,"Evidence: Teams decision, Confluence runbook, Jira acceptance criteria, Grafana metric, and PagerDuty incident history."
DRA-01103,2023-11-22,risk,low,auth-gateway,Owen Brooks,accepted,ATLAS-4855,PR-7909,PD-2198,Risk for auth-gateway: QA evidence is missing.,"Evidence: Teams decision, Confluence runbook, Jira acceptance criteria, Grafana metric, and PagerDuty incident history."
DRA-01104,2023-11-24,open_question,,analytics-pipeline,Ben Carter,open,ATLAS-4637,PR-7720,,Open_Question for analytics-pipeline: database migration needs rehearsal.,"Evidence: Teams decision, Confluence runbook, Jira acceptance criteria, Grafana metric, and PagerDuty incident history."
DRA-01105,2023-11-26,action,,notification-service,Anika Sharma,accepted,ATLAS-4221,PR-7739,,Action for notification-service: QA evidence is missing.,"Evidence: Teams decision, Confluence runbook, Jira acceptance criteria, Grafana metric, and PagerDuty incident history."
DRA-01106,2023-11-28,decision,,search-recommendations,Sara Novak,open,ATLAS-2348,PR-8382,,Decision for search-recommendations: latency burn must stay below threshold.,"Evidence: Teams decision, Confluence runbook, Jira acceptance criteria, Grafana metric, and PagerDuty incident history."
DRA-01107,2023-11-30,action,,inventory-reservation,Fatima Noor,watching,ATLAS-1146,PR-10706,PD-2721,Action for inventory-reservation: latency burn must stay below threshold.,"Evidence: Teams decision, Confluence runbook, Jira acceptance criteria, Grafana metric, and PagerDuty incident history."
DRA-01108,2023-12-01,open_question,,payment-orchestrator,Iris Wang,mitigated,ATLAS-4019,PR-10647,,Open_Question for payment-orchestrator: latency burn must stay below threshold.,"Evidence: Teams decision, Confluence runbook, Jira acceptance criteria, Grafana metric, and PagerDuty incident history."
DRA-01109,2023-12-03,risk,critical,tax-service,Iris Wang,watching,ATLAS-2135,PR-9509,,Risk for tax-service: rollback owner must be assigned.,"Evidence: Teams decision, Confluence runbook, Jira acceptance criteria, Grafana metric, and PagerDuty incident history."
DRA-01110,2023-12-05,decision,,order-ledger,Ravi Patel,accepted,ATLAS-3377,PR-5721,,Decision for order-ledger: rollback owner must be assigned.,"Evidence: Teams decision, Confluence runbook, Jira acceptance criteria, Grafana metric, and PagerDuty incident history."
DRA-01111,2023-12-07,decision,,analytics-pipeline,Grace Kim,watching,ATLAS-6166,PR-8771,PD-2217,Decision for analytics-pipeline: rollback owner must be assigned.,"Evidence: Teams decision, Confluence runbook, Jira acceptance criteria, Grafana metric, and PagerDuty incident history."
DRA-01112,2023-12-09,decision,,inventory-reservation,Aisha Khan,watching,ATLAS-2052,PR-10639,,Decision for inventory-reservation: QA evidence is missing.,"Evidence: Teams decision, Confluence runbook, Jira acceptance criteria, Grafana metric, and PagerDuty incident history."
DRA-01113,2023-12-10,assumption,,notification-service,Elena Petrova,open,ATLAS-1104,PR-9127,,Assumption for notification-service: QA evidence is missing.,"Evidence: Teams decision, Confluence runbook, Jira acceptance criteria, Grafana metric, and PagerDuty incident history."
DRA-01114,2023-12-12,assumption,,pricing-engine,Ravi Patel,mitigated,ATLAS-5780,PR-6682,PD-2136,Assumption for pricing-engine: QA evidence is missing.,"Evidence: Teams decision, Confluence runbook, Jira acceptance criteria, Grafana metric, and PagerDuty incident history."
DRA-01115,2023-12-14,decision,,search-recommendations,Kim Tan,open,ATLAS-2266,PR-8053,,Decision for search-recommendations: feature flag remains required.,"Evidence: Teams decision, Confluence runbook, Jira acceptance criteria, Grafana metric, and PagerDuty incident history."
DRA-01116,2023-12-16,risk,medium,order-ledger,Luca Moretti,mitigated,ATLAS-4607,PR-7155,,Risk for order-ledger: database migration needs rehearsal.,"Evidence: Teams decision, Confluence runbook, Jira acceptance criteria, Grafana metric, and PagerDuty incident history."
DRA-01117,2023-12-18,open_question,,auth-gateway,Jon Bell,open,ATLAS-5758,PR-6104,,Open_Question for auth-gateway: support escalation macro must be updated.,"Evidence: Teams decision, Confluence runbook, Jira acceptance criteria, Grafana metric, and PagerDuty incident history."
DRA-01118,2023-12-20,open_question,,checkout-api,Jon Bell,watching,ATLAS-3129,PR-7986,,Open_Question for checkout-api: database migration needs rehearsal.,"Evidence: Teams decision, Confluence runbook, Jira acceptance criteria, Grafana metric, and PagerDuty incident history."
DRA-01119,2023-12-21,decision,,auth-gateway,Mateo Garcia,mitigated,ATLAS-3583,PR-10900,,Decision for auth-gateway: latency burn must stay below threshold.,"Evidence: Teams decision, Confluence runbook, Jira acceptance criteria, Grafana metric, and PagerDuty incident history."
DRA-01120,2023-12-23,open_question,,order-ledger,Harper Lee,mitigated,ATLAS-4065,PR-6642,PD-2725,Open_Question for order-ledger: rollback owner must be assigned.,"Evidence: Teams decision, Confluence runbook, Jira acceptance criteria, Grafana metric, and PagerDuty incident history."
DRA-01121,2023-12-25,risk,medium,cart-service,Fatima Noor,mitigated,ATLAS-1410,PR-10874,,Risk for cart-service: QA evidence is missing.,"Evidence: Teams decision, Confluence runbook, Jira acceptance criteria, Grafana metric, and PagerDuty incident history."
DRA-01122,2023-12-27,action,,analytics-pipeline,Noah Evans,watching,ATLAS-6190,PR-8573,PD-2369,Action for analytics-pipeline: support escalation macro must be updated.,"Evidence: Teams decision, Confluence runbook, Jira acceptance criteria, Grafana metric, and PagerDuty incident history."
DRA-01123,2023-12-29,blocker,low,notification-service,Samir Rao,accepted,ATLAS-5798,PR-12353,PD-2006,Blocker for notification-service: feature flag remains required.,"Evidence: Teams decision, Confluence runbook, Jira acceptance criteria, Grafana metric, and PagerDuty incident history."
DRA-01124,2023-12-30,action,,tax-service,Victor Silva,watching,ATLAS-6148,PR-5393,,Action for tax-service: latency burn must stay below threshold.,"Evidence: Teams decision, Confluence runbook, Jira acceptance criteria, Grafana metric, and PagerDuty incident history."
DRA-01125,2024-01-01,decision,,pricing-engine,Iris Wang,open,ATLAS-5533,PR-10989,,Decision for pricing-engine: feature flag remains required.,"Evidence: Teams decision, Confluence runbook, Jira acceptance criteria, Grafana metric, and PagerDuty incident history."
DRA-01126,2024-01-03,blocker,critical,pricing-engine,Mateo Garcia,closed,ATLAS-2079,PR-7182,,Blocker for pricing-engine: support escalation macro must be updated.,"Evidence: Teams decision, Confluence runbook, Jira acceptance criteria, Grafana metric, and PagerDuty incident history."
DRA-01127,2024-01-05,risk,critical,order-ledger,Grace Kim,accepted,ATLAS-2624,PR-8809,,Risk for order-ledger: database migration needs rehearsal.,"Evidence: Teams decision, Confluence runbook, Jira acceptance criteria, Grafana metric, and PagerDuty incident history."
DRA-01128,2024-01-07,risk,medium,auth-gateway,Jon Bell,open,ATLAS-4249,PR-8922,,Risk for auth-gateway: feature flag remains required.,"Evidence: Teams decision, Confluence runbook, Jira acceptance criteria, Grafana metric, and PagerDuty incident history."
DRA-01129,2024-01-09,blocker,critical,inventory-reservation,Noah Evans,closed,ATLAS-2492,PR-6100,PD-2460,Blocker for inventory-reservation: database migration needs rehearsal.,"Evidence: Teams decision, Confluence runbook, Jira acceptance criteria, Grafana metric, and PagerDuty incident history."
DRA-01130,2024-01-10,blocker,low,analytics-pipeline,Owen Brooks,closed,ATLAS-2005,PR-10978,,Blocker for analytics-pipeline: database migration needs rehearsal.,"Evidence: Teams decision, Confluence runbook, Jira acceptance criteria, Grafana metric, and PagerDuty incident history."
DRA-01131,2024-01-12,assumption,,notification-service,Maya Chen,accepted,ATLAS-3343,PR-5824,,Assumption for notification-service: feature flag remains required.,"Evidence: Teams decision, Confluence runbook, Jira acceptance criteria, Grafana metric, and PagerDuty incident history."
DRA-01132,2024-01-14,open_question,,notification-service,Jon Bell,accepted,ATLAS-4582,PR-8444,,Open_Question for notification-service: database migration needs rehearsal.,"Evidence: Teams decision, Confluence runbook, Jira acceptance criteria, Grafana metric, and PagerDuty incident history."
DRA-01133,2024-01-16,action,,pricing-engine,Yara Haddad,watching,ATLAS-3324,PR-10595,,Action for pricing-engine: latency burn must stay below threshold.,"Evidence: Teams decision, Confluence runbook, Jira acceptance criteria, Grafana metric, and PagerDuty incident history."
DRA-01134,2024-01-18,decision,,analytics-pipeline,Harper Lee,mitigated,ATLAS-1762,PR-5023,,Decision for analytics-pipeline: rollback owner must be assigned.,"Evidence: Teams decision, Confluence runbook, Jira acceptance criteria, Grafana metric, and PagerDuty incident history."
DRA-01135,2024-01-19,blocker,high,tax-service,Sara Novak,mitigated,ATLAS-2869,PR-7136,,Blocker for tax-service: QA evidence is missing.,"Evidence: Teams decision, Confluence runbook, Jira acceptance criteria, Grafana metric, and PagerDuty incident history."
DRA-01136,2024-01-21,open_question,,analytics-pipeline,Victor Silva,open,ATLAS-2698,PR-6446,,Open_Question for analytics-pipeline: support escalation macro must be updated.,"Evidence: Teams decision, Confluence runbook, Jira acceptance criteria, Grafana metric, and PagerDuty incident history."
DRA-01137,2024-01-23,blocker,low,pricing-engine,Owen Brooks,open,ATLAS-4618,PR-5791,,Blocker for pricing-engine: QA evidence is missing.,"Evidence: Teams decision, Confluence runbook, Jira acceptance criteria, Grafana metric, and PagerDuty incident history."
DRA-01138,2024-01-25,blocker,high,cart-service,Elena Petrova,open,ATLAS-1996,PR-7820,,Blocker for cart-service: rollback owner must be assigned.,"Evidence: Teams decision, Confluence runbook, Jira acceptance criteria, Grafana metric, and PagerDuty incident history."
DRA-01139,2024-01-27,blocker,critical,inventory-reservation,Theo Martin,accepted,ATLAS-4766,PR-9351,,Blocker for inventory-reservation: support escalation macro must be updated.,"Evidence: Teams decision, Confluence runbook, Jira acceptance criteria, Grafana metric, and PagerDuty incident history."
DRA-01140,2024-01-28,decision,,analytics-pipeline,Iris Wang,accepted,ATLAS-1329,PR-6867,PD-2859,Decision for analytics-pipeline: QA evidence is missing.,"Evidence: Teams decision, Confluence runbook, Jira acceptance criteria, Grafana metric, and PagerDuty incident history."
DRA-01141,2024-01-30,open_question,,inventory-reservation,Ben Carter,mitigated,ATLAS-4639,PR-9654,,Open_Question for inventory-reservation: QA evidence is missing.,"Evidence: Teams decision, Confluence runbook, Jira acceptance criteria, Grafana metric, and PagerDuty incident history."
DRA-01142,2024-02-01,assumption,,cart-service,Ravi Patel,closed,ATLAS-2994,PR-12505,,Assumption for cart-service: support escalation macro must be updated.,"Evidence: Teams decision, Confluence runbook, Jira acceptance criteria, Grafana metric, and PagerDuty incident history."
DRA-01143,2024-02-03,open_question,,payment-orchestrator,Aisha Khan,accepted,ATLAS-5274,PR-6059,,Open_Question for payment-orchestrator: QA evidence is missing.,"Evidence: Teams decision, Confluence runbook, Jira acceptance criteria, Grafana metric, and PagerDuty incident history."
DRA-01144,2024-02-05,decision,,loyalty-service,Harper Lee,closed,ATLAS-4049,PR-7482,,Decision for loyalty-service: database migration needs rehearsal.,"Evidence: Teams decision, Confluence runbook, Jira acceptance criteria, Grafana metric, and PagerDuty incident history."
DRA-01145,2024-02-07,risk,critical,search-recommendations,Owen Brooks,watching,ATLAS-6131,PR-10971,PD-2886,Risk for search-recommendations: latency burn must stay below threshold.,"Evidence: Teams decision, Confluence runbook, Jira acceptance criteria, Grafana metric, and PagerDuty incident history."
DRA-01146,2024-02-08,action,,auth-gateway,Elena Petrova,watching,ATLAS-3371,PR-8605,,Action for auth-gateway: latency burn must stay below threshold.,"Evidence: Teams decision, Confluence runbook, Jira acceptance criteria, Grafana metric, and PagerDuty incident history."
DRA-01147,2024-02-10,risk,medium,tax-service,Theo Martin,mitigated,ATLAS-6144,PR-5518,PD-2477,Risk for tax-service: feature flag remains required.,"Evidence: Teams decision, Confluence runbook, Jira acceptance criteria, Grafana metric, and PagerDuty incident history."
DRA-01148,2024-02-12,action,,checkout-api,Yara Haddad,closed,ATLAS-3755,PR-5101,PD-2629,Action for checkout-api: rollback owner must be assigned.,"Evidence: Teams decision, Confluence runbook, Jira acceptance criteria, Grafana metric, and PagerDuty incident history."
DRA-01149,2024-02-14,open_question,,order-ledger,Mateo Garcia,watching,ATLAS-3165,PR-9997,,Open_Question for order-ledger: feature flag remains required.,"Evidence: Teams decision, Confluence runbook, Jira acceptance criteria, Grafana metric, and PagerDuty incident history."
DRA-01150,2024-02-16,assumption,,order-ledger,Grace Kim,open,ATLAS-4784,PR-7000,PD-2193,Assumption for order-ledger: database migration needs rehearsal.,"Evidence: Teams decision, Confluence runbook, Jira acceptance criteria, Grafana metric, and PagerDuty incident history."
DRA-01151,2024-02-17,open_question,,pricing-engine,Iris Wang,closed,ATLAS-1456,PR-5002,,Open_Question for pricing-engine: database migration needs rehearsal.,"Evidence: Teams decision, Confluence runbook, Jira acceptance criteria, Grafana metric, and PagerDuty incident history."
DRA-01152,2024-02-19,assumption,,inventory-reservation,Samir Rao,mitigated,ATLAS-5285,PR-5603,,Assumption for inventory-reservation: QA evidence is missing.,"Evidence: Teams decision, Confluence runbook, Jira acceptance criteria, Grafana metric, and PagerDuty incident history."
DRA-01153,2024-02-21,blocker,critical,order-ledger,Ben Carter,open,ATLAS-4544,PR-6892,,Blocker for order-ledger: database migration needs rehearsal.,"Evidence: Teams decision, Confluence runbook, Jira acceptance criteria, Grafana metric, and PagerDuty incident history."
DRA-01154,2024-02-23,action,,order-ledger,Grace Kim,open,ATLAS-4153,PR-11629,PD-2171,Action for order-ledger: rollback owner must be assigned.,"Evidence: Teams decision, Confluence runbook, Jira acceptance criteria, Grafana metric, and PagerDuty incident history."
DRA-01155,2024-02-25,decision,,notification-service,Grace Kim,watching,ATLAS-4859,PR-8582,,Decision for notification-service: QA evidence is missing.,"Evidence: Teams decision, Confluence runbook, Jira acceptance criteria, Grafana metric, and PagerDuty incident history."
DRA-01156,2024-02-27,assumption,,checkout-api,Sara Novak,closed,ATLAS-1940,PR-5872,,Assumption for checkout-api: feature flag remains required.,"Evidence: Teams decision, Confluence runbook, Jira acceptance criteria, Grafana metric, and PagerDuty incident history."
DRA-01157,2024-02-28,open_question,,tax-service,Anika Sharma,open,ATLAS-5144,PR-12061,,Open_Question for tax-service: support escalation macro must be updated.,"Evidence: Teams decision, Confluence runbook, Jira acceptance criteria, Grafana metric, and PagerDuty incident history."
DRA-01158,2024-03-01,risk,medium,cart-service,Victor Silva,open,ATLAS-2148,PR-10985,,Risk for cart-service: support escalation macro must be updated.,"Evidence: Teams decision, Confluence runbook, Jira acceptance criteria, Grafana metric, and PagerDuty incident history."
DRA-01159,2024-03-03,risk,critical,order-ledger,Harper Lee,accepted,ATLAS-4796,PR-7079,PD-2217,Risk for order-ledger: database migration needs rehearsal.,"Evidence: Teams decision, Confluence runbook, Jira acceptance criteria, Grafana metric, and PagerDuty incident history."
DRA-01160,2024-03-05,blocker,medium,cart-service,Ravi Patel,accepted,ATLAS-5300,PR-12513,,Blocker for cart-service: support escalation macro must be updated.,"Evidence: Teams decision, Confluence runbook, Jira acceptance criteria, Grafana metric, and PagerDuty incident history."
DRA-01161,2024-03-07,action,,analytics-pipeline,Samir Rao,watching,ATLAS-5301,PR-5612,,Action for analytics-pipeline: QA evidence is missing.,"Evidence: Teams decision, Confluence runbook, Jira acceptance criteria, Grafana metric, and PagerDuty incident history."
DRA-01162,2024-03-08,assumption,,cart-service,Dmitri Volkov,watching,ATLAS-1955,PR-9665,,Assumption for cart-service: support escalation macro must be updated.,"Evidence: Teams decision, Confluence runbook, Jira acceptance criteria, Grafana metric, and PagerDuty incident history."
DRA-01163,2024-03-10,blocker,high,inventory-reservation,Elena Petrova,accepted,ATLAS-6117,PR-7359,,Blocker for inventory-reservation: support escalation macro must be updated.,"Evidence: Teams decision, Confluence runbook, Jira acceptance criteria, Grafana metric, and PagerDuty incident history."
DRA-01164,2024-03-12,assumption,,order-ledger,Kim Tan,closed,ATLAS-2867,PR-8886,,Assumption for order-ledger: QA evidence is missing.,"Evidence: Teams decision, Confluence runbook, Jira acceptance criteria, Grafana metric, and PagerDuty incident history."
DRA-01165,2024-03-14,assumption,,analytics-pipeline,Anika Sharma,watching,ATLAS-4833,PR-8640,,Assumption for analytics-pipeline: latency burn must stay below threshold.,"Evidence: Teams decision, Confluence runbook, Jira acceptance criteria, Grafana metric, and PagerDuty incident history."
DRA-01166,2024-03-16,open_question,,payment-orchestrator,Theo Martin,open,ATLAS-2226,PR-9017,,Open_Question for payment-orchestrator: QA evidence is missing.,"Evidence: Teams decision, Confluence runbook, Jira acceptance criteria, Grafana metric, and PagerDuty incident history."
DRA-01167,2024-03-18,decision,,cart-service,Iris Wang,mitigated,ATLAS-6030,PR-6593,PD-2669,Decision for cart-service: database migration needs rehearsal.,"Evidence: Teams decision, Confluence runbook, Jira acceptance criteria, Grafana metric, and PagerDuty incident history."
DRA-01168,2024-03-19,action,,auth-gateway,Kim Tan,mitigated,ATLAS-2750,PR-11851,,Action for auth-gateway: QA evidence is missing.,"Evidence: Teams decision, Confluence runbook, Jira acceptance criteria, Grafana metric, and PagerDuty incident history."
DRA-01169,2024-03-21,blocker,critical,payment-orchestrator,Victor Silva,closed,ATLAS-3284,PR-8997,PD-2838,Blocker for payment-orchestrator: feature flag remains required.,"Evidence: Teams decision, Confluence runbook, Jira acceptance criteria, Grafana metric, and PagerDuty incident history."
DRA-01170,2024-03-23,blocker,medium,checkout-api,Harper Lee,closed,ATLAS-5056,PR-6097,,Blocker for checkout-api: QA evidence is missing.,"Evidence: Teams decision, Confluence runbook, Jira acceptance criteria, Grafana metric, and PagerDuty incident history."
DRA-01171,2024-03-25,decision,,analytics-pipeline,Victor Silva,watching,ATLAS-1392,PR-8408,,Decision for analytics-pipeline: feature flag remains required.,"Evidence: Teams decision, Confluence runbook, Jira acceptance criteria, Grafana metric, and PagerDuty incident history."
DRA-01172,2024-03-27,risk,critical,loyalty-service,Kim Tan,closed,ATLAS-1306,PR-8380,,Risk for loyalty-service: latency burn must stay below threshold.,"Evidence: Teams decision, Confluence runbook, Jira acceptance criteria, Grafana metric, and PagerDuty incident history."
DRA-01173,2024-03-28,action,,payment-orchestrator,Nora Singh,watching,ATLAS-6152,PR-5701,,Action for payment-orchestrator: database migration needs rehearsal.,"Evidence: Teams decision, Confluence runbook, Jira acceptance criteria, Grafana metric, and PagerDuty incident history."
DRA-01174,2024-03-30,decision,,pricing-engine,Victor Silva,watching,ATLAS-2267,PR-6297,,Decision for pricing-engine: database migration needs rehearsal.,"Evidence: Teams decision, Confluence runbook, Jira acceptance criteria, Grafana metric, and PagerDuty incident history."
DRA-01175,2024-04-01,decision,,pricing-engine,Owen Brooks,accepted,ATLAS-5571,PR-8798,,Decision for pricing-engine: rollback owner must be assigned.,"Evidence: Teams decision, Confluence runbook, Jira acceptance criteria, Grafana metric, and PagerDuty incident history."
DRA-01176,2024-04-03,open_question,,pricing-engine,Iris Wang,accepted,ATLAS-2612,PR-8418,,Open_Question for pricing-engine: support escalation macro must be updated.,"Evidence: Teams decision, Confluence runbook, Jira acceptance criteria, Grafana metric, and PagerDuty incident history."
DRA-01177,2024-04-05,open_question,,pricing-engine,Anika Sharma,closed,ATLAS-5644,PR-6946,PD-2175,Open_Question for pricing-engine: latency burn must stay below threshold.,"Evidence: Teams decision, Confluence runbook, Jira acceptance criteria, Grafana metric, and PagerDuty incident history."
DRA-01178,2024-04-06,action,,pricing-engine,Priya Nair,open,ATLAS-6157,PR-9271,,Action for pricing-engine: QA evidence is missing.,"Evidence: Teams decision, Confluence runbook, Jira acceptance criteria, Grafana metric, and PagerDuty incident history."
DRA-01179,2024-04-08,decision,,checkout-api,Aisha Khan,closed,ATLAS-2767,PR-11053,PD-2889,Decision for checkout-api: rollback owner must be assigned.,"Evidence: Teams decision, Confluence runbook, Jira acceptance criteria, Grafana metric, and PagerDuty incident history."
DRA-01180,2024-04-10,open_question,,notification-service,Luca Moretti,open,ATLAS-5411,PR-6756,,Open_Question for notification-service: feature flag remains required.,"Evidence: Teams decision, Confluence runbook, Jira acceptance criteria, Grafana metric, and PagerDuty incident history."
DRA-01181,2024-04-12,action,,order-ledger,Mateo Garcia,watching,ATLAS-3447,PR-6783,,Action for order-ledger: feature flag remains required.,"Evidence: Teams decision, Confluence runbook, Jira acceptance criteria, Grafana metric, and PagerDuty incident history."
DRA-01182,2024-04-14,assumption,,checkout-api,Iris Wang,mitigated,ATLAS-1736,PR-6129,,Assumption for checkout-api: feature flag remains required.,"Evidence: Teams decision, Confluence runbook, Jira acceptance criteria, Grafana metric, and PagerDuty incident history."
DRA-01183,2024-04-16,risk,high,pricing-engine,Dmitri Volkov,closed,ATLAS-6199,PR-5084,,Risk for pricing-engine: support escalation macro must be updated.,"Evidence: Teams decision, Confluence runbook, Jira acceptance criteria, Grafana metric, and PagerDuty incident history."
DRA-01184,2024-04-17,action,,analytics-pipeline,Jon Bell,watching,ATLAS-5262,PR-7002,,Action for analytics-pipeline: support escalation macro must be updated.,"Evidence: Teams decision, Confluence runbook, Jira acceptance criteria, Grafana metric, and PagerDuty incident history."
DRA-01185,2024-04-19,assumption,,loyalty-service,Aisha Khan,watching,ATLAS-6102,PR-9413,PD-2562,Assumption for loyalty-service: support escalation macro must be updated.,"Evidence: Teams decision, Confluence runbook, Jira acceptance criteria, Grafana metric, and PagerDuty incident history."
DRA-01186,2024-04-21,risk,medium,cart-service,Luca Moretti,closed,ATLAS-4788,PR-6080,,Risk for cart-service: support escalation macro must be updated.,"Evidence: Teams decision, Confluence runbook, Jira acceptance criteria, Grafana metric, and PagerDuty incident history."
DRA-01187,2024-04-23,action,,analytics-pipeline,Noah Evans,watching,ATLAS-4745,PR-6734,,Action for analytics-pipeline: QA evidence is missing.,"Evidence: Teams decision, Confluence runbook, Jira acceptance criteria, Grafana metric, and PagerDuty incident history."
DRA-01188,2024-04-25,action,,tax-service,Harper Lee,mitigated,ATLAS-2507,PR-7828,,Action for tax-service: latency burn must stay below threshold.,"Evidence: Teams decision, Confluence runbook, Jira acceptance criteria, Grafana metric, and PagerDuty incident history."
DRA-01189,2024-04-26,risk,high,payment-orchestrator,Harper Lee,accepted,ATLAS-2876,PR-9972,,Risk for payment-orchestrator: feature flag remains required.,"Evidence: Teams decision, Confluence runbook, Jira acceptance criteria, Grafana metric, and PagerDuty incident history."
DRA-01190,2024-04-28,blocker,critical,order-ledger,Yara Haddad,open,ATLAS-5229,PR-9786,,Blocker for order-ledger: support escalation macro must be updated.,"Evidence: Teams decision, Confluence runbook, Jira acceptance criteria, Grafana metric, and PagerDuty incident history."
DRA-01191,2024-04-30,decision,,pricing-engine,Victor Silva,mitigated,ATLAS-1212,PR-5677,PD-2081,Decision for pricing-engine: QA evidence is missing.,"Evidence: Teams decision, Confluence runbook, Jira acceptance criteria, Grafana metric, and PagerDuty incident history."
DRA-01192,2024-05-02,open_question,,inventory-reservation,Aisha Khan,watching,ATLAS-2788,PR-7606,,Open_Question for inventory-reservation: QA evidence is missing.,"Evidence: Teams decision, Confluence runbook, Jira acceptance criteria, Grafana metric, and PagerDuty incident history."
DRA-01193,2024-05-04,action,,search-recommendations,Iris Wang,mitigated,ATLAS-4099,PR-9988,,Action for search-recommendations: database migration needs rehearsal.,"Evidence: Teams decision, Confluence runbook, Jira acceptance criteria, Grafana metric, and PagerDuty incident history."
DRA-01194,2024-05-06,assumption,,search-recommendations,Jon Bell,closed,ATLAS-6023,PR-8058,,Assumption for search-recommendations: latency burn must stay below threshold.,"Evidence: Teams decision, Confluence runbook, Jira acceptance criteria, Grafana metric, and PagerDuty incident history."
DRA-01195,2024-05-07,blocker,medium,pricing-engine,Anika Sharma,mitigated,ATLAS-5286,PR-10008,,Blocker for pricing-engine: support escalation macro must be updated.,"Evidence: Teams decision, Confluence runbook, Jira acceptance criteria, Grafana metric, and PagerDuty incident history."
DRA-01196,2024-05-09,blocker,low,auth-gateway,Kim Tan,mitigated,ATLAS-3281,PR-11709,,Blocker for auth-gateway: rollback owner must be assigned.,"Evidence: Teams decision, Confluence runbook, Jira acceptance criteria, Grafana metric, and PagerDuty incident history."
DRA-01197,2024-05-11,risk,critical,payment-orchestrator,Ravi Patel,mitigated,ATLAS-4248,PR-11452,,Risk for payment-orchestrator: support escalation macro must be updated.,"Evidence: Teams decision, Confluence runbook, Jira acceptance criteria, Grafana metric, and PagerDuty incident history."
DRA-01198,2024-05-13,decision,,inventory-reservation,Dmitri Volkov,watching,ATLAS-5796,PR-7172,PD-2869,Decision for inventory-reservation: support escalation macro must be updated.,"Evidence: Teams decision, Confluence runbook, Jira acceptance criteria, Grafana metric, and PagerDuty incident history."
DRA-01199,2024-05-15,risk,critical,cart-service,Nora Singh,watching,ATLAS-2722,PR-9146,,Risk for cart-service: rollback owner must be assigned.,"Evidence: Teams decision, Confluence runbook, Jira acceptance criteria, Grafana metric, and PagerDuty incident history."
DRA-01200,2024-05-16,decision,,loyalty-service,Mateo Garcia,mitigated,ATLAS-5083,PR-5392,,Decision for loyalty-service: latency burn must stay below threshold.,"Evidence: Teams decision, Confluence runbook, Jira acceptance criteria, Grafana metric, and PagerDuty incident history."
DRA-01201,2024-05-18,decision,,notification-service,Grace Kim,mitigated,ATLAS-3815,PR-9975,PD-2738,Decision for notification-service: feature flag remains required.,"Evidence: Teams decision, Confluence runbook, Jira acceptance criteria, Grafana metric, and PagerDuty incident history."
DRA-01202,2024-05-20,open_question,,notification-service,Harper Lee,accepted,ATLAS-1991,PR-9617,PD-2389,Open_Question for notification-service: database migration needs rehearsal.,"Evidence: Teams decision, Confluence runbook, Jira acceptance criteria, Grafana metric, and PagerDuty incident history."
DRA-01203,2024-05-22,decision,,pricing-engine,Aisha Khan,watching,ATLAS-3906,PR-6768,,Decision for pricing-engine: database migration needs rehearsal.,"Evidence: Teams decision, Confluence runbook, Jira acceptance criteria, Grafana metric, and PagerDuty incident history."
DRA-01204,2024-05-24,open_question,,auth-gateway,Luca Moretti,accepted,ATLAS-5160,PR-8761,,Open_Question for auth-gateway: support escalation macro must be updated.,"Evidence: Teams decision, Confluence runbook, Jira acceptance criteria, Grafana metric, and PagerDuty incident history."
DRA-01205,2024-05-26,decision,,loyalty-service,Victor Silva,mitigated,ATLAS-1564,PR-5854,,Decision for loyalty-service: QA evidence is missing.,"Evidence: Teams decision, Confluence runbook, Jira acceptance criteria, Grafana metric, and PagerDuty incident history."
DRA-01206,2024-05-27,assumption,,analytics-pipeline,Grace Kim,open,ATLAS-4324,PR-11102,,Assumption for analytics-pipeline: QA evidence is missing.,"Evidence: Teams decision, Confluence runbook, Jira acceptance criteria, Grafana metric, and PagerDuty incident history."
DRA-01207,2024-05-29,risk,low,cart-service,Kim Tan,open,ATLAS-4317,PR-9614,,Risk for cart-service: feature flag remains required.,"Evidence: Teams decision, Confluence runbook, Jira acceptance criteria, Grafana metric, and PagerDuty incident history."
DRA-01208,2024-05-31,decision,,notification-service,Noah Evans,closed,ATLAS-2786,PR-12550,,Decision for notification-service: database migration needs rehearsal.,"Evidence: Teams decision, Confluence runbook, Jira acceptance criteria, Grafana metric, and PagerDuty incident history."
DRA-01209,2024-06-02,action,,pricing-engine,Anika Sharma,closed,ATLAS-2091,PR-10341,PD-2660,Action for pricing-engine: support escalation macro must be updated.,"Evidence: Teams decision, Confluence runbook, Jira acceptance criteria, Grafana metric, and PagerDuty incident history."
DRA-01210,2024-06-04,assumption,,pricing-engine,Iris Wang,accepted,ATLAS-2637,PR-5848,PD-2248,Assumption for pricing-engine: rollback owner must be assigned.,"Evidence: Teams decision, Confluence runbook, Jira acceptance criteria, Grafana metric, and PagerDuty incident history."
DRA-01211,2024-06-05,decision,,checkout-api,Sara Novak,mitigated,ATLAS-4988,PR-9786,,Decision for checkout-api: feature flag remains required.,"Evidence: Teams decision, Confluence runbook, Jira acceptance criteria, Grafana metric, and PagerDuty incident history."
DRA-01212,2024-06-07,assumption,,loyalty-service,Victor Silva,accepted,ATLAS-2650,PR-5958,PD-2289,Assumption for loyalty-service: QA evidence is missing.,"Evidence: Teams decision, Confluence runbook, Jira acceptance criteria, Grafana metric, and PagerDuty incident history."
DRA-01213,2024-06-09,blocker,high,auth-gateway,Anika Sharma,open,ATLAS-1730,PR-8989,,Blocker for auth-gateway: latency burn must stay below threshold.,"Evidence: Teams decision, Confluence runbook, Jira acceptance criteria, Grafana metric, and PagerDuty incident history."
DRA-01214,2024-06-11,blocker,high,auth-gateway,Victor Silva,closed,ATLAS-1150,PR-8028,,Blocker for auth-gateway: database migration needs rehearsal.,"Evidence: Teams decision, Confluence runbook, Jira acceptance criteria, Grafana metric, and PagerDuty incident history."
DRA-01215,2024-06-13,risk,medium,payment-orchestrator,Anika Sharma,accepted,ATLAS-6144,PR-9174,PD-2025,Risk for payment-orchestrator: database migration needs rehearsal.,"Evidence: Teams decision, Confluence runbook, Jira acceptance criteria, Grafana metric, and PagerDuty incident history."
DRA-01216,2024-06-14,assumption,,checkout-api,Iris Wang,accepted,ATLAS-4068,PR-5339,,Assumption for checkout-api: support escalation macro must be updated.,"Evidence: Teams decision, Confluence runbook, Jira acceptance criteria, Grafana metric, and PagerDuty incident history."
DRA-01217,2024-06-16,assumption,,checkout-api,Maya Chen,closed,ATLAS-3298,PR-7382,,Assumption for checkout-api: rollback owner must be assigned.,"Evidence: Teams decision, Confluence runbook, Jira acceptance criteria, Grafana metric, and PagerDuty incident history."
DRA-01218,2024-06-18,decision,,order-ledger,Harper Lee,accepted,ATLAS-3909,PR-9671,PD-2297,Decision for order-ledger: rollback owner must be assigned.,"Evidence: Teams decision, Confluence runbook, Jira acceptance criteria, Grafana metric, and PagerDuty incident history."
DRA-01219,2024-06-20,assumption,,cart-service,Anika Sharma,mitigated,ATLAS-2648,PR-10238,,Assumption for cart-service: feature flag remains required.,"Evidence: Teams decision, Confluence runbook, Jira acceptance criteria, Grafana metric, and PagerDuty incident history."
DRA-01220,2024-06-22,decision,,tax-service,Theo Martin,open,ATLAS-4398,PR-11250,,Decision for tax-service: rollback owner must be assigned.,"Evidence: Teams decision, Confluence runbook, Jira acceptance criteria, Grafana metric, and PagerDuty incident history."
DRA-01221,2024-06-24,open_question,,search-recommendations,Sara Novak,closed,ATLAS-3400,PR-9142,,Open_Question for search-recommendations: rollback owner must be assigned.,"Evidence: Teams decision, Confluence runbook, Jira acceptance criteria, Grafana metric, and PagerDuty incident history."
DRA-01222,2024-06-25,blocker,high,analytics-pipeline,Noah Evans,accepted,ATLAS-1124,PR-9277,,Blocker for analytics-pipeline: feature flag remains required.,"Evidence: Teams decision, Confluence runbook, Jira acceptance criteria, Grafana metric, and PagerDuty incident history."
DRA-01223,2024-06-27,action,,loyalty-service,Owen Brooks,accepted,ATLAS-5743,PR-8161,,Action for loyalty-service: QA evidence is missing.,"Evidence: Teams decision, Confluence runbook, Jira acceptance criteria, Grafana metric, and PagerDuty incident history."
DRA-01224,2024-06-29,open_question,,analytics-pipeline,Nora Singh,mitigated,ATLAS-1377,PR-9884,,Open_Question for analytics-pipeline: database migration needs rehearsal.,"Evidence: Teams decision, Confluence runbook, Jira acceptance criteria, Grafana metric, and PagerDuty incident history."
DRA-01225,2024-07-01,risk,low,pricing-engine,Ravi Patel,closed,ATLAS-5900,PR-8842,,Risk for pricing-engine: QA evidence is missing.,"Evidence: Teams decision, Confluence runbook, Jira acceptance criteria, Grafana metric, and PagerDuty incident history."
DRA-01226,2024-07-03,blocker,critical,checkout-api,Elena Petrova,open,ATLAS-1254,PR-9449,,Blocker for checkout-api: support escalation macro must be updated.,"Evidence: Teams decision, Confluence runbook, Jira acceptance criteria, Grafana metric, and PagerDuty incident history."
DRA-01227,2024-07-04,open_question,,order-ledger,Victor Silva,closed,ATLAS-5084,PR-7667,,Open_Question for order-ledger: feature flag remains required.,"Evidence: Teams decision, Confluence runbook, Jira acceptance criteria, Grafana metric, and PagerDuty incident history."
DRA-01228,2024-07-06,blocker,high,loyalty-service,Elena Petrova,closed,ATLAS-3734,PR-7520,,Blocker for loyalty-service: latency burn must stay below threshold.,"Evidence: Teams decision, Confluence runbook, Jira acceptance criteria, Grafana metric, and PagerDuty incident history."
DRA-01229,2024-07-08,decision,,tax-service,Victor Silva,mitigated,ATLAS-4352,PR-9278,,Decision for tax-service: support escalation macro must be updated.,"Evidence: Teams decision, Confluence runbook, Jira acceptance criteria, Grafana metric, and PagerDuty incident history."
DRA-01230,2024-07-10,action,,tax-service,Sara Novak,watching,ATLAS-3442,PR-7051,PD-2856,Action for tax-service: QA evidence is missing.,"Evidence: Teams decision, Confluence runbook, Jira acceptance criteria, Grafana metric, and PagerDuty incident history."
DRA-01231,2024-07-12,action,,notification-service,Anika Sharma,open,ATLAS-3141,PR-9530,,Action for notification-service: database migration needs rehearsal.,"Evidence: Teams decision, Confluence runbook, Jira acceptance criteria, Grafana metric, and PagerDuty incident history."
DRA-01232,2024-07-14,open_question,,loyalty-service,Luca Moretti,watching,ATLAS-5565,PR-5267,PD-2266,Open_Question for loyalty-service: rollback owner must be assigned.,"Evidence: Teams decision, Confluence runbook, Jira acceptance criteria, Grafana metric, and PagerDuty incident history."
DRA-01233,2024-07-15,assumption,,search-recommendations,Harper Lee,watching,ATLAS-5869,PR-5216,PD-2851,Assumption for search-recommendations: latency burn must stay below threshold.,"Evidence: Teams decision, Confluence runbook, Jira acceptance criteria, Grafana metric, and PagerDuty incident history."
DRA-01234,2024-07-17,open_question,,analytics-pipeline,Owen Brooks,closed,ATLAS-5163,PR-7446,,Open_Question for analytics-pipeline: support escalation macro must be updated.,"Evidence: Teams decision, Confluence runbook, Jira acceptance criteria, Grafana metric, and PagerDuty incident history."
DRA-01235,2024-07-19,blocker,high,tax-service,Owen Brooks,watching,ATLAS-5671,PR-9298,,Blocker for tax-service: support escalation macro must be updated.,"Evidence: Teams decision, Confluence runbook, Jira acceptance criteria, Grafana metric, and PagerDuty incident history."
DRA-01236,2024-07-21,open_question,,payment-orchestrator,Yara Haddad,accepted,ATLAS-2352,PR-6702,,Open_Question for payment-orchestrator: database migration needs rehearsal.,"Evidence: Teams decision, Confluence runbook, Jira acceptance criteria, Grafana metric, and PagerDuty incident history."
DRA-01237,2024-07-23,open_question,,checkout-api,Harper Lee,watching,ATLAS-3683,PR-8903,PD-2798,Open_Question for checkout-api: feature flag remains required.,"Evidence: Teams decision, Confluence runbook, Jira acceptance criteria, Grafana metric, and PagerDuty incident history."
DRA-01238,2024-07-24,action,,payment-orchestrator,Dmitri Volkov,mitigated,ATLAS-4822,PR-5258,PD-2116,Action for payment-orchestrator: QA evidence is missing.,"Evidence: Teams decision, Confluence runbook, Jira acceptance criteria, Grafana metric, and PagerDuty incident history."
DRA-01239,2024-07-26,decision,,order-ledger,Luca Moretti,closed,ATLAS-3033,PR-12385,,Decision for order-ledger: latency burn must stay below threshold.,"Evidence: Teams decision, Confluence runbook, Jira acceptance criteria, Grafana metric, and PagerDuty incident history."
DRA-01240,2024-07-28,open_question,,pricing-engine,Fatima Noor,watching,ATLAS-4076,PR-6128,PD-2811,Open_Question for pricing-engine: database migration needs rehearsal.,"Evidence: Teams decision, Confluence runbook, Jira acceptance criteria, Grafana metric, and PagerDuty incident history."
DRA-01241,2024-07-30,assumption,,loyalty-service,Mateo Garcia,mitigated,ATLAS-2350,PR-6829,,Assumption for loyalty-service: feature flag remains required.,"Evidence: Teams decision, Confluence runbook, Jira acceptance criteria, Grafana metric, and PagerDuty incident history."
DRA-01242,2024-08-01,decision,,tax-service,Kim Tan,accepted,ATLAS-3377,PR-12518,,Decision for tax-service: rollback owner must be assigned.,"Evidence: Teams decision, Confluence runbook, Jira acceptance criteria, Grafana metric, and PagerDuty incident history."
DRA-01243,2024-08-03,risk,high,auth-gateway,Luca Moretti,closed,ATLAS-2356,PR-10156,,Risk for auth-gateway: support escalation macro must be updated.,"Evidence: Teams decision, Confluence runbook, Jira acceptance criteria, Grafana metric, and PagerDuty incident history."
DRA-01244,2024-08-04,blocker,low,tax-service,Aisha Khan,watching,ATLAS-3742,PR-8301,,Blocker for tax-service: feature flag remains required.,"Evidence: Teams decision, Confluence runbook, Jira acceptance criteria, Grafana metric, and PagerDuty incident history."
DRA-01245,2024-08-06,risk,high,analytics-pipeline,Maya Chen,open,ATLAS-4061,PR-12074,,Risk for analytics-pipeline: QA evidence is missing.,"Evidence: Teams decision, Confluence runbook, Jira acceptance criteria, Grafana metric, and PagerDuty incident history."
DRA-01246,2024-08-08,decision,,pricing-engine,Priya Nair,mitigated,ATLAS-6162,PR-8119,,Decision for pricing-engine: feature flag remains required.,"Evidence: Teams decision, Confluence runbook, Jira acceptance criteria, Grafana metric, and PagerDuty incident history."
DRA-01247,2024-08-10,open_question,,checkout-api,Victor Silva,closed,ATLAS-2106,PR-10721,PD-2828,Open_Question for checkout-api: latency burn must stay below threshold.,"Evidence: Teams decision, Confluence runbook, Jira acceptance criteria, Grafana metric, and PagerDuty incident history."
DRA-01248,2024-08-12,open_question,,order-ledger,Yara Haddad,open,ATLAS-5956,PR-7744,PD-2700,Open_Question for order-ledger: QA evidence is missing.,"Evidence: Teams decision, Confluence runbook, Jira acceptance criteria, Grafana metric, and PagerDuty incident history."
DRA-01249,2024-08-13,blocker,low,auth-gateway,Sara Novak,accepted,ATLAS-3322,PR-12550,,Blocker for auth-gateway: support escalation macro must be updated.,"Evidence: Teams decision, Confluence runbook, Jira acceptance criteria, Grafana metric, and PagerDuty incident history."
DRA-01250,2024-08-15,action,,loyalty-service,Fatima Noor,closed,ATLAS-1587,PR-8730,PD-2134,Action for loyalty-service: feature flag remains required.,"Evidence: Teams decision, Confluence runbook, Jira acceptance criteria, Grafana metric, and PagerDuty incident history."
DRA-01251,2024-08-17,blocker,low,order-ledger,Jon Bell,mitigated,ATLAS-4746,PR-6920,,Blocker for order-ledger: support escalation macro must be updated.,"Evidence: Teams decision, Confluence runbook, Jira acceptance criteria, Grafana metric, and PagerDuty incident history."
DRA-01252,2024-08-19,assumption,,search-recommendations,Maya Chen,open,ATLAS-1239,PR-8868,,Assumption for search-recommendations: feature flag remains required.,"Evidence: Teams decision, Confluence runbook, Jira acceptance criteria, Grafana metric, and PagerDuty incident history."
DRA-01253,2024-08-21,open_question,,analytics-pipeline,Ben Carter,watching,ATLAS-1936,PR-9214,,Open_Question for analytics-pipeline: QA evidence is missing.,"Evidence: Teams decision, Confluence runbook, Jira acceptance criteria, Grafana metric, and PagerDuty incident history."
DRA-01254,2024-08-22,assumption,,tax-service,Harper Lee,closed,ATLAS-5150,PR-7679,,Assumption for tax-service: feature flag remains required.,"Evidence: Teams decision, Confluence runbook, Jira acceptance criteria, Grafana metric, and PagerDuty incident history."
DRA-01255,2024-08-24,action,,pricing-engine,Harper Lee,open,ATLAS-2829,PR-11206,,Action for pricing-engine: rollback owner must be assigned.,"Evidence: Teams decision, Confluence runbook, Jira acceptance criteria, Grafana metric, and PagerDuty incident history."
DRA-01256,2024-08-26,decision,,search-recommendations,Ravi Patel,accepted,ATLAS-6180,PR-9931,,Decision for search-recommendations: database migration needs rehearsal.,"Evidence: Teams decision, Confluence runbook, Jira acceptance criteria, Grafana metric, and PagerDuty incident history."
DRA-01257,2024-08-28,blocker,low,analytics-pipeline,Theo Martin,accepted,ATLAS-1538,PR-10220,,Blocker for analytics-pipeline: database migration needs rehearsal.,"Evidence: Teams decision, Confluence runbook, Jira acceptance criteria, Grafana metric, and PagerDuty incident history."
DRA-01258,2024-08-30,decision,,loyalty-service,Fatima Noor,watching,ATLAS-4943,PR-9716,,Decision for loyalty-service: feature flag remains required.,"Evidence: Teams decision, Confluence runbook, Jira acceptance criteria, Grafana metric, and PagerDuty incident history."
DRA-01259,2024-09-01,action,,analytics-pipeline,Ravi Patel,watching,ATLAS-1749,PR-8685,,Action for analytics-pipeline: QA evidence is missing.,"Evidence: Teams decision, Confluence runbook, Jira acceptance criteria, Grafana metric, and PagerDuty incident history."
DRA-01260,2024-09-02,assumption,,checkout-api,Ben Carter,mitigated,ATLAS-1276,PR-5388,,Assumption for checkout-api: latency burn must stay below threshold.,"Evidence: Teams decision, Confluence runbook, Jira acceptance criteria, Grafana metric, and PagerDuty incident history."
DRA-01261,2024-09-04,decision,,checkout-api,Jon Bell,mitigated,ATLAS-4233,PR-9285,,Decision for checkout-api: rollback owner must be assigned.,"Evidence: Teams decision, Confluence runbook, Jira acceptance criteria, Grafana metric, and PagerDuty incident history."
DRA-01262,2024-09-06,blocker,high,pricing-engine,Owen Brooks,watching,ATLAS-5140,PR-8324,,Blocker for pricing-engine: support escalation macro must be updated.,"Evidence: Teams decision, Confluence runbook, Jira acceptance criteria, Grafana metric, and PagerDuty incident history."
DRA-01263,2024-09-08,risk,medium,inventory-reservation,Mateo Garcia,open,ATLAS-4190,PR-12017,,Risk for inventory-reservation: support escalation macro must be updated.,"Evidence: Teams decision, Confluence runbook, Jira acceptance criteria, Grafana metric, and PagerDuty incident history."
DRA-01264,2024-09-10,decision,,checkout-api,Aisha Khan,watching,ATLAS-2879,PR-6425,,Decision for checkout-api: rollback owner must be assigned.,"Evidence: Teams decision, Confluence runbook, Jira acceptance criteria, Grafana metric, and PagerDuty incident history."
DRA-01265,2024-09-11,action,,auth-gateway,Grace Kim,closed,ATLAS-3948,PR-8348,,Action for auth-gateway: latency burn must stay below threshold.,"Evidence: Teams decision, Confluence runbook, Jira acceptance criteria, Grafana metric, and PagerDuty incident history."
DRA-01266,2024-09-13,assumption,,cart-service,Noah Evans,mitigated,ATLAS-5560,PR-10359,,Assumption for cart-service: latency burn must stay below threshold.,"Evidence: Teams decision, Confluence runbook, Jira acceptance criteria, Grafana metric, and PagerDuty incident history."
DRA-01267,2024-09-15,blocker,low,notification-service,Anika Sharma,closed,ATLAS-3011,PR-8375,PD-2167,Blocker for notification-service: QA evidence is missing.,"Evidence: Teams decision, Confluence runbook, Jira acceptance criteria, Grafana metric, and PagerDuty incident history."
DRA-01268,2024-09-17,blocker,critical,analytics-pipeline,Noah Evans,accepted,ATLAS-5620,PR-7087,,Blocker for analytics-pipeline: feature flag remains required.,"Evidence: Teams decision, Confluence runbook, Jira acceptance criteria, Grafana metric, and PagerDuty incident history."
DRA-01269,2024-09-19,risk,critical,auth-gateway,Elena Petrova,closed,ATLAS-5922,PR-6730,,Risk for auth-gateway: database migration needs rehearsal.,"Evidence: Teams decision, Confluence runbook, Jira acceptance criteria, Grafana metric, and PagerDuty incident history."
DRA-01270,2024-09-21,open_question,,loyalty-service,Samir Rao,open,ATLAS-4133,PR-8780,,Open_Question for loyalty-service: latency burn must stay below threshold.,"Evidence: Teams decision, Confluence runbook, Jira acceptance criteria, Grafana metric, and PagerDuty incident history."
DRA-01271,2024-09-22,decision,,checkout-api,Theo Martin,watching,ATLAS-2454,PR-10602,,Decision for checkout-api: QA evidence is missing.,"Evidence: Teams decision, Confluence runbook, Jira acceptance criteria, Grafana metric, and PagerDuty incident history."
DRA-01272,2024-09-24,assumption,,cart-service,Kim Tan,watching,ATLAS-1120,PR-5385,,Assumption for cart-service: QA evidence is missing.,"Evidence: Teams decision, Confluence runbook, Jira acceptance criteria, Grafana metric, and PagerDuty incident history."
DRA-01273,2024-09-26,blocker,high,payment-orchestrator,Maya Chen,watching,ATLAS-2835,PR-7616,,Blocker for payment-orchestrator: latency burn must stay below threshold.,"Evidence: Teams decision, Confluence runbook, Jira acceptance criteria, Grafana metric, and PagerDuty incident history."
DRA-01274,2024-09-28,action,,payment-orchestrator,Luca Moretti,closed,ATLAS-3990,PR-6992,,Action for payment-orchestrator: QA evidence is missing.,"Evidence: Teams decision, Confluence runbook, Jira acceptance criteria, Grafana metric, and PagerDuty incident history."
DRA-01275,2024-09-30,open_question,,checkout-api,Anika Sharma,open,ATLAS-6147,PR-6984,,Open_Question for checkout-api: support escalation macro must be updated.,"Evidence: Teams decision, Confluence runbook, Jira acceptance criteria, Grafana metric, and PagerDuty incident history."
DRA-01276,2024-10-01,blocker,low,checkout-api,Anika Sharma,closed,ATLAS-5750,PR-11937,,Blocker for checkout-api: feature flag remains required.,"Evidence: Teams decision, Confluence runbook, Jira acceptance criteria, Grafana metric, and PagerDuty incident history."
DRA-01277,2024-10-03,risk,critical,payment-orchestrator,Jon Bell,accepted,ATLAS-1016,PR-5043,,Risk for payment-orchestrator: support escalation macro must be updated.,"Evidence: Teams decision, Confluence runbook, Jira acceptance criteria, Grafana metric, and PagerDuty incident history."
DRA-01278,2024-10-05,risk,low,pricing-engine,Owen Brooks,watching,ATLAS-2734,PR-7142,,Risk for pricing-engine: QA evidence is missing.,"Evidence: Teams decision, Confluence runbook, Jira acceptance criteria, Grafana metric, and PagerDuty incident history."
DRA-01279,2024-10-07,decision,,loyalty-service,Nora Singh,mitigated,ATLAS-4179,PR-7610,,Decision for loyalty-service: rollback owner must be assigned.,"Evidence: Teams decision, Confluence runbook, Jira acceptance criteria, Grafana metric, and PagerDuty incident history."
DRA-01280,2024-10-09,decision,,inventory-reservation,Harper Lee,accepted,ATLAS-1932,PR-5318,,Decision for inventory-reservation: rollback owner must be assigned.,"Evidence: Teams decision, Confluence runbook, Jira acceptance criteria, Grafana metric, and PagerDuty incident history."
DRA-01281,2024-10-11,decision,,tax-service,Aisha Khan,closed,ATLAS-4622,PR-9414,PD-2682,Decision for tax-service: feature flag remains required.,"Evidence: Teams decision, Confluence runbook, Jira acceptance criteria, Grafana metric, and PagerDuty incident history."
DRA-01282,2024-10-12,decision,,notification-service,Elena Petrova,watching,ATLAS-4575,PR-10149,,Decision for notification-service: feature flag remains required.,"Evidence: Teams decision, Confluence runbook, Jira acceptance criteria, Grafana metric, and PagerDuty incident history."
DRA-01283,2024-10-14,action,,search-recommendations,Harper Lee,watching,ATLAS-1059,PR-11375,,Action for search-recommendations: rollback owner must be assigned.,"Evidence: Teams decision, Confluence runbook, Jira acceptance criteria, Grafana metric, and PagerDuty incident history."
DRA-01284,2024-10-16,decision,,order-ledger,Iris Wang,watching,ATLAS-3820,PR-5310,,Decision for order-ledger: QA evidence is missing.,"Evidence: Teams decision, Confluence runbook, Jira acceptance criteria, Grafana metric, and PagerDuty incident history."
DRA-01285,2024-10-18,blocker,high,auth-gateway,Mateo Garcia,open,ATLAS-1277,PR-9793,,Blocker for auth-gateway: latency burn must stay below threshold.,"Evidence: Teams decision, Confluence runbook, Jira acceptance criteria, Grafana metric, and PagerDuty incident history."
DRA-01286,2024-10-20,risk,low,cart-service,Theo Martin,open,ATLAS-2337,PR-7299,,Risk for cart-service: feature flag remains required.,"Evidence: Teams decision, Confluence runbook, Jira acceptance criteria, Grafana metric, and PagerDuty incident history."
DRA-01287,2024-10-21,decision,,payment-orchestrator,Yara Haddad,watching,ATLAS-3281,PR-12393,,Decision for payment-orchestrator: latency burn must stay below threshold.,"Evidence: Teams decision, Confluence runbook, Jira acceptance criteria, Grafana metric, and PagerDuty incident history."
DRA-01288,2024-10-23,open_question,,order-ledger,Mateo Garcia,mitigated,ATLAS-5205,PR-6670,,Open_Question for order-ledger: feature flag remains required.,"Evidence: Teams decision, Confluence runbook, Jira acceptance criteria, Grafana metric, and PagerDuty incident history."
DRA-01289,2024-10-25,open_question,,checkout-api,Mateo Garcia,closed,ATLAS-2412,PR-5556,,Open_Question for checkout-api: rollback owner must be assigned.,"Evidence: Teams decision, Confluence runbook, Jira acceptance criteria, Grafana metric, and PagerDuty incident history."
DRA-01290,2024-10-27,action,,inventory-reservation,Anika Sharma,watching,ATLAS-1272,PR-9206,,Action for inventory-reservation: QA evidence is missing.,"Evidence: Teams decision, Confluence runbook, Jira acceptance criteria, Grafana metric, and PagerDuty incident history."
DRA-01291,2024-10-29,decision,,tax-service,Nora Singh,accepted,ATLAS-5053,PR-9782,,Decision for tax-service: support escalation macro must be updated.,"Evidence: Teams decision, Confluence runbook, Jira acceptance criteria, Grafana metric, and PagerDuty incident history."
DRA-01292,2024-10-30,blocker,high,notification-service,Grace Kim,accepted,ATLAS-3055,PR-5749,,Blocker for notification-service: rollback owner must be assigned.,"Evidence: Teams decision, Confluence runbook, Jira acceptance criteria, Grafana metric, and PagerDuty incident history."
DRA-01293,2024-11-01,risk,critical,notification-service,Victor Silva,watching,ATLAS-3716,PR-7174,,Risk for notification-service: latency burn must stay below threshold.,"Evidence: Teams decision, Confluence runbook, Jira acceptance criteria, Grafana metric, and PagerDuty incident history."
DRA-01294,2024-11-03,open_question,,checkout-api,Anika Sharma,watching,ATLAS-4507,PR-6995,,Open_Question for checkout-api: database migration needs rehearsal.,"Evidence: Teams decision, Confluence runbook, Jira acceptance criteria, Grafana metric, and PagerDuty incident history."
DRA-01295,2024-11-05,decision,,cart-service,Samir Rao,mitigated,ATLAS-4790,PR-6677,,Decision for cart-service: rollback owner must be assigned.,"Evidence: Teams decision, Confluence runbook, Jira acceptance criteria, Grafana metric, and PagerDuty incident history."
DRA-01296,2024-11-07,assumption,,cart-service,Luca Moretti,mitigated,ATLAS-5822,PR-10147,,Assumption for cart-service: feature flag remains required.,"Evidence: Teams decision, Confluence runbook, Jira acceptance criteria, Grafana metric, and PagerDuty incident history."
DRA-01297,2024-11-09,assumption,,order-ledger,Iris Wang,mitigated,ATLAS-2133,PR-9815,,Assumption for order-ledger: QA evidence is missing.,"Evidence: Teams decision, Confluence runbook, Jira acceptance criteria, Grafana metric, and PagerDuty incident history."
DRA-01298,2024-11-10,assumption,,cart-service,Fatima Noor,open,ATLAS-3531,PR-7956,,Assumption for cart-service: feature flag remains required.,"Evidence: Teams decision, Confluence runbook, Jira acceptance criteria, Grafana metric, and PagerDuty incident history."
DRA-01299,2024-11-12,assumption,,cart-service,Yara Haddad,accepted,ATLAS-4070,PR-5950,,Assumption for cart-service: rollback owner must be assigned.,"Evidence: Teams decision, Confluence runbook, Jira acceptance criteria, Grafana metric, and PagerDuty incident history."
DRA-01300,2024-11-14,risk,low,cart-service,Ravi Patel,mitigated,ATLAS-2850,PR-8708,,Risk for cart-service: rollback owner must be assigned.,"Evidence: Teams decision, Confluence runbook, Jira acceptance criteria, Grafana metric, and PagerDuty incident history."
DRA-01301,2024-11-16,open_question,,analytics-pipeline,Fatima Noor,mitigated,ATLAS-1401,PR-7252,,Open_Question for analytics-pipeline: latency burn must stay below threshold.,"Evidence: Teams decision, Confluence runbook, Jira acceptance criteria, Grafana metric, and PagerDuty incident history."
DRA-01302,2024-11-18,assumption,,tax-service,Jon Bell,accepted,ATLAS-5193,PR-12391,,Assumption for tax-service: feature flag remains required.,"Evidence: Teams decision, Confluence runbook, Jira acceptance criteria, Grafana metric, and PagerDuty incident history."
DRA-01303,2024-11-19,open_question,,search-recommendations,Priya Nair,closed,ATLAS-2682,PR-8735,,Open_Question for search-recommendations: latency burn must stay below threshold.,"Evidence: Teams decision, Confluence runbook, Jira acceptance criteria, Grafana metric, and PagerDuty incident history."
DRA-01304,2024-11-21,blocker,high,analytics-pipeline,Anika Sharma,closed,ATLAS-3497,PR-7126,,Blocker for analytics-pipeline: feature flag remains required.,"Evidence: Teams decision, Confluence runbook, Jira acceptance criteria, Grafana metric, and PagerDuty incident history."
DRA-01305,2024-11-23,action,,inventory-reservation,Ben Carter,mitigated,ATLAS-3396,PR-8168,,Action for inventory-reservation: database migration needs rehearsal.,"Evidence: Teams decision, Confluence runbook, Jira acceptance criteria, Grafana metric, and PagerDuty incident history."
DRA-01306,2024-11-25,open_question,,pricing-engine,Fatima Noor,open,ATLAS-4619,PR-5024,,Open_Question for pricing-engine: QA evidence is missing.,"Evidence: Teams decision, Confluence runbook, Jira acceptance criteria, Grafana metric, and PagerDuty incident history."
DRA-01307,2024-11-27,decision,,cart-service,Luca Moretti,open,ATLAS-4984,PR-9066,,Decision for cart-service: database migration needs rehearsal.,"Evidence: Teams decision, Confluence runbook, Jira acceptance criteria, Grafana metric, and PagerDuty incident history."
DRA-01308,2024-11-29,assumption,,pricing-engine,Harper Lee,watching,ATLAS-1203,PR-10156,,Assumption for pricing-engine: database migration needs rehearsal.,"Evidence: Teams decision, Confluence runbook, Jira acceptance criteria, Grafana metric, and PagerDuty incident history."
DRA-01309,2024-11-30,blocker,critical,payment-orchestrator,Mateo Garcia,closed,ATLAS-1796,PR-11932,,Blocker for payment-orchestrator: latency burn must stay below threshold.,"Evidence: Teams decision, Confluence runbook, Jira acceptance criteria, Grafana metric, and PagerDuty incident history."
DRA-01310,2024-12-02,decision,,checkout-api,Sara Novak,closed,ATLAS-3681,PR-7736,,Decision for checkout-api: database migration needs rehearsal.,"Evidence: Teams decision, Confluence runbook, Jira acceptance criteria, Grafana metric, and PagerDuty incident history."
DRA-01311,2024-12-04,decision,,cart-service,Fatima Noor,closed,ATLAS-2001,PR-11116,,Decision for cart-service: database migration needs rehearsal.,"Evidence: Teams decision, Confluence runbook, Jira acceptance criteria, Grafana metric, and PagerDuty incident history."
DRA-01312,2024-12-06,open_question,,analytics-pipeline,Samir Rao,open,ATLAS-3300,PR-5374,,Open_Question for analytics-pipeline: QA evidence is missing.,"Evidence: Teams decision, Confluence runbook, Jira acceptance criteria, Grafana metric, and PagerDuty incident history."
DRA-01313,2024-12-08,assumption,,inventory-reservation,Jon Bell,closed,ATLAS-3053,PR-9669,,Assumption for inventory-reservation: rollback owner must be assigned.,"Evidence: Teams decision, Confluence runbook, Jira acceptance criteria, Grafana metric, and PagerDuty incident history."
DRA-01314,2024-12-09,open_question,,notification-service,Elena Petrova,open,ATLAS-1698,PR-10238,,Open_Question for notification-service: latency burn must stay below threshold.,"Evidence: Teams decision, Confluence runbook, Jira acceptance criteria, Grafana metric, and PagerDuty incident history."
DRA-01315,2024-12-11,action,,search-recommendations,Ravi Patel,closed,ATLAS-2574,PR-8155,,Action for search-recommendations: feature flag remains required.,"Evidence: Teams decision, Confluence runbook, Jira acceptance criteria, Grafana metric, and PagerDuty incident history."
DRA-01316,2024-12-13,blocker,critical,inventory-reservation,Theo Martin,open,ATLAS-1102,PR-8449,,Blocker for inventory-reservation: rollback owner must be assigned.,"Evidence: Teams decision, Confluence runbook, Jira acceptance criteria, Grafana metric, and PagerDuty incident history."
DRA-01317,2024-12-15,open_question,,search-recommendations,Anika Sharma,watching,ATLAS-1828,PR-8124,PD-2766,Open_Question for search-recommendations: QA evidence is missing.,"Evidence: Teams decision, Confluence runbook, Jira acceptance criteria, Grafana metric, and PagerDuty incident history."
DRA-01318,2024-12-17,risk,low,cart-service,Owen Brooks,open,ATLAS-3823,PR-8063,,Risk for cart-service: latency burn must stay below threshold.,"Evidence: Teams decision, Confluence runbook, Jira acceptance criteria, Grafana metric, and PagerDuty incident history."
DRA-01319,2024-12-18,decision,,order-ledger,Theo Martin,mitigated,ATLAS-1287,PR-7055,PD-2680,Decision for order-ledger: rollback owner must be assigned.,"Evidence: Teams decision, Confluence runbook, Jira acceptance criteria, Grafana metric, and PagerDuty incident history."
DRA-01320,2024-12-20,assumption,,search-recommendations,Grace Kim,mitigated,ATLAS-1157,PR-9627,,Assumption for search-recommendations: rollback owner must be assigned.,"Evidence: Teams decision, Confluence runbook, Jira acceptance criteria, Grafana metric, and PagerDuty incident history."
DRA-01321,2024-12-22,blocker,high,analytics-pipeline,Dmitri Volkov,closed,ATLAS-5479,PR-5764,,Blocker for analytics-pipeline: support escalation macro must be updated.,"Evidence: Teams decision, Confluence runbook, Jira acceptance criteria, Grafana metric, and PagerDuty incident history."
DRA-01322,2024-12-24,action,,checkout-api,Dmitri Volkov,watching,ATLAS-4389,PR-10762,,Action for checkout-api: feature flag remains required.,"Evidence: Teams decision, Confluence runbook, Jira acceptance criteria, Grafana metric, and PagerDuty incident history."
DRA-01323,2024-12-26,open_question,,loyalty-service,Theo Martin,closed,ATLAS-5250,PR-5578,,Open_Question for loyalty-service: QA evidence is missing.,"Evidence: Teams decision, Confluence runbook, Jira acceptance criteria, Grafana metric, and PagerDuty incident history."
DRA-01324,2024-12-28,risk,medium,order-ledger,Anika Sharma,accepted,ATLAS-5380,PR-5121,,Risk for order-ledger: feature flag remains required.,"Evidence: Teams decision, Confluence runbook, Jira acceptance criteria, Grafana metric, and PagerDuty incident history."
DRA-01325,2024-12-29,risk,critical,tax-service,Anika Sharma,accepted,ATLAS-5103,PR-9198,,Risk for tax-service: rollback owner must be assigned.,"Evidence: Teams decision, Confluence runbook, Jira acceptance criteria, Grafana metric, and PagerDuty incident history."
DRA-01326,2024-12-31,action,,notification-service,Mateo Garcia,accepted,ATLAS-4145,PR-7610,,Action for notification-service: latency burn must stay below threshold.,"Evidence: Teams decision, Confluence runbook, Jira acceptance criteria, Grafana metric, and PagerDuty incident history."
DRA-01327,2025-01-02,decision,,analytics-pipeline,Victor Silva,watching,ATLAS-5335,PR-8578,PD-2191,Decision for analytics-pipeline: QA evidence is missing.,"Evidence: Teams decision, Confluence runbook, Jira acceptance criteria, Grafana metric, and PagerDuty incident history."
DRA-01328,2025-01-04,assumption,,payment-orchestrator,Priya Nair,closed,ATLAS-3590,PR-5365,,Assumption for payment-orchestrator: QA evidence is missing.,"Evidence: Teams decision, Confluence runbook, Jira acceptance criteria, Grafana metric, and PagerDuty incident history."
DRA-01329,2025-01-06,action,,pricing-engine,Ben Carter,accepted,ATLAS-4225,PR-8909,,Action for pricing-engine: feature flag remains required.,"Evidence: Teams decision, Confluence runbook, Jira acceptance criteria, Grafana metric, and PagerDuty incident history."
DRA-01330,2025-01-07,open_question,,search-recommendations,Nora Singh,open,ATLAS-3352,PR-9924,PD-2648,Open_Question for search-recommendations: database migration needs rehearsal.,"Evidence: Teams decision, Confluence runbook, Jira acceptance criteria, Grafana metric, and PagerDuty incident history."
DRA-01331,2025-01-09,blocker,medium,payment-orchestrator,Theo Martin,open,ATLAS-4048,PR-5698,,Blocker for payment-orchestrator: latency burn must stay below threshold.,"Evidence: Teams decision, Confluence runbook, Jira acceptance criteria, Grafana metric, and PagerDuty incident history."
DRA-01332,2025-01-11,assumption,,order-ledger,Fatima Noor,open,ATLAS-5733,PR-8376,,Assumption for order-ledger: support escalation macro must be updated.,"Evidence: Teams decision, Confluence runbook, Jira acceptance criteria, Grafana metric, and PagerDuty incident history."
DRA-01333,2025-01-13,risk,low,notification-service,Yara Haddad,watching,ATLAS-1389,PR-5199,,Risk for notification-service: feature flag remains required.,"Evidence: Teams decision, Confluence runbook, Jira acceptance criteria, Grafana metric, and PagerDuty incident history."
DRA-01334,2025-01-15,open_question,,tax-service,Owen Brooks,open,ATLAS-3725,PR-8004,,Open_Question for tax-service: rollback owner must be assigned.,"Evidence: Teams decision, Confluence runbook, Jira acceptance criteria, Grafana metric, and PagerDuty incident history."
DRA-01335,2025-01-17,assumption,,pricing-engine,Ben Carter,mitigated,ATLAS-4028,PR-9106,,Assumption for pricing-engine: support escalation macro must be updated.,"Evidence: Teams decision, Confluence runbook, Jira acceptance criteria, Grafana metric, and PagerDuty incident history."
DRA-01336,2025-01-18,decision,,notification-service,Victor Silva,mitigated,ATLAS-4829,PR-6275,,Decision for notification-service: support escalation macro must be updated.,"Evidence: Teams decision, Confluence runbook, Jira acceptance criteria, Grafana metric, and PagerDuty incident history."
DRA-01337,2025-01-20,blocker,low,order-ledger,Aisha Khan,accepted,ATLAS-3605,PR-6330,,Blocker for order-ledger: QA evidence is missing.,"Evidence: Teams decision, Confluence runbook, Jira acceptance criteria, Grafana metric, and PagerDuty incident history."
DRA-01338,2025-01-22,action,,payment-orchestrator,Sara Novak,accepted,ATLAS-4830,PR-6030,PD-2366,Action for payment-orchestrator: rollback owner must be assigned.,"Evidence: Teams decision, Confluence runbook, Jira acceptance criteria, Grafana metric, and PagerDuty incident history."
DRA-01339,2025-01-24,assumption,,notification-service,Yara Haddad,closed,ATLAS-1354,PR-11237,,Assumption for notification-service: support escalation macro must be updated.,"Evidence: Teams decision, Confluence runbook, Jira acceptance criteria, Grafana metric, and PagerDuty incident history."
DRA-01340,2025-01-26,decision,,auth-gateway,Anika Sharma,watching,ATLAS-4116,PR-5455,,Decision for auth-gateway: feature flag remains required.,"Evidence: Teams decision, Confluence runbook, Jira acceptance criteria, Grafana metric, and PagerDuty incident history."
DRA-01341,2025-01-27,assumption,,order-ledger,Fatima Noor,watching,ATLAS-2307,PR-9115,PD-2207,Assumption for order-ledger: feature flag remains required.,"Evidence: Teams decision, Confluence runbook, Jira acceptance criteria, Grafana metric, and PagerDuty incident history."
DRA-01342,2025-01-29,action,,analytics-pipeline,Owen Brooks,closed,ATLAS-4205,PR-8068,,Action for analytics-pipeline: rollback owner must be assigned.,"Evidence: Teams decision, Confluence runbook, Jira acceptance criteria, Grafana metric, and PagerDuty incident history."
DRA-01343,2025-01-31,blocker,high,search-recommendations,Owen Brooks,mitigated,ATLAS-4504,PR-11822,PD-2035,Blocker for search-recommendations: feature flag remains required.,"Evidence: Teams decision, Confluence runbook, Jira acceptance criteria, Grafana metric, and PagerDuty incident history."
DRA-01344,2025-02-02,risk,medium,loyalty-service,Mateo Garcia,watching,ATLAS-5753,PR-8416,,Risk for loyalty-service: latency burn must stay below threshold.,"Evidence: Teams decision, Confluence runbook, Jira acceptance criteria, Grafana metric, and PagerDuty incident history."
DRA-01345,2025-02-04,assumption,,payment-orchestrator,Ben Carter,closed,ATLAS-4106,PR-8705,,Assumption for payment-orchestrator: support escalation macro must be updated.,"Evidence: Teams decision, Confluence runbook, Jira acceptance criteria, Grafana metric, and PagerDuty incident history."
DRA-01346,2025-02-06,risk,low,payment-orchestrator,Iris Wang,closed,ATLAS-5854,PR-10520,,Risk for payment-orchestrator: QA evidence is missing.,"Evidence: Teams decision, Confluence runbook, Jira acceptance criteria, Grafana metric, and PagerDuty incident history."
DRA-01347,2025-02-07,decision,,checkout-api,Luca Moretti,closed,ATLAS-5437,PR-10356,,Decision for checkout-api: support escalation macro must be updated.,"Evidence: Teams decision, Confluence runbook, Jira acceptance criteria, Grafana metric, and PagerDuty incident history."
DRA-01348,2025-02-09,assumption,,analytics-pipeline,Iris Wang,watching,ATLAS-1433,PR-12181,PD-2838,Assumption for analytics-pipeline: rollback owner must be assigned.,"Evidence: Teams decision, Confluence runbook, Jira acceptance criteria, Grafana metric, and PagerDuty incident history."
DRA-01349,2025-02-11,assumption,,tax-service,Aisha Khan,closed,ATLAS-5211,PR-7094,PD-2491,Assumption for tax-service: database migration needs rehearsal.,"Evidence: Teams decision, Confluence runbook, Jira acceptance criteria, Grafana metric, and PagerDuty incident history."
DRA-01350,2025-02-13,action,,search-recommendations,Mateo Garcia,watching,ATLAS-2676,PR-9666,,Action for search-recommendations: QA evidence is missing.,"Evidence: Teams decision, Confluence runbook, Jira acceptance criteria, Grafana metric, and PagerDuty incident history."
DRA-01351,2025-02-15,risk,high,loyalty-service,Sara Novak,open,ATLAS-3409,PR-11500,,Risk for loyalty-service: rollback owner must be assigned.,"Evidence: Teams decision, Confluence runbook, Jira acceptance criteria, Grafana metric, and PagerDuty incident history."
DRA-01352,2025-02-16,action,,inventory-reservation,Owen Brooks,closed,ATLAS-4199,PR-5891,,Action for inventory-reservation: rollback owner must be assigned.,"Evidence: Teams decision, Confluence runbook, Jira acceptance criteria, Grafana metric, and PagerDuty incident history."
DRA-01353,2025-02-18,action,,tax-service,Mateo Garcia,open,ATLAS-4606,PR-9568,,Action for tax-service: database migration needs rehearsal.,"Evidence: Teams decision, Confluence runbook, Jira acceptance criteria, Grafana metric, and PagerDuty incident history."
DRA-01354,2025-02-20,risk,medium,payment-orchestrator,Luca Moretti,mitigated,ATLAS-5708,PR-7156,,Risk for payment-orchestrator: latency burn must stay below threshold.,"Evidence: Teams decision, Confluence runbook, Jira acceptance criteria, Grafana metric, and PagerDuty incident history."
DRA-01355,2025-02-22,open_question,,inventory-reservation,Maya Chen,open,ATLAS-4127,PR-11820,,Open_Question for inventory-reservation: latency burn must stay below threshold.,"Evidence: Teams decision, Confluence runbook, Jira acceptance criteria, Grafana metric, and PagerDuty incident history."
DRA-01356,2025-02-24,assumption,,notification-service,Yara Haddad,mitigated,ATLAS-1291,PR-5508,,Assumption for notification-service: feature flag remains required.,"Evidence: Teams decision, Confluence runbook, Jira acceptance criteria, Grafana metric, and PagerDuty incident history."
DRA-01357,2025-02-25,action,,tax-service,Noah Evans,accepted,ATLAS-2496,PR-5530,,Action for tax-service: database migration needs rehearsal.,"Evidence: Teams decision, Confluence runbook, Jira acceptance criteria, Grafana metric, and PagerDuty incident history."
DRA-01358,2025-02-27,action,,payment-orchestrator,Ravi Patel,closed,ATLAS-1057,PR-8552,,Action for payment-orchestrator: latency burn must stay below threshold.,"Evidence: Teams decision, Confluence runbook, Jira acceptance criteria, Grafana metric, and PagerDuty incident history."
DRA-01359,2025-03-01,decision,,auth-gateway,Jon Bell,closed,ATLAS-4069,PR-7067,,Decision for auth-gateway: latency burn must stay below threshold.,"Evidence: Teams decision, Confluence runbook, Jira acceptance criteria, Grafana metric, and PagerDuty incident history."
DRA-01360,2025-03-03,decision,,order-ledger,Grace Kim,accepted,ATLAS-2604,PR-6703,,Decision for order-ledger: latency burn must stay below threshold.,"Evidence: Teams decision, Confluence runbook, Jira acceptance criteria, Grafana metric, and PagerDuty incident history."
DRA-01361,2025-03-05,risk,medium,checkout-api,Fatima Noor,watching,ATLAS-4120,PR-9015,,Risk for checkout-api: rollback owner must be assigned.,"Evidence: Teams decision, Confluence runbook, Jira acceptance criteria, Grafana metric, and PagerDuty incident history."
DRA-01362,2025-03-07,open_question,,loyalty-service,Owen Brooks,accepted,ATLAS-3212,PR-9185,,Open_Question for loyalty-service: latency burn must stay below threshold.,"Evidence: Teams decision, Confluence runbook, Jira acceptance criteria, Grafana metric, and PagerDuty incident history."
DRA-01363,2025-03-08,action,,inventory-reservation,Ben Carter,mitigated,ATLAS-5715,PR-7194,PD-2303,Action for inventory-reservation: latency burn must stay below threshold.,"Evidence: Teams decision, Confluence runbook, Jira acceptance criteria, Grafana metric, and PagerDuty incident history."
DRA-01364,2025-03-10,blocker,low,search-recommendations,Iris Wang,accepted,ATLAS-5902,PR-8984,,Blocker for search-recommendations: latency burn must stay below threshold.,"Evidence: Teams decision, Confluence runbook, Jira acceptance criteria, Grafana metric, and PagerDuty incident history."
DRA-01365,2025-03-12,action,,tax-service,Samir Rao,accepted,ATLAS-3376,PR-8737,PD-2189,Action for tax-service: latency burn must stay below threshold.,"Evidence: Teams decision, Confluence runbook, Jira acceptance criteria, Grafana metric, and PagerDuty incident history."
DRA-01366,2025-03-14,risk,medium,auth-gateway,Harper Lee,mitigated,ATLAS-2848,PR-9575,PD-2558,Risk for auth-gateway: database migration needs rehearsal.,"Evidence: Teams decision, Confluence runbook, Jira acceptance criteria, Grafana metric, and PagerDuty incident history."
DRA-01367,2025-03-16,blocker,critical,analytics-pipeline,Harper Lee,closed,ATLAS-1989,PR-8766,PD-2394,Blocker for analytics-pipeline: rollback owner must be assigned.,"Evidence: Teams decision, Confluence runbook, Jira acceptance criteria, Grafana metric, and PagerDuty incident history."
DRA-01368,2025-03-17,blocker,medium,tax-service,Yara Haddad,open,ATLAS-1155,PR-12188,,Blocker for tax-service: support escalation macro must be updated.,"Evidence: Teams decision, Confluence runbook, Jira acceptance criteria, Grafana metric, and PagerDuty incident history."
DRA-01369,2025-03-19,blocker,high,cart-service,Victor Silva,closed,ATLAS-1680,PR-10026,,Blocker for cart-service: database migration needs rehearsal.,"Evidence: Teams decision, Confluence runbook, Jira acceptance criteria, Grafana metric, and PagerDuty incident history."
DRA-01370,2025-03-21,action,,auth-gateway,Theo Martin,accepted,ATLAS-4430,PR-5390,,Action for auth-gateway: database migration needs rehearsal.,"Evidence: Teams decision, Confluence runbook, Jira acceptance criteria, Grafana metric, and PagerDuty incident history."
DRA-01371,2025-03-23,blocker,low,analytics-pipeline,Maya Chen,open,ATLAS-4172,PR-7282,,Blocker for analytics-pipeline: feature flag remains required.,"Evidence: Teams decision, Confluence runbook, Jira acceptance criteria, Grafana metric, and PagerDuty incident history."
DRA-01372,2025-03-25,assumption,,search-recommendations,Yara Haddad,open,ATLAS-3079,PR-6489,,Assumption for search-recommendations: QA evidence is missing.,"Evidence: Teams decision, Confluence runbook, Jira acceptance criteria, Grafana metric, and PagerDuty incident history."
DRA-01373,2025-03-27,blocker,low,auth-gateway,Sara Novak,watching,ATLAS-2730,PR-7104,,Blocker for auth-gateway: rollback owner must be assigned.,"Evidence: Teams decision, Confluence runbook, Jira acceptance criteria, Grafana metric, and PagerDuty incident history."
DRA-01374,2025-03-28,blocker,medium,order-ledger,Nora Singh,closed,ATLAS-1540,PR-5942,,Blocker for order-ledger: support escalation macro must be updated.,"Evidence: Teams decision, Confluence runbook, Jira acceptance criteria, Grafana metric, and PagerDuty incident history."
DRA-01375,2025-03-30,assumption,,inventory-reservation,Sara Novak,watching,ATLAS-4504,PR-5173,PD-2630,Assumption for inventory-reservation: latency burn must stay below threshold.,"Evidence: Teams decision, Confluence runbook, Jira acceptance criteria, Grafana metric, and PagerDuty incident history."
DRA-01376,2025-04-01,risk,low,search-recommendations,Aisha Khan,closed,ATLAS-4558,PR-11647,,Risk for search-recommendations: feature flag remains required.,"Evidence: Teams decision, Confluence runbook, Jira acceptance criteria, Grafana metric, and PagerDuty incident history."
DRA-01377,2025-04-03,decision,,pricing-engine,Noah Evans,open,ATLAS-2118,PR-6554,,Decision for pricing-engine: support escalation macro must be updated.,"Evidence: Teams decision, Confluence runbook, Jira acceptance criteria, Grafana metric, and PagerDuty incident history."
DRA-01378,2025-04-05,risk,low,cart-service,Victor Silva,open,ATLAS-2414,PR-7383,PD-2860,Risk for cart-service: rollback owner must be assigned.,"Evidence: Teams decision, Confluence runbook, Jira acceptance criteria, Grafana metric, and PagerDuty incident history."
DRA-01379,2025-04-06,blocker,high,inventory-reservation,Kim Tan,accepted,ATLAS-3284,PR-6840,,Blocker for inventory-reservation: feature flag remains required.,"Evidence: Teams decision, Confluence runbook, Jira acceptance criteria, Grafana metric, and PagerDuty incident history."
DRA-01380,2025-04-08,risk,low,payment-orchestrator,Maya Chen,mitigated,ATLAS-4116,PR-9336,,Risk for payment-orchestrator: QA evidence is missing.,"Evidence: Teams decision, Confluence runbook, Jira acceptance criteria, Grafana metric, and PagerDuty incident history."
DRA-01381,2025-04-10,decision,,inventory-reservation,Theo Martin,open,ATLAS-1647,PR-6484,,Decision for inventory-reservation: rollback owner must be assigned.,"Evidence: Teams decision, Confluence runbook, Jira acceptance criteria, Grafana metric, and PagerDuty incident history."
DRA-01382,2025-04-12,risk,critical,loyalty-service,Maya Chen,closed,ATLAS-3206,PR-10890,PD-2260,Risk for loyalty-service: support escalation macro must be updated.,"Evidence: Teams decision, Confluence runbook, Jira acceptance criteria, Grafana metric, and PagerDuty incident history."
DRA-01383,2025-04-14,decision,,cart-service,Ravi Patel,closed,ATLAS-6004,PR-12042,,Decision for cart-service: feature flag remains required.,"Evidence: Teams decision, Confluence runbook, Jira acceptance criteria, Grafana metric, and PagerDuty incident history."
DRA-01384,2025-04-16,risk,critical,tax-service,Aisha Khan,open,ATLAS-4463,PR-12003,,Risk for tax-service: rollback owner must be assigned.,"Evidence: Teams decision, Confluence runbook, Jira acceptance criteria, Grafana metric, and PagerDuty incident history."
DRA-01385,2025-04-17,assumption,,pricing-engine,Ravi Patel,watching,ATLAS-3663,PR-10031,,Assumption for pricing-engine: support escalation macro must be updated.,"Evidence: Teams decision, Confluence runbook, Jira acceptance criteria, Grafana metric, and PagerDuty incident history."
DRA-01386,2025-04-19,risk,high,notification-service,Ben Carter,closed,ATLAS-3279,PR-7201,,Risk for notification-service: database migration needs rehearsal.,"Evidence: Teams decision, Confluence runbook, Jira acceptance criteria, Grafana metric, and PagerDuty incident history."
DRA-01387,2025-04-21,action,,search-recommendations,Noah Evans,accepted,ATLAS-3939,PR-11728,,Action for search-recommendations: support escalation macro must be updated.,"Evidence: Teams decision, Confluence runbook, Jira acceptance criteria, Grafana metric, and PagerDuty incident history."
DRA-01388,2025-04-23,action,,analytics-pipeline,Theo Martin,accepted,ATLAS-4392,PR-8306,,Action for analytics-pipeline: support escalation macro must be updated.,"Evidence: Teams decision, Confluence runbook, Jira acceptance criteria, Grafana metric, and PagerDuty incident history."
DRA-01389,2025-04-25,risk,medium,inventory-reservation,Aisha Khan,mitigated,ATLAS-4560,PR-8665,,Risk for inventory-reservation: support escalation macro must be updated.,"Evidence: Teams decision, Confluence runbook, Jira acceptance criteria, Grafana metric, and PagerDuty incident history."
DRA-01390,2025-04-26,assumption,,search-recommendations,Theo Martin,closed,ATLAS-2467,PR-9091,,Assumption for search-recommendations: support escalation macro must be updated.,"Evidence: Teams decision, Confluence runbook, Jira acceptance criteria, Grafana metric, and PagerDuty incident history."
DRA-01391,2025-04-28,decision,,order-ledger,Priya Nair,accepted,ATLAS-3454,PR-7659,,Decision for order-ledger: rollback owner must be assigned.,"Evidence: Teams decision, Confluence runbook, Jira acceptance criteria, Grafana metric, and PagerDuty incident history."
DRA-01392,2025-04-30,risk,critical,order-ledger,Harper Lee,watching,ATLAS-3256,PR-12436,PD-2260,Risk for order-ledger: feature flag remains required.,"Evidence: Teams decision, Confluence runbook, Jira acceptance criteria, Grafana metric, and PagerDuty incident history."
DRA-01393,2025-05-02,blocker,high,checkout-api,Elena Petrova,closed,ATLAS-4496,PR-8833,,Blocker for checkout-api: support escalation macro must be updated.,"Evidence: Teams decision, Confluence runbook, Jira acceptance criteria, Grafana metric, and PagerDuty incident history."
DRA-01394,2025-05-04,action,,inventory-reservation,Fatima Noor,open,ATLAS-1277,PR-8710,,Action for inventory-reservation: QA evidence is missing.,"Evidence: Teams decision, Confluence runbook, Jira acceptance criteria, Grafana metric, and PagerDuty incident history."
DRA-01395,2025-05-05,action,,cart-service,Anika Sharma,watching,ATLAS-3692,PR-7521,PD-2246,Action for cart-service: latency burn must stay below threshold.,"Evidence: Teams decision, Confluence runbook, Jira acceptance criteria, Grafana metric, and PagerDuty incident history."
DRA-01396,2025-05-07,blocker,medium,order-ledger,Anika Sharma,closed,ATLAS-4841,PR-5776,,Blocker for order-ledger: QA evidence is missing.,"Evidence: Teams decision, Confluence runbook, Jira acceptance criteria, Grafana metric, and PagerDuty incident history."
DRA-01397,2025-05-09,action,,payment-orchestrator,Nora Singh,closed,ATLAS-4267,PR-12376,,Action for payment-orchestrator: database migration needs rehearsal.,"Evidence: Teams decision, Confluence runbook, Jira acceptance criteria, Grafana metric, and PagerDuty incident history."
DRA-01398,2025-05-11,assumption,,auth-gateway,Nora Singh,accepted,ATLAS-6139,PR-9913,,Assumption for auth-gateway: rollback owner must be assigned.,"Evidence: Teams decision, Confluence runbook, Jira acceptance criteria, Grafana metric, and PagerDuty incident history."
DRA-01399,2025-05-13,assumption,,pricing-engine,Harper Lee,open,ATLAS-2450,PR-7916,,Assumption for pricing-engine: database migration needs rehearsal.,"Evidence: Teams decision, Confluence runbook, Jira acceptance criteria, Grafana metric, and PagerDuty incident history."
DRA-01400,2025-05-15,risk,high,order-ledger,Dmitri Volkov,closed,ATLAS-5668,PR-10751,,Risk for order-ledger: QA evidence is missing.,"Evidence: Teams decision, Confluence runbook, Jira acceptance criteria, Grafana metric, and PagerDuty incident history."
DRA-01401,2025-05-16,open_question,,loyalty-service,Fatima Noor,watching,ATLAS-2397,PR-5599,PD-2173,Open_Question for loyalty-service: feature flag remains required.,"Evidence: Teams decision, Confluence runbook, Jira acceptance criteria, Grafana metric, and PagerDuty incident history."
DRA-01402,2025-05-18,blocker,critical,tax-service,Aisha Khan,accepted,ATLAS-6005,PR-5416,,Blocker for tax-service: feature flag remains required.,"Evidence: Teams decision, Confluence runbook, Jira acceptance criteria, Grafana metric, and PagerDuty incident history."
DRA-01403,2025-05-20,blocker,high,notification-service,Harper Lee,accepted,ATLAS-2248,PR-7082,,Blocker for notification-service: rollback owner must be assigned.,"Evidence: Teams decision, Confluence runbook, Jira acceptance criteria, Grafana metric, and PagerDuty incident history."
DRA-01404,2025-05-22,decision,,cart-service,Harper Lee,open,ATLAS-3232,PR-11901,PD-2209,Decision for cart-service: database migration needs rehearsal.,"Evidence: Teams decision, Confluence runbook, Jira acceptance criteria, Grafana metric, and PagerDuty incident history."
DRA-01405,2025-05-24,decision,,checkout-api,Jon Bell,open,ATLAS-5535,PR-5904,,Decision for checkout-api: QA evidence is missing.,"Evidence: Teams decision, Confluence runbook, Jira acceptance criteria, Grafana metric, and PagerDuty incident history."
DRA-01406,2025-05-25,risk,critical,tax-service,Yara Haddad,mitigated,ATLAS-1668,PR-9943,,Risk for tax-service: latency burn must stay below threshold.,"Evidence: Teams decision, Confluence runbook, Jira acceptance criteria, Grafana metric, and PagerDuty incident history."
DRA-01407,2025-05-27,assumption,,search-recommendations,Aisha Khan,mitigated,ATLAS-4719,PR-10147,PD-2857,Assumption for search-recommendations: QA evidence is missing.,"Evidence: Teams decision, Confluence runbook, Jira acceptance criteria, Grafana metric, and PagerDuty incident history."
DRA-01408,2025-05-29,action,,loyalty-service,Samir Rao,open,ATLAS-5151,PR-7207,,Action for loyalty-service: feature flag remains required.,"Evidence: Teams decision, Confluence runbook, Jira acceptance criteria, Grafana metric, and PagerDuty incident history."
DRA-01409,2025-05-31,blocker,low,analytics-pipeline,Theo Martin,closed,ATLAS-3645,PR-6765,PD-2341,Blocker for analytics-pipeline: support escalation macro must be updated.,"Evidence: Teams decision, Confluence runbook, Jira acceptance criteria, Grafana metric, and PagerDuty incident history."
DRA-01410,2025-06-02,risk,medium,loyalty-service,Harper Lee,mitigated,ATLAS-5592,PR-5563,,Risk for loyalty-service: feature flag remains required.,"Evidence: Teams decision, Confluence runbook, Jira acceptance criteria, Grafana metric, and PagerDuty incident history."
DRA-01411,2025-06-04,risk,high,notification-service,Iris Wang,open,ATLAS-3001,PR-10098,,Risk for notification-service: database migration needs rehearsal.,"Evidence: Teams decision, Confluence runbook, Jira acceptance criteria, Grafana metric, and PagerDuty incident history."
DRA-01412,2025-06-05,assumption,,inventory-reservation,Maya Chen,accepted,ATLAS-5159,PR-5963,,Assumption for inventory-reservation: QA evidence is missing.,"Evidence: Teams decision, Confluence runbook, Jira acceptance criteria, Grafana metric, and PagerDuty incident history."
DRA-01413,2025-06-07,blocker,medium,tax-service,Theo Martin,closed,ATLAS-4139,PR-5151,,Blocker for tax-service: feature flag remains required.,"Evidence: Teams decision, Confluence runbook, Jira acceptance criteria, Grafana metric, and PagerDuty incident history."
DRA-01414,2025-06-09,action,,checkout-api,Fatima Noor,accepted,ATLAS-5306,PR-10537,PD-2218,Action for checkout-api: feature flag remains required.,"Evidence: Teams decision, Confluence runbook, Jira acceptance criteria, Grafana metric, and PagerDuty incident history."
DRA-01415,2025-06-11,action,,search-recommendations,Kim Tan,open,ATLAS-5790,PR-10134,,Action for search-recommendations: QA evidence is missing.,"Evidence: Teams decision, Confluence runbook, Jira acceptance criteria, Grafana metric, and PagerDuty incident history."
DRA-01416,2025-06-13,open_question,,pricing-engine,Maya Chen,mitigated,ATLAS-1143,PR-6022,PD-2493,Open_Question for pricing-engine: support escalation macro must be updated.,"Evidence: Teams decision, Confluence runbook, Jira acceptance criteria, Grafana metric, and PagerDuty incident history."
DRA-01417,2025-06-14,open_question,,checkout-api,Sara Novak,open,ATLAS-3154,PR-11771,PD-2370,Open_Question for checkout-api: database migration needs rehearsal.,"Evidence: Teams decision, Confluence runbook, Jira acceptance criteria, Grafana metric, and PagerDuty incident history."
DRA-01418,2025-06-16,open_question,,cart-service,Fatima Noor,mitigated,ATLAS-1983,PR-7299,,Open_Question for cart-service: latency burn must stay below threshold.,"Evidence: Teams decision, Confluence runbook, Jira acceptance criteria, Grafana metric, and PagerDuty incident history."
DRA-01419,2025-06-18,open_question,,checkout-api,Grace Kim,closed,ATLAS-2650,PR-10560,PD-2630,Open_Question for checkout-api: latency burn must stay below threshold.,"Evidence: Teams decision, Confluence runbook, Jira acceptance criteria, Grafana metric, and PagerDuty incident history."
DRA-01420,2025-06-20,action,,pricing-engine,Luca Moretti,watching,ATLAS-5701,PR-7701,PD-2141,Action for pricing-engine: support escalation macro must be updated.,"Evidence: Teams decision, Confluence runbook, Jira acceptance criteria, Grafana metric, and PagerDuty incident history."
DRA-01421,2025-06-22,assumption,,tax-service,Dmitri Volkov,accepted,ATLAS-3993,PR-9161,,Assumption for tax-service: rollback owner must be assigned.,"Evidence: Teams decision, Confluence runbook, Jira acceptance criteria, Grafana metric, and PagerDuty incident history."
DRA-01422,2025-06-24,assumption,,tax-service,Dmitri Volkov,open,ATLAS-4800,PR-12186,,Assumption for tax-service: database migration needs rehearsal.,"Evidence: Teams decision, Confluence runbook, Jira acceptance criteria, Grafana metric, and PagerDuty incident history."
DRA-01423,2025-06-25,assumption,,auth-gateway,Kim Tan,open,ATLAS-2557,PR-5047,PD-2091,Assumption for auth-gateway: QA evidence is missing.,"Evidence: Teams decision, Confluence runbook, Jira acceptance criteria, Grafana metric, and PagerDuty incident history."
DRA-01424,2025-06-27,open_question,,pricing-engine,Maya Chen,mitigated,ATLAS-2640,PR-7922,,Open_Question for pricing-engine: database migration needs rehearsal.,"Evidence: Teams decision, Confluence runbook, Jira acceptance criteria, Grafana metric, and PagerDuty incident history."
DRA-01425,2025-06-29,action,,loyalty-service,Harper Lee,open,ATLAS-1418,PR-9922,,Action for loyalty-service: rollback owner must be assigned.,"Evidence: Teams decision, Confluence runbook, Jira acceptance criteria, Grafana metric, and PagerDuty incident history."
DRA-01426,2025-07-01,blocker,high,order-ledger,Harper Lee,watching,ATLAS-3460,PR-6955,,Blocker for order-ledger: latency burn must stay below threshold.,"Evidence: Teams decision, Confluence runbook, Jira acceptance criteria, Grafana metric, and PagerDuty incident history."
DRA-01427,2025-07-03,risk,low,inventory-reservation,Nora Singh,open,ATLAS-1878,PR-8312,,Risk for inventory-reservation: feature flag remains required.,"Evidence: Teams decision, Confluence runbook, Jira acceptance criteria, Grafana metric, and PagerDuty incident history."
DRA-01428,2025-07-04,open_question,,tax-service,Elena Petrova,closed,ATLAS-4827,PR-9524,,Open_Question for tax-service: QA evidence is missing.,"Evidence: Teams decision, Confluence runbook, Jira acceptance criteria, Grafana metric, and PagerDuty incident history."
DRA-01429,2025-07-06,risk,high,checkout-api,Yara Haddad,accepted,ATLAS-4922,PR-7385,,Risk for checkout-api: feature flag remains required.,"Evidence: Teams decision, Confluence runbook, Jira acceptance criteria, Grafana metric, and PagerDuty incident history."
DRA-01430,2025-07-08,assumption,,notification-service,Elena Petrova,watching,ATLAS-4627,PR-8485,,Assumption for notification-service: rollback owner must be assigned.,"Evidence: Teams decision, Confluence runbook, Jira acceptance criteria, Grafana metric, and PagerDuty incident history."
DRA-01431,2025-07-10,risk,low,loyalty-service,Jon Bell,open,ATLAS-1314,PR-12524,,Risk for loyalty-service: latency burn must stay below threshold.,"Evidence: Teams decision, Confluence runbook, Jira acceptance criteria, Grafana metric, and PagerDuty incident history."
DRA-01432,2025-07-12,risk,low,payment-orchestrator,Theo Martin,accepted,ATLAS-4098,PR-5173,,Risk for payment-orchestrator: database migration needs rehearsal.,"Evidence: Teams decision, Confluence runbook, Jira acceptance criteria, Grafana metric, and PagerDuty incident history."
DRA-01433,2025-07-13,risk,critical,order-ledger,Sara Novak,accepted,ATLAS-5708,PR-8951,,Risk for order-ledger: database migration needs rehearsal.,"Evidence: Teams decision, Confluence runbook, Jira acceptance criteria, Grafana metric, and PagerDuty incident history."
DRA-01434,2025-07-15,action,,inventory-reservation,Samir Rao,accepted,ATLAS-1765,PR-7218,,Action for inventory-reservation: QA evidence is missing.,"Evidence: Teams decision, Confluence runbook, Jira acceptance criteria, Grafana metric, and PagerDuty incident history."
DRA-01435,2025-07-17,risk,low,tax-service,Elena Petrova,open,ATLAS-1403,PR-9557,,Risk for tax-service: QA evidence is missing.,"Evidence: Teams decision, Confluence runbook, Jira acceptance criteria, Grafana metric, and PagerDuty incident history."
DRA-01436,2025-07-19,open_question,,pricing-engine,Maya Chen,open,ATLAS-2455,PR-5775,,Open_Question for pricing-engine: database migration needs rehearsal.,"Evidence: Teams decision, Confluence runbook, Jira acceptance criteria, Grafana metric, and PagerDuty incident history."
DRA-01437,2025-07-21,blocker,high,cart-service,Fatima Noor,watching,ATLAS-5447,PR-10654,,Blocker for cart-service: QA evidence is missing.,"Evidence: Teams decision, Confluence runbook, Jira acceptance criteria, Grafana metric, and PagerDuty incident history."
DRA-01438,2025-07-23,blocker,low,cart-service,Fatima Noor,mitigated,ATLAS-2554,PR-7484,,Blocker for cart-service: latency burn must stay below threshold.,"Evidence: Teams decision, Confluence runbook, Jira acceptance criteria, Grafana metric, and PagerDuty incident history."
DRA-01439,2025-07-24,open_question,,pricing-engine,Yara Haddad,closed,ATLAS-4609,PR-7206,PD-2876,Open_Question for pricing-engine: feature flag remains required.,"Evidence: Teams decision, Confluence runbook, Jira acceptance criteria, Grafana metric, and PagerDuty incident history."
DRA-01440,2025-07-26,risk,low,payment-orchestrator,Luca Moretti,accepted,ATLAS-3542,PR-12125,,Risk for payment-orchestrator: database migration needs rehearsal.,"Evidence: Teams decision, Confluence runbook, Jira acceptance criteria, Grafana metric, and PagerDuty incident history."
DRA-01441,2025-07-28,assumption,,payment-orchestrator,Luca Moretti,open,ATLAS-2299,PR-8806,,Assumption for payment-orchestrator: rollback owner must be assigned.,"Evidence: Teams decision, Confluence runbook, Jira acceptance criteria, Grafana metric, and PagerDuty incident history."
DRA-01442,2025-07-30,open_question,,auth-gateway,Kim Tan,open,ATLAS-4532,PR-10527,PD-2814,Open_Question for auth-gateway: database migration needs rehearsal.,"Evidence: Teams decision, Confluence runbook, Jira acceptance criteria, Grafana metric, and PagerDuty incident history."
DRA-01443,2025-08-01,open_question,,payment-orchestrator,Sara Novak,accepted,ATLAS-3455,PR-12568,PD-2319,Open_Question for payment-orchestrator: database migration needs rehearsal.,"Evidence: Teams decision, Confluence runbook, Jira acceptance criteria, Grafana metric, and PagerDuty incident history."
DRA-01444,2025-08-02,risk,medium,tax-service,Maya Chen,open,ATLAS-3640,PR-8363,,Risk for tax-service: support escalation macro must be updated.,"Evidence: Teams decision, Confluence runbook, Jira acceptance criteria, Grafana metric, and PagerDuty incident history."
DRA-01445,2025-08-04,decision,,auth-gateway,Owen Brooks,watching,ATLAS-2941,PR-6983,,Decision for auth-gateway: QA evidence is missing.,"Evidence: Teams decision, Confluence runbook, Jira acceptance criteria, Grafana metric, and PagerDuty incident history."
DRA-01446,2025-08-06,action,,payment-orchestrator,Fatima Noor,accepted,ATLAS-2487,PR-6565,,Action for payment-orchestrator: database migration needs rehearsal.,"Evidence: Teams decision, Confluence runbook, Jira acceptance criteria, Grafana metric, and PagerDuty incident history."
DRA-01447,2025-08-08,blocker,high,order-ledger,Aisha Khan,open,ATLAS-5800,PR-9329,,Blocker for order-ledger: latency burn must stay below threshold.,"Evidence: Teams decision, Confluence runbook, Jira acceptance criteria, Grafana metric, and PagerDuty incident history."
DRA-01448,2025-08-10,open_question,,cart-service,Nora Singh,open,ATLAS-4513,PR-9248,PD-2699,Open_Question for cart-service: support escalation macro must be updated.,"Evidence: Teams decision, Confluence runbook, Jira acceptance criteria, Grafana metric, and PagerDuty incident history."
DRA-01449,2025-08-12,action,,payment-orchestrator,Jon Bell,watching,ATLAS-5457,PR-10726,,Action for payment-orchestrator: QA evidence is missing.,"Evidence: Teams decision, Confluence runbook, Jira acceptance criteria, Grafana metric, and PagerDuty incident history."
DRA-01450,2025-08-13,action,,pricing-engine,Theo Martin,closed,ATLAS-5368,PR-8465,,Action for pricing-engine: database migration needs rehearsal.,"Evidence: Teams decision, Confluence runbook, Jira acceptance criteria, Grafana metric, and PagerDuty incident history."
DRA-01451,2025-08-15,decision,,search-recommendations,Ben Carter,closed,ATLAS-2660,PR-8209,PD-2700,Decision for search-recommendations: rollback owner must be assigned.,"Evidence: Teams decision, Confluence runbook, Jira acceptance criteria, Grafana metric, and PagerDuty incident history."
DRA-01452,2025-08-17,open_question,,tax-service,Priya Nair,accepted,ATLAS-1353,PR-9471,,Open_Question for tax-service: QA evidence is missing.,"Evidence: Teams decision, Confluence runbook, Jira acceptance criteria, Grafana metric, and PagerDuty incident history."
DRA-01453,2025-08-19,open_question,,payment-orchestrator,Kim Tan,mitigated,ATLAS-2798,PR-7053,,Open_Question for payment-orchestrator: feature flag remains required.,"Evidence: Teams decision, Confluence runbook, Jira acceptance criteria, Grafana metric, and PagerDuty incident history."
DRA-01454,2025-08-21,assumption,,order-ledger,Ravi Patel,open,ATLAS-6090,PR-8498,,Assumption for order-ledger: feature flag remains required.,"Evidence: Teams decision, Confluence runbook, Jira acceptance criteria, Grafana metric, and PagerDuty incident history."
DRA-01455,2025-08-22,action,,notification-service,Grace Kim,closed,ATLAS-4754,PR-5451,,Action for notification-service: QA evidence is missing.,"Evidence: Teams decision, Confluence runbook, Jira acceptance criteria, Grafana metric, and PagerDuty incident history."
DRA-01456,2025-08-24,action,,notification-service,Anika Sharma,closed,ATLAS-4686,PR-6205,,Action for notification-service: rollback owner must be assigned.,"Evidence: Teams decision, Confluence runbook, Jira acceptance criteria, Grafana metric, and PagerDuty incident history."
DRA-01457,2025-08-26,assumption,,loyalty-service,Noah Evans,watching,ATLAS-3074,PR-6138,,Assumption for loyalty-service: rollback owner must be assigned.,"Evidence: Teams decision, Confluence runbook, Jira acceptance criteria, Grafana metric, and PagerDuty incident history."
DRA-01458,2025-08-28,blocker,medium,checkout-api,Priya Nair,watching,ATLAS-2880,PR-10743,,Blocker for checkout-api: support escalation macro must be updated.,"Evidence: Teams decision, Confluence runbook, Jira acceptance criteria, Grafana metric, and PagerDuty incident history."
DRA-01459,2025-08-30,assumption,,loyalty-service,Sara Novak,watching,ATLAS-4898,PR-11617,,Assumption for loyalty-service: database migration needs rehearsal.,"Evidence: Teams decision, Confluence runbook, Jira acceptance criteria, Grafana metric, and PagerDuty incident history."
DRA-01460,2025-08-31,action,,loyalty-service,Iris Wang,accepted,ATLAS-3652,PR-11082,,Action for loyalty-service: feature flag remains required.,"Evidence: Teams decision, Confluence runbook, Jira acceptance criteria, Grafana metric, and PagerDuty incident history."
DRA-01461,2025-09-02,decision,,auth-gateway,Jon Bell,watching,ATLAS-5063,PR-9883,,Decision for auth-gateway: rollback owner must be assigned.,"Evidence: Teams decision, Confluence runbook, Jira acceptance criteria, Grafana metric, and PagerDuty incident history."
DRA-01462,2025-09-04,action,,notification-service,Aisha Khan,accepted,ATLAS-3380,PR-5113,,Action for notification-service: support escalation macro must be updated.,"Evidence: Teams decision, Confluence runbook, Jira acceptance criteria, Grafana metric, and PagerDuty incident history."
DRA-01463,2025-09-06,risk,low,pricing-engine,Aisha Khan,mitigated,ATLAS-6052,PR-9676,PD-2560,Risk for pricing-engine: support escalation macro must be updated.,"Evidence: Teams decision, Confluence runbook, Jira acceptance criteria, Grafana metric, and PagerDuty incident history."
DRA-01464,2025-09-08,open_question,,analytics-pipeline,Victor Silva,mitigated,ATLAS-1987,PR-7521,,Open_Question for analytics-pipeline: support escalation macro must be updated.,"Evidence: Teams decision, Confluence runbook, Jira acceptance criteria, Grafana metric, and PagerDuty incident history."
DRA-01465,2025-09-10,risk,critical,tax-service,Mateo Garcia,closed,ATLAS-2438,PR-7926,,Risk for tax-service: rollback owner must be assigned.,"Evidence: Teams decision, Confluence runbook, Jira acceptance criteria, Grafana metric, and PagerDuty incident history."
DRA-01466,2025-09-11,blocker,critical,checkout-api,Aisha Khan,watching,ATLAS-1398,PR-9985,,Blocker for checkout-api: rollback owner must be assigned.,"Evidence: Teams decision, Confluence runbook, Jira acceptance criteria, Grafana metric, and PagerDuty incident history."
DRA-01467,2025-09-13,decision,,payment-orchestrator,Grace Kim,mitigated,ATLAS-1754,PR-10443,,Decision for payment-orchestrator: database migration needs rehearsal.,"Evidence: Teams decision, Confluence runbook, Jira acceptance criteria, Grafana metric, and PagerDuty incident history."
DRA-01468,2025-09-15,blocker,high,notification-service,Anika Sharma,closed,ATLAS-4260,PR-5043,,Blocker for notification-service: database migration needs rehearsal.,"Evidence: Teams decision, Confluence runbook, Jira acceptance criteria, Grafana metric, and PagerDuty incident history."
DRA-01469,2025-09-17,assumption,,auth-gateway,Priya Nair,accepted,ATLAS-5815,PR-7061,,Assumption for auth-gateway: QA evidence is missing.,"Evidence: Teams decision, Confluence runbook, Jira acceptance criteria, Grafana metric, and PagerDuty incident history."
DRA-01470,2025-09-19,open_question,,checkout-api,Sara Novak,watching,ATLAS-5947,PR-8283,PD-2134,Open_Question for checkout-api: database migration needs rehearsal.,"Evidence: Teams decision, Confluence runbook, Jira acceptance criteria, Grafana metric, and PagerDuty incident history."
DRA-01471,2025-09-20,risk,medium,notification-service,Maya Chen,watching,ATLAS-4261,PR-6667,PD-2179,Risk for notification-service: latency burn must stay below threshold.,"Evidence: Teams decision, Confluence runbook, Jira acceptance criteria, Grafana metric, and PagerDuty incident history."
DRA-01472,2025-09-22,open_question,,cart-service,Dmitri Volkov,accepted,ATLAS-5712,PR-5943,PD-2056,Open_Question for cart-service: database migration needs rehearsal.,"Evidence: Teams decision, Confluence runbook, Jira acceptance criteria, Grafana metric, and PagerDuty incident history."
DRA-01473,2025-09-24,action,,checkout-api,Iris Wang,closed,ATLAS-6180,PR-5849,,Action for checkout-api: feature flag remains required.,"Evidence: Teams decision, Confluence runbook, Jira acceptance criteria, Grafana metric, and PagerDuty incident history."
DRA-01474,2025-09-26,action,,tax-service,Noah Evans,open,ATLAS-1903,PR-12319,,Action for tax-service: database migration needs rehearsal.,"Evidence: Teams decision, Confluence runbook, Jira acceptance criteria, Grafana metric, and PagerDuty incident history."
DRA-01475,2025-09-28,decision,,inventory-reservation,Sara Novak,accepted,ATLAS-1364,PR-12204,,Decision for inventory-reservation: rollback owner must be assigned.,"Evidence: Teams decision, Confluence runbook, Jira acceptance criteria, Grafana metric, and PagerDuty incident history."
DRA-01476,2025-09-30,action,,search-recommendations,Ben Carter,accepted,ATLAS-2667,PR-10313,PD-2325,Action for search-recommendations: feature flag remains required.,"Evidence: Teams decision, Confluence runbook, Jira acceptance criteria, Grafana metric, and PagerDuty incident history."
DRA-01477,2025-10-01,risk,high,analytics-pipeline,Victor Silva,mitigated,ATLAS-5996,PR-9557,,Risk for analytics-pipeline: rollback owner must be assigned.,"Evidence: Teams decision, Confluence runbook, Jira acceptance criteria, Grafana metric, and PagerDuty incident history."
DRA-01478,2025-10-03,action,,search-recommendations,Aisha Khan,closed,ATLAS-4735,PR-7865,PD-2710,Action for search-recommendations: latency burn must stay below threshold.,"Evidence: Teams decision, Confluence runbook, Jira acceptance criteria, Grafana metric, and PagerDuty incident history."
DRA-01479,2025-10-05,blocker,high,payment-orchestrator,Luca Moretti,open,ATLAS-3520,PR-9154,,Blocker for payment-orchestrator: latency burn must stay below threshold.,"Evidence: Teams decision, Confluence runbook, Jira acceptance criteria, Grafana metric, and PagerDuty incident history."
DRA-01480,2025-10-07,decision,,analytics-pipeline,Aisha Khan,accepted,ATLAS-3641,PR-11503,,Decision for analytics-pipeline: feature flag remains required.,"Evidence: Teams decision, Confluence runbook, Jira acceptance criteria, Grafana metric, and PagerDuty incident history."
DRA-01481,2025-10-09,blocker,critical,pricing-engine,Aisha Khan,closed,ATLAS-1862,PR-8470,,Blocker for pricing-engine: feature flag remains required.,"Evidence: Teams decision, Confluence runbook, Jira acceptance criteria, Grafana metric, and PagerDuty incident history."
DRA-01482,2025-10-10,action,,payment-orchestrator,Priya Nair,mitigated,ATLAS-3424,PR-11628,,Action for payment-orchestrator: feature flag remains required.,"Evidence: Teams decision, Confluence runbook, Jira acceptance criteria, Grafana metric, and PagerDuty incident history."
DRA-01483,2025-10-12,action,,cart-service,Luca Moretti,mitigated,ATLAS-1945,PR-8941,,Action for cart-service: rollback owner must be assigned.,"Evidence: Teams decision, Confluence runbook, Jira acceptance criteria, Grafana metric, and PagerDuty incident history."
DRA-01484,2025-10-14,decision,,pricing-engine,Priya Nair,accepted,ATLAS-1544,PR-5813,,Decision for pricing-engine: database migration needs rehearsal.,"Evidence: Teams decision, Confluence runbook, Jira acceptance criteria, Grafana metric, and PagerDuty incident history."
DRA-01485,2025-10-16,open_question,,checkout-api,Jon Bell,open,ATLAS-4015,PR-8209,,Open_Question for checkout-api: latency burn must stay below threshold.,"Evidence: Teams decision, Confluence runbook, Jira acceptance criteria, Grafana metric, and PagerDuty incident history."
DRA-01486,2025-10-18,decision,,auth-gateway,Noah Evans,open,ATLAS-1957,PR-8756,,Decision for auth-gateway: database migration needs rehearsal.,"Evidence: Teams decision, Confluence runbook, Jira acceptance criteria, Grafana metric, and PagerDuty incident history."
DRA-01487,2025-10-20,assumption,,payment-orchestrator,Noah Evans,mitigated,ATLAS-2518,PR-6355,,Assumption for payment-orchestrator: QA evidence is missing.,"Evidence: Teams decision, Confluence runbook, Jira acceptance criteria, Grafana metric, and PagerDuty incident history."
DRA-01488,2025-10-21,decision,,cart-service,Maya Chen,watching,ATLAS-4474,PR-9079,,Decision for cart-service: rollback owner must be assigned.,"Evidence: Teams decision, Confluence runbook, Jira acceptance criteria, Grafana metric, and PagerDuty incident history."
DRA-01489,2025-10-23,decision,,notification-service,Samir Rao,closed,ATLAS-2922,PR-5801,,Decision for notification-service: database migration needs rehearsal.,"Evidence: Teams decision, Confluence runbook, Jira acceptance criteria, Grafana metric, and PagerDuty incident history."
DRA-01490,2025-10-25,blocker,high,notification-service,Harper Lee,watching,ATLAS-3848,PR-11188,,Blocker for notification-service: latency burn must stay below threshold.,"Evidence: Teams decision, Confluence runbook, Jira acceptance criteria, Grafana metric, and PagerDuty incident history."
DRA-01491,2025-10-27,action,,payment-orchestrator,Elena Petrova,closed,ATLAS-5771,PR-8353,,Action for payment-orchestrator: database migration needs rehearsal.,"Evidence: Teams decision, Confluence runbook, Jira acceptance criteria, Grafana metric, and PagerDuty incident history."
DRA-01492,2025-10-29,open_question,,notification-service,Harper Lee,accepted,ATLAS-4068,PR-6835,,Open_Question for notification-service: latency burn must stay below threshold.,"Evidence: Teams decision, Confluence runbook, Jira acceptance criteria, Grafana metric, and PagerDuty incident history."
DRA-01493,2025-10-30,open_question,,loyalty-service,Theo Martin,open,ATLAS-1214,PR-6326,,Open_Question for loyalty-service: latency burn must stay below threshold.,"Evidence: Teams decision, Confluence runbook, Jira acceptance criteria, Grafana metric, and PagerDuty incident history."
DRA-01494,2025-11-01,blocker,critical,checkout-api,Maya Chen,closed,ATLAS-3508,PR-8909,PD-2273,Blocker for checkout-api: QA evidence is missing.,"Evidence: Teams decision, Confluence runbook, Jira acceptance criteria, Grafana metric, and PagerDuty incident history."
DRA-01495,2025-11-03,risk,high,cart-service,Samir Rao,accepted,ATLAS-3276,PR-5031,,Risk for cart-service: support escalation macro must be updated.,"Evidence: Teams decision, Confluence runbook, Jira acceptance criteria, Grafana metric, and PagerDuty incident history."
DRA-01496,2025-11-05,risk,low,auth-gateway,Iris Wang,closed,ATLAS-6020,PR-6877,,Risk for auth-gateway: latency burn must stay below threshold.,"Evidence: Teams decision, Confluence runbook, Jira acceptance criteria, Grafana metric, and PagerDuty incident history."
DRA-01497,2025-11-07,assumption,,loyalty-service,Mateo Garcia,open,ATLAS-5740,PR-12425,,Assumption for loyalty-service: feature flag remains required.,"Evidence: Teams decision, Confluence runbook, Jira acceptance criteria, Grafana metric, and PagerDuty incident history."
DRA-01498,2025-11-08,blocker,low,tax-service,Elena Petrova,closed,ATLAS-5650,PR-7111,,Blocker for tax-service: support escalation macro must be updated.,"Evidence: Teams decision, Confluence runbook, Jira acceptance criteria, Grafana metric, and PagerDuty incident history."
DRA-01499,2025-11-10,action,,order-ledger,Jon Bell,watching,ATLAS-1665,PR-8833,PD-2017,Action for order-ledger: feature flag remains required.,"Evidence: Teams decision, Confluence runbook, Jira acceptance criteria, Grafana metric, and PagerDuty incident history."
DRA-01500,2025-11-12,risk,high,analytics-pipeline,Owen Brooks,mitigated,ATLAS-5778,PR-5683,PD-2219,Risk for analytics-pipeline: support escalation macro must be updated.,"Evidence: Teams decision, Confluence runbook, Jira acceptance criteria, Grafana metric, and PagerDuty incident history."
DRA-01501,2025-11-14,blocker,high,cart-service,Harper Lee,accepted,ATLAS-1523,PR-8646,,Blocker for cart-service: latency burn must stay below threshold.,"Evidence: Teams decision, Confluence runbook, Jira acceptance criteria, Grafana metric, and PagerDuty incident history."
DRA-01502,2025-11-16,open_question,,notification-service,Anika Sharma,closed,ATLAS-6110,PR-6056,,Open_Question for notification-service: rollback owner must be assigned.,"Evidence: Teams decision, Confluence runbook, Jira acceptance criteria, Grafana metric, and PagerDuty incident history."
DRA-01503,2025-11-18,assumption,,auth-gateway,Aisha Khan,closed,ATLAS-1912,PR-6641,,Assumption for auth-gateway: database migration needs rehearsal.,"Evidence: Teams decision, Confluence runbook, Jira acceptance criteria, Grafana metric, and PagerDuty incident history."
DRA-01504,2025-11-19,action,,checkout-api,Elena Petrova,mitigated,ATLAS-3195,PR-9507,,Action for checkout-api: rollback owner must be assigned.,"Evidence: Teams decision, Confluence runbook, Jira acceptance criteria, Grafana metric, and PagerDuty incident history."
DRA-01505,2025-11-21,open_question,,order-ledger,Elena Petrova,watching,ATLAS-4015,PR-9844,,Open_Question for order-ledger: support escalation macro must be updated.,"Evidence: Teams decision, Confluence runbook, Jira acceptance criteria, Grafana metric, and PagerDuty incident history."
DRA-01506,2025-11-23,assumption,,notification-service,Dmitri Volkov,accepted,ATLAS-3182,PR-8957,,Assumption for notification-service: support escalation macro must be updated.,"Evidence: Teams decision, Confluence runbook, Jira acceptance criteria, Grafana metric, and PagerDuty incident history."
DRA-01507,2025-11-25,blocker,high,pricing-engine,Dmitri Volkov,mitigated,ATLAS-2357,PR-9958,,Blocker for pricing-engine: rollback owner must be assigned.,"Evidence: Teams decision, Confluence runbook, Jira acceptance criteria, Grafana metric, and PagerDuty incident history."
DRA-01508,2025-11-27,open_question,,inventory-reservation,Nora Singh,open,ATLAS-1463,PR-10092,,Open_Question for inventory-reservation: support escalation macro must be updated.,"Evidence: Teams decision, Confluence runbook, Jira acceptance criteria, Grafana metric, and PagerDuty incident history."
DRA-01509,2025-11-28,open_question,,analytics-pipeline,Nora Singh,accepted,ATLAS-3389,PR-12115,,Open_Question for analytics-pipeline: latency burn must stay below threshold.,"Evidence: Teams decision, Confluence runbook, Jira acceptance criteria, Grafana metric, and PagerDuty incident history."
DRA-01510,2025-11-30,open_question,,payment-orchestrator,Yara Haddad,watching,ATLAS-5564,PR-9477,,Open_Question for payment-orchestrator: QA evidence is missing.,"Evidence: Teams decision, Confluence runbook, Jira acceptance criteria, Grafana metric, and PagerDuty incident history."
DRA-01511,2025-12-02,blocker,critical,analytics-pipeline,Kim Tan,watching,ATLAS-4885,PR-7449,PD-2893,Blocker for analytics-pipeline: feature flag remains required.,"Evidence: Teams decision, Confluence runbook, Jira acceptance criteria, Grafana metric, and PagerDuty incident history."
DRA-01512,2025-12-04,action,,loyalty-service,Grace Kim,watching,ATLAS-5767,PR-9366,,Action for loyalty-service: rollback owner must be assigned.,"Evidence: Teams decision, Confluence runbook, Jira acceptance criteria, Grafana metric, and PagerDuty incident history."
DRA-01513,2025-12-06,action,,order-ledger,Nora Singh,closed,ATLAS-5066,PR-8017,,Action for order-ledger: QA evidence is missing.,"Evidence: Teams decision, Confluence runbook, Jira acceptance criteria, Grafana metric, and PagerDuty incident history."
DRA-01514,2025-12-08,action,,pricing-engine,Grace Kim,accepted,ATLAS-1646,PR-11409,,Action for pricing-engine: rollback owner must be assigned.,"Evidence: Teams decision, Confluence runbook, Jira acceptance criteria, Grafana metric, and PagerDuty incident history."
DRA-01515,2025-12-09,blocker,high,inventory-reservation,Sara Novak,watching,ATLAS-5640,PR-7749,PD-2175,Blocker for inventory-reservation: QA evidence is missing.,"Evidence: Teams decision, Confluence runbook, Jira acceptance criteria, Grafana metric, and PagerDuty incident history."
DRA-01516,2025-12-11,risk,medium,tax-service,Nora Singh,accepted,ATLAS-2404,PR-6915,PD-2169,Risk for tax-service: rollback owner must be assigned.,"Evidence: Teams decision, Confluence runbook, Jira acceptance criteria, Grafana metric, and PagerDuty incident history."
DRA-01517,2025-12-13,action,,pricing-engine,Ben Carter,closed,ATLAS-4560,PR-12319,,Action for pricing-engine: latency burn must stay below threshold.,"Evidence: Teams decision, Confluence runbook, Jira acceptance criteria, Grafana metric, and PagerDuty incident history."
DRA-01518,2025-12-15,assumption,,cart-service,Harper Lee,watching,ATLAS-3401,PR-11892,PD-2305,Assumption for cart-service: QA evidence is missing.,"Evidence: Teams decision, Confluence runbook, Jira acceptance criteria, Grafana metric, and PagerDuty incident history."
DRA-01519,2025-12-17,risk,medium,cart-service,Ben Carter,accepted,ATLAS-4362,PR-11289,,Risk for cart-service: database migration needs rehearsal.,"Evidence: Teams decision, Confluence runbook, Jira acceptance criteria, Grafana metric, and PagerDuty incident history."
DRA-01520,2025-12-18,risk,medium,tax-service,Harper Lee,closed,ATLAS-3050,PR-7896,,Risk for tax-service: support escalation macro must be updated.,"Evidence: Teams decision, Confluence runbook, Jira acceptance criteria, Grafana metric, and PagerDuty incident history."
DRA-01521,2025-12-20,assumption,,checkout-api,Priya Nair,watching,ATLAS-1182,PR-12246,,Assumption for checkout-api: database migration needs rehearsal.,"Evidence: Teams decision, Confluence runbook, Jira acceptance criteria, Grafana metric, and PagerDuty incident history."
DRA-01522,2025-12-22,open_question,,cart-service,Grace Kim,open,ATLAS-3036,PR-8933,,Open_Question for cart-service: database migration needs rehearsal.,"Evidence: Teams decision, Confluence runbook, Jira acceptance criteria, Grafana metric, and PagerDuty incident history."
DRA-01523,2025-12-24,open_question,,auth-gateway,Aisha Khan,closed,ATLAS-1979,PR-6379,,Open_Question for auth-gateway: feature flag remains required.,"Evidence: Teams decision, Confluence runbook, Jira acceptance criteria, Grafana metric, and PagerDuty incident history."
DRA-01524,2025-12-26,blocker,medium,tax-service,Aisha Khan,closed,ATLAS-5908,PR-7816,PD-2380,Blocker for tax-service: rollback owner must be assigned.,"Evidence: Teams decision, Confluence runbook, Jira acceptance criteria, Grafana metric, and PagerDuty incident history."
DRA-01525,2025-12-28,action,,order-ledger,Yara Haddad,closed,ATLAS-2333,PR-11386,,Action for order-ledger: support escalation macro must be updated.,"Evidence: Teams decision, Confluence runbook, Jira acceptance criteria, Grafana metric, and PagerDuty incident history."
DRA-01526,2025-12-29,action,,payment-orchestrator,Elena Petrova,closed,ATLAS-3910,PR-9867,,Action for payment-orchestrator: feature flag remains required.,"Evidence: Teams decision, Confluence runbook, Jira acceptance criteria, Grafana metric, and PagerDuty incident history."
DRA-01527,2025-12-31,assumption,,payment-orchestrator,Elena Petrova,closed,ATLAS-5743,PR-5216,,Assumption for payment-orchestrator: QA evidence is missing.,"Evidence: Teams decision, Confluence runbook, Jira acceptance criteria, Grafana metric, and PagerDuty incident history."
DRA-01528,2026-01-02,action,,checkout-api,Victor Silva,watching,ATLAS-4229,PR-8734,,Action for checkout-api: QA evidence is missing.,"Evidence: Teams decision, Confluence runbook, Jira acceptance criteria, Grafana metric, and PagerDuty incident history."
DRA-01529,2026-01-04,action,,notification-service,Harper Lee,closed,ATLAS-1277,PR-5748,,Action for notification-service: feature flag remains required.,"Evidence: Teams decision, Confluence runbook, Jira acceptance criteria, Grafana metric, and PagerDuty incident history."
DRA-01530,2026-01-06,assumption,,pricing-engine,Samir Rao,accepted,ATLAS-6158,PR-8815,,Assumption for pricing-engine: latency burn must stay below threshold.,"Evidence: Teams decision, Confluence runbook, Jira acceptance criteria, Grafana metric, and PagerDuty incident history."
DRA-01531,2026-01-07,assumption,,payment-orchestrator,Sara Novak,closed,ATLAS-5765,PR-11879,,Assumption for payment-orchestrator: database migration needs rehearsal.,"Evidence: Teams decision, Confluence runbook, Jira acceptance criteria, Grafana metric, and PagerDuty incident history."
DRA-01532,2026-01-09,action,,loyalty-service,Iris Wang,accepted,ATLAS-6077,PR-8660,PD-2293,Action for loyalty-service: database migration needs rehearsal.,"Evidence: Teams decision, Confluence runbook, Jira acceptance criteria, Grafana metric, and PagerDuty incident history."
DRA-01533,2026-01-11,open_question,,payment-orchestrator,Luca Moretti,closed,ATLAS-3975,PR-7750,,Open_Question for payment-orchestrator: QA evidence is missing.,"Evidence: Teams decision, Confluence runbook, Jira acceptance criteria, Grafana metric, and PagerDuty incident history."
DRA-01534,2026-01-13,open_question,,inventory-reservation,Nora Singh,closed,ATLAS-6154,PR-7186,,Open_Question for inventory-reservation: support escalation macro must be updated.,"Evidence: Teams decision, Confluence runbook, Jira acceptance criteria, Grafana metric, and PagerDuty incident history."
DRA-01535,2026-01-15,action,,payment-orchestrator,Theo Martin,watching,ATLAS-4443,PR-10752,,Action for payment-orchestrator: database migration needs rehearsal.,"Evidence: Teams decision, Confluence runbook, Jira acceptance criteria, Grafana metric, and PagerDuty incident history."
DRA-01536,2026-01-16,open_question,,pricing-engine,Maya Chen,mitigated,ATLAS-4396,PR-8719,,Open_Question for pricing-engine: QA evidence is missing.,"Evidence: Teams decision, Confluence runbook, Jira acceptance criteria, Grafana metric, and PagerDuty incident history."
DRA-01537,2026-01-18,action,,auth-gateway,Grace Kim,open,ATLAS-1019,PR-6808,,Action for auth-gateway: database migration needs rehearsal.,"Evidence: Teams decision, Confluence runbook, Jira acceptance criteria, Grafana metric, and PagerDuty incident history."
DRA-01538,2026-01-20,open_question,,pricing-engine,Elena Petrova,open,ATLAS-2946,PR-11973,,Open_Question for pricing-engine: feature flag remains required.,"Evidence: Teams decision, Confluence runbook, Jira acceptance criteria, Grafana metric, and PagerDuty incident history."
DRA-01539,2026-01-22,action,,analytics-pipeline,Fatima Noor,open,ATLAS-1824,PR-6176,,Action for analytics-pipeline: support escalation macro must be updated.,"Evidence: Teams decision, Confluence runbook, Jira acceptance criteria, Grafana metric, and PagerDuty incident history."
DRA-01540,2026-01-24,open_question,,pricing-engine,Mateo Garcia,watching,ATLAS-5552,PR-6898,,Open_Question for pricing-engine: support escalation macro must be updated.,"Evidence: Teams decision, Confluence runbook, Jira acceptance criteria, Grafana metric, and PagerDuty incident history."
DRA-01541,2026-01-26,decision,,pricing-engine,Kim Tan,open,ATLAS-1056,PR-5532,,Decision for pricing-engine: QA evidence is missing.,"Evidence: Teams decision, Confluence runbook, Jira acceptance criteria, Grafana metric, and PagerDuty incident history."
DRA-01542,2026-01-27,action,,analytics-pipeline,Grace Kim,closed,ATLAS-4426,PR-7670,,Action for analytics-pipeline: support escalation macro must be updated.,"Evidence: Teams decision, Confluence runbook, Jira acceptance criteria, Grafana metric, and PagerDuty incident history."
DRA-01543,2026-01-29,action,,payment-orchestrator,Priya Nair,closed,ATLAS-2848,PR-10179,,Action for payment-orchestrator: QA evidence is missing.,"Evidence: Teams decision, Confluence runbook, Jira acceptance criteria, Grafana metric, and PagerDuty incident history."
DRA-01544,2026-01-31,action,,analytics-pipeline,Victor Silva,mitigated,ATLAS-2642,PR-10148,PD-2655,Action for analytics-pipeline: support escalation macro must be updated.,"Evidence: Teams decision, Confluence runbook, Jira acceptance criteria, Grafana metric, and PagerDuty incident history."
DRA-01545,2026-02-02,blocker,medium,notification-service,Yara Haddad,closed,ATLAS-2022,PR-5537,PD-2882,Blocker for notification-service: database migration needs rehearsal.,"Evidence: Teams decision, Confluence runbook, Jira acceptance criteria, Grafana metric, and PagerDuty incident history."
DRA-01546,2026-02-04,blocker,high,checkout-api,Luca Moretti,mitigated,ATLAS-4621,PR-7325,,Blocker for checkout-api: latency burn must stay below threshold.,"Evidence: Teams decision, Confluence runbook, Jira acceptance criteria, Grafana metric, and PagerDuty incident history."
DRA-01547,2026-02-05,risk,medium,cart-service,Grace Kim,accepted,ATLAS-1883,PR-12588,,Risk for cart-service: feature flag remains required.,"Evidence: Teams decision, Confluence runbook, Jira acceptance criteria, Grafana metric, and PagerDuty incident history."
DRA-01548,2026-02-07,open_question,,pricing-engine,Victor Silva,watching,ATLAS-2636,PR-8909,,Open_Question for pricing-engine: latency burn must stay below threshold.,"Evidence: Teams decision, Confluence runbook, Jira acceptance criteria, Grafana metric, and PagerDuty incident history."
DRA-01549,2026-02-09,risk,critical,notification-service,Aisha Khan,accepted,ATLAS-5083,PR-8618,,Risk for notification-service: feature flag remains required.,"Evidence: Teams decision, Confluence runbook, Jira acceptance criteria, Grafana metric, and PagerDuty incident history."
DRA-01550,2026-02-11,open_question,,cart-service,Mateo Garcia,closed,ATLAS-3946,PR-8950,PD-2573,Open_Question for cart-service: database migration needs rehearsal.,"Evidence: Teams decision, Confluence runbook, Jira acceptance criteria, Grafana metric, and PagerDuty incident history."
DRA-01551,2026-02-13,assumption,,notification-service,Yara Haddad,mitigated,ATLAS-2485,PR-9849,,Assumption for notification-service: support escalation macro must be updated.,"Evidence: Teams decision, Confluence runbook, Jira acceptance criteria, Grafana metric, and PagerDuty incident history."
DRA-01552,2026-02-15,action,,inventory-reservation,Samir Rao,mitigated,ATLAS-4249,PR-6208,,Action for inventory-reservation: feature flag remains required.,"Evidence: Teams decision, Confluence runbook, Jira acceptance criteria, Grafana metric, and PagerDuty incident history."
DRA-01553,2026-02-16,blocker,low,inventory-reservation,Maya Chen,mitigated,ATLAS-2657,PR-7489,PD-2757,Blocker for inventory-reservation: latency burn must stay below threshold.,"Evidence: Teams decision, Confluence runbook, Jira acceptance criteria, Grafana metric, and PagerDuty incident history."
DRA-01554,2026-02-18,risk,high,loyalty-service,Mateo Garcia,mitigated,ATLAS-3497,PR-10514,,Risk for loyalty-service: feature flag remains required.,"Evidence: Teams decision, Confluence runbook, Jira acceptance criteria, Grafana metric, and PagerDuty incident history."
DRA-01555,2026-02-20,decision,,auth-gateway,Dmitri Volkov,watching,ATLAS-1622,PR-8296,,Decision for auth-gateway: QA evidence is missing.,"Evidence: Teams decision, Confluence runbook, Jira acceptance criteria, Grafana metric, and PagerDuty incident history."
DRA-01556,2026-02-22,decision,,analytics-pipeline,Elena Petrova,watching,ATLAS-2013,PR-8280,,Decision for analytics-pipeline: rollback owner must be assigned.,"Evidence: Teams decision, Confluence runbook, Jira acceptance criteria, Grafana metric, and PagerDuty incident history."
DRA-01557,2026-02-24,risk,medium,inventory-reservation,Harper Lee,watching,ATLAS-4531,PR-7774,,Risk for inventory-reservation: latency burn must stay below threshold.,"Evidence: Teams decision, Confluence runbook, Jira acceptance criteria, Grafana metric, and PagerDuty incident history."
DRA-01558,2026-02-25,blocker,high,auth-gateway,Nora Singh,closed,ATLAS-4709,PR-6223,,Blocker for auth-gateway: support escalation macro must be updated.,"Evidence: Teams decision, Confluence runbook, Jira acceptance criteria, Grafana metric, and PagerDuty incident history."
DRA-01559,2026-02-27,assumption,,checkout-api,Fatima Noor,open,ATLAS-3836,PR-7258,,Assumption for checkout-api: rollback owner must be assigned.,"Evidence: Teams decision, Confluence runbook, Jira acceptance criteria, Grafana metric, and PagerDuty incident history."
DRA-01560,2026-03-01,risk,low,loyalty-service,Anika Sharma,open,ATLAS-2456,PR-6672,PD-2822,Risk for loyalty-service: support escalation macro must be updated.,"Evidence: Teams decision, Confluence runbook, Jira acceptance criteria, Grafana metric, and PagerDuty incident history."
DRA-01561,2026-03-03,assumption,,checkout-api,Ravi Patel,closed,ATLAS-4223,PR-5671,,Assumption for checkout-api: rollback owner must be assigned.,"Evidence: Teams decision, Confluence runbook, Jira acceptance criteria, Grafana metric, and PagerDuty incident history."
DRA-01562,2026-03-05,action,,search-recommendations,Fatima Noor,closed,ATLAS-1561,PR-9975,,Action for search-recommendations: latency burn must stay below threshold.,"Evidence: Teams decision, Confluence runbook, Jira acceptance criteria, Grafana metric, and PagerDuty incident history."
DRA-01563,2026-03-07,open_question,,analytics-pipeline,Fatima Noor,accepted,ATLAS-2397,PR-5113,,Open_Question for analytics-pipeline: rollback owner must be assigned.,"Evidence: Teams decision, Confluence runbook, Jira acceptance criteria, Grafana metric, and PagerDuty incident history."
DRA-01564,2026-03-08,action,,loyalty-service,Nora Singh,accepted,ATLAS-3718,PR-8246,,Action for loyalty-service: rollback owner must be assigned.,"Evidence: Teams decision, Confluence runbook, Jira acceptance criteria, Grafana metric, and PagerDuty incident history."
DRA-01565,2026-03-10,decision,,cart-service,Ben Carter,closed,ATLAS-3727,PR-9844,,Decision for cart-service: feature flag remains required.,"Evidence: Teams decision, Confluence runbook, Jira acceptance criteria, Grafana metric, and PagerDuty incident history."
DRA-01566,2026-03-12,assumption,,order-ledger,Anika Sharma,mitigated,ATLAS-2497,PR-11158,PD-2762,Assumption for order-ledger: database migration needs rehearsal.,"Evidence: Teams decision, Confluence runbook, Jira acceptance criteria, Grafana metric, and PagerDuty incident history."
DRA-01567,2026-03-14,assumption,,inventory-reservation,Jon Bell,accepted,ATLAS-1057,PR-11762,,Assumption for inventory-reservation: rollback owner must be assigned.,"Evidence: Teams decision, Confluence runbook, Jira acceptance criteria, Grafana metric, and PagerDuty incident history."
DRA-01568,2026-03-16,blocker,low,payment-orchestrator,Maya Chen,watching,ATLAS-5181,PR-11013,PD-2517,Blocker for payment-orchestrator: support escalation macro must be updated.,"Evidence: Teams decision, Confluence runbook, Jira acceptance criteria, Grafana metric, and PagerDuty incident history."
DRA-01569,2026-03-17,open_question,,cart-service,Jon Bell,closed,ATLAS-1518,PR-5980,,Open_Question for cart-service: database migration needs rehearsal.,"Evidence: Teams decision, Confluence runbook, Jira acceptance criteria, Grafana metric, and PagerDuty incident history."
DRA-01570,2026-03-19,decision,,order-ledger,Sara Novak,accepted,ATLAS-4560,PR-8599,,Decision for order-ledger: support escalation macro must be updated.,"Evidence: Teams decision, Confluence runbook, Jira acceptance criteria, Grafana metric, and PagerDuty incident history."
DRA-01571,2026-03-21,risk,medium,auth-gateway,Priya Nair,closed,ATLAS-4233,PR-9215,,Risk for auth-gateway: support escalation macro must be updated.,"Evidence: Teams decision, Confluence runbook, Jira acceptance criteria, Grafana metric, and PagerDuty incident history."
DRA-01572,2026-03-23,blocker,medium,cart-service,Mateo Garcia,closed,ATLAS-1065,PR-12344,,Blocker for cart-service: support escalation macro must be updated.,"Evidence: Teams decision, Confluence runbook, Jira acceptance criteria, Grafana metric, and PagerDuty incident history."
DRA-01573,2026-03-25,blocker,medium,auth-gateway,Jon Bell,open,ATLAS-3511,PR-10015,,Blocker for auth-gateway: latency burn must stay below threshold.,"Evidence: Teams decision, Confluence runbook, Jira acceptance criteria, Grafana metric, and PagerDuty incident history."
DRA-01574,2026-03-26,risk,critical,analytics-pipeline,Iris Wang,watching,ATLAS-3037,PR-7786,PD-2649,Risk for analytics-pipeline: latency burn must stay below threshold.,"Evidence: Teams decision, Confluence runbook, Jira acceptance criteria, Grafana metric, and PagerDuty incident history."
DRA-01575,2026-03-28,blocker,high,inventory-reservation,Victor Silva,accepted,ATLAS-1873,PR-6292,,Blocker for inventory-reservation: QA evidence is missing.,"Evidence: Teams decision, Confluence runbook, Jira acceptance criteria, Grafana metric, and PagerDuty incident history."
DRA-01576,2026-03-30,decision,,analytics-pipeline,Priya Nair,closed,ATLAS-4085,PR-6648,,Decision for analytics-pipeline: rollback owner must be assigned.,"Evidence: Teams decision, Confluence runbook, Jira acceptance criteria, Grafana metric, and PagerDuty incident history."
DRA-01577,2026-04-01,assumption,,search-recommendations,Priya Nair,closed,ATLAS-1532,PR-10469,,Assumption for search-recommendations: rollback owner must be assigned.,"Evidence: Teams decision, Confluence runbook, Jira acceptance criteria, Grafana metric, and PagerDuty incident history."
DRA-01578,2026-04-03,decision,,loyalty-service,Aisha Khan,open,ATLAS-5780,PR-6325,,Decision for loyalty-service: QA evidence is missing.,"Evidence: Teams decision, Confluence runbook, Jira acceptance criteria, Grafana metric, and PagerDuty incident history."
DRA-01579,2026-04-05,blocker,critical,checkout-api,Priya Nair,mitigated,ATLAS-3062,PR-8713,PD-2514,Blocker for checkout-api: QA evidence is missing.,"Evidence: Teams decision, Confluence runbook, Jira acceptance criteria, Grafana metric, and PagerDuty incident history."
DRA-01580,2026-04-06,open_question,,pricing-engine,Fatima Noor,open,ATLAS-4122,PR-9480,,Open_Question for pricing-engine: support escalation macro must be updated.,"Evidence: Teams decision, Confluence runbook, Jira acceptance criteria, Grafana metric, and PagerDuty incident history."
DRA-01581,2026-04-08,decision,,checkout-api,Iris Wang,mitigated,ATLAS-1391,PR-6261,,Decision for checkout-api: latency burn must stay below threshold.,"Evidence: Teams decision, Confluence runbook, Jira acceptance criteria, Grafana metric, and PagerDuty incident history."
DRA-01582,2026-04-10,blocker,medium,payment-orchestrator,Ben Carter,watching,ATLAS-4168,PR-7832,PD-2201,Blocker for payment-orchestrator: rollback owner must be assigned.,"Evidence: Teams decision, Confluence runbook, Jira acceptance criteria, Grafana metric, and PagerDuty incident history."
DRA-01583,2026-04-12,open_question,,search-recommendations,Maya Chen,open,ATLAS-5223,PR-8913,,Open_Question for search-recommendations: QA evidence is missing.,"Evidence: Teams decision, Confluence runbook, Jira acceptance criteria, Grafana metric, and PagerDuty incident history."
DRA-01584,2026-04-14,assumption,,checkout-api,Theo Martin,closed,ATLAS-1031,PR-12323,,Assumption for checkout-api: latency burn must stay below threshold.,"Evidence: Teams decision, Confluence runbook, Jira acceptance criteria, Grafana metric, and PagerDuty incident history."
DRA-01585,2026-04-15,open_question,,loyalty-service,Kim Tan,mitigated,ATLAS-2244,PR-9534,,Open_Question for loyalty-service: database migration needs rehearsal.,"Evidence: Teams decision, Confluence runbook, Jira acceptance criteria, Grafana metric, and PagerDuty incident history."
DRA-01586,2026-04-17,risk,medium,checkout-api,Priya Nair,closed,ATLAS-3286,PR-5860,,Risk for checkout-api: rollback owner must be assigned.,"Evidence: Teams decision, Confluence runbook, Jira acceptance criteria, Grafana metric, and PagerDuty incident history."
DRA-01587,2026-04-19,decision,,notification-service,Harper Lee,accepted,ATLAS-1078,PR-5880,PD-2214,Decision for notification-service: database migration needs rehearsal.,"Evidence: Teams decision, Confluence runbook, Jira acceptance criteria, Grafana metric, and PagerDuty incident history."
DRA-01588,2026-04-21,action,,tax-service,Sara Novak,open,ATLAS-2128,PR-5590,,Action for tax-service: QA evidence is missing.,"Evidence: Teams decision, Confluence runbook, Jira acceptance criteria, Grafana metric, and PagerDuty incident history."
DRA-01589,2026-04-23,risk,critical,loyalty-service,Iris Wang,watching,ATLAS-3084,PR-5707,,Risk for loyalty-service: database migration needs rehearsal.,"Evidence: Teams decision, Confluence runbook, Jira acceptance criteria, Grafana metric, and PagerDuty incident history."
DRA-01590,2026-04-25,blocker,high,auth-gateway,Victor Silva,accepted,ATLAS-5323,PR-10825,,Blocker for auth-gateway: QA evidence is missing.,"Evidence: Teams decision, Confluence runbook, Jira acceptance criteria, Grafana metric, and PagerDuty incident history."
DRA-01591,2026-04-26,open_question,,pricing-engine,Sara Novak,open,ATLAS-4876,PR-6490,,Open_Question for pricing-engine: QA evidence is missing.,"Evidence: Teams decision, Confluence runbook, Jira acceptance criteria, Grafana metric, and PagerDuty incident history."
DRA-01592,2026-04-28,open_question,,analytics-pipeline,Noah Evans,closed,ATLAS-1355,PR-9610,,Open_Question for analytics-pipeline: feature flag remains required.,"Evidence: Teams decision, Confluence runbook, Jira acceptance criteria, Grafana metric, and PagerDuty incident history."
DRA-01593,2026-04-30,decision,,search-recommendations,Priya Nair,accepted,ATLAS-1170,PR-7608,,Decision for search-recommendations: rollback owner must be assigned.,"Evidence: Teams decision, Confluence runbook, Jira acceptance criteria, Grafana metric, and PagerDuty incident history."
DRA-01594,2026-05-02,action,,search-recommendations,Priya Nair,accepted,ATLAS-1592,PR-6767,,Action for search-recommendations: feature flag remains required.,"Evidence: Teams decision, Confluence runbook, Jira acceptance criteria, Grafana metric, and PagerDuty incident history."
DRA-01595,2026-05-04,decision,,inventory-reservation,Fatima Noor,closed,ATLAS-1279,PR-11647,,Decision for inventory-reservation: latency burn must stay below threshold.,"Evidence: Teams decision, Confluence runbook, Jira acceptance criteria, Grafana metric, and PagerDuty incident history."
DRA-01596,2026-05-05,decision,,tax-service,Noah Evans,open,ATLAS-5615,PR-5219,,Decision for tax-service: latency burn must stay below threshold.,"Evidence: Teams decision, Confluence runbook, Jira acceptance criteria, Grafana metric, and PagerDuty incident history."
DRA-01597,2026-05-07,risk,high,checkout-api,Nora Singh,watching,ATLAS-1366,PR-6521,,Risk for checkout-api: database migration needs rehearsal.,"Evidence: Teams decision, Confluence runbook, Jira acceptance criteria, Grafana metric, and PagerDuty incident history."
DRA-01598,2026-05-09,blocker,high,auth-gateway,Ravi Patel,closed,ATLAS-2391,PR-9635,PD-2041,Blocker for auth-gateway: latency burn must stay below threshold.,"Evidence: Teams decision, Confluence runbook, Jira acceptance criteria, Grafana metric, and PagerDuty incident history."
DRA-01599,2026-05-11,risk,low,tax-service,Maya Chen,mitigated,ATLAS-3969,PR-5639,,Risk for tax-service: support escalation macro must be updated.,"Evidence: Teams decision, Confluence runbook, Jira acceptance criteria, Grafana metric, and PagerDuty incident history."
DRA-01600,2026-05-13,decision,,analytics-pipeline,Owen Brooks,open,ATLAS-1632,PR-12114,,Decision for analytics-pipeline: feature flag remains required.,"Evidence: Teams decision, Confluence runbook, Jira acceptance criteria, Grafana metric, and PagerDuty incident history."
