deployment_id,deployed_at,service,environment,repo,linked_pr,release_id,feature_flag,traffic_percent,status,release_captain,guardrail,linked_jira,notes
DEP-00001,2018-06-03,checkout-api,canary,atlas-payments,PR-9014,REL-2019.01,flag_checkout_api_rollback_guard,1,success,Samir Rao,database lag guard,ATLAS-1312,"Deployment note: verify feature flag, Grafana SLO, PagerDuty status, database health, and support handoff for checkout-api."
DEP-00002,2018-06-03,loyalty-service,stage,atlas-checkout,PR-6254,REL-2022.4.3,flag_loyalty_service_regional_launch,50,rolled back,Ben Carter,database lag guard,ATLAS-3566,"Deployment note: verify feature flag, Grafana SLO, PagerDuty status, database health, and support handoff for loyalty-service."
DEP-00003,2018-06-03,pricing-engine,stage,atlas-orders,PR-6784,REL-2020.08,flag_pricing_engine_dual_run,0,rolled back,Aisha Khan,manual approval,ATLAS-2748,"Deployment note: verify feature flag, Grafana SLO, PagerDuty status, database health, and support handoff for pricing-engine."
DEP-00004,2018-06-04,notification-service,stage,atlas-checkout,PR-8653,REL-2021.02,flag_notification_service_rollback_guard,75,monitoring,Luca Moretti,error budget guard,ATLAS-3999,"Deployment note: verify feature flag, Grafana SLO, PagerDuty status, database health, and support handoff for notification-service."
DEP-00005,2018-06-05,analytics-pipeline,canary,atlas-infra,PR-10030,REL-2020.4.8,flag_analytics_pipeline_new_write_path,75,rolled back,Samir Rao,support volume guard,ATLAS-3931,"Deployment note: verify feature flag, Grafana SLO, PagerDuty status, database health, and support handoff for analytics-pipeline."
DEP-00006,2018-06-09,payment-orchestrator,stage,atlas-web,PR-8087,REL-2019.2.17,flag_payment_orchestrator_dual_run,100,rolled back,Grace Kim,error budget guard,ATLAS-1631,"Deployment note: verify feature flag, Grafana SLO, PagerDuty status, database health, and support handoff for payment-orchestrator."
DEP-00007,2018-06-09,inventory-reservation,stage,atlas-orders,PR-5632,REL-2023.1.6,flag_inventory_reservation_payment_retry,1,success,Jon Bell,database lag guard,ATLAS-4226,"Deployment note: verify feature flag, Grafana SLO, PagerDuty status, database health, and support handoff for inventory-reservation."
DEP-00008,2018-06-09,tax-service,canary,atlas-infra,PR-5478,REL-2021.08,flag_tax_service_new_write_path,100,monitoring,Elena Petrova,manual approval,ATLAS-4136,"Deployment note: verify feature flag, Grafana SLO, PagerDuty status, database health, and support handoff for tax-service."
DEP-00009,2018-06-10,payment-orchestrator,stage,atlas-mobile,PR-9851,REL-2018.3.14,flag_payment_orchestrator_payment_retry,75,rolled back,Theo Martin,manual approval,ATLAS-3194,"Deployment note: verify feature flag, Grafana SLO, PagerDuty status, database health, and support handoff for payment-orchestrator."
DEP-00010,2018-06-13,notification-service,stage,atlas-infra,PR-8118,REL-2019.3.0,flag_notification_service_dual_run,100,success,Noah Evans,error budget guard,ATLAS-3877,"Deployment note: verify feature flag, Grafana SLO, PagerDuty status, database health, and support handoff for notification-service."
DEP-00011,2018-06-13,notification-service,stage,atlas-mobile,PR-7508,REL-2022.3.10,flag_notification_service_payment_retry,25,success,Yara Haddad,error budget guard,ATLAS-6163,"Deployment note: verify feature flag, Grafana SLO, PagerDuty status, database health, and support handoff for notification-service."
DEP-00012,2018-06-14,order-ledger,prod,atlas-infra,PR-7198,REL-2018.4.5,flag_order_ledger_mobile_session,25,success,Fatima Noor,support volume guard,ATLAS-2251,"Deployment note: verify feature flag, Grafana SLO, PagerDuty status, database health, and support handoff for order-ledger."
DEP-00013,2018-06-15,tax-service,prod,atlas-observability,PR-10897,REL-2020.1.14,flag_tax_service_dual_run,5,paused,Elena Petrova,support volume guard,ATLAS-3949,"Deployment note: verify feature flag, Grafana SLO, PagerDuty status, database health, and support handoff for tax-service."
DEP-00014,2018-06-18,analytics-pipeline,canary,atlas-web,PR-10046,REL-2023.2.4,flag_analytics_pipeline_mobile_session,25,rolled back,Ravi Patel,error budget guard,ATLAS-1542,"Deployment note: verify feature flag, Grafana SLO, PagerDuty status, database health, and support handoff for analytics-pipeline."
DEP-00015,2018-06-18,inventory-reservation,prod,atlas-observability,PR-9169,REL-2025.4.3,flag_inventory_reservation_dual_run,1,rolled back,Luca Moretti,support volume guard,ATLAS-5577,"Deployment note: verify feature flag, Grafana SLO, PagerDuty status, database health, and support handoff for inventory-reservation."
DEP-00016,2018-06-19,notification-service,prod,atlas-infra,PR-7428,REL-2025.11,flag_notification_service_rollback_guard,75,monitoring,Theo Martin,latency guard,ATLAS-1387,"Deployment note: verify feature flag, Grafana SLO, PagerDuty status, database health, and support handoff for notification-service."
DEP-00017,2018-06-22,payment-orchestrator,canary,atlas-web,PR-5130,REL-2024.2.10,flag_payment_orchestrator_payment_retry,25,monitoring,Anika Sharma,manual approval,ATLAS-3943,"Deployment note: verify feature flag, Grafana SLO, PagerDuty status, database health, and support handoff for payment-orchestrator."
DEP-00018,2018-06-22,loyalty-service,canary,atlas-web,PR-9938,REL-2019.3.0,flag_loyalty_service_regional_launch,0,paused,Maya Chen,latency guard,ATLAS-4954,"Deployment note: verify feature flag, Grafana SLO, PagerDuty status, database health, and support handoff for loyalty-service."
DEP-00019,2018-06-24,checkout-api,stage,atlas-observability,PR-12171,REL-2025.11,flag_checkout_api_dual_run,75,rolled back,Anika Sharma,database lag guard,ATLAS-3880,"Deployment note: verify feature flag, Grafana SLO, PagerDuty status, database health, and support handoff for checkout-api."
DEP-00020,2018-06-23,analytics-pipeline,prod,atlas-mobile,PR-6858,REL-2025.1.8,flag_analytics_pipeline_rollback_guard,5,paused,Jon Bell,error budget guard,ATLAS-4155,"Deployment note: verify feature flag, Grafana SLO, PagerDuty status, database health, and support handoff for analytics-pipeline."
DEP-00021,2018-06-25,order-ledger,canary,atlas-data,PR-11432,REL-2024.12,flag_order_ledger_payment_retry,75,paused,Iris Wang,support volume guard,ATLAS-2653,"Deployment note: verify feature flag, Grafana SLO, PagerDuty status, database health, and support handoff for order-ledger."
DEP-00022,2018-06-28,tax-service,prod,atlas-observability,PR-6946,REL-2024.4.10,flag_tax_service_payment_retry,25,paused,Elena Petrova,database lag guard,ATLAS-4533,"Deployment note: verify feature flag, Grafana SLO, PagerDuty status, database health, and support handoff for tax-service."
DEP-00023,2018-06-29,checkout-api,canary,atlas-checkout,PR-9768,REL-2022.3.12,flag_checkout_api_mobile_session,5,rolled back,Maya Chen,error budget guard,ATLAS-3329,"Deployment note: verify feature flag, Grafana SLO, PagerDuty status, database health, and support handoff for checkout-api."
DEP-00024,2018-06-28,notification-service,prod,atlas-payments,PR-9959,REL-2022.1.15,flag_notification_service_payment_retry,1,rolled back,Samir Rao,manual approval,ATLAS-1167,"Deployment note: verify feature flag, Grafana SLO, PagerDuty status, database health, and support handoff for notification-service."
DEP-00025,2018-07-01,inventory-reservation,canary,atlas-data,PR-7167,REL-2025.02,flag_inventory_reservation_regional_launch,75,rolled back,Ben Carter,database lag guard,ATLAS-2418,"Deployment note: verify feature flag, Grafana SLO, PagerDuty status, database health, and support handoff for inventory-reservation."
DEP-00026,2018-07-02,search-recommendations,prod,atlas-mobile,PR-9867,REL-2018.12,flag_search_recommendations_regional_launch,5,success,Iris Wang,support volume guard,ATLAS-3580,"Deployment note: verify feature flag, Grafana SLO, PagerDuty status, database health, and support handoff for search-recommendations."
DEP-00027,2018-07-03,order-ledger,stage,atlas-web,PR-11827,REL-2019.3.5,flag_order_ledger_regional_launch,10,rolled back,Yara Haddad,error budget guard,ATLAS-1531,"Deployment note: verify feature flag, Grafana SLO, PagerDuty status, database health, and support handoff for order-ledger."
DEP-00028,2018-07-03,cart-service,prod,atlas-mobile,PR-6988,REL-2023.04,flag_cart_service_dual_run,5,success,Ravi Patel,support volume guard,ATLAS-3367,"Deployment note: verify feature flag, Grafana SLO, PagerDuty status, database health, and support handoff for cart-service."
DEP-00029,2018-07-04,auth-gateway,prod,atlas-checkout,PR-6093,REL-2022.1.19,flag_auth_gateway_rollback_guard,25,rolled back,Anika Sharma,database lag guard,ATLAS-2668,"Deployment note: verify feature flag, Grafana SLO, PagerDuty status, database health, and support handoff for auth-gateway."
DEP-00030,2018-07-07,inventory-reservation,stage,atlas-observability,PR-9511,REL-2024.3.6,flag_inventory_reservation_mobile_session,100,partial,Samir Rao,error budget guard,ATLAS-4726,"Deployment note: verify feature flag, Grafana SLO, PagerDuty status, database health, and support handoff for inventory-reservation."
DEP-00031,2018-07-09,loyalty-service,stage,atlas-data,PR-6107,REL-2024.3.0,flag_loyalty_service_regional_launch,25,success,Maya Chen,error budget guard,ATLAS-3436,"Deployment note: verify feature flag, Grafana SLO, PagerDuty status, database health, and support handoff for loyalty-service."
DEP-00032,2018-07-10,auth-gateway,canary,atlas-infra,PR-5447,REL-2025.1.13,flag_auth_gateway_payment_retry,50,success,Yara Haddad,error budget guard,ATLAS-4022,"Deployment note: verify feature flag, Grafana SLO, PagerDuty status, database health, and support handoff for auth-gateway."
DEP-00033,2018-07-10,inventory-reservation,prod,atlas-mobile,PR-8415,REL-2023.1.14,flag_inventory_reservation_new_write_path,25,partial,Fatima Noor,latency guard,ATLAS-4208,"Deployment note: verify feature flag, Grafana SLO, PagerDuty status, database health, and support handoff for inventory-reservation."
DEP-00034,2018-07-12,inventory-reservation,prod,atlas-data,PR-7617,REL-2025.3.11,flag_inventory_reservation_mobile_session,100,rolled back,Victor Silva,database lag guard,ATLAS-1971,"Deployment note: verify feature flag, Grafana SLO, PagerDuty status, database health, and support handoff for inventory-reservation."
DEP-00035,2018-07-13,search-recommendations,canary,atlas-payments,PR-9853,REL-2025.4.2,flag_search_recommendations_payment_retry,50,success,Luca Moretti,manual approval,ATLAS-5550,"Deployment note: verify feature flag, Grafana SLO, PagerDuty status, database health, and support handoff for search-recommendations."
DEP-00036,2018-07-15,loyalty-service,canary,atlas-data,PR-10047,REL-2020.4.14,flag_loyalty_service_regional_launch,50,monitoring,Nora Singh,support volume guard,ATLAS-4648,"Deployment note: verify feature flag, Grafana SLO, PagerDuty status, database health, and support handoff for loyalty-service."
DEP-00037,2018-07-15,search-recommendations,prod,atlas-data,PR-8418,REL-2019.3.19,flag_search_recommendations_regional_launch,1,rolled back,Yara Haddad,manual approval,ATLAS-1421,"Deployment note: verify feature flag, Grafana SLO, PagerDuty status, database health, and support handoff for search-recommendations."
DEP-00038,2018-07-16,loyalty-service,prod,atlas-web,PR-6146,REL-2023.06,flag_loyalty_service_mobile_session,75,paused,Jon Bell,database lag guard,ATLAS-6195,"Deployment note: verify feature flag, Grafana SLO, PagerDuty status, database health, and support handoff for loyalty-service."
DEP-00039,2018-07-18,notification-service,canary,atlas-observability,PR-10775,REL-2022.1.0,flag_notification_service_new_write_path,75,partial,Dmitri Volkov,database lag guard,ATLAS-3019,"Deployment note: verify feature flag, Grafana SLO, PagerDuty status, database health, and support handoff for notification-service."
DEP-00040,2018-07-18,pricing-engine,prod,atlas-web,PR-8412,REL-2024.08,flag_pricing_engine_regional_launch,75,success,Elena Petrova,latency guard,ATLAS-3185,"Deployment note: verify feature flag, Grafana SLO, PagerDuty status, database health, and support handoff for pricing-engine."
DEP-00041,2018-07-21,notification-service,stage,atlas-data,PR-5600,REL-2019.1.14,flag_notification_service_mobile_session,1,rolled back,Priya Nair,manual approval,ATLAS-5901,"Deployment note: verify feature flag, Grafana SLO, PagerDuty status, database health, and support handoff for notification-service."
DEP-00042,2018-07-22,cart-service,canary,atlas-data,PR-7655,REL-2020.3.17,flag_cart_service_rollback_guard,10,success,Owen Brooks,database lag guard,ATLAS-3469,"Deployment note: verify feature flag, Grafana SLO, PagerDuty status, database health, and support handoff for cart-service."
DEP-00043,2018-07-23,payment-orchestrator,stage,atlas-observability,PR-11001,REL-2025.3.11,flag_payment_orchestrator_rollback_guard,75,paused,Kim Tan,error budget guard,ATLAS-1436,"Deployment note: verify feature flag, Grafana SLO, PagerDuty status, database health, and support handoff for payment-orchestrator."
DEP-00044,2018-07-25,payment-orchestrator,prod,atlas-data,PR-7426,REL-2025.2.14,flag_payment_orchestrator_dual_run,100,partial,Anika Sharma,latency guard,ATLAS-5563,"Deployment note: verify feature flag, Grafana SLO, PagerDuty status, database health, and support handoff for payment-orchestrator."
DEP-00045,2018-07-26,checkout-api,canary,atlas-mobile,PR-12540,REL-2023.04,flag_checkout_api_dual_run,50,paused,Fatima Noor,error budget guard,ATLAS-4133,"Deployment note: verify feature flag, Grafana SLO, PagerDuty status, database health, and support handoff for checkout-api."
DEP-00046,2018-07-27,auth-gateway,prod,atlas-web,PR-11074,REL-2021.2.11,flag_auth_gateway_regional_launch,1,partial,Owen Brooks,manual approval,ATLAS-2952,"Deployment note: verify feature flag, Grafana SLO, PagerDuty status, database health, and support handoff for auth-gateway."
DEP-00047,2018-07-28,pricing-engine,canary,atlas-checkout,PR-6737,REL-2025.03,flag_pricing_engine_new_write_path,100,monitoring,Iris Wang,error budget guard,ATLAS-2185,"Deployment note: verify feature flag, Grafana SLO, PagerDuty status, database health, and support handoff for pricing-engine."
DEP-00048,2018-07-28,auth-gateway,canary,atlas-orders,PR-5476,REL-2020.3.5,flag_auth_gateway_payment_retry,10,paused,Sara Novak,manual approval,ATLAS-4185,"Deployment note: verify feature flag, Grafana SLO, PagerDuty status, database health, and support handoff for auth-gateway."
DEP-00049,2018-07-31,search-recommendations,canary,atlas-mobile,PR-5116,REL-2020.4.8,flag_search_recommendations_mobile_session,0,partial,Kim Tan,manual approval,ATLAS-4126,"Deployment note: verify feature flag, Grafana SLO, PagerDuty status, database health, and support handoff for search-recommendations."
DEP-00050,2018-07-31,notification-service,canary,atlas-payments,PR-5995,REL-2022.4.16,flag_notification_service_new_write_path,25,success,Grace Kim,error budget guard,ATLAS-5005,"Deployment note: verify feature flag, Grafana SLO, PagerDuty status, database health, and support handoff for notification-service."
DEP-00051,2018-08-01,inventory-reservation,canary,atlas-infra,PR-8105,REL-2023.04,flag_inventory_reservation_mobile_session,25,paused,Theo Martin,manual approval,ATLAS-1817,"Deployment note: verify feature flag, Grafana SLO, PagerDuty status, database health, and support handoff for inventory-reservation."
DEP-00052,2018-08-01,inventory-reservation,canary,atlas-mobile,PR-6476,REL-2018.4.16,flag_inventory_reservation_regional_launch,50,monitoring,Sara Novak,manual approval,ATLAS-1297,"Deployment note: verify feature flag, Grafana SLO, PagerDuty status, database health, and support handoff for inventory-reservation."
DEP-00053,2018-08-03,checkout-api,stage,atlas-orders,PR-5750,REL-2020.3.15,flag_checkout_api_mobile_session,50,monitoring,Yara Haddad,latency guard,ATLAS-4890,"Deployment note: verify feature flag, Grafana SLO, PagerDuty status, database health, and support handoff for checkout-api."
DEP-00054,2018-08-04,tax-service,stage,atlas-orders,PR-5098,REL-2022.03,flag_tax_service_mobile_session,0,success,Ben Carter,manual approval,ATLAS-3982,"Deployment note: verify feature flag, Grafana SLO, PagerDuty status, database health, and support handoff for tax-service."
DEP-00055,2018-08-07,inventory-reservation,stage,atlas-mobile,PR-9702,REL-2019.11,flag_inventory_reservation_regional_launch,10,success,Grace Kim,manual approval,ATLAS-4800,"Deployment note: verify feature flag, Grafana SLO, PagerDuty status, database health, and support handoff for inventory-reservation."
DEP-00056,2018-08-06,tax-service,prod,atlas-data,PR-6689,REL-2021.06,flag_tax_service_dual_run,50,monitoring,Aisha Khan,error budget guard,ATLAS-1973,"Deployment note: verify feature flag, Grafana SLO, PagerDuty status, database health, and support handoff for tax-service."
DEP-00057,2018-08-07,search-recommendations,canary,atlas-infra,PR-5586,REL-2024.11,flag_search_recommendations_rollback_guard,100,rolled back,Maya Chen,manual approval,ATLAS-2101,"Deployment note: verify feature flag, Grafana SLO, PagerDuty status, database health, and support handoff for search-recommendations."
DEP-00058,2018-08-09,notification-service,stage,atlas-web,PR-8824,REL-2023.3.0,flag_notification_service_new_write_path,0,monitoring,Kim Tan,manual approval,ATLAS-2107,"Deployment note: verify feature flag, Grafana SLO, PagerDuty status, database health, and support handoff for notification-service."
DEP-00059,2018-08-10,checkout-api,canary,atlas-mobile,PR-10099,REL-2020.4.5,flag_checkout_api_new_write_path,0,rolled back,Noah Evans,latency guard,ATLAS-4420,"Deployment note: verify feature flag, Grafana SLO, PagerDuty status, database health, and support handoff for checkout-api."
DEP-00060,2018-08-11,order-ledger,canary,atlas-observability,PR-5180,REL-2021.3.9,flag_order_ledger_regional_launch,1,success,Kim Tan,manual approval,ATLAS-5728,"Deployment note: verify feature flag, Grafana SLO, PagerDuty status, database health, and support handoff for order-ledger."
DEP-00061,2018-08-14,analytics-pipeline,canary,atlas-checkout,PR-11103,REL-2019.3.2,flag_analytics_pipeline_regional_launch,50,partial,Harper Lee,latency guard,ATLAS-1427,"Deployment note: verify feature flag, Grafana SLO, PagerDuty status, database health, and support handoff for analytics-pipeline."
DEP-00062,2018-08-14,search-recommendations,stage,atlas-infra,PR-11340,REL-2026.1.10,flag_search_recommendations_dual_run,75,rolled back,Anika Sharma,manual approval,ATLAS-4787,"Deployment note: verify feature flag, Grafana SLO, PagerDuty status, database health, and support handoff for search-recommendations."
DEP-00063,2018-08-15,payment-orchestrator,canary,atlas-orders,PR-8321,REL-2025.3.14,flag_payment_orchestrator_new_write_path,75,success,Samir Rao,latency guard,ATLAS-4521,"Deployment note: verify feature flag, Grafana SLO, PagerDuty status, database health, and support handoff for payment-orchestrator."
DEP-00064,2018-08-18,checkout-api,prod,atlas-observability,PR-9056,REL-2026.2.14,flag_checkout_api_new_write_path,0,rolled back,Dmitri Volkov,database lag guard,ATLAS-1197,"Deployment note: verify feature flag, Grafana SLO, PagerDuty status, database health, and support handoff for checkout-api."
DEP-00065,2018-08-18,notification-service,stage,atlas-web,PR-12003,REL-2022.05,flag_notification_service_rollback_guard,75,paused,Luca Moretti,support volume guard,ATLAS-2594,"Deployment note: verify feature flag, Grafana SLO, PagerDuty status, database health, and support handoff for notification-service."
DEP-00066,2018-08-19,checkout-api,prod,atlas-observability,PR-5442,REL-2023.1.6,flag_checkout_api_rollback_guard,25,rolled back,Yara Haddad,latency guard,ATLAS-4821,"Deployment note: verify feature flag, Grafana SLO, PagerDuty status, database health, and support handoff for checkout-api."
DEP-00067,2018-08-21,search-recommendations,prod,atlas-infra,PR-12142,REL-2021.2.6,flag_search_recommendations_payment_retry,50,rolled back,Victor Silva,support volume guard,ATLAS-1190,"Deployment note: verify feature flag, Grafana SLO, PagerDuty status, database health, and support handoff for search-recommendations."
DEP-00068,2018-08-22,tax-service,prod,atlas-mobile,PR-9623,REL-2023.4.0,flag_tax_service_rollback_guard,5,success,Victor Silva,latency guard,ATLAS-3450,"Deployment note: verify feature flag, Grafana SLO, PagerDuty status, database health, and support handoff for tax-service."
DEP-00069,2018-08-23,payment-orchestrator,stage,atlas-web,PR-8666,REL-2024.3.10,flag_payment_orchestrator_rollback_guard,100,rolled back,Jon Bell,manual approval,ATLAS-3826,"Deployment note: verify feature flag, Grafana SLO, PagerDuty status, database health, and support handoff for payment-orchestrator."
DEP-00070,2018-08-25,order-ledger,canary,atlas-mobile,PR-10526,REL-2019.03,flag_order_ledger_mobile_session,50,rolled back,Jon Bell,database lag guard,ATLAS-1363,"Deployment note: verify feature flag, Grafana SLO, PagerDuty status, database health, and support handoff for order-ledger."
DEP-00071,2018-08-25,loyalty-service,stage,atlas-observability,PR-8830,REL-2024.4.2,flag_loyalty_service_mobile_session,5,rolled back,Priya Nair,support volume guard,ATLAS-4982,"Deployment note: verify feature flag, Grafana SLO, PagerDuty status, database health, and support handoff for loyalty-service."
DEP-00072,2018-08-26,inventory-reservation,prod,atlas-observability,PR-7172,REL-2026.1.8,flag_inventory_reservation_regional_launch,75,partial,Anika Sharma,error budget guard,ATLAS-4541,"Deployment note: verify feature flag, Grafana SLO, PagerDuty status, database health, and support handoff for inventory-reservation."
DEP-00073,2018-08-27,cart-service,canary,atlas-web,PR-5470,REL-2024.2.19,flag_cart_service_new_write_path,5,monitoring,Jon Bell,manual approval,ATLAS-4921,"Deployment note: verify feature flag, Grafana SLO, PagerDuty status, database health, and support handoff for cart-service."
DEP-00074,2018-08-29,inventory-reservation,stage,atlas-infra,PR-5925,REL-2025.3.15,flag_inventory_reservation_dual_run,75,success,Aisha Khan,support volume guard,ATLAS-5530,"Deployment note: verify feature flag, Grafana SLO, PagerDuty status, database health, and support handoff for inventory-reservation."
DEP-00075,2018-08-30,tax-service,stage,atlas-observability,PR-5129,REL-2021.03,flag_tax_service_new_write_path,75,partial,Ravi Patel,database lag guard,ATLAS-5853,"Deployment note: verify feature flag, Grafana SLO, PagerDuty status, database health, and support handoff for tax-service."
DEP-00076,2018-08-31,cart-service,prod,atlas-infra,PR-8262,REL-2022.3.16,flag_cart_service_dual_run,75,rolled back,Fatima Noor,manual approval,ATLAS-2033,"Deployment note: verify feature flag, Grafana SLO, PagerDuty status, database health, and support handoff for cart-service."
DEP-00077,2018-08-31,inventory-reservation,canary,atlas-observability,PR-12132,REL-2024.4.6,flag_inventory_reservation_regional_launch,75,paused,Anika Sharma,manual approval,ATLAS-5510,"Deployment note: verify feature flag, Grafana SLO, PagerDuty status, database health, and support handoff for inventory-reservation."
DEP-00078,2018-09-03,payment-orchestrator,canary,atlas-orders,PR-5228,REL-2021.06,flag_payment_orchestrator_payment_retry,0,success,Theo Martin,latency guard,ATLAS-6087,"Deployment note: verify feature flag, Grafana SLO, PagerDuty status, database health, and support handoff for payment-orchestrator."
DEP-00079,2018-09-04,order-ledger,canary,atlas-mobile,PR-9446,REL-2025.3.2,flag_order_ledger_new_write_path,10,monitoring,Anika Sharma,support volume guard,ATLAS-3854,"Deployment note: verify feature flag, Grafana SLO, PagerDuty status, database health, and support handoff for order-ledger."
DEP-00080,2018-09-04,checkout-api,prod,atlas-infra,PR-5337,REL-2019.2.18,flag_checkout_api_new_write_path,100,paused,Luca Moretti,manual approval,ATLAS-3624,"Deployment note: verify feature flag, Grafana SLO, PagerDuty status, database health, and support handoff for checkout-api."
DEP-00081,2018-09-06,tax-service,stage,atlas-infra,PR-10762,REL-2026.1.1,flag_tax_service_new_write_path,10,partial,Yara Haddad,support volume guard,ATLAS-4979,"Deployment note: verify feature flag, Grafana SLO, PagerDuty status, database health, and support handoff for tax-service."
DEP-00082,2018-09-08,analytics-pipeline,stage,atlas-observability,PR-12230,REL-2020.4.4,flag_analytics_pipeline_new_write_path,0,paused,Owen Brooks,error budget guard,ATLAS-4365,"Deployment note: verify feature flag, Grafana SLO, PagerDuty status, database health, and support handoff for analytics-pipeline."
DEP-00083,2018-09-10,order-ledger,prod,atlas-checkout,PR-7295,REL-2018.11,flag_order_ledger_rollback_guard,75,partial,Luca Moretti,database lag guard,ATLAS-1938,"Deployment note: verify feature flag, Grafana SLO, PagerDuty status, database health, and support handoff for order-ledger."
DEP-00084,2018-09-09,checkout-api,canary,atlas-data,PR-9712,REL-2022.2.9,flag_checkout_api_dual_run,0,monitoring,Samir Rao,error budget guard,ATLAS-1592,"Deployment note: verify feature flag, Grafana SLO, PagerDuty status, database health, and support handoff for checkout-api."
DEP-00085,2018-09-12,order-ledger,stage,atlas-mobile,PR-5698,REL-2025.11,flag_order_ledger_regional_launch,0,monitoring,Theo Martin,support volume guard,ATLAS-2923,"Deployment note: verify feature flag, Grafana SLO, PagerDuty status, database health, and support handoff for order-ledger."
DEP-00086,2018-09-12,auth-gateway,prod,atlas-infra,PR-7729,REL-2020.04,flag_auth_gateway_rollback_guard,75,rolled back,Ben Carter,error budget guard,ATLAS-4115,"Deployment note: verify feature flag, Grafana SLO, PagerDuty status, database health, and support handoff for auth-gateway."
DEP-00087,2018-09-15,tax-service,canary,atlas-mobile,PR-9928,REL-2022.4.15,flag_tax_service_payment_retry,10,rolled back,Ben Carter,latency guard,ATLAS-2903,"Deployment note: verify feature flag, Grafana SLO, PagerDuty status, database health, and support handoff for tax-service."
DEP-00088,2018-09-14,notification-service,prod,atlas-checkout,PR-5141,REL-2019.05,flag_notification_service_dual_run,75,monitoring,Ben Carter,error budget guard,ATLAS-2133,"Deployment note: verify feature flag, Grafana SLO, PagerDuty status, database health, and support handoff for notification-service."
DEP-00089,2018-09-17,loyalty-service,stage,atlas-mobile,PR-8172,REL-2026.2.1,flag_loyalty_service_new_write_path,100,partial,Grace Kim,error budget guard,ATLAS-2436,"Deployment note: verify feature flag, Grafana SLO, PagerDuty status, database health, and support handoff for loyalty-service."
DEP-00090,2018-09-18,notification-service,prod,atlas-data,PR-11951,REL-2023.08,flag_notification_service_dual_run,75,success,Maya Chen,support volume guard,ATLAS-2569,"Deployment note: verify feature flag, Grafana SLO, PagerDuty status, database health, and support handoff for notification-service."
DEP-00091,2018-09-17,analytics-pipeline,stage,atlas-web,PR-7509,REL-2021.2.17,flag_analytics_pipeline_regional_launch,100,monitoring,Theo Martin,support volume guard,ATLAS-2769,"Deployment note: verify feature flag, Grafana SLO, PagerDuty status, database health, and support handoff for analytics-pipeline."
DEP-00092,2018-09-20,payment-orchestrator,prod,atlas-data,PR-6520,REL-2023.12,flag_payment_orchestrator_new_write_path,50,success,Ravi Patel,manual approval,ATLAS-1244,"Deployment note: verify feature flag, Grafana SLO, PagerDuty status, database health, and support handoff for payment-orchestrator."
DEP-00093,2018-09-21,search-recommendations,stage,atlas-data,PR-11804,REL-2020.2.18,flag_search_recommendations_new_write_path,0,rolled back,Harper Lee,error budget guard,ATLAS-4821,"Deployment note: verify feature flag, Grafana SLO, PagerDuty status, database health, and support handoff for search-recommendations."
DEP-00094,2018-09-21,search-recommendations,stage,atlas-checkout,PR-8028,REL-2025.07,flag_search_recommendations_payment_retry,10,paused,Maya Chen,error budget guard,ATLAS-1875,"Deployment note: verify feature flag, Grafana SLO, PagerDuty status, database health, and support handoff for search-recommendations."
DEP-00095,2018-09-23,inventory-reservation,prod,atlas-data,PR-12407,REL-2023.06,flag_inventory_reservation_rollback_guard,5,monitoring,Theo Martin,database lag guard,ATLAS-4850,"Deployment note: verify feature flag, Grafana SLO, PagerDuty status, database health, and support handoff for inventory-reservation."
DEP-00096,2018-09-23,pricing-engine,stage,atlas-web,PR-5612,REL-2019.05,flag_pricing_engine_dual_run,75,partial,Samir Rao,database lag guard,ATLAS-5635,"Deployment note: verify feature flag, Grafana SLO, PagerDuty status, database health, and support handoff for pricing-engine."
DEP-00097,2018-09-26,notification-service,stage,atlas-checkout,PR-11322,REL-2024.01,flag_notification_service_dual_run,25,rolled back,Grace Kim,database lag guard,ATLAS-2263,"Deployment note: verify feature flag, Grafana SLO, PagerDuty status, database health, and support handoff for notification-service."
DEP-00098,2018-09-28,order-ledger,prod,atlas-payments,PR-8714,REL-2021.4.12,flag_order_ledger_payment_retry,75,success,Noah Evans,latency guard,ATLAS-3915,"Deployment note: verify feature flag, Grafana SLO, PagerDuty status, database health, and support handoff for order-ledger."
DEP-00099,2018-09-29,checkout-api,stage,atlas-checkout,PR-12564,REL-2020.4.4,flag_checkout_api_new_write_path,100,success,Elena Petrova,latency guard,ATLAS-5195,"Deployment note: verify feature flag, Grafana SLO, PagerDuty status, database health, and support handoff for checkout-api."
DEP-00100,2018-09-29,inventory-reservation,canary,atlas-checkout,PR-9949,REL-2025.3.2,flag_inventory_reservation_dual_run,50,paused,Luca Moretti,latency guard,ATLAS-4821,"Deployment note: verify feature flag, Grafana SLO, PagerDuty status, database health, and support handoff for inventory-reservation."
DEP-00101,2018-10-01,tax-service,stage,atlas-orders,PR-8287,REL-2024.4.8,flag_tax_service_mobile_session,5,monitoring,Grace Kim,error budget guard,ATLAS-2121,"Deployment note: verify feature flag, Grafana SLO, PagerDuty status, database health, and support handoff for tax-service."
DEP-00102,2018-10-03,inventory-reservation,prod,atlas-data,PR-9537,REL-2026.1.9,flag_inventory_reservation_dual_run,1,paused,Nora Singh,error budget guard,ATLAS-2372,"Deployment note: verify feature flag, Grafana SLO, PagerDuty status, database health, and support handoff for inventory-reservation."
DEP-00103,2018-10-02,inventory-reservation,stage,atlas-infra,PR-10035,REL-2021.2.4,flag_inventory_reservation_dual_run,100,paused,Harper Lee,database lag guard,ATLAS-2773,"Deployment note: verify feature flag, Grafana SLO, PagerDuty status, database health, and support handoff for inventory-reservation."
DEP-00104,2018-10-05,cart-service,canary,atlas-web,PR-6069,REL-2024.09,flag_cart_service_regional_launch,25,rolled back,Theo Martin,support volume guard,ATLAS-1773,"Deployment note: verify feature flag, Grafana SLO, PagerDuty status, database health, and support handoff for cart-service."
DEP-00105,2018-10-06,tax-service,stage,atlas-data,PR-9257,REL-2021.1.19,flag_tax_service_regional_launch,0,success,Harper Lee,manual approval,ATLAS-5439,"Deployment note: verify feature flag, Grafana SLO, PagerDuty status, database health, and support handoff for tax-service."
DEP-00106,2018-10-08,search-recommendations,canary,atlas-infra,PR-6432,REL-2024.05,flag_search_recommendations_dual_run,10,rolled back,Ben Carter,manual approval,ATLAS-4710,"Deployment note: verify feature flag, Grafana SLO, PagerDuty status, database health, and support handoff for search-recommendations."
DEP-00107,2018-10-09,inventory-reservation,stage,atlas-mobile,PR-5763,REL-2023.1.14,flag_inventory_reservation_rollback_guard,25,success,Theo Martin,error budget guard,ATLAS-2438,"Deployment note: verify feature flag, Grafana SLO, PagerDuty status, database health, and support handoff for inventory-reservation."
DEP-00108,2018-10-10,search-recommendations,prod,atlas-data,PR-8537,REL-2018.11,flag_search_recommendations_dual_run,100,paused,Yara Haddad,support volume guard,ATLAS-3702,"Deployment note: verify feature flag, Grafana SLO, PagerDuty status, database health, and support handoff for search-recommendations."
DEP-00109,2018-10-10,auth-gateway,canary,atlas-mobile,PR-7476,REL-2023.4.13,flag_auth_gateway_regional_launch,50,monitoring,Victor Silva,support volume guard,ATLAS-3624,"Deployment note: verify feature flag, Grafana SLO, PagerDuty status, database health, and support handoff for auth-gateway."
DEP-00110,2018-10-11,auth-gateway,canary,atlas-orders,PR-8382,REL-2022.3.12,flag_auth_gateway_dual_run,10,monitoring,Yara Haddad,error budget guard,ATLAS-5127,"Deployment note: verify feature flag, Grafana SLO, PagerDuty status, database health, and support handoff for auth-gateway."
DEP-00111,2018-10-13,notification-service,prod,atlas-payments,PR-5131,REL-2022.2.19,flag_notification_service_rollback_guard,1,partial,Victor Silva,database lag guard,ATLAS-2125,"Deployment note: verify feature flag, Grafana SLO, PagerDuty status, database health, and support handoff for notification-service."
DEP-00112,2018-10-15,inventory-reservation,stage,atlas-observability,PR-10466,REL-2023.06,flag_inventory_reservation_regional_launch,25,monitoring,Luca Moretti,support volume guard,ATLAS-1396,"Deployment note: verify feature flag, Grafana SLO, PagerDuty status, database health, and support handoff for inventory-reservation."
DEP-00113,2018-10-16,loyalty-service,stage,atlas-data,PR-6744,REL-2025.4.4,flag_loyalty_service_new_write_path,25,paused,Luca Moretti,database lag guard,ATLAS-3096,"Deployment note: verify feature flag, Grafana SLO, PagerDuty status, database health, and support handoff for loyalty-service."
DEP-00114,2018-10-17,order-ledger,stage,atlas-payments,PR-9358,REL-2019.1.17,flag_order_ledger_new_write_path,25,success,Elena Petrova,error budget guard,ATLAS-3962,"Deployment note: verify feature flag, Grafana SLO, PagerDuty status, database health, and support handoff for order-ledger."
DEP-00115,2018-10-17,pricing-engine,prod,atlas-checkout,PR-8475,REL-2024.4.10,flag_pricing_engine_rollback_guard,1,success,Yara Haddad,manual approval,ATLAS-4124,"Deployment note: verify feature flag, Grafana SLO, PagerDuty status, database health, and support handoff for pricing-engine."
DEP-00116,2018-10-18,payment-orchestrator,prod,atlas-web,PR-7351,REL-2024.3.18,flag_payment_orchestrator_new_write_path,10,monitoring,Yara Haddad,database lag guard,ATLAS-5054,"Deployment note: verify feature flag, Grafana SLO, PagerDuty status, database health, and support handoff for payment-orchestrator."
DEP-00117,2018-10-21,loyalty-service,prod,atlas-observability,PR-8103,REL-2024.04,flag_loyalty_service_regional_launch,5,monitoring,Samir Rao,database lag guard,ATLAS-6115,"Deployment note: verify feature flag, Grafana SLO, PagerDuty status, database health, and support handoff for loyalty-service."
DEP-00118,2018-10-20,order-ledger,stage,atlas-checkout,PR-5774,REL-2023.1.11,flag_order_ledger_rollback_guard,5,paused,Ben Carter,support volume guard,ATLAS-3297,"Deployment note: verify feature flag, Grafana SLO, PagerDuty status, database health, and support handoff for order-ledger."
DEP-00119,2018-10-21,search-recommendations,stage,atlas-data,PR-8555,REL-2022.1.0,flag_search_recommendations_mobile_session,75,partial,Samir Rao,error budget guard,ATLAS-4857,"Deployment note: verify feature flag, Grafana SLO, PagerDuty status, database health, and support handoff for search-recommendations."
DEP-00120,2018-10-25,analytics-pipeline,canary,atlas-observability,PR-6030,REL-2019.2.0,flag_analytics_pipeline_payment_retry,10,paused,Ravi Patel,support volume guard,ATLAS-3088,"Deployment note: verify feature flag, Grafana SLO, PagerDuty status, database health, and support handoff for analytics-pipeline."
DEP-00121,2018-10-24,tax-service,prod,atlas-payments,PR-8194,REL-2021.4.7,flag_tax_service_regional_launch,10,success,Grace Kim,database lag guard,ATLAS-3612,"Deployment note: verify feature flag, Grafana SLO, PagerDuty status, database health, and support handoff for tax-service."
DEP-00122,2018-10-27,order-ledger,stage,atlas-observability,PR-10706,REL-2019.2.8,flag_order_ledger_regional_launch,100,monitoring,Dmitri Volkov,support volume guard,ATLAS-3722,"Deployment note: verify feature flag, Grafana SLO, PagerDuty status, database health, and support handoff for order-ledger."
DEP-00123,2018-10-28,order-ledger,prod,atlas-orders,PR-6237,REL-2026.03,flag_order_ledger_new_write_path,1,rolled back,Sara Novak,database lag guard,ATLAS-1455,"Deployment note: verify feature flag, Grafana SLO, PagerDuty status, database health, and support handoff for order-ledger."
DEP-00124,2018-10-28,loyalty-service,stage,atlas-web,PR-8377,REL-2025.3.8,flag_loyalty_service_new_write_path,10,monitoring,Harper Lee,manual approval,ATLAS-2562,"Deployment note: verify feature flag, Grafana SLO, PagerDuty status, database health, and support handoff for loyalty-service."
DEP-00125,2018-10-30,pricing-engine,canary,atlas-infra,PR-7243,REL-2023.3.2,flag_pricing_engine_mobile_session,10,rolled back,Anika Sharma,support volume guard,ATLAS-4964,"Deployment note: verify feature flag, Grafana SLO, PagerDuty status, database health, and support handoff for pricing-engine."
DEP-00126,2018-10-30,auth-gateway,canary,atlas-orders,PR-7865,REL-2025.1.13,flag_auth_gateway_new_write_path,0,partial,Ben Carter,error budget guard,ATLAS-1944,"Deployment note: verify feature flag, Grafana SLO, PagerDuty status, database health, and support handoff for auth-gateway."
DEP-00127,2018-11-01,checkout-api,canary,atlas-observability,PR-7881,REL-2020.4.18,flag_checkout_api_new_write_path,50,monitoring,Anika Sharma,support volume guard,ATLAS-2640,"Deployment note: verify feature flag, Grafana SLO, PagerDuty status, database health, and support handoff for checkout-api."
DEP-00128,2018-11-03,order-ledger,stage,atlas-orders,PR-5102,REL-2018.07,flag_order_ledger_dual_run,75,rolled back,Yara Haddad,database lag guard,ATLAS-3023,"Deployment note: verify feature flag, Grafana SLO, PagerDuty status, database health, and support handoff for order-ledger."
DEP-00129,2018-11-04,search-recommendations,canary,atlas-data,PR-8202,REL-2023.3.14,flag_search_recommendations_regional_launch,100,success,Mateo Garcia,latency guard,ATLAS-3190,"Deployment note: verify feature flag, Grafana SLO, PagerDuty status, database health, and support handoff for search-recommendations."
DEP-00130,2018-11-06,analytics-pipeline,stage,atlas-orders,PR-9632,REL-2018.4.14,flag_analytics_pipeline_payment_retry,50,rolled back,Nora Singh,database lag guard,ATLAS-1811,"Deployment note: verify feature flag, Grafana SLO, PagerDuty status, database health, and support handoff for analytics-pipeline."
DEP-00131,2018-11-05,analytics-pipeline,stage,atlas-checkout,PR-6517,REL-2019.11,flag_analytics_pipeline_rollback_guard,5,partial,Nora Singh,error budget guard,ATLAS-2714,"Deployment note: verify feature flag, Grafana SLO, PagerDuty status, database health, and support handoff for analytics-pipeline."
DEP-00132,2018-11-08,notification-service,prod,atlas-infra,PR-8612,REL-2020.11,flag_notification_service_mobile_session,75,rolled back,Mateo Garcia,manual approval,ATLAS-2554,"Deployment note: verify feature flag, Grafana SLO, PagerDuty status, database health, and support handoff for notification-service."
DEP-00133,2018-11-08,notification-service,stage,atlas-web,PR-5233,REL-2024.05,flag_notification_service_dual_run,50,rolled back,Mateo Garcia,latency guard,ATLAS-3296,"Deployment note: verify feature flag, Grafana SLO, PagerDuty status, database health, and support handoff for notification-service."
DEP-00134,2018-11-10,loyalty-service,stage,atlas-data,PR-8508,REL-2021.1.4,flag_loyalty_service_dual_run,0,partial,Aisha Khan,database lag guard,ATLAS-3864,"Deployment note: verify feature flag, Grafana SLO, PagerDuty status, database health, and support handoff for loyalty-service."
DEP-00135,2018-11-12,tax-service,canary,atlas-checkout,PR-9761,REL-2021.04,flag_tax_service_new_write_path,50,monitoring,Noah Evans,latency guard,ATLAS-5619,"Deployment note: verify feature flag, Grafana SLO, PagerDuty status, database health, and support handoff for tax-service."
DEP-00136,2018-11-11,payment-orchestrator,canary,atlas-payments,PR-8675,REL-2022.4.10,flag_payment_orchestrator_payment_retry,0,monitoring,Priya Nair,database lag guard,ATLAS-1031,"Deployment note: verify feature flag, Grafana SLO, PagerDuty status, database health, and support handoff for payment-orchestrator."
DEP-00137,2018-11-13,analytics-pipeline,prod,atlas-checkout,PR-11862,REL-2024.4.9,flag_analytics_pipeline_mobile_session,1,success,Noah Evans,error budget guard,ATLAS-2604,"Deployment note: verify feature flag, Grafana SLO, PagerDuty status, database health, and support handoff for analytics-pipeline."
DEP-00138,2018-11-15,pricing-engine,canary,atlas-web,PR-12131,REL-2023.1.0,flag_pricing_engine_payment_retry,100,paused,Maya Chen,database lag guard,ATLAS-5961,"Deployment note: verify feature flag, Grafana SLO, PagerDuty status, database health, and support handoff for pricing-engine."
DEP-00139,2018-11-15,pricing-engine,prod,atlas-infra,PR-6915,REL-2018.3.14,flag_pricing_engine_regional_launch,1,rolled back,Ravi Patel,latency guard,ATLAS-4289,"Deployment note: verify feature flag, Grafana SLO, PagerDuty status, database health, and support handoff for pricing-engine."
DEP-00140,2018-11-16,inventory-reservation,prod,atlas-checkout,PR-6300,REL-2024.4.9,flag_inventory_reservation_payment_retry,25,paused,Elena Petrova,latency guard,ATLAS-5772,"Deployment note: verify feature flag, Grafana SLO, PagerDuty status, database health, and support handoff for inventory-reservation."
DEP-00141,2018-11-19,cart-service,canary,atlas-data,PR-7543,REL-2018.4.12,flag_cart_service_new_write_path,100,monitoring,Aisha Khan,database lag guard,ATLAS-5640,"Deployment note: verify feature flag, Grafana SLO, PagerDuty status, database health, and support handoff for cart-service."
DEP-00142,2018-11-18,pricing-engine,canary,atlas-observability,PR-8589,REL-2024.4.3,flag_pricing_engine_payment_retry,5,monitoring,Samir Rao,latency guard,ATLAS-4030,"Deployment note: verify feature flag, Grafana SLO, PagerDuty status, database health, and support handoff for pricing-engine."
DEP-00143,2018-11-21,payment-orchestrator,prod,atlas-observability,PR-7563,REL-2022.10,flag_payment_orchestrator_regional_launch,25,monitoring,Fatima Noor,manual approval,ATLAS-4711,"Deployment note: verify feature flag, Grafana SLO, PagerDuty status, database health, and support handoff for payment-orchestrator."
DEP-00144,2018-11-21,pricing-engine,prod,atlas-web,PR-9093,REL-2023.4.0,flag_pricing_engine_rollback_guard,10,paused,Aisha Khan,manual approval,ATLAS-3901,"Deployment note: verify feature flag, Grafana SLO, PagerDuty status, database health, and support handoff for pricing-engine."
DEP-00145,2018-11-22,inventory-reservation,canary,atlas-payments,PR-7281,REL-2018.4.15,flag_inventory_reservation_regional_launch,75,monitoring,Owen Brooks,manual approval,ATLAS-5143,"Deployment note: verify feature flag, Grafana SLO, PagerDuty status, database health, and support handoff for inventory-reservation."
DEP-00146,2018-11-25,payment-orchestrator,canary,atlas-payments,PR-7108,REL-2025.3.8,flag_payment_orchestrator_rollback_guard,10,partial,Fatima Noor,error budget guard,ATLAS-2229,"Deployment note: verify feature flag, Grafana SLO, PagerDuty status, database health, and support handoff for payment-orchestrator."
DEP-00147,2018-11-26,auth-gateway,canary,atlas-web,PR-11097,REL-2022.1.6,flag_auth_gateway_new_write_path,1,paused,Dmitri Volkov,latency guard,ATLAS-4491,"Deployment note: verify feature flag, Grafana SLO, PagerDuty status, database health, and support handoff for auth-gateway."
DEP-00148,2018-11-27,pricing-engine,prod,atlas-infra,PR-8587,REL-2024.07,flag_pricing_engine_payment_retry,100,paused,Nora Singh,error budget guard,ATLAS-3915,"Deployment note: verify feature flag, Grafana SLO, PagerDuty status, database health, and support handoff for pricing-engine."
DEP-00149,2018-11-29,notification-service,stage,atlas-checkout,PR-5186,REL-2026.1.1,flag_notification_service_regional_launch,10,paused,Fatima Noor,manual approval,ATLAS-4752,"Deployment note: verify feature flag, Grafana SLO, PagerDuty status, database health, and support handoff for notification-service."
DEP-00150,2018-11-30,analytics-pipeline,canary,atlas-data,PR-9920,REL-2022.4.10,flag_analytics_pipeline_mobile_session,75,partial,Ravi Patel,error budget guard,ATLAS-3309,"Deployment note: verify feature flag, Grafana SLO, PagerDuty status, database health, and support handoff for analytics-pipeline."
DEP-00151,2018-11-30,payment-orchestrator,stage,atlas-payments,PR-10167,REL-2020.3.2,flag_payment_orchestrator_rollback_guard,1,monitoring,Harper Lee,error budget guard,ATLAS-2807,"Deployment note: verify feature flag, Grafana SLO, PagerDuty status, database health, and support handoff for payment-orchestrator."
DEP-00152,2018-12-01,order-ledger,prod,atlas-infra,PR-8970,REL-2024.3.11,flag_order_ledger_payment_retry,100,success,Nora Singh,error budget guard,ATLAS-1363,"Deployment note: verify feature flag, Grafana SLO, PagerDuty status, database health, and support handoff for order-ledger."
DEP-00153,2018-12-03,order-ledger,prod,atlas-web,PR-7396,REL-2020.03,flag_order_ledger_rollback_guard,100,rolled back,Maya Chen,support volume guard,ATLAS-1680,"Deployment note: verify feature flag, Grafana SLO, PagerDuty status, database health, and support handoff for order-ledger."
DEP-00154,2018-12-05,pricing-engine,stage,atlas-payments,PR-5428,REL-2023.04,flag_pricing_engine_mobile_session,10,partial,Grace Kim,error budget guard,ATLAS-5272,"Deployment note: verify feature flag, Grafana SLO, PagerDuty status, database health, and support handoff for pricing-engine."
DEP-00155,2018-12-05,checkout-api,stage,atlas-payments,PR-7850,REL-2024.2.7,flag_checkout_api_dual_run,50,paused,Noah Evans,latency guard,ATLAS-5447,"Deployment note: verify feature flag, Grafana SLO, PagerDuty status, database health, and support handoff for checkout-api."
DEP-00156,2018-12-06,inventory-reservation,canary,atlas-payments,PR-5507,REL-2021.2.4,flag_inventory_reservation_regional_launch,50,monitoring,Kim Tan,manual approval,ATLAS-5326,"Deployment note: verify feature flag, Grafana SLO, PagerDuty status, database health, and support handoff for inventory-reservation."
DEP-00157,2018-12-07,loyalty-service,stage,atlas-infra,PR-7044,REL-2022.3.4,flag_loyalty_service_new_write_path,75,monitoring,Victor Silva,latency guard,ATLAS-5697,"Deployment note: verify feature flag, Grafana SLO, PagerDuty status, database health, and support handoff for loyalty-service."
DEP-00158,2018-12-08,notification-service,prod,atlas-observability,PR-5548,REL-2021.03,flag_notification_service_payment_retry,25,rolled back,Owen Brooks,database lag guard,ATLAS-2426,"Deployment note: verify feature flag, Grafana SLO, PagerDuty status, database health, and support handoff for notification-service."
DEP-00159,2018-12-10,loyalty-service,prod,atlas-mobile,PR-8804,REL-2025.1.19,flag_loyalty_service_dual_run,75,paused,Dmitri Volkov,manual approval,ATLAS-1550,"Deployment note: verify feature flag, Grafana SLO, PagerDuty status, database health, and support handoff for loyalty-service."
DEP-00160,2018-12-12,search-recommendations,prod,atlas-payments,PR-5471,REL-2025.4.8,flag_search_recommendations_dual_run,0,monitoring,Mateo Garcia,support volume guard,ATLAS-3615,"Deployment note: verify feature flag, Grafana SLO, PagerDuty status, database health, and support handoff for search-recommendations."
DEP-00161,2018-12-12,cart-service,canary,atlas-observability,PR-7079,REL-2024.1.8,flag_cart_service_mobile_session,75,success,Harper Lee,database lag guard,ATLAS-3728,"Deployment note: verify feature flag, Grafana SLO, PagerDuty status, database health, and support handoff for cart-service."
DEP-00162,2018-12-12,inventory-reservation,canary,atlas-mobile,PR-5065,REL-2019.4.15,flag_inventory_reservation_payment_retry,75,rolled back,Mateo Garcia,error budget guard,ATLAS-3681,"Deployment note: verify feature flag, Grafana SLO, PagerDuty status, database health, and support handoff for inventory-reservation."
DEP-00163,2018-12-14,payment-orchestrator,prod,atlas-mobile,PR-11787,REL-2020.3.11,flag_payment_orchestrator_regional_launch,5,paused,Owen Brooks,database lag guard,ATLAS-4303,"Deployment note: verify feature flag, Grafana SLO, PagerDuty status, database health, and support handoff for payment-orchestrator."
DEP-00164,2018-12-17,loyalty-service,canary,atlas-mobile,PR-6899,REL-2022.04,flag_loyalty_service_rollback_guard,50,partial,Priya Nair,error budget guard,ATLAS-3614,"Deployment note: verify feature flag, Grafana SLO, PagerDuty status, database health, and support handoff for loyalty-service."
DEP-00165,2018-12-18,loyalty-service,canary,atlas-checkout,PR-8831,REL-2019.4.2,flag_loyalty_service_dual_run,25,success,Jon Bell,latency guard,ATLAS-1937,"Deployment note: verify feature flag, Grafana SLO, PagerDuty status, database health, and support handoff for loyalty-service."
DEP-00166,2018-12-18,order-ledger,canary,atlas-data,PR-8555,REL-2025.08,flag_order_ledger_new_write_path,25,partial,Maya Chen,database lag guard,ATLAS-5940,"Deployment note: verify feature flag, Grafana SLO, PagerDuty status, database health, and support handoff for order-ledger."
DEP-00167,2018-12-18,search-recommendations,stage,atlas-infra,PR-8968,REL-2023.2.2,flag_search_recommendations_dual_run,100,partial,Harper Lee,support volume guard,ATLAS-1645,"Deployment note: verify feature flag, Grafana SLO, PagerDuty status, database health, and support handoff for search-recommendations."
DEP-00168,2018-12-22,tax-service,canary,atlas-checkout,PR-9752,REL-2023.1.0,flag_tax_service_dual_run,10,success,Dmitri Volkov,latency guard,ATLAS-3335,"Deployment note: verify feature flag, Grafana SLO, PagerDuty status, database health, and support handoff for tax-service."
DEP-00169,2018-12-21,loyalty-service,canary,atlas-observability,PR-6535,REL-2018.10,flag_loyalty_service_regional_launch,75,rolled back,Anika Sharma,error budget guard,ATLAS-1308,"Deployment note: verify feature flag, Grafana SLO, PagerDuty status, database health, and support handoff for loyalty-service."
DEP-00170,2018-12-23,search-recommendations,canary,atlas-web,PR-7167,REL-2024.3.10,flag_search_recommendations_regional_launch,25,partial,Sara Novak,error budget guard,ATLAS-1228,"Deployment note: verify feature flag, Grafana SLO, PagerDuty status, database health, and support handoff for search-recommendations."
DEP-00171,2018-12-24,inventory-reservation,canary,atlas-orders,PR-9270,REL-2019.09,flag_inventory_reservation_rollback_guard,10,monitoring,Grace Kim,support volume guard,ATLAS-4190,"Deployment note: verify feature flag, Grafana SLO, PagerDuty status, database health, and support handoff for inventory-reservation."
DEP-00172,2018-12-25,cart-service,prod,atlas-observability,PR-8678,REL-2023.03,flag_cart_service_dual_run,0,rolled back,Nora Singh,manual approval,ATLAS-3869,"Deployment note: verify feature flag, Grafana SLO, PagerDuty status, database health, and support handoff for cart-service."
DEP-00173,2018-12-26,search-recommendations,canary,atlas-checkout,PR-9329,REL-2021.2.9,flag_search_recommendations_rollback_guard,0,monitoring,Iris Wang,latency guard,ATLAS-3298,"Deployment note: verify feature flag, Grafana SLO, PagerDuty status, database health, and support handoff for search-recommendations."
DEP-00174,2018-12-28,pricing-engine,canary,atlas-data,PR-5020,REL-2025.05,flag_pricing_engine_new_write_path,50,paused,Aisha Khan,error budget guard,ATLAS-4296,"Deployment note: verify feature flag, Grafana SLO, PagerDuty status, database health, and support handoff for pricing-engine."
DEP-00175,2018-12-29,notification-service,prod,atlas-orders,PR-9721,REL-2023.2.5,flag_notification_service_new_write_path,25,rolled back,Yara Haddad,latency guard,ATLAS-1765,"Deployment note: verify feature flag, Grafana SLO, PagerDuty status, database health, and support handoff for notification-service."
DEP-00176,2018-12-31,loyalty-service,canary,atlas-data,PR-5706,REL-2018.08,flag_loyalty_service_dual_run,10,rolled back,Nora Singh,database lag guard,ATLAS-2289,"Deployment note: verify feature flag, Grafana SLO, PagerDuty status, database health, and support handoff for loyalty-service."
DEP-00177,2019-01-02,pricing-engine,canary,atlas-web,PR-9973,REL-2025.2.18,flag_pricing_engine_payment_retry,10,partial,Iris Wang,manual approval,ATLAS-2681,"Deployment note: verify feature flag, Grafana SLO, PagerDuty status, database health, and support handoff for pricing-engine."
DEP-00178,2019-01-01,payment-orchestrator,prod,atlas-payments,PR-9763,REL-2018.4.15,flag_payment_orchestrator_rollback_guard,100,rolled back,Victor Silva,support volume guard,ATLAS-4789,"Deployment note: verify feature flag, Grafana SLO, PagerDuty status, database health, and support handoff for payment-orchestrator."
DEP-00179,2019-01-02,notification-service,stage,atlas-web,PR-5644,REL-2025.1.9,flag_notification_service_regional_launch,100,paused,Dmitri Volkov,manual approval,ATLAS-3341,"Deployment note: verify feature flag, Grafana SLO, PagerDuty status, database health, and support handoff for notification-service."
DEP-00180,2019-01-03,analytics-pipeline,stage,atlas-checkout,PR-10162,REL-2022.08,flag_analytics_pipeline_rollback_guard,0,paused,Mateo Garcia,error budget guard,ATLAS-1216,"Deployment note: verify feature flag, Grafana SLO, PagerDuty status, database health, and support handoff for analytics-pipeline."
DEP-00181,2019-01-05,analytics-pipeline,stage,atlas-web,PR-7178,REL-2022.2.4,flag_analytics_pipeline_payment_retry,25,paused,Elena Petrova,database lag guard,ATLAS-5721,"Deployment note: verify feature flag, Grafana SLO, PagerDuty status, database health, and support handoff for analytics-pipeline."
DEP-00182,2019-01-07,tax-service,prod,atlas-checkout,PR-8026,REL-2022.3.4,flag_tax_service_payment_retry,10,success,Harper Lee,latency guard,ATLAS-4070,"Deployment note: verify feature flag, Grafana SLO, PagerDuty status, database health, and support handoff for tax-service."
DEP-00183,2019-01-09,pricing-engine,canary,atlas-infra,PR-11454,REL-2019.2.16,flag_pricing_engine_dual_run,0,paused,Theo Martin,latency guard,ATLAS-1692,"Deployment note: verify feature flag, Grafana SLO, PagerDuty status, database health, and support handoff for pricing-engine."
DEP-00184,2019-01-10,order-ledger,stage,atlas-web,PR-5124,REL-2022.01,flag_order_ledger_dual_run,10,rolled back,Ben Carter,latency guard,ATLAS-1687,"Deployment note: verify feature flag, Grafana SLO, PagerDuty status, database health, and support handoff for order-ledger."
DEP-00185,2019-01-11,cart-service,prod,atlas-infra,PR-7204,REL-2020.04,flag_cart_service_mobile_session,50,rolled back,Nora Singh,manual approval,ATLAS-3150,"Deployment note: verify feature flag, Grafana SLO, PagerDuty status, database health, and support handoff for cart-service."
DEP-00186,2019-01-10,tax-service,canary,atlas-checkout,PR-6185,REL-2021.3.3,flag_tax_service_mobile_session,100,paused,Maya Chen,manual approval,ATLAS-6094,"Deployment note: verify feature flag, Grafana SLO, PagerDuty status, database health, and support handoff for tax-service."
DEP-00187,2019-01-12,checkout-api,prod,atlas-infra,PR-7353,REL-2023.3.0,flag_checkout_api_new_write_path,10,monitoring,Dmitri Volkov,database lag guard,ATLAS-3974,"Deployment note: verify feature flag, Grafana SLO, PagerDuty status, database health, and support handoff for checkout-api."
DEP-00188,2019-01-15,order-ledger,canary,atlas-observability,PR-7521,REL-2023.4.13,flag_order_ledger_rollback_guard,75,monitoring,Iris Wang,database lag guard,ATLAS-5420,"Deployment note: verify feature flag, Grafana SLO, PagerDuty status, database health, and support handoff for order-ledger."
DEP-00189,2019-01-14,loyalty-service,prod,atlas-observability,PR-9475,REL-2021.2.5,flag_loyalty_service_new_write_path,100,rolled back,Anika Sharma,latency guard,ATLAS-3069,"Deployment note: verify feature flag, Grafana SLO, PagerDuty status, database health, and support handoff for loyalty-service."
DEP-00190,2019-01-16,auth-gateway,canary,atlas-web,PR-5506,REL-2024.06,flag_auth_gateway_regional_launch,25,success,Iris Wang,database lag guard,ATLAS-3266,"Deployment note: verify feature flag, Grafana SLO, PagerDuty status, database health, and support handoff for auth-gateway."
DEP-00191,2019-01-16,analytics-pipeline,stage,atlas-data,PR-9617,REL-2023.05,flag_analytics_pipeline_regional_launch,5,rolled back,Luca Moretti,error budget guard,ATLAS-2794,"Deployment note: verify feature flag, Grafana SLO, PagerDuty status, database health, and support handoff for analytics-pipeline."
DEP-00192,2019-01-20,inventory-reservation,prod,atlas-payments,PR-10108,REL-2020.4.4,flag_inventory_reservation_rollback_guard,25,partial,Fatima Noor,error budget guard,ATLAS-5602,"Deployment note: verify feature flag, Grafana SLO, PagerDuty status, database health, and support handoff for inventory-reservation."
DEP-00193,2019-01-21,inventory-reservation,canary,atlas-observability,PR-12449,REL-2019.3.19,flag_inventory_reservation_payment_retry,25,rolled back,Victor Silva,latency guard,ATLAS-1700,"Deployment note: verify feature flag, Grafana SLO, PagerDuty status, database health, and support handoff for inventory-reservation."
DEP-00194,2019-01-21,payment-orchestrator,stage,atlas-infra,PR-6867,REL-2020.3.14,flag_payment_orchestrator_regional_launch,100,paused,Samir Rao,database lag guard,ATLAS-4931,"Deployment note: verify feature flag, Grafana SLO, PagerDuty status, database health, and support handoff for payment-orchestrator."
DEP-00195,2019-01-23,payment-orchestrator,prod,atlas-infra,PR-10654,REL-2018.3.16,flag_payment_orchestrator_new_write_path,50,paused,Harper Lee,support volume guard,ATLAS-5106,"Deployment note: verify feature flag, Grafana SLO, PagerDuty status, database health, and support handoff for payment-orchestrator."
DEP-00196,2019-01-24,notification-service,canary,atlas-mobile,PR-9011,REL-2025.2.19,flag_notification_service_dual_run,0,success,Nora Singh,database lag guard,ATLAS-1165,"Deployment note: verify feature flag, Grafana SLO, PagerDuty status, database health, and support handoff for notification-service."
DEP-00197,2019-01-25,payment-orchestrator,stage,atlas-payments,PR-8720,REL-2019.4.5,flag_payment_orchestrator_mobile_session,25,success,Aisha Khan,support volume guard,ATLAS-3578,"Deployment note: verify feature flag, Grafana SLO, PagerDuty status, database health, and support handoff for payment-orchestrator."
DEP-00198,2019-01-25,search-recommendations,canary,atlas-web,PR-5799,REL-2019.11,flag_search_recommendations_rollback_guard,5,success,Sara Novak,latency guard,ATLAS-3189,"Deployment note: verify feature flag, Grafana SLO, PagerDuty status, database health, and support handoff for search-recommendations."
DEP-00199,2019-01-28,pricing-engine,canary,atlas-web,PR-7808,REL-2019.1.9,flag_pricing_engine_rollback_guard,25,partial,Priya Nair,latency guard,ATLAS-4396,"Deployment note: verify feature flag, Grafana SLO, PagerDuty status, database health, and support handoff for pricing-engine."
DEP-00200,2019-01-29,inventory-reservation,canary,atlas-data,PR-8614,REL-2026.1.10,flag_inventory_reservation_payment_retry,100,paused,Fatima Noor,error budget guard,ATLAS-2848,"Deployment note: verify feature flag, Grafana SLO, PagerDuty status, database health, and support handoff for inventory-reservation."
DEP-00201,2019-01-31,tax-service,stage,atlas-infra,PR-9810,REL-2018.10,flag_tax_service_rollback_guard,25,paused,Noah Evans,error budget guard,ATLAS-1102,"Deployment note: verify feature flag, Grafana SLO, PagerDuty status, database health, and support handoff for tax-service."
DEP-00202,2019-01-30,auth-gateway,stage,atlas-orders,PR-6972,REL-2019.10,flag_auth_gateway_regional_launch,100,partial,Samir Rao,latency guard,ATLAS-6104,"Deployment note: verify feature flag, Grafana SLO, PagerDuty status, database health, and support handoff for auth-gateway."
DEP-00203,2019-02-01,cart-service,stage,atlas-observability,PR-6494,REL-2023.4.13,flag_cart_service_payment_retry,100,rolled back,Harper Lee,manual approval,ATLAS-5498,"Deployment note: verify feature flag, Grafana SLO, PagerDuty status, database health, and support handoff for cart-service."
DEP-00204,2019-02-03,tax-service,prod,atlas-checkout,PR-5320,REL-2022.3.0,flag_tax_service_rollback_guard,25,partial,Anika Sharma,support volume guard,ATLAS-1701,"Deployment note: verify feature flag, Grafana SLO, PagerDuty status, database health, and support handoff for tax-service."
DEP-00205,2019-02-02,analytics-pipeline,stage,atlas-data,PR-7009,REL-2020.07,flag_analytics_pipeline_new_write_path,25,rolled back,Priya Nair,latency guard,ATLAS-5618,"Deployment note: verify feature flag, Grafana SLO, PagerDuty status, database health, and support handoff for analytics-pipeline."
DEP-00206,2019-02-05,notification-service,canary,atlas-web,PR-9225,REL-2026.01,flag_notification_service_mobile_session,25,monitoring,Noah Evans,support volume guard,ATLAS-1056,"Deployment note: verify feature flag, Grafana SLO, PagerDuty status, database health, and support handoff for notification-service."
DEP-00207,2019-02-05,search-recommendations,prod,atlas-web,PR-7638,REL-2020.2.13,flag_search_recommendations_regional_launch,100,paused,Luca Moretti,database lag guard,ATLAS-4779,"Deployment note: verify feature flag, Grafana SLO, PagerDuty status, database health, and support handoff for search-recommendations."
DEP-00208,2019-02-08,checkout-api,stage,atlas-payments,PR-7784,REL-2022.11,flag_checkout_api_rollback_guard,100,success,Nora Singh,manual approval,ATLAS-2037,"Deployment note: verify feature flag, Grafana SLO, PagerDuty status, database health, and support handoff for checkout-api."
DEP-00209,2019-02-09,inventory-reservation,canary,atlas-payments,PR-9231,REL-2020.3.5,flag_inventory_reservation_dual_run,100,monitoring,Ravi Patel,error budget guard,ATLAS-2182,"Deployment note: verify feature flag, Grafana SLO, PagerDuty status, database health, and support handoff for inventory-reservation."
DEP-00210,2019-02-09,payment-orchestrator,canary,atlas-orders,PR-5053,REL-2024.2.18,flag_payment_orchestrator_mobile_session,5,monitoring,Harper Lee,error budget guard,ATLAS-4687,"Deployment note: verify feature flag, Grafana SLO, PagerDuty status, database health, and support handoff for payment-orchestrator."
DEP-00211,2019-02-11,notification-service,stage,atlas-infra,PR-7420,REL-2019.04,flag_notification_service_new_write_path,50,paused,Ravi Patel,support volume guard,ATLAS-1963,"Deployment note: verify feature flag, Grafana SLO, PagerDuty status, database health, and support handoff for notification-service."
DEP-00212,2019-02-13,inventory-reservation,stage,atlas-web,PR-7078,REL-2024.2.19,flag_inventory_reservation_mobile_session,50,success,Mateo Garcia,database lag guard,ATLAS-3569,"Deployment note: verify feature flag, Grafana SLO, PagerDuty status, database health, and support handoff for inventory-reservation."
DEP-00213,2019-02-14,cart-service,stage,atlas-infra,PR-8561,REL-2023.2.9,flag_cart_service_rollback_guard,75,partial,Harper Lee,manual approval,ATLAS-1363,"Deployment note: verify feature flag, Grafana SLO, PagerDuty status, database health, and support handoff for cart-service."
DEP-00214,2019-02-15,notification-service,canary,atlas-mobile,PR-8884,REL-2021.3.6,flag_notification_service_regional_launch,5,rolled back,Nora Singh,error budget guard,ATLAS-3605,"Deployment note: verify feature flag, Grafana SLO, PagerDuty status, database health, and support handoff for notification-service."
DEP-00215,2019-02-16,search-recommendations,canary,atlas-payments,PR-5768,REL-2020.4.4,flag_search_recommendations_new_write_path,5,monitoring,Ravi Patel,latency guard,ATLAS-1458,"Deployment note: verify feature flag, Grafana SLO, PagerDuty status, database health, and support handoff for search-recommendations."
DEP-00216,2019-02-18,payment-orchestrator,stage,atlas-observability,PR-12198,REL-2020.2.2,flag_payment_orchestrator_mobile_session,75,paused,Harper Lee,manual approval,ATLAS-5113,"Deployment note: verify feature flag, Grafana SLO, PagerDuty status, database health, and support handoff for payment-orchestrator."
DEP-00217,2019-02-17,inventory-reservation,canary,atlas-orders,PR-6320,REL-2026.2.14,flag_inventory_reservation_dual_run,50,rolled back,Kim Tan,error budget guard,ATLAS-2948,"Deployment note: verify feature flag, Grafana SLO, PagerDuty status, database health, and support handoff for inventory-reservation."
DEP-00218,2019-02-18,loyalty-service,prod,atlas-data,PR-7879,REL-2024.3.0,flag_loyalty_service_mobile_session,10,rolled back,Iris Wang,error budget guard,ATLAS-4362,"Deployment note: verify feature flag, Grafana SLO, PagerDuty status, database health, and support handoff for loyalty-service."
DEP-00219,2019-02-19,search-recommendations,canary,atlas-checkout,PR-12080,REL-2024.01,flag_search_recommendations_dual_run,0,monitoring,Luca Moretti,error budget guard,ATLAS-4107,"Deployment note: verify feature flag, Grafana SLO, PagerDuty status, database health, and support handoff for search-recommendations."
DEP-00220,2019-02-22,auth-gateway,canary,atlas-observability,PR-12114,REL-2026.2.12,flag_auth_gateway_mobile_session,0,partial,Owen Brooks,support volume guard,ATLAS-1028,"Deployment note: verify feature flag, Grafana SLO, PagerDuty status, database health, and support handoff for auth-gateway."
DEP-00221,2019-02-23,notification-service,canary,atlas-observability,PR-8165,REL-2024.4.13,flag_notification_service_regional_launch,0,monitoring,Ben Carter,support volume guard,ATLAS-1758,"Deployment note: verify feature flag, Grafana SLO, PagerDuty status, database health, and support handoff for notification-service."
DEP-00222,2019-02-23,inventory-reservation,stage,atlas-infra,PR-8641,REL-2020.03,flag_inventory_reservation_regional_launch,25,paused,Elena Petrova,error budget guard,ATLAS-2677,"Deployment note: verify feature flag, Grafana SLO, PagerDuty status, database health, and support handoff for inventory-reservation."
DEP-00223,2019-02-24,payment-orchestrator,stage,atlas-checkout,PR-11857,REL-2026.02,flag_payment_orchestrator_rollback_guard,75,partial,Sara Novak,database lag guard,ATLAS-5742,"Deployment note: verify feature flag, Grafana SLO, PagerDuty status, database health, and support handoff for payment-orchestrator."
DEP-00224,2019-02-25,analytics-pipeline,stage,atlas-infra,PR-7490,REL-2021.04,flag_analytics_pipeline_new_write_path,10,monitoring,Ben Carter,error budget guard,ATLAS-1074,"Deployment note: verify feature flag, Grafana SLO, PagerDuty status, database health, and support handoff for analytics-pipeline."
DEP-00225,2019-02-28,pricing-engine,canary,atlas-mobile,PR-8658,REL-2021.1.16,flag_pricing_engine_payment_retry,50,rolled back,Priya Nair,error budget guard,ATLAS-2997,"Deployment note: verify feature flag, Grafana SLO, PagerDuty status, database health, and support handoff for pricing-engine."
DEP-00226,2019-03-01,payment-orchestrator,prod,atlas-mobile,PR-10075,REL-2020.1.11,flag_payment_orchestrator_payment_retry,5,monitoring,Dmitri Volkov,latency guard,ATLAS-5175,"Deployment note: verify feature flag, Grafana SLO, PagerDuty status, database health, and support handoff for payment-orchestrator."
DEP-00227,2019-03-03,order-ledger,stage,atlas-infra,PR-7971,REL-2023.3.16,flag_order_ledger_new_write_path,50,paused,Grace Kim,manual approval,ATLAS-1604,"Deployment note: verify feature flag, Grafana SLO, PagerDuty status, database health, and support handoff for order-ledger."
DEP-00228,2019-03-04,cart-service,stage,atlas-data,PR-8147,REL-2018.3.14,flag_cart_service_regional_launch,75,success,Jon Bell,database lag guard,ATLAS-5259,"Deployment note: verify feature flag, Grafana SLO, PagerDuty status, database health, and support handoff for cart-service."
DEP-00229,2019-03-03,inventory-reservation,stage,atlas-mobile,PR-8947,REL-2025.3.14,flag_inventory_reservation_new_write_path,25,success,Anika Sharma,latency guard,ATLAS-2610,"Deployment note: verify feature flag, Grafana SLO, PagerDuty status, database health, and support handoff for inventory-reservation."
DEP-00230,2019-03-06,search-recommendations,canary,atlas-orders,PR-6306,REL-2025.1.9,flag_search_recommendations_payment_retry,25,monitoring,Ben Carter,latency guard,ATLAS-3826,"Deployment note: verify feature flag, Grafana SLO, PagerDuty status, database health, and support handoff for search-recommendations."
DEP-00231,2019-03-07,search-recommendations,stage,atlas-data,PR-6324,REL-2024.4.10,flag_search_recommendations_rollback_guard,100,paused,Dmitri Volkov,manual approval,ATLAS-4731,"Deployment note: verify feature flag, Grafana SLO, PagerDuty status, database health, and support handoff for search-recommendations."
DEP-00232,2019-03-07,analytics-pipeline,prod,atlas-infra,PR-7116,REL-2019.2.8,flag_analytics_pipeline_dual_run,5,success,Sara Novak,manual approval,ATLAS-1187,"Deployment note: verify feature flag, Grafana SLO, PagerDuty status, database health, and support handoff for analytics-pipeline."
DEP-00233,2019-03-10,loyalty-service,canary,atlas-checkout,PR-7545,REL-2024.3.4,flag_loyalty_service_rollback_guard,10,success,Anika Sharma,manual approval,ATLAS-5852,"Deployment note: verify feature flag, Grafana SLO, PagerDuty status, database health, and support handoff for loyalty-service."
DEP-00234,2019-03-12,payment-orchestrator,prod,atlas-web,PR-9965,REL-2020.04,flag_payment_orchestrator_payment_retry,5,monitoring,Yara Haddad,latency guard,ATLAS-1583,"Deployment note: verify feature flag, Grafana SLO, PagerDuty status, database health, and support handoff for payment-orchestrator."
DEP-00235,2019-03-13,pricing-engine,canary,atlas-orders,PR-9414,REL-2019.2.16,flag_pricing_engine_dual_run,1,rolled back,Victor Silva,latency guard,ATLAS-3604,"Deployment note: verify feature flag, Grafana SLO, PagerDuty status, database health, and support handoff for pricing-engine."
DEP-00236,2019-03-13,pricing-engine,prod,atlas-data,PR-7820,REL-2021.3.10,flag_pricing_engine_rollback_guard,75,monitoring,Priya Nair,database lag guard,ATLAS-4691,"Deployment note: verify feature flag, Grafana SLO, PagerDuty status, database health, and support handoff for pricing-engine."
DEP-00237,2019-03-13,tax-service,prod,atlas-orders,PR-7391,REL-2024.4.18,flag_tax_service_mobile_session,1,success,Noah Evans,latency guard,ATLAS-4596,"Deployment note: verify feature flag, Grafana SLO, PagerDuty status, database health, and support handoff for tax-service."
DEP-00238,2019-03-14,checkout-api,canary,atlas-observability,PR-8069,REL-2024.2.7,flag_checkout_api_regional_launch,25,monitoring,Owen Brooks,latency guard,ATLAS-1645,"Deployment note: verify feature flag, Grafana SLO, PagerDuty status, database health, and support handoff for checkout-api."
DEP-00239,2019-03-18,loyalty-service,prod,atlas-orders,PR-10092,REL-2018.06,flag_loyalty_service_dual_run,5,rolled back,Grace Kim,manual approval,ATLAS-2787,"Deployment note: verify feature flag, Grafana SLO, PagerDuty status, database health, and support handoff for loyalty-service."
DEP-00240,2019-03-17,order-ledger,prod,atlas-web,PR-6870,REL-2025.1.13,flag_order_ledger_payment_retry,25,success,Victor Silva,latency guard,ATLAS-2803,"Deployment note: verify feature flag, Grafana SLO, PagerDuty status, database health, and support handoff for order-ledger."
DEP-00241,2019-03-19,pricing-engine,prod,atlas-web,PR-7573,REL-2023.2.5,flag_pricing_engine_dual_run,25,paused,Anika Sharma,manual approval,ATLAS-5536,"Deployment note: verify feature flag, Grafana SLO, PagerDuty status, database health, and support handoff for pricing-engine."
DEP-00242,2019-03-21,checkout-api,stage,atlas-payments,PR-9484,REL-2023.2.5,flag_checkout_api_dual_run,75,partial,Mateo Garcia,support volume guard,ATLAS-1184,"Deployment note: verify feature flag, Grafana SLO, PagerDuty status, database health, and support handoff for checkout-api."
DEP-00243,2019-03-22,tax-service,stage,atlas-observability,PR-7101,REL-2026.1.16,flag_tax_service_mobile_session,1,success,Victor Silva,latency guard,ATLAS-2489,"Deployment note: verify feature flag, Grafana SLO, PagerDuty status, database health, and support handoff for tax-service."
DEP-00244,2019-03-23,loyalty-service,stage,atlas-infra,PR-6476,REL-2019.03,flag_loyalty_service_mobile_session,1,success,Elena Petrova,latency guard,ATLAS-3233,"Deployment note: verify feature flag, Grafana SLO, PagerDuty status, database health, and support handoff for loyalty-service."
DEP-00245,2019-03-23,loyalty-service,stage,atlas-checkout,PR-7847,REL-2025.4.4,flag_loyalty_service_new_write_path,0,rolled back,Grace Kim,manual approval,ATLAS-2456,"Deployment note: verify feature flag, Grafana SLO, PagerDuty status, database health, and support handoff for loyalty-service."
DEP-00246,2019-03-26,payment-orchestrator,prod,atlas-checkout,PR-9084,REL-2025.2.14,flag_payment_orchestrator_rollback_guard,50,partial,Ben Carter,support volume guard,ATLAS-3220,"Deployment note: verify feature flag, Grafana SLO, PagerDuty status, database health, and support handoff for payment-orchestrator."
DEP-00247,2019-03-27,checkout-api,prod,atlas-infra,PR-7229,REL-2025.3.14,flag_checkout_api_mobile_session,10,rolled back,Victor Silva,support volume guard,ATLAS-2952,"Deployment note: verify feature flag, Grafana SLO, PagerDuty status, database health, and support handoff for checkout-api."
DEP-00248,2019-03-27,auth-gateway,canary,atlas-data,PR-6974,REL-2019.3.5,flag_auth_gateway_payment_retry,75,paused,Dmitri Volkov,latency guard,ATLAS-1989,"Deployment note: verify feature flag, Grafana SLO, PagerDuty status, database health, and support handoff for auth-gateway."
DEP-00249,2019-03-29,auth-gateway,canary,atlas-mobile,PR-8063,REL-2025.4.3,flag_auth_gateway_mobile_session,50,monitoring,Fatima Noor,support volume guard,ATLAS-3532,"Deployment note: verify feature flag, Grafana SLO, PagerDuty status, database health, and support handoff for auth-gateway."
DEP-00250,2019-03-29,search-recommendations,stage,atlas-infra,PR-6998,REL-2021.1.19,flag_search_recommendations_mobile_session,25,monitoring,Aisha Khan,error budget guard,ATLAS-4893,"Deployment note: verify feature flag, Grafana SLO, PagerDuty status, database health, and support handoff for search-recommendations."
DEP-00251,2019-03-30,loyalty-service,canary,atlas-data,PR-6163,REL-2021.4.12,flag_loyalty_service_mobile_session,1,paused,Fatima Noor,error budget guard,ATLAS-4084,"Deployment note: verify feature flag, Grafana SLO, PagerDuty status, database health, and support handoff for loyalty-service."
DEP-00252,2019-03-31,loyalty-service,canary,atlas-payments,PR-5995,REL-2020.09,flag_loyalty_service_regional_launch,0,partial,Elena Petrova,support volume guard,ATLAS-1604,"Deployment note: verify feature flag, Grafana SLO, PagerDuty status, database health, and support handoff for loyalty-service."
DEP-00253,2019-04-02,pricing-engine,stage,atlas-payments,PR-10615,REL-2021.4.12,flag_pricing_engine_regional_launch,75,rolled back,Grace Kim,latency guard,ATLAS-3298,"Deployment note: verify feature flag, Grafana SLO, PagerDuty status, database health, and support handoff for pricing-engine."
DEP-00254,2019-04-05,inventory-reservation,prod,atlas-mobile,PR-11200,REL-2021.1.12,flag_inventory_reservation_dual_run,25,success,Owen Brooks,support volume guard,ATLAS-5817,"Deployment note: verify feature flag, Grafana SLO, PagerDuty status, database health, and support handoff for inventory-reservation."
DEP-00255,2019-04-05,order-ledger,stage,atlas-infra,PR-6874,REL-2026.01,flag_order_ledger_mobile_session,100,paused,Owen Brooks,error budget guard,ATLAS-2116,"Deployment note: verify feature flag, Grafana SLO, PagerDuty status, database health, and support handoff for order-ledger."
DEP-00256,2019-04-05,cart-service,canary,atlas-orders,PR-11957,REL-2021.05,flag_cart_service_mobile_session,1,success,Grace Kim,support volume guard,ATLAS-2398,"Deployment note: verify feature flag, Grafana SLO, PagerDuty status, database health, and support handoff for cart-service."
DEP-00257,2019-04-06,payment-orchestrator,stage,atlas-orders,PR-5476,REL-2021.1.10,flag_payment_orchestrator_rollback_guard,50,monitoring,Ravi Patel,manual approval,ATLAS-3665,"Deployment note: verify feature flag, Grafana SLO, PagerDuty status, database health, and support handoff for payment-orchestrator."
DEP-00258,2019-04-09,inventory-reservation,canary,atlas-observability,PR-8272,REL-2023.4.5,flag_inventory_reservation_new_write_path,100,paused,Maya Chen,latency guard,ATLAS-2067,"Deployment note: verify feature flag, Grafana SLO, PagerDuty status, database health, and support handoff for inventory-reservation."
DEP-00259,2019-04-11,checkout-api,stage,atlas-mobile,PR-7055,REL-2026.1.8,flag_checkout_api_payment_retry,1,partial,Ben Carter,error budget guard,ATLAS-4587,"Deployment note: verify feature flag, Grafana SLO, PagerDuty status, database health, and support handoff for checkout-api."
DEP-00260,2019-04-10,loyalty-service,canary,atlas-orders,PR-9145,REL-2018.12,flag_loyalty_service_dual_run,25,success,Harper Lee,error budget guard,ATLAS-4775,"Deployment note: verify feature flag, Grafana SLO, PagerDuty status, database health, and support handoff for loyalty-service."
DEP-00261,2019-04-12,checkout-api,canary,atlas-orders,PR-8934,REL-2022.08,flag_checkout_api_dual_run,5,rolled back,Ravi Patel,support volume guard,ATLAS-1905,"Deployment note: verify feature flag, Grafana SLO, PagerDuty status, database health, and support handoff for checkout-api."
DEP-00262,2019-04-12,notification-service,prod,atlas-orders,PR-5651,REL-2022.3.8,flag_notification_service_regional_launch,100,success,Dmitri Volkov,support volume guard,ATLAS-2620,"Deployment note: verify feature flag, Grafana SLO, PagerDuty status, database health, and support handoff for notification-service."
DEP-00263,2019-04-16,cart-service,stage,atlas-mobile,PR-9618,REL-2018.4.1,flag_cart_service_regional_launch,75,paused,Luca Moretti,latency guard,ATLAS-4091,"Deployment note: verify feature flag, Grafana SLO, PagerDuty status, database health, and support handoff for cart-service."
DEP-00264,2019-04-15,pricing-engine,canary,atlas-mobile,PR-5564,REL-2018.09,flag_pricing_engine_payment_retry,10,paused,Samir Rao,latency guard,ATLAS-5721,"Deployment note: verify feature flag, Grafana SLO, PagerDuty status, database health, and support handoff for pricing-engine."
DEP-00265,2019-04-16,analytics-pipeline,stage,atlas-data,PR-6787,REL-2023.4.0,flag_analytics_pipeline_payment_retry,1,paused,Nora Singh,latency guard,ATLAS-5600,"Deployment note: verify feature flag, Grafana SLO, PagerDuty status, database health, and support handoff for analytics-pipeline."
DEP-00266,2019-04-17,loyalty-service,stage,atlas-payments,PR-8973,REL-2023.2.9,flag_loyalty_service_rollback_guard,5,partial,Owen Brooks,support volume guard,ATLAS-2865,"Deployment note: verify feature flag, Grafana SLO, PagerDuty status, database health, and support handoff for loyalty-service."
DEP-00267,2019-04-18,notification-service,prod,atlas-data,PR-5159,REL-2021.3.1,flag_notification_service_payment_retry,1,monitoring,Elena Petrova,error budget guard,ATLAS-4871,"Deployment note: verify feature flag, Grafana SLO, PagerDuty status, database health, and support handoff for notification-service."
DEP-00268,2019-04-22,auth-gateway,canary,atlas-observability,PR-7896,REL-2024.4.8,flag_auth_gateway_new_write_path,10,paused,Elena Petrova,support volume guard,ATLAS-3503,"Deployment note: verify feature flag, Grafana SLO, PagerDuty status, database health, and support handoff for auth-gateway."
DEP-00269,2019-04-21,analytics-pipeline,prod,atlas-orders,PR-5108,REL-2020.1.11,flag_analytics_pipeline_rollback_guard,10,monitoring,Dmitri Volkov,manual approval,ATLAS-5535,"Deployment note: verify feature flag, Grafana SLO, PagerDuty status, database health, and support handoff for analytics-pipeline."
DEP-00270,2019-04-24,checkout-api,prod,atlas-infra,PR-5311,REL-2023.1.6,flag_checkout_api_new_write_path,50,partial,Luca Moretti,error budget guard,ATLAS-2375,"Deployment note: verify feature flag, Grafana SLO, PagerDuty status, database health, and support handoff for checkout-api."
DEP-00271,2019-04-23,tax-service,prod,atlas-orders,PR-6278,REL-2024.08,flag_tax_service_rollback_guard,1,partial,Kim Tan,database lag guard,ATLAS-2163,"Deployment note: verify feature flag, Grafana SLO, PagerDuty status, database health, and support handoff for tax-service."
DEP-00272,2019-04-25,checkout-api,stage,atlas-observability,PR-8653,REL-2018.4.12,flag_checkout_api_new_write_path,1,success,Dmitri Volkov,manual approval,ATLAS-3269,"Deployment note: verify feature flag, Grafana SLO, PagerDuty status, database health, and support handoff for checkout-api."
DEP-00273,2019-04-28,cart-service,canary,atlas-web,PR-8939,REL-2024.3.4,flag_cart_service_mobile_session,10,success,Yara Haddad,latency guard,ATLAS-2530,"Deployment note: verify feature flag, Grafana SLO, PagerDuty status, database health, and support handoff for cart-service."
DEP-00274,2019-04-27,inventory-reservation,prod,atlas-payments,PR-9677,REL-2024.4.16,flag_inventory_reservation_dual_run,100,monitoring,Theo Martin,latency guard,ATLAS-5794,"Deployment note: verify feature flag, Grafana SLO, PagerDuty status, database health, and support handoff for inventory-reservation."
DEP-00275,2019-04-29,auth-gateway,stage,atlas-payments,PR-9775,REL-2021.04,flag_auth_gateway_payment_retry,25,success,Luca Moretti,support volume guard,ATLAS-1504,"Deployment note: verify feature flag, Grafana SLO, PagerDuty status, database health, and support handoff for auth-gateway."
DEP-00276,2019-04-29,cart-service,prod,atlas-data,PR-7165,REL-2021.3.18,flag_cart_service_mobile_session,0,success,Owen Brooks,error budget guard,ATLAS-1919,"Deployment note: verify feature flag, Grafana SLO, PagerDuty status, database health, and support handoff for cart-service."
DEP-00277,2019-05-02,checkout-api,canary,atlas-checkout,PR-5370,REL-2021.1.10,flag_checkout_api_new_write_path,10,monitoring,Ravi Patel,error budget guard,ATLAS-4773,"Deployment note: verify feature flag, Grafana SLO, PagerDuty status, database health, and support handoff for checkout-api."
DEP-00278,2019-05-02,inventory-reservation,prod,atlas-orders,PR-6722,REL-2026.01,flag_inventory_reservation_payment_retry,25,monitoring,Ben Carter,manual approval,ATLAS-3407,"Deployment note: verify feature flag, Grafana SLO, PagerDuty status, database health, and support handoff for inventory-reservation."
DEP-00279,2019-05-05,loyalty-service,prod,atlas-payments,PR-9605,REL-2024.2.9,flag_loyalty_service_mobile_session,10,success,Fatima Noor,error budget guard,ATLAS-4864,"Deployment note: verify feature flag, Grafana SLO, PagerDuty status, database health, and support handoff for loyalty-service."
DEP-00280,2019-05-04,order-ledger,stage,atlas-observability,PR-9743,REL-2023.05,flag_order_ledger_new_write_path,0,rolled back,Noah Evans,database lag guard,ATLAS-2178,"Deployment note: verify feature flag, Grafana SLO, PagerDuty status, database health, and support handoff for order-ledger."
DEP-00281,2019-05-06,loyalty-service,prod,atlas-payments,PR-8706,REL-2023.03,flag_loyalty_service_mobile_session,25,success,Luca Moretti,support volume guard,ATLAS-3169,"Deployment note: verify feature flag, Grafana SLO, PagerDuty status, database health, and support handoff for loyalty-service."
DEP-00282,2019-05-07,order-ledger,prod,atlas-orders,PR-7199,REL-2023.06,flag_order_ledger_rollback_guard,5,success,Harper Lee,manual approval,ATLAS-1382,"Deployment note: verify feature flag, Grafana SLO, PagerDuty status, database health, and support handoff for order-ledger."
DEP-00283,2019-05-09,tax-service,stage,atlas-infra,PR-8674,REL-2023.4.2,flag_tax_service_rollback_guard,0,success,Fatima Noor,error budget guard,ATLAS-1018,"Deployment note: verify feature flag, Grafana SLO, PagerDuty status, database health, and support handoff for tax-service."
DEP-00284,2019-05-11,order-ledger,prod,atlas-observability,PR-9026,REL-2023.2.17,flag_order_ledger_rollback_guard,75,monitoring,Priya Nair,support volume guard,ATLAS-4617,"Deployment note: verify feature flag, Grafana SLO, PagerDuty status, database health, and support handoff for order-ledger."
DEP-00285,2019-05-11,checkout-api,stage,atlas-orders,PR-7536,REL-2020.3.12,flag_checkout_api_mobile_session,10,monitoring,Harper Lee,manual approval,ATLAS-4466,"Deployment note: verify feature flag, Grafana SLO, PagerDuty status, database health, and support handoff for checkout-api."
DEP-00286,2019-05-11,auth-gateway,canary,atlas-web,PR-6872,REL-2022.02,flag_auth_gateway_dual_run,75,paused,Yara Haddad,error budget guard,ATLAS-1706,"Deployment note: verify feature flag, Grafana SLO, PagerDuty status, database health, and support handoff for auth-gateway."
DEP-00287,2019-05-14,payment-orchestrator,stage,atlas-checkout,PR-9320,REL-2021.01,flag_payment_orchestrator_dual_run,50,rolled back,Fatima Noor,latency guard,ATLAS-1265,"Deployment note: verify feature flag, Grafana SLO, PagerDuty status, database health, and support handoff for payment-orchestrator."
DEP-00288,2019-05-16,pricing-engine,prod,atlas-data,PR-12116,REL-2024.3.0,flag_pricing_engine_regional_launch,5,paused,Owen Brooks,error budget guard,ATLAS-5433,"Deployment note: verify feature flag, Grafana SLO, PagerDuty status, database health, and support handoff for pricing-engine."
DEP-00289,2019-05-16,analytics-pipeline,prod,atlas-observability,PR-8599,REL-2026.2.6,flag_analytics_pipeline_payment_retry,5,paused,Jon Bell,manual approval,ATLAS-5065,"Deployment note: verify feature flag, Grafana SLO, PagerDuty status, database health, and support handoff for analytics-pipeline."
DEP-00290,2019-05-18,order-ledger,stage,atlas-data,PR-7882,REL-2019.07,flag_order_ledger_rollback_guard,10,success,Fatima Noor,database lag guard,ATLAS-4676,"Deployment note: verify feature flag, Grafana SLO, PagerDuty status, database health, and support handoff for order-ledger."
DEP-00291,2019-05-20,checkout-api,stage,atlas-payments,PR-10850,REL-2026.1.13,flag_checkout_api_regional_launch,100,monitoring,Yara Haddad,error budget guard,ATLAS-5147,"Deployment note: verify feature flag, Grafana SLO, PagerDuty status, database health, and support handoff for checkout-api."
DEP-00292,2019-05-21,tax-service,canary,atlas-data,PR-5729,REL-2019.2.17,flag_tax_service_dual_run,10,partial,Maya Chen,database lag guard,ATLAS-1488,"Deployment note: verify feature flag, Grafana SLO, PagerDuty status, database health, and support handoff for tax-service."
DEP-00293,2019-05-20,inventory-reservation,prod,atlas-infra,PR-6969,REL-2023.01,flag_inventory_reservation_rollback_guard,100,rolled back,Victor Silva,support volume guard,ATLAS-2648,"Deployment note: verify feature flag, Grafana SLO, PagerDuty status, database health, and support handoff for inventory-reservation."
DEP-00294,2019-05-23,order-ledger,prod,atlas-checkout,PR-7824,REL-2019.3.2,flag_order_ledger_dual_run,100,paused,Luca Moretti,support volume guard,ATLAS-3547,"Deployment note: verify feature flag, Grafana SLO, PagerDuty status, database health, and support handoff for order-ledger."
DEP-00295,2019-05-22,notification-service,canary,atlas-web,PR-7567,REL-2018.4.12,flag_notification_service_dual_run,50,rolled back,Theo Martin,manual approval,ATLAS-2378,"Deployment note: verify feature flag, Grafana SLO, PagerDuty status, database health, and support handoff for notification-service."
DEP-00296,2019-05-25,analytics-pipeline,stage,atlas-checkout,PR-5652,REL-2025.09,flag_analytics_pipeline_rollback_guard,10,rolled back,Grace Kim,latency guard,ATLAS-2746,"Deployment note: verify feature flag, Grafana SLO, PagerDuty status, database health, and support handoff for analytics-pipeline."
DEP-00297,2019-05-25,loyalty-service,stage,atlas-web,PR-6163,REL-2024.09,flag_loyalty_service_regional_launch,0,monitoring,Mateo Garcia,manual approval,ATLAS-4733,"Deployment note: verify feature flag, Grafana SLO, PagerDuty status, database health, and support handoff for loyalty-service."
DEP-00298,2019-05-26,payment-orchestrator,stage,atlas-observability,PR-10092,REL-2025.10,flag_payment_orchestrator_mobile_session,10,monitoring,Aisha Khan,latency guard,ATLAS-2011,"Deployment note: verify feature flag, Grafana SLO, PagerDuty status, database health, and support handoff for payment-orchestrator."
DEP-00299,2019-05-29,pricing-engine,prod,atlas-web,PR-10373,REL-2022.4.10,flag_pricing_engine_new_write_path,75,monitoring,Iris Wang,support volume guard,ATLAS-5734,"Deployment note: verify feature flag, Grafana SLO, PagerDuty status, database health, and support handoff for pricing-engine."
DEP-00300,2019-05-29,order-ledger,canary,atlas-orders,PR-8723,REL-2021.1.19,flag_order_ledger_dual_run,10,partial,Jon Bell,error budget guard,ATLAS-4762,"Deployment note: verify feature flag, Grafana SLO, PagerDuty status, database health, and support handoff for order-ledger."
DEP-00301,2019-05-31,notification-service,prod,atlas-observability,PR-8988,REL-2025.4.2,flag_notification_service_dual_run,5,paused,Theo Martin,latency guard,ATLAS-1095,"Deployment note: verify feature flag, Grafana SLO, PagerDuty status, database health, and support handoff for notification-service."
DEP-00302,2019-05-31,checkout-api,stage,atlas-web,PR-7986,REL-2025.3.14,flag_checkout_api_rollback_guard,100,partial,Aisha Khan,latency guard,ATLAS-3066,"Deployment note: verify feature flag, Grafana SLO, PagerDuty status, database health, and support handoff for checkout-api."
DEP-00303,2019-06-01,tax-service,prod,atlas-infra,PR-11408,REL-2025.4.11,flag_tax_service_payment_retry,100,success,Victor Silva,support volume guard,ATLAS-1323,"Deployment note: verify feature flag, Grafana SLO, PagerDuty status, database health, and support handoff for tax-service."
DEP-00304,2019-06-02,notification-service,canary,atlas-orders,PR-7056,REL-2024.06,flag_notification_service_dual_run,50,rolled back,Mateo Garcia,latency guard,ATLAS-3915,"Deployment note: verify feature flag, Grafana SLO, PagerDuty status, database health, and support handoff for notification-service."
DEP-00305,2019-06-04,cart-service,prod,atlas-observability,PR-6935,REL-2022.3.12,flag_cart_service_payment_retry,100,success,Ben Carter,database lag guard,ATLAS-3964,"Deployment note: verify feature flag, Grafana SLO, PagerDuty status, database health, and support handoff for cart-service."
DEP-00306,2019-06-05,cart-service,stage,atlas-payments,PR-12184,REL-2023.1.0,flag_cart_service_rollback_guard,75,paused,Iris Wang,manual approval,ATLAS-3223,"Deployment note: verify feature flag, Grafana SLO, PagerDuty status, database health, and support handoff for cart-service."
DEP-00307,2019-06-06,order-ledger,canary,atlas-payments,PR-7471,REL-2023.1.5,flag_order_ledger_dual_run,25,partial,Aisha Khan,error budget guard,ATLAS-6017,"Deployment note: verify feature flag, Grafana SLO, PagerDuty status, database health, and support handoff for order-ledger."
DEP-00308,2019-06-09,notification-service,stage,atlas-data,PR-9496,REL-2020.1.5,flag_notification_service_dual_run,75,rolled back,Victor Silva,database lag guard,ATLAS-4790,"Deployment note: verify feature flag, Grafana SLO, PagerDuty status, database health, and support handoff for notification-service."
DEP-00309,2019-06-09,checkout-api,stage,atlas-mobile,PR-9522,REL-2019.1.10,flag_checkout_api_mobile_session,10,partial,Grace Kim,error budget guard,ATLAS-5075,"Deployment note: verify feature flag, Grafana SLO, PagerDuty status, database health, and support handoff for checkout-api."
DEP-00310,2019-06-10,order-ledger,canary,atlas-observability,PR-11488,REL-2022.4.10,flag_order_ledger_regional_launch,1,paused,Fatima Noor,database lag guard,ATLAS-6050,"Deployment note: verify feature flag, Grafana SLO, PagerDuty status, database health, and support handoff for order-ledger."
DEP-00311,2019-06-12,checkout-api,prod,atlas-web,PR-7971,REL-2025.1.19,flag_checkout_api_rollback_guard,0,rolled back,Noah Evans,support volume guard,ATLAS-2142,"Deployment note: verify feature flag, Grafana SLO, PagerDuty status, database health, and support handoff for checkout-api."
DEP-00312,2019-06-14,inventory-reservation,prod,atlas-web,PR-8635,REL-2025.3.7,flag_inventory_reservation_regional_launch,1,success,Nora Singh,error budget guard,ATLAS-3273,"Deployment note: verify feature flag, Grafana SLO, PagerDuty status, database health, and support handoff for inventory-reservation."
DEP-00313,2019-06-15,search-recommendations,canary,atlas-data,PR-8785,REL-2018.07,flag_search_recommendations_regional_launch,10,paused,Sara Novak,database lag guard,ATLAS-4380,"Deployment note: verify feature flag, Grafana SLO, PagerDuty status, database health, and support handoff for search-recommendations."
DEP-00314,2019-06-16,cart-service,prod,atlas-observability,PR-6211,REL-2023.3.3,flag_cart_service_dual_run,100,paused,Victor Silva,support volume guard,ATLAS-2898,"Deployment note: verify feature flag, Grafana SLO, PagerDuty status, database health, and support handoff for cart-service."
DEP-00315,2019-06-18,order-ledger,canary,atlas-web,PR-5980,REL-2021.04,flag_order_ledger_dual_run,75,paused,Noah Evans,database lag guard,ATLAS-2090,"Deployment note: verify feature flag, Grafana SLO, PagerDuty status, database health, and support handoff for order-ledger."
DEP-00316,2019-06-19,pricing-engine,canary,atlas-infra,PR-6030,REL-2018.4.18,flag_pricing_engine_mobile_session,0,monitoring,Maya Chen,error budget guard,ATLAS-2413,"Deployment note: verify feature flag, Grafana SLO, PagerDuty status, database health, and support handoff for pricing-engine."
DEP-00317,2019-06-19,auth-gateway,stage,atlas-orders,PR-5650,REL-2023.3.14,flag_auth_gateway_payment_retry,10,monitoring,Ben Carter,manual approval,ATLAS-4052,"Deployment note: verify feature flag, Grafana SLO, PagerDuty status, database health, and support handoff for auth-gateway."
DEP-00318,2019-06-19,auth-gateway,stage,atlas-web,PR-8929,REL-2025.03,flag_auth_gateway_payment_retry,50,paused,Mateo Garcia,support volume guard,ATLAS-1660,"Deployment note: verify feature flag, Grafana SLO, PagerDuty status, database health, and support handoff for auth-gateway."
DEP-00319,2019-06-21,notification-service,stage,atlas-observability,PR-6945,REL-2025.3.7,flag_notification_service_dual_run,100,rolled back,Sara Novak,error budget guard,ATLAS-4973,"Deployment note: verify feature flag, Grafana SLO, PagerDuty status, database health, and support handoff for notification-service."
DEP-00320,2019-06-23,analytics-pipeline,prod,atlas-observability,PR-9018,REL-2024.1.10,flag_analytics_pipeline_regional_launch,75,paused,Priya Nair,latency guard,ATLAS-5805,"Deployment note: verify feature flag, Grafana SLO, PagerDuty status, database health, and support handoff for analytics-pipeline."
DEP-00321,2019-06-24,notification-service,prod,atlas-checkout,PR-6654,REL-2025.07,flag_notification_service_dual_run,50,rolled back,Nora Singh,database lag guard,ATLAS-4028,"Deployment note: verify feature flag, Grafana SLO, PagerDuty status, database health, and support handoff for notification-service."
DEP-00322,2019-06-24,loyalty-service,prod,atlas-observability,PR-10539,REL-2020.11,flag_loyalty_service_regional_launch,100,partial,Dmitri Volkov,latency guard,ATLAS-3942,"Deployment note: verify feature flag, Grafana SLO, PagerDuty status, database health, and support handoff for loyalty-service."
DEP-00323,2019-06-26,payment-orchestrator,stage,atlas-mobile,PR-8897,REL-2022.4.10,flag_payment_orchestrator_payment_retry,75,rolled back,Harper Lee,manual approval,ATLAS-4282,"Deployment note: verify feature flag, Grafana SLO, PagerDuty status, database health, and support handoff for payment-orchestrator."
DEP-00324,2019-06-28,notification-service,canary,atlas-mobile,PR-5083,REL-2022.08,flag_notification_service_dual_run,50,monitoring,Theo Martin,support volume guard,ATLAS-1524,"Deployment note: verify feature flag, Grafana SLO, PagerDuty status, database health, and support handoff for notification-service."
DEP-00325,2019-06-30,search-recommendations,prod,atlas-observability,PR-7913,REL-2020.05,flag_search_recommendations_dual_run,1,partial,Theo Martin,support volume guard,ATLAS-6022,"Deployment note: verify feature flag, Grafana SLO, PagerDuty status, database health, and support handoff for search-recommendations."
DEP-00326,2019-06-30,tax-service,prod,atlas-mobile,PR-8399,REL-2025.4.4,flag_tax_service_new_write_path,25,partial,Mateo Garcia,manual approval,ATLAS-4473,"Deployment note: verify feature flag, Grafana SLO, PagerDuty status, database health, and support handoff for tax-service."
DEP-00327,2019-07-02,inventory-reservation,canary,atlas-observability,PR-7060,REL-2020.04,flag_inventory_reservation_mobile_session,10,monitoring,Sara Novak,latency guard,ATLAS-1185,"Deployment note: verify feature flag, Grafana SLO, PagerDuty status, database health, and support handoff for inventory-reservation."
DEP-00328,2019-07-02,payment-orchestrator,prod,atlas-observability,PR-9146,REL-2022.1.0,flag_payment_orchestrator_mobile_session,10,success,Grace Kim,support volume guard,ATLAS-2881,"Deployment note: verify feature flag, Grafana SLO, PagerDuty status, database health, and support handoff for payment-orchestrator."
DEP-00329,2019-07-05,search-recommendations,stage,atlas-observability,PR-8832,REL-2025.3.14,flag_search_recommendations_regional_launch,10,monitoring,Fatima Noor,database lag guard,ATLAS-3281,"Deployment note: verify feature flag, Grafana SLO, PagerDuty status, database health, and support handoff for search-recommendations."
DEP-00330,2019-07-05,analytics-pipeline,stage,atlas-observability,PR-5450,REL-2023.09,flag_analytics_pipeline_dual_run,0,success,Luca Moretti,support volume guard,ATLAS-4739,"Deployment note: verify feature flag, Grafana SLO, PagerDuty status, database health, and support handoff for analytics-pipeline."
DEP-00331,2019-07-06,analytics-pipeline,stage,atlas-infra,PR-8425,REL-2025.3.5,flag_analytics_pipeline_dual_run,100,paused,Anika Sharma,support volume guard,ATLAS-2657,"Deployment note: verify feature flag, Grafana SLO, PagerDuty status, database health, and support handoff for analytics-pipeline."
DEP-00332,2019-07-06,search-recommendations,canary,atlas-orders,PR-7145,REL-2022.02,flag_search_recommendations_dual_run,5,success,Yara Haddad,manual approval,ATLAS-1131,"Deployment note: verify feature flag, Grafana SLO, PagerDuty status, database health, and support handoff for search-recommendations."
DEP-00333,2019-07-07,notification-service,canary,atlas-data,PR-9929,REL-2021.05,flag_notification_service_rollback_guard,1,success,Priya Nair,database lag guard,ATLAS-4506,"Deployment note: verify feature flag, Grafana SLO, PagerDuty status, database health, and support handoff for notification-service."
DEP-00334,2019-07-11,checkout-api,prod,atlas-observability,PR-6349,REL-2020.07,flag_checkout_api_dual_run,5,rolled back,Kim Tan,latency guard,ATLAS-4596,"Deployment note: verify feature flag, Grafana SLO, PagerDuty status, database health, and support handoff for checkout-api."
DEP-00335,2019-07-11,tax-service,stage,atlas-checkout,PR-9172,REL-2021.04,flag_tax_service_payment_retry,10,partial,Dmitri Volkov,database lag guard,ATLAS-2236,"Deployment note: verify feature flag, Grafana SLO, PagerDuty status, database health, and support handoff for tax-service."
DEP-00336,2019-07-11,order-ledger,prod,atlas-observability,PR-7498,REL-2019.10,flag_order_ledger_payment_retry,10,paused,Aisha Khan,database lag guard,ATLAS-5086,"Deployment note: verify feature flag, Grafana SLO, PagerDuty status, database health, and support handoff for order-ledger."
DEP-00337,2019-07-13,inventory-reservation,stage,atlas-observability,PR-5554,REL-2025.2.12,flag_inventory_reservation_dual_run,0,partial,Harper Lee,latency guard,ATLAS-1213,"Deployment note: verify feature flag, Grafana SLO, PagerDuty status, database health, and support handoff for inventory-reservation."
DEP-00338,2019-07-14,auth-gateway,stage,atlas-web,PR-8728,REL-2022.3.0,flag_auth_gateway_payment_retry,0,partial,Grace Kim,database lag guard,ATLAS-4009,"Deployment note: verify feature flag, Grafana SLO, PagerDuty status, database health, and support handoff for auth-gateway."
DEP-00339,2019-07-16,tax-service,prod,atlas-web,PR-12198,REL-2026.1.11,flag_tax_service_new_write_path,50,monitoring,Aisha Khan,manual approval,ATLAS-4180,"Deployment note: verify feature flag, Grafana SLO, PagerDuty status, database health, and support handoff for tax-service."
DEP-00340,2019-07-16,inventory-reservation,prod,atlas-orders,PR-6611,REL-2025.11,flag_inventory_reservation_rollback_guard,0,monitoring,Iris Wang,manual approval,ATLAS-4178,"Deployment note: verify feature flag, Grafana SLO, PagerDuty status, database health, and support handoff for inventory-reservation."
DEP-00341,2019-07-19,payment-orchestrator,canary,atlas-checkout,PR-5265,REL-2021.2.4,flag_payment_orchestrator_dual_run,0,partial,Jon Bell,database lag guard,ATLAS-1956,"Deployment note: verify feature flag, Grafana SLO, PagerDuty status, database health, and support handoff for payment-orchestrator."
DEP-00342,2019-07-20,notification-service,stage,atlas-data,PR-12430,REL-2018.4.16,flag_notification_service_dual_run,1,monitoring,Luca Moretti,manual approval,ATLAS-4187,"Deployment note: verify feature flag, Grafana SLO, PagerDuty status, database health, and support handoff for notification-service."
DEP-00343,2019-07-21,cart-service,canary,atlas-orders,PR-6126,REL-2025.3.10,flag_cart_service_rollback_guard,10,rolled back,Theo Martin,database lag guard,ATLAS-4877,"Deployment note: verify feature flag, Grafana SLO, PagerDuty status, database health, and support handoff for cart-service."
DEP-00344,2019-07-23,cart-service,canary,atlas-data,PR-12183,REL-2022.1.15,flag_cart_service_regional_launch,0,rolled back,Theo Martin,manual approval,ATLAS-1658,"Deployment note: verify feature flag, Grafana SLO, PagerDuty status, database health, and support handoff for cart-service."
DEP-00345,2019-07-22,inventory-reservation,stage,atlas-infra,PR-5302,REL-2023.4.0,flag_inventory_reservation_dual_run,5,success,Mateo Garcia,error budget guard,ATLAS-1509,"Deployment note: verify feature flag, Grafana SLO, PagerDuty status, database health, and support handoff for inventory-reservation."
DEP-00346,2019-07-24,checkout-api,prod,atlas-checkout,PR-9437,REL-2022.4.10,flag_checkout_api_mobile_session,100,paused,Harper Lee,latency guard,ATLAS-1231,"Deployment note: verify feature flag, Grafana SLO, PagerDuty status, database health, and support handoff for checkout-api."
DEP-00347,2019-07-24,auth-gateway,canary,atlas-orders,PR-7139,REL-2024.3.11,flag_auth_gateway_dual_run,10,success,Ravi Patel,latency guard,ATLAS-2454,"Deployment note: verify feature flag, Grafana SLO, PagerDuty status, database health, and support handoff for auth-gateway."
DEP-00348,2019-07-27,checkout-api,stage,atlas-observability,PR-8290,REL-2026.1.5,flag_checkout_api_mobile_session,100,paused,Elena Petrova,latency guard,ATLAS-3341,"Deployment note: verify feature flag, Grafana SLO, PagerDuty status, database health, and support handoff for checkout-api."
DEP-00349,2019-07-28,checkout-api,stage,atlas-orders,PR-5888,REL-2023.2.15,flag_checkout_api_regional_launch,10,partial,Samir Rao,error budget guard,ATLAS-1680,"Deployment note: verify feature flag, Grafana SLO, PagerDuty status, database health, and support handoff for checkout-api."
DEP-00350,2019-07-30,payment-orchestrator,canary,atlas-data,PR-9485,REL-2020.3.12,flag_payment_orchestrator_rollback_guard,50,monitoring,Maya Chen,latency guard,ATLAS-1629,"Deployment note: verify feature flag, Grafana SLO, PagerDuty status, database health, and support handoff for payment-orchestrator."
DEP-00351,2019-07-29,payment-orchestrator,prod,atlas-orders,PR-8831,REL-2022.03,flag_payment_orchestrator_new_write_path,25,partial,Elena Petrova,support volume guard,ATLAS-1311,"Deployment note: verify feature flag, Grafana SLO, PagerDuty status, database health, and support handoff for payment-orchestrator."
DEP-00352,2019-07-30,order-ledger,prod,atlas-data,PR-12523,REL-2024.4.8,flag_order_ledger_mobile_session,1,partial,Dmitri Volkov,support volume guard,ATLAS-4297,"Deployment note: verify feature flag, Grafana SLO, PagerDuty status, database health, and support handoff for order-ledger."
DEP-00353,2019-08-01,notification-service,canary,atlas-orders,PR-8571,REL-2019.1.4,flag_notification_service_new_write_path,10,rolled back,Luca Moretti,manual approval,ATLAS-4891,"Deployment note: verify feature flag, Grafana SLO, PagerDuty status, database health, and support handoff for notification-service."
DEP-00354,2019-08-04,order-ledger,prod,atlas-observability,PR-9068,REL-2018.09,flag_order_ledger_dual_run,100,partial,Anika Sharma,error budget guard,ATLAS-5792,"Deployment note: verify feature flag, Grafana SLO, PagerDuty status, database health, and support handoff for order-ledger."
DEP-00355,2019-08-04,checkout-api,prod,atlas-payments,PR-5554,REL-2022.1.3,flag_checkout_api_mobile_session,0,success,Elena Petrova,latency guard,ATLAS-3490,"Deployment note: verify feature flag, Grafana SLO, PagerDuty status, database health, and support handoff for checkout-api."
DEP-00356,2019-08-06,search-recommendations,stage,atlas-orders,PR-6307,REL-2019.01,flag_search_recommendations_mobile_session,75,paused,Luca Moretti,latency guard,ATLAS-1960,"Deployment note: verify feature flag, Grafana SLO, PagerDuty status, database health, and support handoff for search-recommendations."
DEP-00357,2019-08-07,notification-service,prod,atlas-data,PR-11852,REL-2020.2.8,flag_notification_service_dual_run,10,paused,Mateo Garcia,support volume guard,ATLAS-1747,"Deployment note: verify feature flag, Grafana SLO, PagerDuty status, database health, and support handoff for notification-service."
DEP-00358,2019-08-07,inventory-reservation,prod,atlas-data,PR-7046,REL-2020.4.2,flag_inventory_reservation_dual_run,10,monitoring,Nora Singh,error budget guard,ATLAS-1084,"Deployment note: verify feature flag, Grafana SLO, PagerDuty status, database health, and support handoff for inventory-reservation."
DEP-00359,2019-08-08,auth-gateway,canary,atlas-mobile,PR-11558,REL-2026.2.14,flag_auth_gateway_mobile_session,75,partial,Elena Petrova,latency guard,ATLAS-2827,"Deployment note: verify feature flag, Grafana SLO, PagerDuty status, database health, and support handoff for auth-gateway."
DEP-00360,2019-08-11,notification-service,prod,atlas-checkout,PR-6524,REL-2025.4.8,flag_notification_service_mobile_session,5,monitoring,Maya Chen,manual approval,ATLAS-4392,"Deployment note: verify feature flag, Grafana SLO, PagerDuty status, database health, and support handoff for notification-service."
DEP-00361,2019-08-10,checkout-api,prod,atlas-mobile,PR-6855,REL-2026.1.1,flag_checkout_api_payment_retry,1,partial,Sara Novak,database lag guard,ATLAS-3267,"Deployment note: verify feature flag, Grafana SLO, PagerDuty status, database health, and support handoff for checkout-api."
DEP-00362,2019-08-12,tax-service,stage,atlas-web,PR-9031,REL-2021.1.4,flag_tax_service_new_write_path,10,paused,Owen Brooks,error budget guard,ATLAS-1778,"Deployment note: verify feature flag, Grafana SLO, PagerDuty status, database health, and support handoff for tax-service."
DEP-00363,2019-08-15,analytics-pipeline,prod,atlas-mobile,PR-7118,REL-2018.07,flag_analytics_pipeline_rollback_guard,1,success,Noah Evans,error budget guard,ATLAS-3281,"Deployment note: verify feature flag, Grafana SLO, PagerDuty status, database health, and support handoff for analytics-pipeline."
DEP-00364,2019-08-14,cart-service,canary,atlas-observability,PR-10550,REL-2024.04,flag_cart_service_mobile_session,25,rolled back,Anika Sharma,support volume guard,ATLAS-2270,"Deployment note: verify feature flag, Grafana SLO, PagerDuty status, database health, and support handoff for cart-service."
DEP-00365,2019-08-15,analytics-pipeline,prod,atlas-data,PR-7320,REL-2022.03,flag_analytics_pipeline_payment_retry,10,paused,Ben Carter,latency guard,ATLAS-2887,"Deployment note: verify feature flag, Grafana SLO, PagerDuty status, database health, and support handoff for analytics-pipeline."
DEP-00366,2019-08-16,search-recommendations,canary,atlas-observability,PR-9115,REL-2025.2.17,flag_search_recommendations_rollback_guard,75,success,Kim Tan,support volume guard,ATLAS-2886,"Deployment note: verify feature flag, Grafana SLO, PagerDuty status, database health, and support handoff for search-recommendations."
DEP-00367,2019-08-18,order-ledger,canary,atlas-mobile,PR-5458,REL-2024.4.14,flag_order_ledger_payment_retry,1,paused,Victor Silva,support volume guard,ATLAS-2133,"Deployment note: verify feature flag, Grafana SLO, PagerDuty status, database health, and support handoff for order-ledger."
DEP-00368,2019-08-19,loyalty-service,prod,atlas-web,PR-11942,REL-2020.4.12,flag_loyalty_service_mobile_session,0,paused,Grace Kim,database lag guard,ATLAS-4867,"Deployment note: verify feature flag, Grafana SLO, PagerDuty status, database health, and support handoff for loyalty-service."
DEP-00369,2019-08-22,analytics-pipeline,stage,atlas-observability,PR-9274,REL-2021.4.15,flag_analytics_pipeline_new_write_path,5,rolled back,Ravi Patel,support volume guard,ATLAS-2853,"Deployment note: verify feature flag, Grafana SLO, PagerDuty status, database health, and support handoff for analytics-pipeline."
DEP-00370,2019-08-22,loyalty-service,canary,atlas-payments,PR-7915,REL-2023.2.15,flag_loyalty_service_dual_run,5,success,Dmitri Volkov,database lag guard,ATLAS-4867,"Deployment note: verify feature flag, Grafana SLO, PagerDuty status, database health, and support handoff for loyalty-service."
DEP-00371,2019-08-24,loyalty-service,prod,atlas-orders,PR-6137,REL-2021.4.15,flag_loyalty_service_mobile_session,5,partial,Ben Carter,error budget guard,ATLAS-4654,"Deployment note: verify feature flag, Grafana SLO, PagerDuty status, database health, and support handoff for loyalty-service."
DEP-00372,2019-08-26,search-recommendations,prod,atlas-orders,PR-8613,REL-2026.2.0,flag_search_recommendations_mobile_session,100,success,Jon Bell,support volume guard,ATLAS-5099,"Deployment note: verify feature flag, Grafana SLO, PagerDuty status, database health, and support handoff for search-recommendations."
DEP-00373,2019-08-26,cart-service,stage,atlas-mobile,PR-5265,REL-2018.07,flag_cart_service_payment_retry,75,partial,Priya Nair,error budget guard,ATLAS-4145,"Deployment note: verify feature flag, Grafana SLO, PagerDuty status, database health, and support handoff for cart-service."
DEP-00374,2019-08-26,pricing-engine,stage,atlas-orders,PR-7735,REL-2026.2.11,flag_pricing_engine_rollback_guard,75,success,Ben Carter,manual approval,ATLAS-4727,"Deployment note: verify feature flag, Grafana SLO, PagerDuty status, database health, and support handoff for pricing-engine."
DEP-00375,2019-08-29,pricing-engine,canary,atlas-checkout,PR-8172,REL-2020.2.18,flag_pricing_engine_new_write_path,0,success,Victor Silva,error budget guard,ATLAS-4264,"Deployment note: verify feature flag, Grafana SLO, PagerDuty status, database health, and support handoff for pricing-engine."
DEP-00376,2019-08-29,tax-service,canary,atlas-observability,PR-6468,REL-2023.03,flag_tax_service_dual_run,10,monitoring,Mateo Garcia,support volume guard,ATLAS-5742,"Deployment note: verify feature flag, Grafana SLO, PagerDuty status, database health, and support handoff for tax-service."
DEP-00377,2019-08-30,cart-service,stage,atlas-checkout,PR-6911,REL-2023.1.15,flag_cart_service_rollback_guard,5,rolled back,Aisha Khan,manual approval,ATLAS-4785,"Deployment note: verify feature flag, Grafana SLO, PagerDuty status, database health, and support handoff for cart-service."
DEP-00378,2019-09-01,notification-service,prod,atlas-checkout,PR-7818,REL-2025.4.3,flag_notification_service_rollback_guard,50,monitoring,Mateo Garcia,support volume guard,ATLAS-2335,"Deployment note: verify feature flag, Grafana SLO, PagerDuty status, database health, and support handoff for notification-service."
DEP-00379,2019-09-03,pricing-engine,canary,atlas-observability,PR-8774,REL-2020.4.15,flag_pricing_engine_regional_launch,25,monitoring,Nora Singh,database lag guard,ATLAS-4820,"Deployment note: verify feature flag, Grafana SLO, PagerDuty status, database health, and support handoff for pricing-engine."
DEP-00380,2019-09-03,order-ledger,stage,atlas-payments,PR-9694,REL-2021.06,flag_order_ledger_mobile_session,1,success,Harper Lee,error budget guard,ATLAS-4044,"Deployment note: verify feature flag, Grafana SLO, PagerDuty status, database health, and support handoff for order-ledger."
DEP-00381,2019-09-04,order-ledger,prod,atlas-checkout,PR-6010,REL-2021.11,flag_order_ledger_new_write_path,50,monitoring,Anika Sharma,database lag guard,ATLAS-6006,"Deployment note: verify feature flag, Grafana SLO, PagerDuty status, database health, and support handoff for order-ledger."
DEP-00382,2019-09-07,cart-service,canary,atlas-checkout,PR-9358,REL-2024.1.11,flag_cart_service_payment_retry,5,paused,Sara Novak,support volume guard,ATLAS-1827,"Deployment note: verify feature flag, Grafana SLO, PagerDuty status, database health, and support handoff for cart-service."
DEP-00383,2019-09-07,order-ledger,prod,atlas-mobile,PR-6520,REL-2026.1.13,flag_order_ledger_dual_run,10,partial,Anika Sharma,database lag guard,ATLAS-5571,"Deployment note: verify feature flag, Grafana SLO, PagerDuty status, database health, and support handoff for order-ledger."
DEP-00384,2019-09-08,pricing-engine,stage,atlas-data,PR-9684,REL-2025.1.13,flag_pricing_engine_dual_run,10,rolled back,Yara Haddad,latency guard,ATLAS-4070,"Deployment note: verify feature flag, Grafana SLO, PagerDuty status, database health, and support handoff for pricing-engine."
DEP-00385,2019-09-09,pricing-engine,stage,atlas-infra,PR-6535,REL-2019.03,flag_pricing_engine_payment_retry,1,rolled back,Aisha Khan,database lag guard,ATLAS-1694,"Deployment note: verify feature flag, Grafana SLO, PagerDuty status, database health, and support handoff for pricing-engine."
DEP-00386,2019-09-12,order-ledger,stage,atlas-payments,PR-6101,REL-2019.1.10,flag_order_ledger_payment_retry,100,success,Harper Lee,database lag guard,ATLAS-1614,"Deployment note: verify feature flag, Grafana SLO, PagerDuty status, database health, and support handoff for order-ledger."
DEP-00387,2019-09-13,inventory-reservation,canary,atlas-web,PR-10023,REL-2023.1.0,flag_inventory_reservation_new_write_path,100,rolled back,Yara Haddad,database lag guard,ATLAS-5551,"Deployment note: verify feature flag, Grafana SLO, PagerDuty status, database health, and support handoff for inventory-reservation."
DEP-00388,2019-09-12,payment-orchestrator,prod,atlas-infra,PR-11101,REL-2024.3.4,flag_payment_orchestrator_rollback_guard,75,paused,Victor Silva,manual approval,ATLAS-3357,"Deployment note: verify feature flag, Grafana SLO, PagerDuty status, database health, and support handoff for payment-orchestrator."
DEP-00389,2019-09-15,pricing-engine,prod,atlas-observability,PR-8315,REL-2018.11,flag_pricing_engine_dual_run,100,partial,Elena Petrova,error budget guard,ATLAS-5238,"Deployment note: verify feature flag, Grafana SLO, PagerDuty status, database health, and support handoff for pricing-engine."
DEP-00390,2019-09-15,search-recommendations,prod,atlas-payments,PR-7856,REL-2018.06,flag_search_recommendations_dual_run,50,rolled back,Yara Haddad,latency guard,ATLAS-1535,"Deployment note: verify feature flag, Grafana SLO, PagerDuty status, database health, and support handoff for search-recommendations."
DEP-00391,2019-09-18,auth-gateway,prod,atlas-web,PR-8213,REL-2025.08,flag_auth_gateway_mobile_session,75,partial,Owen Brooks,support volume guard,ATLAS-4002,"Deployment note: verify feature flag, Grafana SLO, PagerDuty status, database health, and support handoff for auth-gateway."
DEP-00392,2019-09-17,search-recommendations,canary,atlas-infra,PR-5263,REL-2023.1.5,flag_search_recommendations_mobile_session,10,paused,Nora Singh,database lag guard,ATLAS-3503,"Deployment note: verify feature flag, Grafana SLO, PagerDuty status, database health, and support handoff for search-recommendations."
DEP-00393,2019-09-19,pricing-engine,prod,atlas-payments,PR-5026,REL-2023.1.3,flag_pricing_engine_regional_launch,100,monitoring,Dmitri Volkov,error budget guard,ATLAS-5134,"Deployment note: verify feature flag, Grafana SLO, PagerDuty status, database health, and support handoff for pricing-engine."
DEP-00394,2019-09-19,order-ledger,canary,atlas-data,PR-8088,REL-2024.07,flag_order_ledger_dual_run,50,partial,Victor Silva,manual approval,ATLAS-1549,"Deployment note: verify feature flag, Grafana SLO, PagerDuty status, database health, and support handoff for order-ledger."
DEP-00395,2019-09-21,loyalty-service,prod,atlas-data,PR-11428,REL-2018.07,flag_loyalty_service_payment_retry,25,success,Elena Petrova,manual approval,ATLAS-4443,"Deployment note: verify feature flag, Grafana SLO, PagerDuty status, database health, and support handoff for loyalty-service."
DEP-00396,2019-09-24,auth-gateway,canary,atlas-web,PR-7210,REL-2020.1.4,flag_auth_gateway_mobile_session,5,rolled back,Priya Nair,latency guard,ATLAS-5974,"Deployment note: verify feature flag, Grafana SLO, PagerDuty status, database health, and support handoff for auth-gateway."
DEP-00397,2019-09-23,order-ledger,stage,atlas-infra,PR-7463,REL-2026.05,flag_order_ledger_rollback_guard,50,rolled back,Victor Silva,database lag guard,ATLAS-4329,"Deployment note: verify feature flag, Grafana SLO, PagerDuty status, database health, and support handoff for order-ledger."
DEP-00398,2019-09-24,notification-service,stage,atlas-checkout,PR-7950,REL-2025.3.8,flag_notification_service_new_write_path,10,success,Sara Novak,support volume guard,ATLAS-5460,"Deployment note: verify feature flag, Grafana SLO, PagerDuty status, database health, and support handoff for notification-service."
DEP-00399,2019-09-25,checkout-api,canary,atlas-infra,PR-10025,REL-2020.4.5,flag_checkout_api_payment_retry,1,success,Theo Martin,error budget guard,ATLAS-3777,"Deployment note: verify feature flag, Grafana SLO, PagerDuty status, database health, and support handoff for checkout-api."
DEP-00400,2019-09-28,cart-service,prod,atlas-web,PR-8294,REL-2023.3.3,flag_cart_service_rollback_guard,100,paused,Victor Silva,latency guard,ATLAS-2597,"Deployment note: verify feature flag, Grafana SLO, PagerDuty status, database health, and support handoff for cart-service."
DEP-00401,2019-09-30,notification-service,stage,atlas-checkout,PR-9569,REL-2026.1.16,flag_notification_service_dual_run,5,success,Yara Haddad,error budget guard,ATLAS-1345,"Deployment note: verify feature flag, Grafana SLO, PagerDuty status, database health, and support handoff for notification-service."
DEP-00402,2019-10-01,payment-orchestrator,prod,atlas-orders,PR-7833,REL-2024.1.5,flag_payment_orchestrator_rollback_guard,5,paused,Mateo Garcia,support volume guard,ATLAS-2008,"Deployment note: verify feature flag, Grafana SLO, PagerDuty status, database health, and support handoff for payment-orchestrator."
DEP-00403,2019-09-30,payment-orchestrator,stage,atlas-web,PR-11601,REL-2018.4.1,flag_payment_orchestrator_payment_retry,75,success,Maya Chen,database lag guard,ATLAS-2090,"Deployment note: verify feature flag, Grafana SLO, PagerDuty status, database health, and support handoff for payment-orchestrator."
DEP-00404,2019-10-02,order-ledger,canary,atlas-data,PR-7538,REL-2023.3.16,flag_order_ledger_mobile_session,25,partial,Kim Tan,support volume guard,ATLAS-1077,"Deployment note: verify feature flag, Grafana SLO, PagerDuty status, database health, and support handoff for order-ledger."
DEP-00405,2019-10-04,auth-gateway,canary,atlas-infra,PR-7391,REL-2020.3.0,flag_auth_gateway_regional_launch,75,success,Aisha Khan,error budget guard,ATLAS-1083,"Deployment note: verify feature flag, Grafana SLO, PagerDuty status, database health, and support handoff for auth-gateway."
DEP-00406,2019-10-05,inventory-reservation,stage,atlas-mobile,PR-5240,REL-2024.4.16,flag_inventory_reservation_mobile_session,1,success,Mateo Garcia,manual approval,ATLAS-3341,"Deployment note: verify feature flag, Grafana SLO, PagerDuty status, database health, and support handoff for inventory-reservation."
DEP-00407,2019-10-06,tax-service,stage,atlas-data,PR-7428,REL-2019.1.10,flag_tax_service_mobile_session,0,success,Theo Martin,manual approval,ATLAS-1768,"Deployment note: verify feature flag, Grafana SLO, PagerDuty status, database health, and support handoff for tax-service."
DEP-00408,2019-10-06,notification-service,canary,atlas-payments,PR-6924,REL-2025.01,flag_notification_service_dual_run,100,paused,Samir Rao,error budget guard,ATLAS-4916,"Deployment note: verify feature flag, Grafana SLO, PagerDuty status, database health, and support handoff for notification-service."
DEP-00409,2019-10-07,search-recommendations,stage,atlas-observability,PR-10849,REL-2018.12,flag_search_recommendations_mobile_session,75,paused,Victor Silva,database lag guard,ATLAS-1025,"Deployment note: verify feature flag, Grafana SLO, PagerDuty status, database health, and support handoff for search-recommendations."
DEP-00410,2019-10-11,order-ledger,canary,atlas-mobile,PR-5448,REL-2019.11,flag_order_ledger_regional_launch,0,rolled back,Harper Lee,latency guard,ATLAS-2549,"Deployment note: verify feature flag, Grafana SLO, PagerDuty status, database health, and support handoff for order-ledger."
DEP-00411,2019-10-11,loyalty-service,prod,atlas-payments,PR-11408,REL-2023.09,flag_loyalty_service_rollback_guard,75,success,Anika Sharma,error budget guard,ATLAS-4653,"Deployment note: verify feature flag, Grafana SLO, PagerDuty status, database health, and support handoff for loyalty-service."
DEP-00412,2019-10-13,tax-service,canary,atlas-checkout,PR-9074,REL-2022.3.8,flag_tax_service_mobile_session,1,rolled back,Theo Martin,database lag guard,ATLAS-2639,"Deployment note: verify feature flag, Grafana SLO, PagerDuty status, database health, and support handoff for tax-service."
DEP-00413,2019-10-13,tax-service,canary,atlas-payments,PR-12388,REL-2018.3.14,flag_tax_service_mobile_session,25,rolled back,Iris Wang,latency guard,ATLAS-5762,"Deployment note: verify feature flag, Grafana SLO, PagerDuty status, database health, and support handoff for tax-service."
DEP-00414,2019-10-13,search-recommendations,stage,atlas-data,PR-5036,REL-2021.4.17,flag_search_recommendations_rollback_guard,25,success,Elena Petrova,support volume guard,ATLAS-6146,"Deployment note: verify feature flag, Grafana SLO, PagerDuty status, database health, and support handoff for search-recommendations."
DEP-00415,2019-10-15,cart-service,stage,atlas-orders,PR-8763,REL-2021.1.12,flag_cart_service_dual_run,25,rolled back,Jon Bell,error budget guard,ATLAS-1871,"Deployment note: verify feature flag, Grafana SLO, PagerDuty status, database health, and support handoff for cart-service."
DEP-00416,2019-10-16,notification-service,prod,atlas-checkout,PR-7396,REL-2023.12,flag_notification_service_regional_launch,10,monitoring,Mateo Garcia,error budget guard,ATLAS-1404,"Deployment note: verify feature flag, Grafana SLO, PagerDuty status, database health, and support handoff for notification-service."
DEP-00417,2019-10-18,tax-service,stage,atlas-infra,PR-6101,REL-2019.2.0,flag_tax_service_rollback_guard,100,partial,Victor Silva,support volume guard,ATLAS-3392,"Deployment note: verify feature flag, Grafana SLO, PagerDuty status, database health, and support handoff for tax-service."
DEP-00418,2019-10-18,pricing-engine,prod,atlas-payments,PR-11262,REL-2026.1.16,flag_pricing_engine_payment_retry,50,partial,Elena Petrova,support volume guard,ATLAS-1649,"Deployment note: verify feature flag, Grafana SLO, PagerDuty status, database health, and support handoff for pricing-engine."
DEP-00419,2019-10-20,order-ledger,prod,atlas-mobile,PR-6835,REL-2022.2.9,flag_order_ledger_rollback_guard,0,monitoring,Harper Lee,error budget guard,ATLAS-3513,"Deployment note: verify feature flag, Grafana SLO, PagerDuty status, database health, and support handoff for order-ledger."
DEP-00420,2019-10-21,auth-gateway,prod,atlas-web,PR-9625,REL-2022.2.14,flag_auth_gateway_mobile_session,50,success,Elena Petrova,latency guard,ATLAS-2283,"Deployment note: verify feature flag, Grafana SLO, PagerDuty status, database health, and support handoff for auth-gateway."
DEP-00421,2019-10-22,analytics-pipeline,prod,atlas-data,PR-9672,REL-2018.2.19,flag_analytics_pipeline_dual_run,0,monitoring,Nora Singh,support volume guard,ATLAS-5640,"Deployment note: verify feature flag, Grafana SLO, PagerDuty status, database health, and support handoff for analytics-pipeline."
DEP-00422,2019-10-24,search-recommendations,stage,atlas-infra,PR-6255,REL-2018.3.5,flag_search_recommendations_mobile_session,5,paused,Anika Sharma,manual approval,ATLAS-1145,"Deployment note: verify feature flag, Grafana SLO, PagerDuty status, database health, and support handoff for search-recommendations."
DEP-00423,2019-10-25,order-ledger,canary,atlas-mobile,PR-6643,REL-2018.06,flag_order_ledger_regional_launch,0,monitoring,Grace Kim,database lag guard,ATLAS-5390,"Deployment note: verify feature flag, Grafana SLO, PagerDuty status, database health, and support handoff for order-ledger."
DEP-00424,2019-10-26,loyalty-service,prod,atlas-observability,PR-9511,REL-2024.3.11,flag_loyalty_service_mobile_session,5,rolled back,Nora Singh,support volume guard,ATLAS-5952,"Deployment note: verify feature flag, Grafana SLO, PagerDuty status, database health, and support handoff for loyalty-service."
DEP-00425,2019-10-29,checkout-api,canary,atlas-observability,PR-9357,REL-2025.2.12,flag_checkout_api_mobile_session,0,paused,Ravi Patel,latency guard,ATLAS-3991,"Deployment note: verify feature flag, Grafana SLO, PagerDuty status, database health, and support handoff for checkout-api."
DEP-00426,2019-10-29,cart-service,canary,atlas-observability,PR-11596,REL-2023.2.17,flag_cart_service_payment_retry,5,success,Aisha Khan,error budget guard,ATLAS-2675,"Deployment note: verify feature flag, Grafana SLO, PagerDuty status, database health, and support handoff for cart-service."
DEP-00427,2019-10-31,notification-service,stage,atlas-infra,PR-7002,REL-2022.1.5,flag_notification_service_payment_retry,5,partial,Mateo Garcia,manual approval,ATLAS-4948,"Deployment note: verify feature flag, Grafana SLO, PagerDuty status, database health, and support handoff for notification-service."
DEP-00428,2019-11-01,checkout-api,stage,atlas-data,PR-9012,REL-2018.06,flag_checkout_api_rollback_guard,5,partial,Ravi Patel,database lag guard,ATLAS-1308,"Deployment note: verify feature flag, Grafana SLO, PagerDuty status, database health, and support handoff for checkout-api."
DEP-00429,2019-11-02,checkout-api,stage,atlas-orders,PR-9094,REL-2021.4.17,flag_checkout_api_payment_retry,50,rolled back,Dmitri Volkov,database lag guard,ATLAS-5323,"Deployment note: verify feature flag, Grafana SLO, PagerDuty status, database health, and support handoff for checkout-api."
DEP-00430,2019-11-04,payment-orchestrator,prod,atlas-checkout,PR-9849,REL-2024.1.2,flag_payment_orchestrator_payment_retry,1,success,Iris Wang,latency guard,ATLAS-4053,"Deployment note: verify feature flag, Grafana SLO, PagerDuty status, database health, and support handoff for payment-orchestrator."
DEP-00431,2019-11-04,analytics-pipeline,stage,atlas-mobile,PR-5232,REL-2019.1.9,flag_analytics_pipeline_new_write_path,100,rolled back,Noah Evans,latency guard,ATLAS-4876,"Deployment note: verify feature flag, Grafana SLO, PagerDuty status, database health, and support handoff for analytics-pipeline."
DEP-00432,2019-11-05,auth-gateway,prod,atlas-infra,PR-11342,REL-2021.04,flag_auth_gateway_dual_run,5,partial,Nora Singh,latency guard,ATLAS-2194,"Deployment note: verify feature flag, Grafana SLO, PagerDuty status, database health, and support handoff for auth-gateway."
DEP-00433,2019-11-06,inventory-reservation,canary,atlas-orders,PR-5527,REL-2021.3.1,flag_inventory_reservation_dual_run,100,success,Maya Chen,latency guard,ATLAS-4155,"Deployment note: verify feature flag, Grafana SLO, PagerDuty status, database health, and support handoff for inventory-reservation."
DEP-00434,2019-11-09,loyalty-service,canary,atlas-checkout,PR-7441,REL-2021.09,flag_loyalty_service_regional_launch,25,partial,Priya Nair,latency guard,ATLAS-1156,"Deployment note: verify feature flag, Grafana SLO, PagerDuty status, database health, and support handoff for loyalty-service."
DEP-00435,2019-11-09,analytics-pipeline,stage,atlas-web,PR-7403,REL-2023.4.9,flag_analytics_pipeline_rollback_guard,10,success,Kim Tan,error budget guard,ATLAS-1294,"Deployment note: verify feature flag, Grafana SLO, PagerDuty status, database health, and support handoff for analytics-pipeline."
DEP-00436,2019-11-11,pricing-engine,stage,atlas-data,PR-5743,REL-2022.3.16,flag_pricing_engine_mobile_session,25,rolled back,Dmitri Volkov,error budget guard,ATLAS-5372,"Deployment note: verify feature flag, Grafana SLO, PagerDuty status, database health, and support handoff for pricing-engine."
DEP-00437,2019-11-10,cart-service,canary,atlas-data,PR-7040,REL-2019.09,flag_cart_service_payment_retry,1,rolled back,Dmitri Volkov,latency guard,ATLAS-1265,"Deployment note: verify feature flag, Grafana SLO, PagerDuty status, database health, and support handoff for cart-service."
DEP-00438,2019-11-12,inventory-reservation,stage,atlas-orders,PR-7533,REL-2022.4.10,flag_inventory_reservation_regional_launch,50,rolled back,Fatima Noor,manual approval,ATLAS-3315,"Deployment note: verify feature flag, Grafana SLO, PagerDuty status, database health, and support handoff for inventory-reservation."
DEP-00439,2019-11-15,loyalty-service,canary,atlas-payments,PR-6758,REL-2025.3.8,flag_loyalty_service_new_write_path,0,success,Anika Sharma,manual approval,ATLAS-1419,"Deployment note: verify feature flag, Grafana SLO, PagerDuty status, database health, and support handoff for loyalty-service."
DEP-00440,2019-11-14,payment-orchestrator,stage,atlas-observability,PR-7513,REL-2020.08,flag_payment_orchestrator_new_write_path,1,rolled back,Priya Nair,manual approval,ATLAS-4967,"Deployment note: verify feature flag, Grafana SLO, PagerDuty status, database health, and support handoff for payment-orchestrator."
DEP-00441,2019-11-15,search-recommendations,stage,atlas-data,PR-5851,REL-2020.08,flag_search_recommendations_new_write_path,10,success,Aisha Khan,database lag guard,ATLAS-6193,"Deployment note: verify feature flag, Grafana SLO, PagerDuty status, database health, and support handoff for search-recommendations."
DEP-00442,2019-11-17,notification-service,canary,atlas-checkout,PR-7512,REL-2019.05,flag_notification_service_rollback_guard,75,paused,Ravi Patel,database lag guard,ATLAS-5466,"Deployment note: verify feature flag, Grafana SLO, PagerDuty status, database health, and support handoff for notification-service."
DEP-00443,2019-11-20,tax-service,stage,atlas-infra,PR-5990,REL-2022.09,flag_tax_service_payment_retry,5,monitoring,Owen Brooks,database lag guard,ATLAS-1498,"Deployment note: verify feature flag, Grafana SLO, PagerDuty status, database health, and support handoff for tax-service."
DEP-00444,2019-11-20,tax-service,stage,atlas-checkout,PR-5156,REL-2021.12,flag_tax_service_mobile_session,1,partial,Ravi Patel,latency guard,ATLAS-1025,"Deployment note: verify feature flag, Grafana SLO, PagerDuty status, database health, and support handoff for tax-service."
DEP-00445,2019-11-20,cart-service,stage,atlas-payments,PR-6044,REL-2022.2.15,flag_cart_service_mobile_session,50,monitoring,Luca Moretti,latency guard,ATLAS-2955,"Deployment note: verify feature flag, Grafana SLO, PagerDuty status, database health, and support handoff for cart-service."
DEP-00446,2019-11-21,search-recommendations,prod,atlas-checkout,PR-11458,REL-2018.4.6,flag_search_recommendations_payment_retry,1,partial,Grace Kim,error budget guard,ATLAS-2441,"Deployment note: verify feature flag, Grafana SLO, PagerDuty status, database health, and support handoff for search-recommendations."
DEP-00447,2019-11-22,payment-orchestrator,canary,atlas-orders,PR-8450,REL-2025.2.5,flag_payment_orchestrator_regional_launch,1,partial,Harper Lee,support volume guard,ATLAS-3775,"Deployment note: verify feature flag, Grafana SLO, PagerDuty status, database health, and support handoff for payment-orchestrator."
DEP-00448,2019-11-26,order-ledger,prod,atlas-infra,PR-5421,REL-2023.3.0,flag_order_ledger_mobile_session,1,paused,Noah Evans,latency guard,ATLAS-3559,"Deployment note: verify feature flag, Grafana SLO, PagerDuty status, database health, and support handoff for order-ledger."
DEP-00449,2019-11-25,cart-service,canary,atlas-web,PR-9265,REL-2019.1.9,flag_cart_service_mobile_session,10,success,Priya Nair,support volume guard,ATLAS-1681,"Deployment note: verify feature flag, Grafana SLO, PagerDuty status, database health, and support handoff for cart-service."
DEP-00450,2019-11-26,analytics-pipeline,canary,atlas-web,PR-8387,REL-2021.02,flag_analytics_pipeline_new_write_path,25,rolled back,Anika Sharma,manual approval,ATLAS-4295,"Deployment note: verify feature flag, Grafana SLO, PagerDuty status, database health, and support handoff for analytics-pipeline."
DEP-00451,2019-11-28,pricing-engine,stage,atlas-observability,PR-9780,REL-2024.08,flag_pricing_engine_payment_retry,75,monitoring,Priya Nair,manual approval,ATLAS-3976,"Deployment note: verify feature flag, Grafana SLO, PagerDuty status, database health, and support handoff for pricing-engine."
DEP-00452,2019-11-28,cart-service,prod,atlas-checkout,PR-6525,REL-2020.3.17,flag_cart_service_mobile_session,0,monitoring,Elena Petrova,error budget guard,ATLAS-3138,"Deployment note: verify feature flag, Grafana SLO, PagerDuty status, database health, and support handoff for cart-service."
DEP-00453,2019-12-02,auth-gateway,prod,atlas-observability,PR-8391,REL-2023.4.2,flag_auth_gateway_dual_run,100,monitoring,Owen Brooks,support volume guard,ATLAS-5702,"Deployment note: verify feature flag, Grafana SLO, PagerDuty status, database health, and support handoff for auth-gateway."
DEP-00454,2019-12-02,auth-gateway,prod,atlas-mobile,PR-9558,REL-2020.1.19,flag_auth_gateway_dual_run,5,partial,Owen Brooks,manual approval,ATLAS-3469,"Deployment note: verify feature flag, Grafana SLO, PagerDuty status, database health, and support handoff for auth-gateway."
DEP-00455,2019-12-03,loyalty-service,canary,atlas-mobile,PR-7732,REL-2022.4.17,flag_loyalty_service_dual_run,10,rolled back,Maya Chen,latency guard,ATLAS-5280,"Deployment note: verify feature flag, Grafana SLO, PagerDuty status, database health, and support handoff for loyalty-service."
DEP-00456,2019-12-04,tax-service,canary,atlas-observability,PR-7365,REL-2024.4.14,flag_tax_service_new_write_path,75,paused,Yara Haddad,database lag guard,ATLAS-5202,"Deployment note: verify feature flag, Grafana SLO, PagerDuty status, database health, and support handoff for tax-service."
DEP-00457,2019-12-04,payment-orchestrator,prod,atlas-data,PR-10123,REL-2025.11,flag_payment_orchestrator_mobile_session,75,partial,Harper Lee,latency guard,ATLAS-3315,"Deployment note: verify feature flag, Grafana SLO, PagerDuty status, database health, and support handoff for payment-orchestrator."
DEP-00458,2019-12-07,search-recommendations,prod,atlas-payments,PR-8412,REL-2020.08,flag_search_recommendations_new_write_path,25,partial,Ben Carter,latency guard,ATLAS-4062,"Deployment note: verify feature flag, Grafana SLO, PagerDuty status, database health, and support handoff for search-recommendations."
DEP-00459,2019-12-07,cart-service,canary,atlas-infra,PR-6326,REL-2021.05,flag_cart_service_dual_run,0,paused,Noah Evans,manual approval,ATLAS-5833,"Deployment note: verify feature flag, Grafana SLO, PagerDuty status, database health, and support handoff for cart-service."
DEP-00460,2019-12-10,inventory-reservation,stage,atlas-observability,PR-10803,REL-2023.3.3,flag_inventory_reservation_new_write_path,75,partial,Jon Bell,manual approval,ATLAS-5022,"Deployment note: verify feature flag, Grafana SLO, PagerDuty status, database health, and support handoff for inventory-reservation."
DEP-00461,2019-12-09,analytics-pipeline,stage,atlas-orders,PR-6918,REL-2025.3.2,flag_analytics_pipeline_mobile_session,0,rolled back,Kim Tan,manual approval,ATLAS-1632,"Deployment note: verify feature flag, Grafana SLO, PagerDuty status, database health, and support handoff for analytics-pipeline."
DEP-00462,2019-12-13,search-recommendations,stage,atlas-observability,PR-12381,REL-2024.4.10,flag_search_recommendations_dual_run,0,rolled back,Samir Rao,latency guard,ATLAS-2852,"Deployment note: verify feature flag, Grafana SLO, PagerDuty status, database health, and support handoff for search-recommendations."
DEP-00463,2019-12-12,order-ledger,canary,atlas-infra,PR-6611,REL-2019.1.6,flag_order_ledger_regional_launch,50,rolled back,Sara Novak,manual approval,ATLAS-4839,"Deployment note: verify feature flag, Grafana SLO, PagerDuty status, database health, and support handoff for order-ledger."
DEP-00464,2019-12-13,analytics-pipeline,canary,atlas-data,PR-10781,REL-2023.4.2,flag_analytics_pipeline_payment_retry,10,monitoring,Grace Kim,latency guard,ATLAS-3279,"Deployment note: verify feature flag, Grafana SLO, PagerDuty status, database health, and support handoff for analytics-pipeline."
DEP-00465,2019-12-15,search-recommendations,stage,atlas-payments,PR-8499,REL-2020.02,flag_search_recommendations_dual_run,100,monitoring,Yara Haddad,database lag guard,ATLAS-2498,"Deployment note: verify feature flag, Grafana SLO, PagerDuty status, database health, and support handoff for search-recommendations."
DEP-00466,2019-12-17,auth-gateway,stage,atlas-orders,PR-5432,REL-2023.1.5,flag_auth_gateway_payment_retry,50,rolled back,Victor Silva,error budget guard,ATLAS-5731,"Deployment note: verify feature flag, Grafana SLO, PagerDuty status, database health, and support handoff for auth-gateway."
DEP-00467,2019-12-17,tax-service,canary,atlas-observability,PR-6523,REL-2022.06,flag_tax_service_payment_retry,100,monitoring,Grace Kim,manual approval,ATLAS-2379,"Deployment note: verify feature flag, Grafana SLO, PagerDuty status, database health, and support handoff for tax-service."
DEP-00468,2019-12-18,tax-service,canary,atlas-data,PR-8695,REL-2019.3.19,flag_tax_service_dual_run,0,paused,Owen Brooks,error budget guard,ATLAS-3896,"Deployment note: verify feature flag, Grafana SLO, PagerDuty status, database health, and support handoff for tax-service."
DEP-00469,2019-12-21,loyalty-service,canary,atlas-observability,PR-5851,REL-2024.2.2,flag_loyalty_service_payment_retry,1,success,Harper Lee,manual approval,ATLAS-1566,"Deployment note: verify feature flag, Grafana SLO, PagerDuty status, database health, and support handoff for loyalty-service."
DEP-00470,2019-12-20,analytics-pipeline,prod,atlas-data,PR-10914,REL-2022.11,flag_analytics_pipeline_payment_retry,25,monitoring,Luca Moretti,error budget guard,ATLAS-1981,"Deployment note: verify feature flag, Grafana SLO, PagerDuty status, database health, and support handoff for analytics-pipeline."
DEP-00471,2019-12-21,auth-gateway,stage,atlas-data,PR-6257,REL-2021.08,flag_auth_gateway_payment_retry,100,paused,Ben Carter,database lag guard,ATLAS-1958,"Deployment note: verify feature flag, Grafana SLO, PagerDuty status, database health, and support handoff for auth-gateway."
DEP-00472,2019-12-23,loyalty-service,stage,atlas-orders,PR-5252,REL-2019.2.2,flag_loyalty_service_dual_run,1,paused,Owen Brooks,database lag guard,ATLAS-3158,"Deployment note: verify feature flag, Grafana SLO, PagerDuty status, database health, and support handoff for loyalty-service."
DEP-00473,2019-12-25,search-recommendations,stage,atlas-checkout,PR-6027,REL-2019.3.14,flag_search_recommendations_payment_retry,10,monitoring,Owen Brooks,error budget guard,ATLAS-1341,"Deployment note: verify feature flag, Grafana SLO, PagerDuty status, database health, and support handoff for search-recommendations."
DEP-00474,2019-12-26,inventory-reservation,canary,atlas-orders,PR-7027,REL-2025.2.5,flag_inventory_reservation_regional_launch,5,partial,Ben Carter,database lag guard,ATLAS-2588,"Deployment note: verify feature flag, Grafana SLO, PagerDuty status, database health, and support handoff for inventory-reservation."
DEP-00475,2019-12-26,loyalty-service,canary,atlas-payments,PR-8218,REL-2022.1.0,flag_loyalty_service_regional_launch,10,paused,Samir Rao,manual approval,ATLAS-2898,"Deployment note: verify feature flag, Grafana SLO, PagerDuty status, database health, and support handoff for loyalty-service."
DEP-00476,2019-12-28,cart-service,prod,atlas-data,PR-8761,REL-2021.12,flag_cart_service_mobile_session,5,rolled back,Sara Novak,manual approval,ATLAS-3182,"Deployment note: verify feature flag, Grafana SLO, PagerDuty status, database health, and support handoff for cart-service."
DEP-00477,2019-12-31,auth-gateway,prod,atlas-mobile,PR-6889,REL-2024.3.10,flag_auth_gateway_mobile_session,10,success,Yara Haddad,error budget guard,ATLAS-3789,"Deployment note: verify feature flag, Grafana SLO, PagerDuty status, database health, and support handoff for auth-gateway."
DEP-00478,2019-12-30,payment-orchestrator,stage,atlas-data,PR-5942,REL-2023.2.2,flag_payment_orchestrator_rollback_guard,50,monitoring,Aisha Khan,manual approval,ATLAS-4785,"Deployment note: verify feature flag, Grafana SLO, PagerDuty status, database health, and support handoff for payment-orchestrator."
DEP-00479,2019-12-31,checkout-api,canary,atlas-mobile,PR-8004,REL-2020.01,flag_checkout_api_payment_retry,100,success,Kim Tan,database lag guard,ATLAS-5496,"Deployment note: verify feature flag, Grafana SLO, PagerDuty status, database health, and support handoff for checkout-api."
DEP-00480,2020-01-03,cart-service,stage,atlas-data,PR-5474,REL-2021.3.1,flag_cart_service_mobile_session,75,rolled back,Owen Brooks,error budget guard,ATLAS-6105,"Deployment note: verify feature flag, Grafana SLO, PagerDuty status, database health, and support handoff for cart-service."
DEP-00481,2020-01-03,loyalty-service,prod,atlas-data,PR-8590,REL-2024.4.14,flag_loyalty_service_regional_launch,75,paused,Priya Nair,error budget guard,ATLAS-2993,"Deployment note: verify feature flag, Grafana SLO, PagerDuty status, database health, and support handoff for loyalty-service."
DEP-00482,2020-01-04,search-recommendations,prod,atlas-web,PR-8291,REL-2024.2.15,flag_search_recommendations_rollback_guard,25,monitoring,Noah Evans,database lag guard,ATLAS-3921,"Deployment note: verify feature flag, Grafana SLO, PagerDuty status, database health, and support handoff for search-recommendations."
DEP-00483,2020-01-07,inventory-reservation,canary,atlas-observability,PR-8797,REL-2019.06,flag_inventory_reservation_regional_launch,10,rolled back,Nora Singh,manual approval,ATLAS-1208,"Deployment note: verify feature flag, Grafana SLO, PagerDuty status, database health, and support handoff for inventory-reservation."
DEP-00484,2020-01-06,tax-service,prod,atlas-payments,PR-5420,REL-2019.11,flag_tax_service_new_write_path,10,success,Owen Brooks,error budget guard,ATLAS-6084,"Deployment note: verify feature flag, Grafana SLO, PagerDuty status, database health, and support handoff for tax-service."
DEP-00485,2020-01-08,cart-service,stage,atlas-payments,PR-9023,REL-2019.10,flag_cart_service_rollback_guard,50,partial,Owen Brooks,latency guard,ATLAS-1973,"Deployment note: verify feature flag, Grafana SLO, PagerDuty status, database health, and support handoff for cart-service."
DEP-00486,2020-01-11,analytics-pipeline,canary,atlas-observability,PR-11142,REL-2021.2.2,flag_analytics_pipeline_dual_run,100,rolled back,Aisha Khan,database lag guard,ATLAS-3161,"Deployment note: verify feature flag, Grafana SLO, PagerDuty status, database health, and support handoff for analytics-pipeline."
DEP-00487,2020-01-11,notification-service,stage,atlas-data,PR-10020,REL-2021.1.19,flag_notification_service_payment_retry,10,rolled back,Luca Moretti,error budget guard,ATLAS-5469,"Deployment note: verify feature flag, Grafana SLO, PagerDuty status, database health, and support handoff for notification-service."
DEP-00488,2020-01-11,analytics-pipeline,canary,atlas-payments,PR-7656,REL-2024.3.4,flag_analytics_pipeline_dual_run,75,rolled back,Luca Moretti,error budget guard,ATLAS-3564,"Deployment note: verify feature flag, Grafana SLO, PagerDuty status, database health, and support handoff for analytics-pipeline."
DEP-00489,2020-01-14,tax-service,prod,atlas-mobile,PR-6158,REL-2019.11,flag_tax_service_rollback_guard,100,partial,Yara Haddad,error budget guard,ATLAS-5251,"Deployment note: verify feature flag, Grafana SLO, PagerDuty status, database health, and support handoff for tax-service."
DEP-00490,2020-01-15,inventory-reservation,prod,atlas-orders,PR-9136,REL-2026.2.2,flag_inventory_reservation_regional_launch,25,partial,Sara Novak,manual approval,ATLAS-4240,"Deployment note: verify feature flag, Grafana SLO, PagerDuty status, database health, and support handoff for inventory-reservation."
DEP-00491,2020-01-15,payment-orchestrator,prod,atlas-infra,PR-8252,REL-2022.4.10,flag_payment_orchestrator_regional_launch,50,success,Elena Petrova,support volume guard,ATLAS-6094,"Deployment note: verify feature flag, Grafana SLO, PagerDuty status, database health, and support handoff for payment-orchestrator."
DEP-00492,2020-01-18,search-recommendations,stage,atlas-infra,PR-12042,REL-2019.05,flag_search_recommendations_payment_retry,10,monitoring,Fatima Noor,support volume guard,ATLAS-2952,"Deployment note: verify feature flag, Grafana SLO, PagerDuty status, database health, and support handoff for search-recommendations."
DEP-00493,2020-01-18,analytics-pipeline,prod,atlas-data,PR-9451,REL-2025.3.2,flag_analytics_pipeline_dual_run,75,success,Kim Tan,error budget guard,ATLAS-2739,"Deployment note: verify feature flag, Grafana SLO, PagerDuty status, database health, and support handoff for analytics-pipeline."
DEP-00494,2020-01-18,order-ledger,prod,atlas-mobile,PR-11169,REL-2022.2.15,flag_order_ledger_dual_run,75,monitoring,Theo Martin,database lag guard,ATLAS-3137,"Deployment note: verify feature flag, Grafana SLO, PagerDuty status, database health, and support handoff for order-ledger."
DEP-00495,2020-01-20,pricing-engine,canary,atlas-payments,PR-5504,REL-2025.3.14,flag_pricing_engine_payment_retry,25,rolled back,Harper Lee,database lag guard,ATLAS-4304,"Deployment note: verify feature flag, Grafana SLO, PagerDuty status, database health, and support handoff for pricing-engine."
DEP-00496,2020-01-23,payment-orchestrator,stage,atlas-checkout,PR-11932,REL-2021.3.3,flag_payment_orchestrator_rollback_guard,1,paused,Ben Carter,error budget guard,ATLAS-3867,"Deployment note: verify feature flag, Grafana SLO, PagerDuty status, database health, and support handoff for payment-orchestrator."
DEP-00497,2020-01-24,analytics-pipeline,canary,atlas-data,PR-11787,REL-2020.2.13,flag_analytics_pipeline_new_write_path,50,monitoring,Fatima Noor,support volume guard,ATLAS-5188,"Deployment note: verify feature flag, Grafana SLO, PagerDuty status, database health, and support handoff for analytics-pipeline."
DEP-00498,2020-01-24,payment-orchestrator,prod,atlas-mobile,PR-10525,REL-2019.2.19,flag_payment_orchestrator_new_write_path,0,paused,Ben Carter,error budget guard,ATLAS-3173,"Deployment note: verify feature flag, Grafana SLO, PagerDuty status, database health, and support handoff for payment-orchestrator."
DEP-00499,2020-01-25,order-ledger,canary,atlas-observability,PR-9474,REL-2024.03,flag_order_ledger_payment_retry,10,paused,Sara Novak,manual approval,ATLAS-1239,"Deployment note: verify feature flag, Grafana SLO, PagerDuty status, database health, and support handoff for order-ledger."
DEP-00500,2020-01-25,analytics-pipeline,stage,atlas-infra,PR-6658,REL-2022.03,flag_analytics_pipeline_new_write_path,0,rolled back,Ben Carter,support volume guard,ATLAS-4704,"Deployment note: verify feature flag, Grafana SLO, PagerDuty status, database health, and support handoff for analytics-pipeline."
DEP-00501,2020-01-29,auth-gateway,stage,atlas-infra,PR-6894,REL-2021.2.2,flag_auth_gateway_new_write_path,75,partial,Kim Tan,database lag guard,ATLAS-2916,"Deployment note: verify feature flag, Grafana SLO, PagerDuty status, database health, and support handoff for auth-gateway."
DEP-00502,2020-01-29,order-ledger,stage,atlas-mobile,PR-10033,REL-2022.06,flag_order_ledger_payment_retry,5,paused,Mateo Garcia,latency guard,ATLAS-2623,"Deployment note: verify feature flag, Grafana SLO, PagerDuty status, database health, and support handoff for order-ledger."
DEP-00503,2020-01-31,auth-gateway,prod,atlas-web,PR-9101,REL-2023.03,flag_auth_gateway_regional_launch,10,success,Sara Novak,database lag guard,ATLAS-1809,"Deployment note: verify feature flag, Grafana SLO, PagerDuty status, database health, and support handoff for auth-gateway."
DEP-00504,2020-02-01,search-recommendations,prod,atlas-mobile,PR-8138,REL-2021.05,flag_search_recommendations_regional_launch,25,partial,Maya Chen,support volume guard,ATLAS-6141,"Deployment note: verify feature flag, Grafana SLO, PagerDuty status, database health, and support handoff for search-recommendations."
DEP-00505,2020-02-01,auth-gateway,prod,atlas-data,PR-6096,REL-2022.3.10,flag_auth_gateway_mobile_session,5,monitoring,Iris Wang,manual approval,ATLAS-2897,"Deployment note: verify feature flag, Grafana SLO, PagerDuty status, database health, and support handoff for auth-gateway."
DEP-00506,2020-02-03,tax-service,canary,atlas-web,PR-7007,REL-2019.3.14,flag_tax_service_dual_run,100,partial,Samir Rao,manual approval,ATLAS-3803,"Deployment note: verify feature flag, Grafana SLO, PagerDuty status, database health, and support handoff for tax-service."
DEP-00507,2020-02-05,loyalty-service,stage,atlas-data,PR-7848,REL-2020.4.10,flag_loyalty_service_new_write_path,10,rolled back,Harper Lee,manual approval,ATLAS-1562,"Deployment note: verify feature flag, Grafana SLO, PagerDuty status, database health, and support handoff for loyalty-service."
DEP-00508,2020-02-06,loyalty-service,prod,atlas-mobile,PR-11359,REL-2019.2.0,flag_loyalty_service_payment_retry,25,rolled back,Nora Singh,support volume guard,ATLAS-6193,"Deployment note: verify feature flag, Grafana SLO, PagerDuty status, database health, and support handoff for loyalty-service."
DEP-00509,2020-02-06,inventory-reservation,stage,atlas-payments,PR-5808,REL-2020.06,flag_inventory_reservation_rollback_guard,5,monitoring,Jon Bell,latency guard,ATLAS-2828,"Deployment note: verify feature flag, Grafana SLO, PagerDuty status, database health, and support handoff for inventory-reservation."
DEP-00510,2020-02-09,auth-gateway,prod,atlas-payments,PR-11696,REL-2023.11,flag_auth_gateway_mobile_session,5,paused,Anika Sharma,latency guard,ATLAS-2686,"Deployment note: verify feature flag, Grafana SLO, PagerDuty status, database health, and support handoff for auth-gateway."
DEP-00511,2020-02-09,cart-service,stage,atlas-data,PR-7738,REL-2024.12,flag_cart_service_new_write_path,25,partial,Noah Evans,latency guard,ATLAS-1201,"Deployment note: verify feature flag, Grafana SLO, PagerDuty status, database health, and support handoff for cart-service."
DEP-00512,2020-02-10,auth-gateway,prod,atlas-orders,PR-7546,REL-2023.3.2,flag_auth_gateway_dual_run,0,monitoring,Ravi Patel,manual approval,ATLAS-1969,"Deployment note: verify feature flag, Grafana SLO, PagerDuty status, database health, and support handoff for auth-gateway."
DEP-00513,2020-02-10,analytics-pipeline,stage,atlas-payments,PR-5647,REL-2021.3.7,flag_analytics_pipeline_dual_run,50,success,Fatima Noor,database lag guard,ATLAS-5978,"Deployment note: verify feature flag, Grafana SLO, PagerDuty status, database health, and support handoff for analytics-pipeline."
DEP-00514,2020-02-12,cart-service,canary,atlas-payments,PR-7880,REL-2021.1.10,flag_cart_service_payment_retry,5,paused,Owen Brooks,latency guard,ATLAS-4639,"Deployment note: verify feature flag, Grafana SLO, PagerDuty status, database health, and support handoff for cart-service."
DEP-00515,2020-02-13,payment-orchestrator,canary,atlas-orders,PR-8949,REL-2021.3.2,flag_payment_orchestrator_regional_launch,75,rolled back,Anika Sharma,database lag guard,ATLAS-2220,"Deployment note: verify feature flag, Grafana SLO, PagerDuty status, database health, and support handoff for payment-orchestrator."
DEP-00516,2020-02-15,auth-gateway,stage,atlas-payments,PR-7147,REL-2020.02,flag_auth_gateway_new_write_path,25,paused,Kim Tan,latency guard,ATLAS-1385,"Deployment note: verify feature flag, Grafana SLO, PagerDuty status, database health, and support handoff for auth-gateway."
DEP-00517,2020-02-15,payment-orchestrator,stage,atlas-checkout,PR-6530,REL-2021.07,flag_payment_orchestrator_new_write_path,10,paused,Dmitri Volkov,database lag guard,ATLAS-5500,"Deployment note: verify feature flag, Grafana SLO, PagerDuty status, database health, and support handoff for payment-orchestrator."
DEP-00518,2020-02-16,notification-service,canary,atlas-orders,PR-8320,REL-2023.1.18,flag_notification_service_rollback_guard,10,monitoring,Victor Silva,support volume guard,ATLAS-3378,"Deployment note: verify feature flag, Grafana SLO, PagerDuty status, database health, and support handoff for notification-service."
DEP-00519,2020-02-18,pricing-engine,canary,atlas-mobile,PR-5353,REL-2026.2.19,flag_pricing_engine_mobile_session,10,paused,Harper Lee,error budget guard,ATLAS-5625,"Deployment note: verify feature flag, Grafana SLO, PagerDuty status, database health, and support handoff for pricing-engine."
DEP-00520,2020-02-20,auth-gateway,prod,atlas-orders,PR-8589,REL-2023.3.14,flag_auth_gateway_payment_retry,100,partial,Owen Brooks,latency guard,ATLAS-1371,"Deployment note: verify feature flag, Grafana SLO, PagerDuty status, database health, and support handoff for auth-gateway."
DEP-00521,2020-02-21,search-recommendations,prod,atlas-web,PR-7831,REL-2020.08,flag_search_recommendations_new_write_path,1,rolled back,Mateo Garcia,database lag guard,ATLAS-6142,"Deployment note: verify feature flag, Grafana SLO, PagerDuty status, database health, and support handoff for search-recommendations."
DEP-00522,2020-02-23,checkout-api,prod,atlas-orders,PR-5557,REL-2025.1.9,flag_checkout_api_payment_retry,5,monitoring,Sara Novak,support volume guard,ATLAS-4370,"Deployment note: verify feature flag, Grafana SLO, PagerDuty status, database health, and support handoff for checkout-api."
DEP-00523,2020-02-24,tax-service,prod,atlas-data,PR-8380,REL-2023.3.0,flag_tax_service_dual_run,100,rolled back,Sara Novak,database lag guard,ATLAS-5048,"Deployment note: verify feature flag, Grafana SLO, PagerDuty status, database health, and support handoff for tax-service."
DEP-00524,2020-02-24,search-recommendations,prod,atlas-web,PR-9927,REL-2022.3.11,flag_search_recommendations_regional_launch,25,partial,Sara Novak,latency guard,ATLAS-3469,"Deployment note: verify feature flag, Grafana SLO, PagerDuty status, database health, and support handoff for search-recommendations."
DEP-00525,2020-02-26,checkout-api,prod,atlas-mobile,PR-9118,REL-2026.1.6,flag_checkout_api_new_write_path,50,partial,Mateo Garcia,manual approval,ATLAS-4122,"Deployment note: verify feature flag, Grafana SLO, PagerDuty status, database health, and support handoff for checkout-api."
DEP-00526,2020-02-27,cart-service,canary,atlas-checkout,PR-11057,REL-2023.4.3,flag_cart_service_payment_retry,10,success,Nora Singh,error budget guard,ATLAS-1078,"Deployment note: verify feature flag, Grafana SLO, PagerDuty status, database health, and support handoff for cart-service."
DEP-00527,2020-02-28,tax-service,prod,atlas-data,PR-5871,REL-2024.3.6,flag_tax_service_regional_launch,1,rolled back,Maya Chen,latency guard,ATLAS-5178,"Deployment note: verify feature flag, Grafana SLO, PagerDuty status, database health, and support handoff for tax-service."
DEP-00528,2020-02-29,search-recommendations,canary,atlas-checkout,PR-5635,REL-2020.03,flag_search_recommendations_payment_retry,5,monitoring,Kim Tan,manual approval,ATLAS-2828,"Deployment note: verify feature flag, Grafana SLO, PagerDuty status, database health, and support handoff for search-recommendations."
DEP-00529,2020-03-01,search-recommendations,stage,atlas-checkout,PR-9347,REL-2022.2.17,flag_search_recommendations_dual_run,100,paused,Luca Moretti,latency guard,ATLAS-3665,"Deployment note: verify feature flag, Grafana SLO, PagerDuty status, database health, and support handoff for search-recommendations."
DEP-00530,2020-03-03,checkout-api,canary,atlas-observability,PR-11629,REL-2018.4.12,flag_checkout_api_mobile_session,25,monitoring,Ravi Patel,manual approval,ATLAS-1655,"Deployment note: verify feature flag, Grafana SLO, PagerDuty status, database health, and support handoff for checkout-api."
DEP-00531,2020-03-05,pricing-engine,stage,atlas-checkout,PR-8102,REL-2025.06,flag_pricing_engine_mobile_session,50,rolled back,Owen Brooks,latency guard,ATLAS-1897,"Deployment note: verify feature flag, Grafana SLO, PagerDuty status, database health, and support handoff for pricing-engine."
DEP-00532,2020-03-04,loyalty-service,prod,atlas-data,PR-9454,REL-2020.2.8,flag_loyalty_service_new_write_path,1,partial,Nora Singh,support volume guard,ATLAS-3830,"Deployment note: verify feature flag, Grafana SLO, PagerDuty status, database health, and support handoff for loyalty-service."
DEP-00533,2020-03-05,auth-gateway,canary,atlas-payments,PR-7555,REL-2021.3.8,flag_auth_gateway_regional_launch,5,rolled back,Kim Tan,error budget guard,ATLAS-4085,"Deployment note: verify feature flag, Grafana SLO, PagerDuty status, database health, and support handoff for auth-gateway."
DEP-00534,2020-03-07,notification-service,canary,atlas-mobile,PR-10238,REL-2022.2.2,flag_notification_service_new_write_path,10,paused,Maya Chen,manual approval,ATLAS-3614,"Deployment note: verify feature flag, Grafana SLO, PagerDuty status, database health, and support handoff for notification-service."
DEP-00535,2020-03-08,tax-service,canary,atlas-data,PR-11237,REL-2021.04,flag_tax_service_mobile_session,50,success,Ravi Patel,latency guard,ATLAS-5120,"Deployment note: verify feature flag, Grafana SLO, PagerDuty status, database health, and support handoff for tax-service."
DEP-00536,2020-03-10,order-ledger,prod,atlas-checkout,PR-9969,REL-2024.3.4,flag_order_ledger_dual_run,10,monitoring,Harper Lee,error budget guard,ATLAS-5320,"Deployment note: verify feature flag, Grafana SLO, PagerDuty status, database health, and support handoff for order-ledger."
DEP-00537,2020-03-12,payment-orchestrator,prod,atlas-observability,PR-5450,REL-2025.06,flag_payment_orchestrator_mobile_session,75,success,Ben Carter,support volume guard,ATLAS-4738,"Deployment note: verify feature flag, Grafana SLO, PagerDuty status, database health, and support handoff for payment-orchestrator."
DEP-00538,2020-03-12,search-recommendations,canary,atlas-data,PR-8305,REL-2021.1.12,flag_search_recommendations_new_write_path,5,partial,Ravi Patel,manual approval,ATLAS-1807,"Deployment note: verify feature flag, Grafana SLO, PagerDuty status, database health, and support handoff for search-recommendations."
DEP-00539,2020-03-15,pricing-engine,prod,atlas-data,PR-7776,REL-2018.2.13,flag_pricing_engine_new_write_path,25,paused,Ben Carter,latency guard,ATLAS-2313,"Deployment note: verify feature flag, Grafana SLO, PagerDuty status, database health, and support handoff for pricing-engine."
DEP-00540,2020-03-14,checkout-api,canary,atlas-web,PR-5860,REL-2025.1.8,flag_checkout_api_regional_launch,1,monitoring,Harper Lee,latency guard,ATLAS-4250,"Deployment note: verify feature flag, Grafana SLO, PagerDuty status, database health, and support handoff for checkout-api."
DEP-00541,2020-03-17,notification-service,canary,atlas-payments,PR-10022,REL-2026.01,flag_notification_service_rollback_guard,100,partial,Yara Haddad,manual approval,ATLAS-3208,"Deployment note: verify feature flag, Grafana SLO, PagerDuty status, database health, and support handoff for notification-service."
DEP-00542,2020-03-16,cart-service,prod,atlas-checkout,PR-7340,REL-2023.1.19,flag_cart_service_rollback_guard,50,rolled back,Nora Singh,database lag guard,ATLAS-1705,"Deployment note: verify feature flag, Grafana SLO, PagerDuty status, database health, and support handoff for cart-service."
DEP-00543,2020-03-20,inventory-reservation,stage,atlas-payments,PR-8470,REL-2022.2.2,flag_inventory_reservation_new_write_path,0,monitoring,Grace Kim,support volume guard,ATLAS-1181,"Deployment note: verify feature flag, Grafana SLO, PagerDuty status, database health, and support handoff for inventory-reservation."
DEP-00544,2020-03-21,loyalty-service,canary,atlas-payments,PR-10091,REL-2025.2.18,flag_loyalty_service_regional_launch,5,paused,Kim Tan,database lag guard,ATLAS-4071,"Deployment note: verify feature flag, Grafana SLO, PagerDuty status, database health, and support handoff for loyalty-service."
DEP-00545,2020-03-21,auth-gateway,canary,atlas-payments,PR-6875,REL-2025.3.8,flag_auth_gateway_dual_run,75,monitoring,Dmitri Volkov,support volume guard,ATLAS-5646,"Deployment note: verify feature flag, Grafana SLO, PagerDuty status, database health, and support handoff for auth-gateway."
DEP-00546,2020-03-21,search-recommendations,prod,atlas-observability,PR-7856,REL-2024.3.11,flag_search_recommendations_mobile_session,0,paused,Mateo Garcia,database lag guard,ATLAS-5196,"Deployment note: verify feature flag, Grafana SLO, PagerDuty status, database health, and support handoff for search-recommendations."
DEP-00547,2020-03-22,search-recommendations,prod,atlas-payments,PR-9691,REL-2019.4.2,flag_search_recommendations_new_write_path,75,success,Iris Wang,support volume guard,ATLAS-3595,"Deployment note: verify feature flag, Grafana SLO, PagerDuty status, database health, and support handoff for search-recommendations."
DEP-00548,2020-03-26,search-recommendations,canary,atlas-data,PR-9883,REL-2022.06,flag_search_recommendations_new_write_path,1,partial,Fatima Noor,latency guard,ATLAS-3456,"Deployment note: verify feature flag, Grafana SLO, PagerDuty status, database health, and support handoff for search-recommendations."
DEP-00549,2020-03-26,auth-gateway,prod,atlas-web,PR-5408,REL-2019.02,flag_auth_gateway_rollback_guard,75,rolled back,Ben Carter,support volume guard,ATLAS-4253,"Deployment note: verify feature flag, Grafana SLO, PagerDuty status, database health, and support handoff for auth-gateway."
DEP-00550,2020-03-27,loyalty-service,stage,atlas-orders,PR-11655,REL-2023.04,flag_loyalty_service_payment_retry,50,partial,Fatima Noor,support volume guard,ATLAS-3979,"Deployment note: verify feature flag, Grafana SLO, PagerDuty status, database health, and support handoff for loyalty-service."
DEP-00551,2020-03-29,notification-service,canary,atlas-data,PR-7823,REL-2021.1.4,flag_notification_service_mobile_session,0,paused,Luca Moretti,support volume guard,ATLAS-5368,"Deployment note: verify feature flag, Grafana SLO, PagerDuty status, database health, and support handoff for notification-service."
DEP-00552,2020-03-28,search-recommendations,stage,atlas-payments,PR-5583,REL-2022.11,flag_search_recommendations_dual_run,5,success,Anika Sharma,manual approval,ATLAS-5256,"Deployment note: verify feature flag, Grafana SLO, PagerDuty status, database health, and support handoff for search-recommendations."
DEP-00553,2020-03-30,inventory-reservation,canary,atlas-orders,PR-9502,REL-2022.4.14,flag_inventory_reservation_dual_run,1,paused,Yara Haddad,latency guard,ATLAS-5804,"Deployment note: verify feature flag, Grafana SLO, PagerDuty status, database health, and support handoff for inventory-reservation."
DEP-00554,2020-04-02,loyalty-service,canary,atlas-web,PR-6047,REL-2021.4.19,flag_loyalty_service_payment_retry,100,monitoring,Iris Wang,database lag guard,ATLAS-5754,"Deployment note: verify feature flag, Grafana SLO, PagerDuty status, database health, and support handoff for loyalty-service."
DEP-00555,2020-04-01,checkout-api,canary,atlas-web,PR-11570,REL-2020.1.14,flag_checkout_api_dual_run,100,paused,Yara Haddad,manual approval,ATLAS-1880,"Deployment note: verify feature flag, Grafana SLO, PagerDuty status, database health, and support handoff for checkout-api."
DEP-00556,2020-04-02,checkout-api,stage,atlas-infra,PR-11314,REL-2023.4.2,flag_checkout_api_regional_launch,0,success,Jon Bell,database lag guard,ATLAS-3905,"Deployment note: verify feature flag, Grafana SLO, PagerDuty status, database health, and support handoff for checkout-api."
DEP-00557,2020-04-04,auth-gateway,prod,atlas-checkout,PR-8922,REL-2020.1.5,flag_auth_gateway_mobile_session,100,rolled back,Elena Petrova,manual approval,ATLAS-3439,"Deployment note: verify feature flag, Grafana SLO, PagerDuty status, database health, and support handoff for auth-gateway."
DEP-00558,2020-04-07,auth-gateway,canary,atlas-payments,PR-7512,REL-2018.08,flag_auth_gateway_new_write_path,50,rolled back,Mateo Garcia,manual approval,ATLAS-3655,"Deployment note: verify feature flag, Grafana SLO, PagerDuty status, database health, and support handoff for auth-gateway."
DEP-00559,2020-04-07,pricing-engine,stage,atlas-observability,PR-6744,REL-2025.10,flag_pricing_engine_payment_retry,10,partial,Dmitri Volkov,error budget guard,ATLAS-4321,"Deployment note: verify feature flag, Grafana SLO, PagerDuty status, database health, and support handoff for pricing-engine."
DEP-00560,2020-04-08,loyalty-service,canary,atlas-infra,PR-12133,REL-2026.01,flag_loyalty_service_mobile_session,5,success,Luca Moretti,manual approval,ATLAS-2820,"Deployment note: verify feature flag, Grafana SLO, PagerDuty status, database health, and support handoff for loyalty-service."
DEP-00561,2020-04-10,analytics-pipeline,prod,atlas-payments,PR-11122,REL-2023.10,flag_analytics_pipeline_payment_retry,5,rolled back,Aisha Khan,support volume guard,ATLAS-3201,"Deployment note: verify feature flag, Grafana SLO, PagerDuty status, database health, and support handoff for analytics-pipeline."
DEP-00562,2020-04-12,search-recommendations,canary,atlas-web,PR-8681,REL-2022.1.5,flag_search_recommendations_rollback_guard,5,success,Harper Lee,manual approval,ATLAS-4106,"Deployment note: verify feature flag, Grafana SLO, PagerDuty status, database health, and support handoff for search-recommendations."
DEP-00563,2020-04-13,order-ledger,stage,atlas-infra,PR-5300,REL-2025.1.7,flag_order_ledger_regional_launch,75,monitoring,Owen Brooks,latency guard,ATLAS-3080,"Deployment note: verify feature flag, Grafana SLO, PagerDuty status, database health, and support handoff for order-ledger."
DEP-00564,2020-04-12,notification-service,canary,atlas-data,PR-8842,REL-2018.3.10,flag_notification_service_payment_retry,25,success,Aisha Khan,error budget guard,ATLAS-5840,"Deployment note: verify feature flag, Grafana SLO, PagerDuty status, database health, and support handoff for notification-service."
DEP-00565,2020-04-13,auth-gateway,prod,atlas-web,PR-8150,REL-2022.4.10,flag_auth_gateway_regional_launch,1,rolled back,Samir Rao,latency guard,ATLAS-4366,"Deployment note: verify feature flag, Grafana SLO, PagerDuty status, database health, and support handoff for auth-gateway."
DEP-00566,2020-04-14,search-recommendations,prod,atlas-data,PR-10230,REL-2025.2.1,flag_search_recommendations_rollback_guard,75,partial,Luca Moretti,database lag guard,ATLAS-5513,"Deployment note: verify feature flag, Grafana SLO, PagerDuty status, database health, and support handoff for search-recommendations."
DEP-00567,2020-04-18,checkout-api,stage,atlas-web,PR-6337,REL-2019.4.6,flag_checkout_api_mobile_session,75,rolled back,Owen Brooks,error budget guard,ATLAS-4538,"Deployment note: verify feature flag, Grafana SLO, PagerDuty status, database health, and support handoff for checkout-api."
DEP-00568,2020-04-17,analytics-pipeline,canary,atlas-infra,PR-5767,REL-2019.09,flag_analytics_pipeline_regional_launch,25,success,Iris Wang,manual approval,ATLAS-4953,"Deployment note: verify feature flag, Grafana SLO, PagerDuty status, database health, and support handoff for analytics-pipeline."
DEP-00569,2020-04-18,auth-gateway,stage,atlas-data,PR-10078,REL-2023.03,flag_auth_gateway_mobile_session,1,partial,Dmitri Volkov,latency guard,ATLAS-1662,"Deployment note: verify feature flag, Grafana SLO, PagerDuty status, database health, and support handoff for auth-gateway."
DEP-00570,2020-04-20,cart-service,canary,atlas-web,PR-6838,REL-2022.3.19,flag_cart_service_rollback_guard,25,success,Anika Sharma,manual approval,ATLAS-3881,"Deployment note: verify feature flag, Grafana SLO, PagerDuty status, database health, and support handoff for cart-service."
DEP-00571,2020-04-22,checkout-api,prod,atlas-web,PR-7033,REL-2021.4.17,flag_checkout_api_payment_retry,50,partial,Kim Tan,error budget guard,ATLAS-5711,"Deployment note: verify feature flag, Grafana SLO, PagerDuty status, database health, and support handoff for checkout-api."
DEP-00572,2020-04-22,payment-orchestrator,stage,atlas-mobile,PR-6591,REL-2023.3.8,flag_payment_orchestrator_rollback_guard,50,paused,Iris Wang,support volume guard,ATLAS-3265,"Deployment note: verify feature flag, Grafana SLO, PagerDuty status, database health, and support handoff for payment-orchestrator."
DEP-00573,2020-04-25,tax-service,stage,atlas-infra,PR-5504,REL-2020.2.2,flag_tax_service_regional_launch,1,monitoring,Priya Nair,manual approval,ATLAS-1926,"Deployment note: verify feature flag, Grafana SLO, PagerDuty status, database health, and support handoff for tax-service."
DEP-00574,2020-04-26,payment-orchestrator,canary,atlas-observability,PR-10723,REL-2023.2.12,flag_payment_orchestrator_mobile_session,50,monitoring,Dmitri Volkov,error budget guard,ATLAS-1333,"Deployment note: verify feature flag, Grafana SLO, PagerDuty status, database health, and support handoff for payment-orchestrator."
DEP-00575,2020-04-25,analytics-pipeline,stage,atlas-infra,PR-7486,REL-2021.4.5,flag_analytics_pipeline_rollback_guard,1,success,Fatima Noor,latency guard,ATLAS-2005,"Deployment note: verify feature flag, Grafana SLO, PagerDuty status, database health, and support handoff for analytics-pipeline."
DEP-00576,2020-04-26,loyalty-service,stage,atlas-web,PR-9910,REL-2022.11,flag_loyalty_service_payment_retry,100,partial,Harper Lee,database lag guard,ATLAS-5399,"Deployment note: verify feature flag, Grafana SLO, PagerDuty status, database health, and support handoff for loyalty-service."
DEP-00577,2020-04-29,checkout-api,prod,atlas-payments,PR-11854,REL-2021.1.10,flag_checkout_api_dual_run,25,rolled back,Fatima Noor,error budget guard,ATLAS-3007,"Deployment note: verify feature flag, Grafana SLO, PagerDuty status, database health, and support handoff for checkout-api."
DEP-00578,2020-05-01,cart-service,stage,atlas-orders,PR-9105,REL-2021.2.5,flag_cart_service_rollback_guard,25,paused,Mateo Garcia,database lag guard,ATLAS-1236,"Deployment note: verify feature flag, Grafana SLO, PagerDuty status, database health, and support handoff for cart-service."
DEP-00579,2020-05-02,order-ledger,stage,atlas-checkout,PR-7069,REL-2019.1.14,flag_order_ledger_payment_retry,10,monitoring,Kim Tan,support volume guard,ATLAS-3414,"Deployment note: verify feature flag, Grafana SLO, PagerDuty status, database health, and support handoff for order-ledger."
DEP-00580,2020-05-02,loyalty-service,canary,atlas-infra,PR-5399,REL-2024.4.8,flag_loyalty_service_new_write_path,75,success,Iris Wang,latency guard,ATLAS-3059,"Deployment note: verify feature flag, Grafana SLO, PagerDuty status, database health, and support handoff for loyalty-service."
DEP-00581,2020-05-04,tax-service,prod,atlas-observability,PR-7493,REL-2021.04,flag_tax_service_regional_launch,50,success,Grace Kim,manual approval,ATLAS-4344,"Deployment note: verify feature flag, Grafana SLO, PagerDuty status, database health, and support handoff for tax-service."
DEP-00582,2020-05-04,tax-service,stage,atlas-web,PR-11195,REL-2022.2.9,flag_tax_service_new_write_path,1,partial,Nora Singh,support volume guard,ATLAS-3567,"Deployment note: verify feature flag, Grafana SLO, PagerDuty status, database health, and support handoff for tax-service."
DEP-00583,2020-05-06,analytics-pipeline,stage,atlas-payments,PR-7227,REL-2025.2.18,flag_analytics_pipeline_new_write_path,100,partial,Harper Lee,latency guard,ATLAS-5744,"Deployment note: verify feature flag, Grafana SLO, PagerDuty status, database health, and support handoff for analytics-pipeline."
DEP-00584,2020-05-06,notification-service,prod,atlas-infra,PR-5896,REL-2021.1.10,flag_notification_service_dual_run,1,rolled back,Priya Nair,support volume guard,ATLAS-2813,"Deployment note: verify feature flag, Grafana SLO, PagerDuty status, database health, and support handoff for notification-service."
DEP-00585,2020-05-08,inventory-reservation,prod,atlas-web,PR-9465,REL-2018.4.9,flag_inventory_reservation_payment_retry,0,paused,Harper Lee,database lag guard,ATLAS-5014,"Deployment note: verify feature flag, Grafana SLO, PagerDuty status, database health, and support handoff for inventory-reservation."
DEP-00586,2020-05-11,payment-orchestrator,stage,atlas-infra,PR-11483,REL-2025.1.6,flag_payment_orchestrator_new_write_path,100,paused,Theo Martin,error budget guard,ATLAS-2147,"Deployment note: verify feature flag, Grafana SLO, PagerDuty status, database health, and support handoff for payment-orchestrator."
DEP-00587,2020-05-10,tax-service,prod,atlas-checkout,PR-9144,REL-2023.1.3,flag_tax_service_mobile_session,50,partial,Priya Nair,support volume guard,ATLAS-3572,"Deployment note: verify feature flag, Grafana SLO, PagerDuty status, database health, and support handoff for tax-service."
DEP-00588,2020-05-12,checkout-api,prod,atlas-mobile,PR-10319,REL-2023.1.7,flag_checkout_api_rollback_guard,1,rolled back,Theo Martin,manual approval,ATLAS-3317,"Deployment note: verify feature flag, Grafana SLO, PagerDuty status, database health, and support handoff for checkout-api."
DEP-00589,2020-05-14,inventory-reservation,stage,atlas-observability,PR-6118,REL-2024.4.8,flag_inventory_reservation_mobile_session,1,partial,Aisha Khan,support volume guard,ATLAS-5545,"Deployment note: verify feature flag, Grafana SLO, PagerDuty status, database health, and support handoff for inventory-reservation."
DEP-00590,2020-05-13,notification-service,prod,atlas-observability,PR-10582,REL-2019.4.3,flag_notification_service_dual_run,0,success,Mateo Garcia,error budget guard,ATLAS-5081,"Deployment note: verify feature flag, Grafana SLO, PagerDuty status, database health, and support handoff for notification-service."
DEP-00591,2020-05-17,order-ledger,stage,atlas-infra,PR-6503,REL-2024.11,flag_order_ledger_payment_retry,50,monitoring,Jon Bell,database lag guard,ATLAS-2383,"Deployment note: verify feature flag, Grafana SLO, PagerDuty status, database health, and support handoff for order-ledger."
DEP-00592,2020-05-16,notification-service,stage,atlas-observability,PR-7101,REL-2026.01,flag_notification_service_rollback_guard,50,paused,Aisha Khan,support volume guard,ATLAS-2603,"Deployment note: verify feature flag, Grafana SLO, PagerDuty status, database health, and support handoff for notification-service."
DEP-00593,2020-05-18,order-ledger,prod,atlas-observability,PR-6781,REL-2023.03,flag_order_ledger_mobile_session,50,monitoring,Luca Moretti,database lag guard,ATLAS-5304,"Deployment note: verify feature flag, Grafana SLO, PagerDuty status, database health, and support handoff for order-ledger."
DEP-00594,2020-05-18,tax-service,stage,atlas-checkout,PR-6783,REL-2019.1.14,flag_tax_service_rollback_guard,1,partial,Elena Petrova,error budget guard,ATLAS-3709,"Deployment note: verify feature flag, Grafana SLO, PagerDuty status, database health, and support handoff for tax-service."
DEP-00595,2020-05-20,search-recommendations,stage,atlas-orders,PR-6967,REL-2021.2.9,flag_search_recommendations_new_write_path,5,partial,Theo Martin,manual approval,ATLAS-4695,"Deployment note: verify feature flag, Grafana SLO, PagerDuty status, database health, and support handoff for search-recommendations."
DEP-00596,2020-05-23,loyalty-service,canary,atlas-web,PR-5091,REL-2022.3.12,flag_loyalty_service_dual_run,5,rolled back,Elena Petrova,support volume guard,ATLAS-3044,"Deployment note: verify feature flag, Grafana SLO, PagerDuty status, database health, and support handoff for loyalty-service."
DEP-00597,2020-05-23,loyalty-service,stage,atlas-mobile,PR-10948,REL-2025.4.4,flag_loyalty_service_payment_retry,75,rolled back,Owen Brooks,database lag guard,ATLAS-5611,"Deployment note: verify feature flag, Grafana SLO, PagerDuty status, database health, and support handoff for loyalty-service."
DEP-00598,2020-05-25,auth-gateway,canary,atlas-mobile,PR-9587,REL-2026.04,flag_auth_gateway_mobile_session,5,success,Priya Nair,latency guard,ATLAS-2368,"Deployment note: verify feature flag, Grafana SLO, PagerDuty status, database health, and support handoff for auth-gateway."
DEP-00599,2020-05-26,analytics-pipeline,prod,atlas-web,PR-6365,REL-2019.4.3,flag_analytics_pipeline_regional_launch,10,monitoring,Grace Kim,error budget guard,ATLAS-5421,"Deployment note: verify feature flag, Grafana SLO, PagerDuty status, database health, and support handoff for analytics-pipeline."
DEP-00600,2020-05-28,search-recommendations,prod,atlas-orders,PR-10609,REL-2025.11,flag_search_recommendations_dual_run,1,monitoring,Dmitri Volkov,database lag guard,ATLAS-1253,"Deployment note: verify feature flag, Grafana SLO, PagerDuty status, database health, and support handoff for search-recommendations."
DEP-00601,2020-05-27,order-ledger,prod,atlas-data,PR-9193,REL-2022.2.6,flag_order_ledger_dual_run,5,partial,Anika Sharma,manual approval,ATLAS-5316,"Deployment note: verify feature flag, Grafana SLO, PagerDuty status, database health, and support handoff for order-ledger."
DEP-00602,2020-05-28,loyalty-service,stage,atlas-mobile,PR-10821,REL-2023.3.14,flag_loyalty_service_rollback_guard,50,monitoring,Kim Tan,error budget guard,ATLAS-1077,"Deployment note: verify feature flag, Grafana SLO, PagerDuty status, database health, and support handoff for loyalty-service."
DEP-00603,2020-05-31,analytics-pipeline,prod,atlas-payments,PR-5257,REL-2019.07,flag_analytics_pipeline_new_write_path,100,partial,Owen Brooks,error budget guard,ATLAS-2851,"Deployment note: verify feature flag, Grafana SLO, PagerDuty status, database health, and support handoff for analytics-pipeline."
DEP-00604,2020-06-01,cart-service,prod,atlas-checkout,PR-10476,REL-2021.4.15,flag_cart_service_dual_run,0,partial,Owen Brooks,support volume guard,ATLAS-1079,"Deployment note: verify feature flag, Grafana SLO, PagerDuty status, database health, and support handoff for cart-service."
DEP-00605,2020-06-02,payment-orchestrator,prod,atlas-mobile,PR-6202,REL-2022.06,flag_payment_orchestrator_dual_run,25,rolled back,Iris Wang,support volume guard,ATLAS-3216,"Deployment note: verify feature flag, Grafana SLO, PagerDuty status, database health, and support handoff for payment-orchestrator."
DEP-00606,2020-06-04,order-ledger,prod,atlas-payments,PR-9005,REL-2025.2.5,flag_order_ledger_dual_run,50,monitoring,Luca Moretti,manual approval,ATLAS-2247,"Deployment note: verify feature flag, Grafana SLO, PagerDuty status, database health, and support handoff for order-ledger."
DEP-00607,2020-06-04,payment-orchestrator,canary,atlas-checkout,PR-6875,REL-2025.05,flag_payment_orchestrator_payment_retry,25,partial,Theo Martin,error budget guard,ATLAS-2782,"Deployment note: verify feature flag, Grafana SLO, PagerDuty status, database health, and support handoff for payment-orchestrator."
DEP-00608,2020-06-04,cart-service,canary,atlas-orders,PR-6796,REL-2020.1.0,flag_cart_service_rollback_guard,100,partial,Theo Martin,error budget guard,ATLAS-5823,"Deployment note: verify feature flag, Grafana SLO, PagerDuty status, database health, and support handoff for cart-service."
DEP-00609,2020-06-07,auth-gateway,stage,atlas-data,PR-5589,REL-2023.03,flag_auth_gateway_regional_launch,100,partial,Owen Brooks,manual approval,ATLAS-3383,"Deployment note: verify feature flag, Grafana SLO, PagerDuty status, database health, and support handoff for auth-gateway."
DEP-00610,2020-06-07,payment-orchestrator,prod,atlas-web,PR-9392,REL-2021.02,flag_payment_orchestrator_mobile_session,10,partial,Anika Sharma,support volume guard,ATLAS-2264,"Deployment note: verify feature flag, Grafana SLO, PagerDuty status, database health, and support handoff for payment-orchestrator."
DEP-00611,2020-06-09,payment-orchestrator,prod,atlas-mobile,PR-6489,REL-2024.3.11,flag_payment_orchestrator_mobile_session,1,rolled back,Anika Sharma,support volume guard,ATLAS-3807,"Deployment note: verify feature flag, Grafana SLO, PagerDuty status, database health, and support handoff for payment-orchestrator."
DEP-00612,2020-06-09,tax-service,canary,atlas-observability,PR-5961,REL-2026.04,flag_tax_service_rollback_guard,100,paused,Noah Evans,database lag guard,ATLAS-6012,"Deployment note: verify feature flag, Grafana SLO, PagerDuty status, database health, and support handoff for tax-service."
DEP-00613,2020-06-11,inventory-reservation,canary,atlas-mobile,PR-10948,REL-2020.1.19,flag_inventory_reservation_regional_launch,25,success,Ravi Patel,error budget guard,ATLAS-3771,"Deployment note: verify feature flag, Grafana SLO, PagerDuty status, database health, and support handoff for inventory-reservation."
DEP-00614,2020-06-11,inventory-reservation,prod,atlas-checkout,PR-6816,REL-2020.1.19,flag_inventory_reservation_regional_launch,5,monitoring,Ravi Patel,database lag guard,ATLAS-2673,"Deployment note: verify feature flag, Grafana SLO, PagerDuty status, database health, and support handoff for inventory-reservation."
DEP-00615,2020-06-13,pricing-engine,prod,atlas-payments,PR-5201,REL-2022.2.19,flag_pricing_engine_regional_launch,10,rolled back,Theo Martin,error budget guard,ATLAS-5411,"Deployment note: verify feature flag, Grafana SLO, PagerDuty status, database health, and support handoff for pricing-engine."
DEP-00616,2020-06-16,auth-gateway,prod,atlas-orders,PR-10212,REL-2020.3.12,flag_auth_gateway_rollback_guard,10,monitoring,Aisha Khan,support volume guard,ATLAS-6164,"Deployment note: verify feature flag, Grafana SLO, PagerDuty status, database health, and support handoff for auth-gateway."
DEP-00617,2020-06-17,auth-gateway,canary,atlas-payments,PR-9077,REL-2026.2.12,flag_auth_gateway_payment_retry,10,rolled back,Theo Martin,database lag guard,ATLAS-4095,"Deployment note: verify feature flag, Grafana SLO, PagerDuty status, database health, and support handoff for auth-gateway."
DEP-00618,2020-06-16,payment-orchestrator,stage,atlas-orders,PR-5554,REL-2019.2.19,flag_payment_orchestrator_dual_run,50,partial,Yara Haddad,latency guard,ATLAS-4212,"Deployment note: verify feature flag, Grafana SLO, PagerDuty status, database health, and support handoff for payment-orchestrator."
DEP-00619,2020-06-20,tax-service,canary,atlas-payments,PR-8925,REL-2024.11,flag_tax_service_payment_retry,10,success,Elena Petrova,database lag guard,ATLAS-2223,"Deployment note: verify feature flag, Grafana SLO, PagerDuty status, database health, and support handoff for tax-service."
DEP-00620,2020-06-20,pricing-engine,canary,atlas-mobile,PR-11364,REL-2026.2.12,flag_pricing_engine_dual_run,1,rolled back,Nora Singh,support volume guard,ATLAS-3369,"Deployment note: verify feature flag, Grafana SLO, PagerDuty status, database health, and support handoff for pricing-engine."
DEP-00621,2020-06-20,checkout-api,prod,atlas-data,PR-9726,REL-2025.1.13,flag_checkout_api_payment_retry,0,success,Jon Bell,latency guard,ATLAS-2220,"Deployment note: verify feature flag, Grafana SLO, PagerDuty status, database health, and support handoff for checkout-api."
DEP-00622,2020-06-23,analytics-pipeline,stage,atlas-observability,PR-12207,REL-2024.08,flag_analytics_pipeline_rollback_guard,100,success,Nora Singh,error budget guard,ATLAS-3937,"Deployment note: verify feature flag, Grafana SLO, PagerDuty status, database health, and support handoff for analytics-pipeline."
DEP-00623,2020-06-23,order-ledger,stage,atlas-web,PR-10693,REL-2018.2.19,flag_order_ledger_mobile_session,10,success,Sara Novak,error budget guard,ATLAS-3354,"Deployment note: verify feature flag, Grafana SLO, PagerDuty status, database health, and support handoff for order-ledger."
DEP-00624,2020-06-26,search-recommendations,prod,atlas-orders,PR-11215,REL-2020.4.14,flag_search_recommendations_new_write_path,50,monitoring,Samir Rao,database lag guard,ATLAS-1660,"Deployment note: verify feature flag, Grafana SLO, PagerDuty status, database health, and support handoff for search-recommendations."
DEP-00625,2020-06-27,cart-service,canary,atlas-observability,PR-7020,REL-2021.04,flag_cart_service_regional_launch,1,partial,Dmitri Volkov,manual approval,ATLAS-2236,"Deployment note: verify feature flag, Grafana SLO, PagerDuty status, database health, and support handoff for cart-service."
DEP-00626,2020-06-28,order-ledger,stage,atlas-observability,PR-6669,REL-2020.2.2,flag_order_ledger_payment_retry,100,partial,Elena Petrova,support volume guard,ATLAS-4021,"Deployment note: verify feature flag, Grafana SLO, PagerDuty status, database health, and support handoff for order-ledger."
DEP-00627,2020-06-29,analytics-pipeline,stage,atlas-infra,PR-7045,REL-2024.4.13,flag_analytics_pipeline_payment_retry,100,partial,Luca Moretti,latency guard,ATLAS-2268,"Deployment note: verify feature flag, Grafana SLO, PagerDuty status, database health, and support handoff for analytics-pipeline."
DEP-00628,2020-06-28,inventory-reservation,canary,atlas-web,PR-8209,REL-2021.1.19,flag_inventory_reservation_regional_launch,0,success,Jon Bell,database lag guard,ATLAS-5100,"Deployment note: verify feature flag, Grafana SLO, PagerDuty status, database health, and support handoff for inventory-reservation."
DEP-00629,2020-07-01,tax-service,prod,atlas-mobile,PR-8411,REL-2023.2.2,flag_tax_service_regional_launch,10,rolled back,Luca Moretti,manual approval,ATLAS-3357,"Deployment note: verify feature flag, Grafana SLO, PagerDuty status, database health, and support handoff for tax-service."
DEP-00630,2020-07-03,notification-service,prod,atlas-infra,PR-8132,REL-2021.3.3,flag_notification_service_dual_run,25,monitoring,Ben Carter,error budget guard,ATLAS-3169,"Deployment note: verify feature flag, Grafana SLO, PagerDuty status, database health, and support handoff for notification-service."
DEP-00631,2020-07-04,auth-gateway,stage,atlas-infra,PR-6476,REL-2023.2.9,flag_auth_gateway_mobile_session,1,monitoring,Nora Singh,support volume guard,ATLAS-1933,"Deployment note: verify feature flag, Grafana SLO, PagerDuty status, database health, and support handoff for auth-gateway."
DEP-00632,2020-07-04,cart-service,canary,atlas-data,PR-6777,REL-2025.04,flag_cart_service_dual_run,75,paused,Iris Wang,latency guard,ATLAS-2898,"Deployment note: verify feature flag, Grafana SLO, PagerDuty status, database health, and support handoff for cart-service."
DEP-00633,2020-07-04,pricing-engine,stage,atlas-observability,PR-9074,REL-2021.10,flag_pricing_engine_mobile_session,25,rolled back,Ravi Patel,manual approval,ATLAS-1240,"Deployment note: verify feature flag, Grafana SLO, PagerDuty status, database health, and support handoff for pricing-engine."
DEP-00634,2020-07-06,tax-service,prod,atlas-infra,PR-8931,REL-2021.4.19,flag_tax_service_mobile_session,1,monitoring,Fatima Noor,manual approval,ATLAS-5679,"Deployment note: verify feature flag, Grafana SLO, PagerDuty status, database health, and support handoff for tax-service."
DEP-00635,2020-07-08,analytics-pipeline,canary,atlas-orders,PR-9431,REL-2021.2.9,flag_analytics_pipeline_dual_run,25,success,Jon Bell,support volume guard,ATLAS-3051,"Deployment note: verify feature flag, Grafana SLO, PagerDuty status, database health, and support handoff for analytics-pipeline."
DEP-00636,2020-07-09,payment-orchestrator,canary,atlas-mobile,PR-7332,REL-2020.12,flag_payment_orchestrator_mobile_session,1,rolled back,Nora Singh,support volume guard,ATLAS-2551,"Deployment note: verify feature flag, Grafana SLO, PagerDuty status, database health, and support handoff for payment-orchestrator."
DEP-00637,2020-07-10,checkout-api,stage,atlas-checkout,PR-5229,REL-2019.1.9,flag_checkout_api_regional_launch,0,partial,Harper Lee,error budget guard,ATLAS-4356,"Deployment note: verify feature flag, Grafana SLO, PagerDuty status, database health, and support handoff for checkout-api."
DEP-00638,2020-07-12,cart-service,stage,atlas-web,PR-6160,REL-2018.2.13,flag_cart_service_rollback_guard,0,monitoring,Yara Haddad,manual approval,ATLAS-6193,"Deployment note: verify feature flag, Grafana SLO, PagerDuty status, database health, and support handoff for cart-service."
DEP-00639,2020-07-14,loyalty-service,canary,atlas-orders,PR-8307,REL-2023.07,flag_loyalty_service_dual_run,25,partial,Ravi Patel,database lag guard,ATLAS-2555,"Deployment note: verify feature flag, Grafana SLO, PagerDuty status, database health, and support handoff for loyalty-service."
DEP-00640,2020-07-14,cart-service,prod,atlas-web,PR-7364,REL-2021.03,flag_cart_service_new_write_path,0,paused,Grace Kim,database lag guard,ATLAS-4726,"Deployment note: verify feature flag, Grafana SLO, PagerDuty status, database health, and support handoff for cart-service."
DEP-00641,2020-07-14,order-ledger,stage,atlas-data,PR-8531,REL-2024.4.8,flag_order_ledger_mobile_session,50,monitoring,Jon Bell,database lag guard,ATLAS-3096,"Deployment note: verify feature flag, Grafana SLO, PagerDuty status, database health, and support handoff for order-ledger."
DEP-00642,2020-07-17,auth-gateway,prod,atlas-payments,PR-12386,REL-2020.4.5,flag_auth_gateway_mobile_session,50,monitoring,Ben Carter,latency guard,ATLAS-2906,"Deployment note: verify feature flag, Grafana SLO, PagerDuty status, database health, and support handoff for auth-gateway."
DEP-00643,2020-07-17,cart-service,prod,atlas-mobile,PR-7717,REL-2025.2.5,flag_cart_service_payment_retry,0,monitoring,Samir Rao,error budget guard,ATLAS-1973,"Deployment note: verify feature flag, Grafana SLO, PagerDuty status, database health, and support handoff for cart-service."
DEP-00644,2020-07-18,analytics-pipeline,canary,atlas-observability,PR-12561,REL-2022.08,flag_analytics_pipeline_regional_launch,5,paused,Victor Silva,latency guard,ATLAS-4288,"Deployment note: verify feature flag, Grafana SLO, PagerDuty status, database health, and support handoff for analytics-pipeline."
DEP-00645,2020-07-19,pricing-engine,canary,atlas-orders,PR-8775,REL-2020.3.5,flag_pricing_engine_rollback_guard,10,success,Nora Singh,support volume guard,ATLAS-3394,"Deployment note: verify feature flag, Grafana SLO, PagerDuty status, database health, and support handoff for pricing-engine."
DEP-00646,2020-07-20,search-recommendations,canary,atlas-observability,PR-7467,REL-2022.10,flag_search_recommendations_dual_run,1,success,Owen Brooks,manual approval,ATLAS-1329,"Deployment note: verify feature flag, Grafana SLO, PagerDuty status, database health, and support handoff for search-recommendations."
DEP-00647,2020-07-22,payment-orchestrator,stage,atlas-payments,PR-5554,REL-2021.4.15,flag_payment_orchestrator_dual_run,0,partial,Dmitri Volkov,manual approval,ATLAS-3261,"Deployment note: verify feature flag, Grafana SLO, PagerDuty status, database health, and support handoff for payment-orchestrator."
DEP-00648,2020-07-23,inventory-reservation,stage,atlas-web,PR-9571,REL-2025.2.19,flag_inventory_reservation_mobile_session,100,paused,Aisha Khan,manual approval,ATLAS-5413,"Deployment note: verify feature flag, Grafana SLO, PagerDuty status, database health, and support handoff for inventory-reservation."
DEP-00649,2020-07-24,checkout-api,prod,atlas-payments,PR-11965,REL-2020.07,flag_checkout_api_regional_launch,1,rolled back,Ravi Patel,error budget guard,ATLAS-1615,"Deployment note: verify feature flag, Grafana SLO, PagerDuty status, database health, and support handoff for checkout-api."
DEP-00650,2020-07-27,payment-orchestrator,canary,atlas-data,PR-11996,REL-2025.2.17,flag_payment_orchestrator_regional_launch,0,partial,Mateo Garcia,support volume guard,ATLAS-5523,"Deployment note: verify feature flag, Grafana SLO, PagerDuty status, database health, and support handoff for payment-orchestrator."
DEP-00651,2020-07-28,analytics-pipeline,canary,atlas-web,PR-5951,REL-2023.3.3,flag_analytics_pipeline_payment_retry,1,paused,Yara Haddad,manual approval,ATLAS-3714,"Deployment note: verify feature flag, Grafana SLO, PagerDuty status, database health, and support handoff for analytics-pipeline."
DEP-00652,2020-07-29,checkout-api,prod,atlas-orders,PR-9412,REL-2025.3.10,flag_checkout_api_dual_run,10,paused,Maya Chen,manual approval,ATLAS-3110,"Deployment note: verify feature flag, Grafana SLO, PagerDuty status, database health, and support handoff for checkout-api."
DEP-00653,2020-07-31,inventory-reservation,prod,atlas-web,PR-5447,REL-2018.09,flag_inventory_reservation_regional_launch,5,paused,Ben Carter,support volume guard,ATLAS-1437,"Deployment note: verify feature flag, Grafana SLO, PagerDuty status, database health, and support handoff for inventory-reservation."
DEP-00654,2020-07-31,tax-service,stage,atlas-web,PR-9818,REL-2019.08,flag_tax_service_payment_retry,1,partial,Harper Lee,support volume guard,ATLAS-1122,"Deployment note: verify feature flag, Grafana SLO, PagerDuty status, database health, and support handoff for tax-service."
DEP-00655,2020-08-01,tax-service,stage,atlas-infra,PR-10253,REL-2019.1.14,flag_tax_service_dual_run,100,success,Anika Sharma,support volume guard,ATLAS-5957,"Deployment note: verify feature flag, Grafana SLO, PagerDuty status, database health, and support handoff for tax-service."
DEP-00656,2020-08-01,analytics-pipeline,prod,atlas-observability,PR-5149,REL-2024.3.17,flag_analytics_pipeline_mobile_session,75,partial,Iris Wang,latency guard,ATLAS-1017,"Deployment note: verify feature flag, Grafana SLO, PagerDuty status, database health, and support handoff for analytics-pipeline."
DEP-00657,2020-08-05,payment-orchestrator,stage,atlas-checkout,PR-11293,REL-2020.1.15,flag_payment_orchestrator_rollback_guard,100,rolled back,Grace Kim,latency guard,ATLAS-5571,"Deployment note: verify feature flag, Grafana SLO, PagerDuty status, database health, and support handoff for payment-orchestrator."
DEP-00658,2020-08-06,tax-service,prod,atlas-web,PR-6658,REL-2019.1.9,flag_tax_service_regional_launch,25,rolled back,Victor Silva,error budget guard,ATLAS-5864,"Deployment note: verify feature flag, Grafana SLO, PagerDuty status, database health, and support handoff for tax-service."
DEP-00659,2020-08-07,pricing-engine,prod,atlas-checkout,PR-8939,REL-2020.06,flag_pricing_engine_rollback_guard,25,partial,Samir Rao,support volume guard,ATLAS-5720,"Deployment note: verify feature flag, Grafana SLO, PagerDuty status, database health, and support handoff for pricing-engine."
DEP-00660,2020-08-06,order-ledger,canary,atlas-payments,PR-11294,REL-2024.1.18,flag_order_ledger_mobile_session,0,rolled back,Samir Rao,database lag guard,ATLAS-4089,"Deployment note: verify feature flag, Grafana SLO, PagerDuty status, database health, and support handoff for order-ledger."
DEP-00661,2020-08-09,search-recommendations,prod,atlas-data,PR-11538,REL-2022.1.0,flag_search_recommendations_rollback_guard,75,success,Noah Evans,database lag guard,ATLAS-1563,"Deployment note: verify feature flag, Grafana SLO, PagerDuty status, database health, and support handoff for search-recommendations."
DEP-00662,2020-08-09,auth-gateway,prod,atlas-infra,PR-10376,REL-2023.3.12,flag_auth_gateway_dual_run,5,monitoring,Ben Carter,support volume guard,ATLAS-1020,"Deployment note: verify feature flag, Grafana SLO, PagerDuty status, database health, and support handoff for auth-gateway."
DEP-00663,2020-08-12,notification-service,prod,atlas-orders,PR-9402,REL-2021.2.17,flag_notification_service_payment_retry,75,rolled back,Noah Evans,database lag guard,ATLAS-2730,"Deployment note: verify feature flag, Grafana SLO, PagerDuty status, database health, and support handoff for notification-service."
DEP-00664,2020-08-12,payment-orchestrator,canary,atlas-payments,PR-6851,REL-2020.2.13,flag_payment_orchestrator_new_write_path,25,rolled back,Mateo Garcia,manual approval,ATLAS-2428,"Deployment note: verify feature flag, Grafana SLO, PagerDuty status, database health, and support handoff for payment-orchestrator."
DEP-00665,2020-08-14,pricing-engine,prod,atlas-orders,PR-8667,REL-2019.2.0,flag_pricing_engine_mobile_session,0,success,Jon Bell,manual approval,ATLAS-2576,"Deployment note: verify feature flag, Grafana SLO, PagerDuty status, database health, and support handoff for pricing-engine."
DEP-00666,2020-08-13,tax-service,canary,atlas-web,PR-9464,REL-2019.2.8,flag_tax_service_payment_retry,0,rolled back,Iris Wang,error budget guard,ATLAS-4490,"Deployment note: verify feature flag, Grafana SLO, PagerDuty status, database health, and support handoff for tax-service."
DEP-00667,2020-08-17,search-recommendations,canary,atlas-checkout,PR-8252,REL-2024.3.4,flag_search_recommendations_regional_launch,50,monitoring,Theo Martin,latency guard,ATLAS-5754,"Deployment note: verify feature flag, Grafana SLO, PagerDuty status, database health, and support handoff for search-recommendations."
DEP-00668,2020-08-16,loyalty-service,prod,atlas-checkout,PR-5833,REL-2021.4.15,flag_loyalty_service_dual_run,100,rolled back,Noah Evans,support volume guard,ATLAS-3084,"Deployment note: verify feature flag, Grafana SLO, PagerDuty status, database health, and support handoff for loyalty-service."
DEP-00669,2020-08-18,search-recommendations,prod,atlas-mobile,PR-7508,REL-2018.06,flag_search_recommendations_rollback_guard,50,success,Ben Carter,latency guard,ATLAS-3169,"Deployment note: verify feature flag, Grafana SLO, PagerDuty status, database health, and support handoff for search-recommendations."
DEP-00670,2020-08-18,tax-service,canary,atlas-data,PR-8311,REL-2024.4.8,flag_tax_service_regional_launch,10,success,Samir Rao,latency guard,ATLAS-1014,"Deployment note: verify feature flag, Grafana SLO, PagerDuty status, database health, and support handoff for tax-service."
DEP-00671,2020-08-19,order-ledger,stage,atlas-web,PR-6391,REL-2019.1.6,flag_order_ledger_mobile_session,75,monitoring,Dmitri Volkov,support volume guard,ATLAS-5391,"Deployment note: verify feature flag, Grafana SLO, PagerDuty status, database health, and support handoff for order-ledger."
DEP-00672,2020-08-23,pricing-engine,prod,atlas-data,PR-5807,REL-2021.2.2,flag_pricing_engine_regional_launch,5,rolled back,Kim Tan,latency guard,ATLAS-3015,"Deployment note: verify feature flag, Grafana SLO, PagerDuty status, database health, and support handoff for pricing-engine."
DEP-00673,2020-08-23,notification-service,canary,atlas-observability,PR-7938,REL-2024.3.10,flag_notification_service_new_write_path,100,partial,Luca Moretti,latency guard,ATLAS-1065,"Deployment note: verify feature flag, Grafana SLO, PagerDuty status, database health, and support handoff for notification-service."
DEP-00674,2020-08-23,pricing-engine,prod,atlas-mobile,PR-8815,REL-2020.10,flag_pricing_engine_payment_retry,10,monitoring,Dmitri Volkov,error budget guard,ATLAS-3387,"Deployment note: verify feature flag, Grafana SLO, PagerDuty status, database health, and support handoff for pricing-engine."
DEP-00675,2020-08-25,auth-gateway,stage,atlas-data,PR-9724,REL-2019.3.5,flag_auth_gateway_regional_launch,5,partial,Elena Petrova,error budget guard,ATLAS-3166,"Deployment note: verify feature flag, Grafana SLO, PagerDuty status, database health, and support handoff for auth-gateway."
DEP-00676,2020-08-28,order-ledger,prod,atlas-mobile,PR-6129,REL-2020.4.1,flag_order_ledger_dual_run,10,paused,Priya Nair,error budget guard,ATLAS-3154,"Deployment note: verify feature flag, Grafana SLO, PagerDuty status, database health, and support handoff for order-ledger."
DEP-00677,2020-08-28,tax-service,stage,atlas-infra,PR-7174,REL-2022.3.12,flag_tax_service_mobile_session,100,monitoring,Kim Tan,manual approval,ATLAS-2971,"Deployment note: verify feature flag, Grafana SLO, PagerDuty status, database health, and support handoff for tax-service."
DEP-00678,2020-08-29,payment-orchestrator,stage,atlas-data,PR-8496,REL-2018.4.9,flag_payment_orchestrator_regional_launch,10,success,Iris Wang,database lag guard,ATLAS-1737,"Deployment note: verify feature flag, Grafana SLO, PagerDuty status, database health, and support handoff for payment-orchestrator."
DEP-00679,2020-08-30,order-ledger,prod,atlas-checkout,PR-5125,REL-2022.05,flag_order_ledger_rollback_guard,10,partial,Grace Kim,database lag guard,ATLAS-3433,"Deployment note: verify feature flag, Grafana SLO, PagerDuty status, database health, and support handoff for order-ledger."
DEP-00680,2020-09-01,loyalty-service,stage,atlas-observability,PR-11377,REL-2025.3.8,flag_loyalty_service_new_write_path,50,paused,Anika Sharma,support volume guard,ATLAS-5047,"Deployment note: verify feature flag, Grafana SLO, PagerDuty status, database health, and support handoff for loyalty-service."
DEP-00681,2020-09-03,cart-service,stage,atlas-checkout,PR-9684,REL-2025.07,flag_cart_service_regional_launch,25,paused,Maya Chen,manual approval,ATLAS-3367,"Deployment note: verify feature flag, Grafana SLO, PagerDuty status, database health, and support handoff for cart-service."
DEP-00682,2020-09-03,auth-gateway,prod,atlas-payments,PR-9479,REL-2021.1.19,flag_auth_gateway_mobile_session,10,rolled back,Grace Kim,latency guard,ATLAS-4758,"Deployment note: verify feature flag, Grafana SLO, PagerDuty status, database health, and support handoff for auth-gateway."
DEP-00683,2020-09-03,pricing-engine,prod,atlas-mobile,PR-7098,REL-2024.2.19,flag_pricing_engine_mobile_session,50,rolled back,Maya Chen,latency guard,ATLAS-2642,"Deployment note: verify feature flag, Grafana SLO, PagerDuty status, database health, and support handoff for pricing-engine."
DEP-00684,2020-09-06,notification-service,prod,atlas-data,PR-5730,REL-2022.3.10,flag_notification_service_dual_run,100,success,Fatima Noor,support volume guard,ATLAS-2999,"Deployment note: verify feature flag, Grafana SLO, PagerDuty status, database health, and support handoff for notification-service."
DEP-00685,2020-09-07,tax-service,canary,atlas-web,PR-6639,REL-2019.11,flag_tax_service_new_write_path,10,paused,Sara Novak,error budget guard,ATLAS-3801,"Deployment note: verify feature flag, Grafana SLO, PagerDuty status, database health, and support handoff for tax-service."
DEP-00686,2020-09-07,payment-orchestrator,prod,atlas-checkout,PR-6610,REL-2019.11,flag_payment_orchestrator_dual_run,10,monitoring,Noah Evans,database lag guard,ATLAS-5378,"Deployment note: verify feature flag, Grafana SLO, PagerDuty status, database health, and support handoff for payment-orchestrator."
DEP-00687,2020-09-08,tax-service,prod,atlas-orders,PR-10941,REL-2019.4.2,flag_tax_service_new_write_path,50,rolled back,Theo Martin,manual approval,ATLAS-1359,"Deployment note: verify feature flag, Grafana SLO, PagerDuty status, database health, and support handoff for tax-service."
DEP-00688,2020-09-11,pricing-engine,canary,atlas-web,PR-7053,REL-2020.04,flag_pricing_engine_regional_launch,10,success,Ben Carter,error budget guard,ATLAS-3751,"Deployment note: verify feature flag, Grafana SLO, PagerDuty status, database health, and support handoff for pricing-engine."
DEP-00689,2020-09-12,pricing-engine,canary,atlas-web,PR-8802,REL-2025.05,flag_pricing_engine_regional_launch,100,rolled back,Samir Rao,manual approval,ATLAS-5850,"Deployment note: verify feature flag, Grafana SLO, PagerDuty status, database health, and support handoff for pricing-engine."
DEP-00690,2020-09-13,payment-orchestrator,canary,atlas-data,PR-8346,REL-2022.10,flag_payment_orchestrator_regional_launch,0,paused,Theo Martin,database lag guard,ATLAS-1401,"Deployment note: verify feature flag, Grafana SLO, PagerDuty status, database health, and support handoff for payment-orchestrator."
DEP-00691,2020-09-15,loyalty-service,canary,atlas-orders,PR-9841,REL-2022.3.0,flag_loyalty_service_mobile_session,0,success,Sara Novak,support volume guard,ATLAS-1723,"Deployment note: verify feature flag, Grafana SLO, PagerDuty status, database health, and support handoff for loyalty-service."
DEP-00692,2020-09-16,auth-gateway,canary,atlas-orders,PR-9417,REL-2020.4.5,flag_auth_gateway_new_write_path,10,monitoring,Harper Lee,support volume guard,ATLAS-2430,"Deployment note: verify feature flag, Grafana SLO, PagerDuty status, database health, and support handoff for auth-gateway."
DEP-00693,2020-09-16,payment-orchestrator,stage,atlas-payments,PR-5109,REL-2021.3.10,flag_payment_orchestrator_mobile_session,5,success,Grace Kim,error budget guard,ATLAS-2018,"Deployment note: verify feature flag, Grafana SLO, PagerDuty status, database health, and support handoff for payment-orchestrator."
DEP-00694,2020-09-17,search-recommendations,prod,atlas-checkout,PR-5026,REL-2019.2.0,flag_search_recommendations_new_write_path,0,partial,Iris Wang,manual approval,ATLAS-3891,"Deployment note: verify feature flag, Grafana SLO, PagerDuty status, database health, and support handoff for search-recommendations."
DEP-00695,2020-09-19,inventory-reservation,prod,atlas-mobile,PR-10638,REL-2023.09,flag_inventory_reservation_rollback_guard,1,partial,Fatima Noor,error budget guard,ATLAS-4767,"Deployment note: verify feature flag, Grafana SLO, PagerDuty status, database health, and support handoff for inventory-reservation."
DEP-00696,2020-09-21,order-ledger,prod,atlas-infra,PR-6013,REL-2023.02,flag_order_ledger_rollback_guard,25,rolled back,Elena Petrova,database lag guard,ATLAS-5705,"Deployment note: verify feature flag, Grafana SLO, PagerDuty status, database health, and support handoff for order-ledger."
DEP-00697,2020-09-20,inventory-reservation,prod,atlas-infra,PR-5663,REL-2023.09,flag_inventory_reservation_regional_launch,50,partial,Owen Brooks,manual approval,ATLAS-4396,"Deployment note: verify feature flag, Grafana SLO, PagerDuty status, database health, and support handoff for inventory-reservation."
DEP-00698,2020-09-23,cart-service,prod,atlas-checkout,PR-9390,REL-2020.3.11,flag_cart_service_rollback_guard,75,success,Kim Tan,manual approval,ATLAS-1978,"Deployment note: verify feature flag, Grafana SLO, PagerDuty status, database health, and support handoff for cart-service."
DEP-00699,2020-09-24,checkout-api,prod,atlas-infra,PR-11989,REL-2023.3.1,flag_checkout_api_new_write_path,10,rolled back,Theo Martin,error budget guard,ATLAS-4326,"Deployment note: verify feature flag, Grafana SLO, PagerDuty status, database health, and support handoff for checkout-api."
DEP-00700,2020-09-26,pricing-engine,prod,atlas-checkout,PR-6469,REL-2018.4.16,flag_pricing_engine_payment_retry,5,monitoring,Kim Tan,manual approval,ATLAS-2904,"Deployment note: verify feature flag, Grafana SLO, PagerDuty status, database health, and support handoff for pricing-engine."
DEP-00701,2020-09-25,inventory-reservation,stage,atlas-mobile,PR-8718,REL-2018.3.7,flag_inventory_reservation_rollback_guard,1,partial,Yara Haddad,support volume guard,ATLAS-3360,"Deployment note: verify feature flag, Grafana SLO, PagerDuty status, database health, and support handoff for inventory-reservation."
DEP-00702,2020-09-26,loyalty-service,prod,atlas-infra,PR-8586,REL-2021.06,flag_loyalty_service_payment_retry,0,monitoring,Luca Moretti,database lag guard,ATLAS-3594,"Deployment note: verify feature flag, Grafana SLO, PagerDuty status, database health, and support handoff for loyalty-service."
DEP-00703,2020-09-28,cart-service,prod,atlas-payments,PR-8132,REL-2021.03,flag_cart_service_rollback_guard,5,success,Iris Wang,latency guard,ATLAS-1233,"Deployment note: verify feature flag, Grafana SLO, PagerDuty status, database health, and support handoff for cart-service."
DEP-00704,2020-09-30,tax-service,stage,atlas-payments,PR-7777,REL-2020.4.1,flag_tax_service_mobile_session,5,partial,Grace Kim,database lag guard,ATLAS-4719,"Deployment note: verify feature flag, Grafana SLO, PagerDuty status, database health, and support handoff for tax-service."
DEP-00705,2020-10-02,loyalty-service,stage,atlas-infra,PR-11326,REL-2024.02,flag_loyalty_service_rollback_guard,10,rolled back,Iris Wang,error budget guard,ATLAS-3759,"Deployment note: verify feature flag, Grafana SLO, PagerDuty status, database health, and support handoff for loyalty-service."
DEP-00706,2020-10-02,cart-service,stage,atlas-checkout,PR-9960,REL-2022.1.15,flag_cart_service_mobile_session,10,partial,Maya Chen,error budget guard,ATLAS-1413,"Deployment note: verify feature flag, Grafana SLO, PagerDuty status, database health, and support handoff for cart-service."
DEP-00707,2020-10-04,tax-service,canary,atlas-infra,PR-8810,REL-2024.12,flag_tax_service_new_write_path,25,partial,Elena Petrova,error budget guard,ATLAS-6015,"Deployment note: verify feature flag, Grafana SLO, PagerDuty status, database health, and support handoff for tax-service."
DEP-00708,2020-10-03,auth-gateway,stage,atlas-mobile,PR-8998,REL-2022.05,flag_auth_gateway_payment_retry,1,partial,Ben Carter,database lag guard,ATLAS-2049,"Deployment note: verify feature flag, Grafana SLO, PagerDuty status, database health, and support handoff for auth-gateway."
DEP-00709,2020-10-05,inventory-reservation,prod,atlas-mobile,PR-8631,REL-2019.2.11,flag_inventory_reservation_mobile_session,0,rolled back,Grace Kim,error budget guard,ATLAS-3852,"Deployment note: verify feature flag, Grafana SLO, PagerDuty status, database health, and support handoff for inventory-reservation."
DEP-00710,2020-10-08,order-ledger,canary,atlas-infra,PR-5743,REL-2023.1.0,flag_order_ledger_mobile_session,50,rolled back,Ravi Patel,database lag guard,ATLAS-4359,"Deployment note: verify feature flag, Grafana SLO, PagerDuty status, database health, and support handoff for order-ledger."
DEP-00711,2020-10-08,search-recommendations,canary,atlas-payments,PR-6562,REL-2020.3.12,flag_search_recommendations_dual_run,1,paused,Luca Moretti,manual approval,ATLAS-1825,"Deployment note: verify feature flag, Grafana SLO, PagerDuty status, database health, and support handoff for search-recommendations."
DEP-00712,2020-10-10,notification-service,stage,atlas-infra,PR-9689,REL-2024.1.8,flag_notification_service_dual_run,1,success,Owen Brooks,manual approval,ATLAS-4061,"Deployment note: verify feature flag, Grafana SLO, PagerDuty status, database health, and support handoff for notification-service."
DEP-00713,2020-10-09,checkout-api,canary,atlas-checkout,PR-6720,REL-2021.4.17,flag_checkout_api_rollback_guard,0,partial,Theo Martin,latency guard,ATLAS-3784,"Deployment note: verify feature flag, Grafana SLO, PagerDuty status, database health, and support handoff for checkout-api."
DEP-00714,2020-10-12,search-recommendations,prod,atlas-web,PR-9560,REL-2020.1.0,flag_search_recommendations_regional_launch,1,monitoring,Grace Kim,manual approval,ATLAS-3857,"Deployment note: verify feature flag, Grafana SLO, PagerDuty status, database health, and support handoff for search-recommendations."
DEP-00715,2020-10-12,inventory-reservation,canary,atlas-checkout,PR-9265,REL-2021.03,flag_inventory_reservation_payment_retry,5,paused,Harper Lee,error budget guard,ATLAS-3831,"Deployment note: verify feature flag, Grafana SLO, PagerDuty status, database health, and support handoff for inventory-reservation."
DEP-00716,2020-10-14,search-recommendations,prod,atlas-infra,PR-8063,REL-2022.05,flag_search_recommendations_rollback_guard,1,monitoring,Priya Nair,latency guard,ATLAS-3024,"Deployment note: verify feature flag, Grafana SLO, PagerDuty status, database health, and support handoff for search-recommendations."
DEP-00717,2020-10-16,inventory-reservation,prod,atlas-payments,PR-10826,REL-2019.4.3,flag_inventory_reservation_regional_launch,0,partial,Priya Nair,latency guard,ATLAS-5116,"Deployment note: verify feature flag, Grafana SLO, PagerDuty status, database health, and support handoff for inventory-reservation."
DEP-00718,2020-10-17,cart-service,canary,atlas-orders,PR-8209,REL-2018.3.10,flag_cart_service_new_write_path,0,partial,Maya Chen,error budget guard,ATLAS-1732,"Deployment note: verify feature flag, Grafana SLO, PagerDuty status, database health, and support handoff for cart-service."
DEP-00719,2020-10-17,cart-service,prod,atlas-web,PR-7881,REL-2026.1.16,flag_cart_service_regional_launch,100,partial,Samir Rao,latency guard,ATLAS-3753,"Deployment note: verify feature flag, Grafana SLO, PagerDuty status, database health, and support handoff for cart-service."
DEP-00720,2020-10-19,search-recommendations,stage,atlas-infra,PR-7391,REL-2020.4.9,flag_search_recommendations_rollback_guard,5,success,Maya Chen,error budget guard,ATLAS-2720,"Deployment note: verify feature flag, Grafana SLO, PagerDuty status, database health, and support handoff for search-recommendations."
DEP-00721,2020-10-19,tax-service,stage,atlas-mobile,PR-7184,REL-2022.2.12,flag_tax_service_mobile_session,100,partial,Victor Silva,manual approval,ATLAS-5604,"Deployment note: verify feature flag, Grafana SLO, PagerDuty status, database health, and support handoff for tax-service."
DEP-00722,2020-10-20,notification-service,stage,atlas-orders,PR-8981,REL-2023.2.17,flag_notification_service_payment_retry,5,paused,Yara Haddad,support volume guard,ATLAS-1265,"Deployment note: verify feature flag, Grafana SLO, PagerDuty status, database health, and support handoff for notification-service."
DEP-00723,2020-10-21,notification-service,canary,atlas-infra,PR-8004,REL-2020.1.5,flag_notification_service_payment_retry,50,monitoring,Aisha Khan,latency guard,ATLAS-5132,"Deployment note: verify feature flag, Grafana SLO, PagerDuty status, database health, and support handoff for notification-service."
DEP-00724,2020-10-23,loyalty-service,prod,atlas-web,PR-8897,REL-2021.4.9,flag_loyalty_service_payment_retry,25,rolled back,Anika Sharma,latency guard,ATLAS-4817,"Deployment note: verify feature flag, Grafana SLO, PagerDuty status, database health, and support handoff for loyalty-service."
DEP-00725,2020-10-26,analytics-pipeline,canary,atlas-infra,PR-10132,REL-2020.1.5,flag_analytics_pipeline_dual_run,100,rolled back,Jon Bell,database lag guard,ATLAS-4232,"Deployment note: verify feature flag, Grafana SLO, PagerDuty status, database health, and support handoff for analytics-pipeline."
DEP-00726,2020-10-25,checkout-api,prod,atlas-mobile,PR-9275,REL-2022.05,flag_checkout_api_payment_retry,100,rolled back,Ben Carter,manual approval,ATLAS-4200,"Deployment note: verify feature flag, Grafana SLO, PagerDuty status, database health, and support handoff for checkout-api."
DEP-00727,2020-10-26,inventory-reservation,canary,atlas-orders,PR-5028,REL-2019.07,flag_inventory_reservation_dual_run,1,partial,Ravi Patel,error budget guard,ATLAS-5613,"Deployment note: verify feature flag, Grafana SLO, PagerDuty status, database health, and support handoff for inventory-reservation."
DEP-00728,2020-10-28,cart-service,stage,atlas-observability,PR-6708,REL-2025.04,flag_cart_service_payment_retry,50,monitoring,Owen Brooks,support volume guard,ATLAS-2810,"Deployment note: verify feature flag, Grafana SLO, PagerDuty status, database health, and support handoff for cart-service."
DEP-00729,2020-10-31,order-ledger,prod,atlas-data,PR-7174,REL-2018.4.16,flag_order_ledger_mobile_session,1,monitoring,Anika Sharma,manual approval,ATLAS-1767,"Deployment note: verify feature flag, Grafana SLO, PagerDuty status, database health, and support handoff for order-ledger."
DEP-00730,2020-10-30,loyalty-service,prod,atlas-data,PR-11227,REL-2021.3.3,flag_loyalty_service_new_write_path,100,success,Grace Kim,latency guard,ATLAS-1302,"Deployment note: verify feature flag, Grafana SLO, PagerDuty status, database health, and support handoff for loyalty-service."
DEP-00731,2020-10-31,notification-service,canary,atlas-data,PR-5955,REL-2025.4.11,flag_notification_service_dual_run,75,rolled back,Samir Rao,error budget guard,ATLAS-1243,"Deployment note: verify feature flag, Grafana SLO, PagerDuty status, database health, and support handoff for notification-service."
DEP-00732,2020-11-02,cart-service,stage,atlas-observability,PR-11866,REL-2020.09,flag_cart_service_dual_run,25,monitoring,Elena Petrova,latency guard,ATLAS-2022,"Deployment note: verify feature flag, Grafana SLO, PagerDuty status, database health, and support handoff for cart-service."
DEP-00733,2020-11-05,checkout-api,stage,atlas-observability,PR-6484,REL-2018.2.3,flag_checkout_api_mobile_session,50,rolled back,Luca Moretti,error budget guard,ATLAS-1337,"Deployment note: verify feature flag, Grafana SLO, PagerDuty status, database health, and support handoff for checkout-api."
DEP-00734,2020-11-04,auth-gateway,stage,atlas-checkout,PR-7506,REL-2018.4.14,flag_auth_gateway_dual_run,10,rolled back,Nora Singh,manual approval,ATLAS-4254,"Deployment note: verify feature flag, Grafana SLO, PagerDuty status, database health, and support handoff for auth-gateway."
DEP-00735,2020-11-05,pricing-engine,prod,atlas-infra,PR-6308,REL-2019.3.5,flag_pricing_engine_dual_run,5,monitoring,Grace Kim,database lag guard,ATLAS-5292,"Deployment note: verify feature flag, Grafana SLO, PagerDuty status, database health, and support handoff for pricing-engine."
DEP-00736,2020-11-08,checkout-api,prod,atlas-infra,PR-7590,REL-2022.2.6,flag_checkout_api_rollback_guard,50,paused,Mateo Garcia,error budget guard,ATLAS-5265,"Deployment note: verify feature flag, Grafana SLO, PagerDuty status, database health, and support handoff for checkout-api."
DEP-00737,2020-11-09,checkout-api,stage,atlas-checkout,PR-6254,REL-2020.3.5,flag_checkout_api_new_write_path,50,paused,Anika Sharma,database lag guard,ATLAS-1149,"Deployment note: verify feature flag, Grafana SLO, PagerDuty status, database health, and support handoff for checkout-api."
DEP-00738,2020-11-10,payment-orchestrator,stage,atlas-infra,PR-5436,REL-2025.3.5,flag_payment_orchestrator_rollback_guard,75,paused,Owen Brooks,support volume guard,ATLAS-4605,"Deployment note: verify feature flag, Grafana SLO, PagerDuty status, database health, and support handoff for payment-orchestrator."
DEP-00739,2020-11-10,search-recommendations,canary,atlas-infra,PR-6900,REL-2024.12,flag_search_recommendations_dual_run,10,monitoring,Victor Silva,error budget guard,ATLAS-3416,"Deployment note: verify feature flag, Grafana SLO, PagerDuty status, database health, and support handoff for search-recommendations."
DEP-00740,2020-11-13,payment-orchestrator,canary,atlas-web,PR-7354,REL-2021.04,flag_payment_orchestrator_payment_retry,50,rolled back,Harper Lee,database lag guard,ATLAS-1965,"Deployment note: verify feature flag, Grafana SLO, PagerDuty status, database health, and support handoff for payment-orchestrator."
DEP-00741,2020-11-14,inventory-reservation,prod,atlas-data,PR-5204,REL-2020.3.5,flag_inventory_reservation_mobile_session,1,rolled back,Nora Singh,error budget guard,ATLAS-2105,"Deployment note: verify feature flag, Grafana SLO, PagerDuty status, database health, and support handoff for inventory-reservation."
DEP-00742,2020-11-15,tax-service,stage,atlas-infra,PR-6766,REL-2019.2.6,flag_tax_service_rollback_guard,100,success,Fatima Noor,database lag guard,ATLAS-4044,"Deployment note: verify feature flag, Grafana SLO, PagerDuty status, database health, and support handoff for tax-service."
DEP-00743,2020-11-16,loyalty-service,stage,atlas-checkout,PR-11725,REL-2020.2.13,flag_loyalty_service_mobile_session,100,partial,Priya Nair,latency guard,ATLAS-4586,"Deployment note: verify feature flag, Grafana SLO, PagerDuty status, database health, and support handoff for loyalty-service."
DEP-00744,2020-11-18,order-ledger,stage,atlas-observability,PR-6611,REL-2022.09,flag_order_ledger_dual_run,10,success,Iris Wang,database lag guard,ATLAS-2143,"Deployment note: verify feature flag, Grafana SLO, PagerDuty status, database health, and support handoff for order-ledger."
DEP-00745,2020-11-19,tax-service,canary,atlas-orders,PR-7654,REL-2026.1.11,flag_tax_service_mobile_session,25,paused,Jon Bell,error budget guard,ATLAS-4087,"Deployment note: verify feature flag, Grafana SLO, PagerDuty status, database health, and support handoff for tax-service."
DEP-00746,2020-11-20,pricing-engine,stage,atlas-observability,PR-12000,REL-2021.3.1,flag_pricing_engine_payment_retry,5,paused,Aisha Khan,error budget guard,ATLAS-2215,"Deployment note: verify feature flag, Grafana SLO, PagerDuty status, database health, and support handoff for pricing-engine."
DEP-00747,2020-11-19,checkout-api,canary,atlas-data,PR-5509,REL-2026.2.0,flag_checkout_api_dual_run,0,paused,Aisha Khan,latency guard,ATLAS-2165,"Deployment note: verify feature flag, Grafana SLO, PagerDuty status, database health, and support handoff for checkout-api."
DEP-00748,2020-11-23,inventory-reservation,prod,atlas-data,PR-6677,REL-2024.3.2,flag_inventory_reservation_dual_run,50,partial,Theo Martin,error budget guard,ATLAS-6000,"Deployment note: verify feature flag, Grafana SLO, PagerDuty status, database health, and support handoff for inventory-reservation."
DEP-00749,2020-11-23,cart-service,canary,atlas-infra,PR-10404,REL-2019.3.19,flag_cart_service_rollback_guard,1,rolled back,Elena Petrova,error budget guard,ATLAS-2556,"Deployment note: verify feature flag, Grafana SLO, PagerDuty status, database health, and support handoff for cart-service."
DEP-00750,2020-11-24,tax-service,stage,atlas-data,PR-5551,REL-2023.05,flag_tax_service_regional_launch,100,success,Victor Silva,manual approval,ATLAS-1090,"Deployment note: verify feature flag, Grafana SLO, PagerDuty status, database health, and support handoff for tax-service."
DEP-00751,2020-11-24,loyalty-service,prod,atlas-orders,PR-8642,REL-2022.4.14,flag_loyalty_service_rollback_guard,0,paused,Ravi Patel,support volume guard,ATLAS-2325,"Deployment note: verify feature flag, Grafana SLO, PagerDuty status, database health, and support handoff for loyalty-service."
DEP-00752,2020-11-27,tax-service,canary,atlas-mobile,PR-8601,REL-2020.2.2,flag_tax_service_dual_run,100,rolled back,Fatima Noor,support volume guard,ATLAS-2839,"Deployment note: verify feature flag, Grafana SLO, PagerDuty status, database health, and support handoff for tax-service."
DEP-00753,2020-11-27,notification-service,stage,atlas-payments,PR-9155,REL-2025.05,flag_notification_service_mobile_session,25,success,Jon Bell,latency guard,ATLAS-4837,"Deployment note: verify feature flag, Grafana SLO, PagerDuty status, database health, and support handoff for notification-service."
DEP-00754,2020-11-28,notification-service,canary,atlas-orders,PR-12125,REL-2025.09,flag_notification_service_new_write_path,0,rolled back,Owen Brooks,error budget guard,ATLAS-1544,"Deployment note: verify feature flag, Grafana SLO, PagerDuty status, database health, and support handoff for notification-service."
DEP-00755,2020-11-29,checkout-api,stage,atlas-orders,PR-8094,REL-2026.05,flag_checkout_api_payment_retry,10,success,Samir Rao,error budget guard,ATLAS-5561,"Deployment note: verify feature flag, Grafana SLO, PagerDuty status, database health, and support handoff for checkout-api."
DEP-00756,2020-11-30,analytics-pipeline,canary,atlas-checkout,PR-6355,REL-2023.12,flag_analytics_pipeline_regional_launch,10,paused,Harper Lee,manual approval,ATLAS-5404,"Deployment note: verify feature flag, Grafana SLO, PagerDuty status, database health, and support handoff for analytics-pipeline."
DEP-00757,2020-12-04,notification-service,canary,atlas-mobile,PR-6006,REL-2024.3.5,flag_notification_service_rollback_guard,75,partial,Theo Martin,latency guard,ATLAS-4154,"Deployment note: verify feature flag, Grafana SLO, PagerDuty status, database health, and support handoff for notification-service."
DEP-00758,2020-12-04,inventory-reservation,canary,atlas-payments,PR-7160,REL-2022.1.19,flag_inventory_reservation_regional_launch,75,rolled back,Anika Sharma,support volume guard,ATLAS-1392,"Deployment note: verify feature flag, Grafana SLO, PagerDuty status, database health, and support handoff for inventory-reservation."
DEP-00759,2020-12-05,checkout-api,prod,atlas-observability,PR-7576,REL-2024.4.10,flag_checkout_api_mobile_session,5,success,Elena Petrova,database lag guard,ATLAS-5327,"Deployment note: verify feature flag, Grafana SLO, PagerDuty status, database health, and support handoff for checkout-api."
DEP-00760,2020-12-05,auth-gateway,stage,atlas-mobile,PR-10841,REL-2026.2.6,flag_auth_gateway_rollback_guard,100,paused,Kim Tan,latency guard,ATLAS-5931,"Deployment note: verify feature flag, Grafana SLO, PagerDuty status, database health, and support handoff for auth-gateway."
DEP-00761,2020-12-08,pricing-engine,prod,atlas-orders,PR-7921,REL-2019.02,flag_pricing_engine_dual_run,0,success,Kim Tan,error budget guard,ATLAS-4988,"Deployment note: verify feature flag, Grafana SLO, PagerDuty status, database health, and support handoff for pricing-engine."
DEP-00762,2020-12-08,cart-service,prod,atlas-infra,PR-9347,REL-2023.12,flag_cart_service_mobile_session,75,rolled back,Elena Petrova,support volume guard,ATLAS-5245,"Deployment note: verify feature flag, Grafana SLO, PagerDuty status, database health, and support handoff for cart-service."
DEP-00763,2020-12-09,checkout-api,prod,atlas-mobile,PR-8161,REL-2024.4.13,flag_checkout_api_dual_run,5,paused,Harper Lee,database lag guard,ATLAS-3538,"Deployment note: verify feature flag, Grafana SLO, PagerDuty status, database health, and support handoff for checkout-api."
DEP-00764,2020-12-11,auth-gateway,canary,atlas-infra,PR-9010,REL-2022.4.10,flag_auth_gateway_rollback_guard,100,rolled back,Yara Haddad,latency guard,ATLAS-1298,"Deployment note: verify feature flag, Grafana SLO, PagerDuty status, database health, and support handoff for auth-gateway."
DEP-00765,2020-12-13,payment-orchestrator,prod,atlas-data,PR-5881,REL-2021.04,flag_payment_orchestrator_mobile_session,25,success,Dmitri Volkov,latency guard,ATLAS-2055,"Deployment note: verify feature flag, Grafana SLO, PagerDuty status, database health, and support handoff for payment-orchestrator."
DEP-00766,2020-12-14,tax-service,stage,atlas-infra,PR-10220,REL-2021.2.9,flag_tax_service_mobile_session,10,monitoring,Maya Chen,database lag guard,ATLAS-2144,"Deployment note: verify feature flag, Grafana SLO, PagerDuty status, database health, and support handoff for tax-service."
DEP-00767,2020-12-14,inventory-reservation,prod,atlas-web,PR-9149,REL-2019.3.13,flag_inventory_reservation_rollback_guard,75,partial,Mateo Garcia,latency guard,ATLAS-1709,"Deployment note: verify feature flag, Grafana SLO, PagerDuty status, database health, and support handoff for inventory-reservation."
DEP-00768,2020-12-17,tax-service,stage,atlas-infra,PR-8801,REL-2020.04,flag_tax_service_mobile_session,0,success,Dmitri Volkov,manual approval,ATLAS-2143,"Deployment note: verify feature flag, Grafana SLO, PagerDuty status, database health, and support handoff for tax-service."
DEP-00769,2020-12-17,search-recommendations,canary,atlas-data,PR-9255,REL-2025.3.15,flag_search_recommendations_regional_launch,0,success,Luca Moretti,latency guard,ATLAS-5724,"Deployment note: verify feature flag, Grafana SLO, PagerDuty status, database health, and support handoff for search-recommendations."
DEP-00770,2020-12-19,checkout-api,stage,atlas-mobile,PR-6444,REL-2020.07,flag_checkout_api_rollback_guard,10,success,Nora Singh,manual approval,ATLAS-2952,"Deployment note: verify feature flag, Grafana SLO, PagerDuty status, database health, and support handoff for checkout-api."
DEP-00771,2020-12-19,pricing-engine,canary,atlas-observability,PR-7104,REL-2022.3.18,flag_pricing_engine_regional_launch,0,partial,Yara Haddad,database lag guard,ATLAS-5306,"Deployment note: verify feature flag, Grafana SLO, PagerDuty status, database health, and support handoff for pricing-engine."
DEP-00772,2020-12-20,checkout-api,prod,atlas-mobile,PR-7846,REL-2020.07,flag_checkout_api_payment_retry,5,paused,Anika Sharma,manual approval,ATLAS-5820,"Deployment note: verify feature flag, Grafana SLO, PagerDuty status, database health, and support handoff for checkout-api."
DEP-00773,2020-12-22,analytics-pipeline,stage,atlas-orders,PR-8271,REL-2025.12,flag_analytics_pipeline_regional_launch,10,paused,Kim Tan,support volume guard,ATLAS-1397,"Deployment note: verify feature flag, Grafana SLO, PagerDuty status, database health, and support handoff for analytics-pipeline."
DEP-00774,2020-12-24,tax-service,canary,atlas-payments,PR-7264,REL-2022.06,flag_tax_service_dual_run,1,monitoring,Luca Moretti,support volume guard,ATLAS-1405,"Deployment note: verify feature flag, Grafana SLO, PagerDuty status, database health, and support handoff for tax-service."
DEP-00775,2020-12-23,auth-gateway,stage,atlas-checkout,PR-11036,REL-2020.4.10,flag_auth_gateway_dual_run,50,success,Iris Wang,manual approval,ATLAS-4813,"Deployment note: verify feature flag, Grafana SLO, PagerDuty status, database health, and support handoff for auth-gateway."
DEP-00776,2020-12-25,search-recommendations,stage,atlas-infra,PR-11677,REL-2018.4.1,flag_search_recommendations_new_write_path,5,rolled back,Owen Brooks,database lag guard,ATLAS-5843,"Deployment note: verify feature flag, Grafana SLO, PagerDuty status, database health, and support handoff for search-recommendations."
DEP-00777,2020-12-26,inventory-reservation,canary,atlas-data,PR-6047,REL-2023.04,flag_inventory_reservation_regional_launch,5,partial,Sara Novak,error budget guard,ATLAS-3187,"Deployment note: verify feature flag, Grafana SLO, PagerDuty status, database health, and support handoff for inventory-reservation."
DEP-00778,2020-12-28,notification-service,canary,atlas-checkout,PR-9619,REL-2022.2.14,flag_notification_service_mobile_session,5,success,Victor Silva,manual approval,ATLAS-3549,"Deployment note: verify feature flag, Grafana SLO, PagerDuty status, database health, and support handoff for notification-service."
DEP-00779,2020-12-28,pricing-engine,stage,atlas-observability,PR-8037,REL-2025.3.8,flag_pricing_engine_payment_retry,50,partial,Nora Singh,database lag guard,ATLAS-4401,"Deployment note: verify feature flag, Grafana SLO, PagerDuty status, database health, and support handoff for pricing-engine."
DEP-00780,2020-12-31,loyalty-service,canary,atlas-infra,PR-8217,REL-2024.3.4,flag_loyalty_service_dual_run,100,rolled back,Kim Tan,latency guard,ATLAS-4452,"Deployment note: verify feature flag, Grafana SLO, PagerDuty status, database health, and support handoff for loyalty-service."
DEP-00781,2021-01-01,notification-service,stage,atlas-observability,PR-8006,REL-2020.12,flag_notification_service_new_write_path,100,paused,Yara Haddad,support volume guard,ATLAS-5311,"Deployment note: verify feature flag, Grafana SLO, PagerDuty status, database health, and support handoff for notification-service."
DEP-00782,2021-01-01,auth-gateway,canary,atlas-observability,PR-5918,REL-2018.08,flag_auth_gateway_regional_launch,0,rolled back,Anika Sharma,error budget guard,ATLAS-5454,"Deployment note: verify feature flag, Grafana SLO, PagerDuty status, database health, and support handoff for auth-gateway."
DEP-00783,2021-01-03,auth-gateway,stage,atlas-observability,PR-10081,REL-2021.04,flag_auth_gateway_rollback_guard,10,success,Owen Brooks,error budget guard,ATLAS-2169,"Deployment note: verify feature flag, Grafana SLO, PagerDuty status, database health, and support handoff for auth-gateway."
DEP-00784,2021-01-05,auth-gateway,canary,atlas-checkout,PR-11096,REL-2022.2.2,flag_auth_gateway_new_write_path,100,partial,Mateo Garcia,database lag guard,ATLAS-2442,"Deployment note: verify feature flag, Grafana SLO, PagerDuty status, database health, and support handoff for auth-gateway."
DEP-00785,2021-01-05,payment-orchestrator,prod,atlas-checkout,PR-7533,REL-2021.02,flag_payment_orchestrator_mobile_session,75,partial,Jon Bell,support volume guard,ATLAS-2854,"Deployment note: verify feature flag, Grafana SLO, PagerDuty status, database health, and support handoff for payment-orchestrator."
DEP-00786,2021-01-06,order-ledger,prod,atlas-observability,PR-9088,REL-2018.12,flag_order_ledger_rollback_guard,75,rolled back,Harper Lee,database lag guard,ATLAS-3246,"Deployment note: verify feature flag, Grafana SLO, PagerDuty status, database health, and support handoff for order-ledger."
DEP-00787,2021-01-09,analytics-pipeline,stage,atlas-payments,PR-11561,REL-2018.3.17,flag_analytics_pipeline_mobile_session,5,partial,Samir Rao,error budget guard,ATLAS-5206,"Deployment note: verify feature flag, Grafana SLO, PagerDuty status, database health, and support handoff for analytics-pipeline."
DEP-00788,2021-01-10,notification-service,prod,atlas-mobile,PR-7860,REL-2020.3.0,flag_notification_service_regional_launch,0,partial,Sara Novak,error budget guard,ATLAS-3354,"Deployment note: verify feature flag, Grafana SLO, PagerDuty status, database health, and support handoff for notification-service."
DEP-00789,2021-01-09,analytics-pipeline,stage,atlas-infra,PR-10116,REL-2021.4.16,flag_analytics_pipeline_regional_launch,5,paused,Samir Rao,latency guard,ATLAS-3567,"Deployment note: verify feature flag, Grafana SLO, PagerDuty status, database health, and support handoff for analytics-pipeline."
DEP-00790,2021-01-12,tax-service,prod,atlas-infra,PR-8212,REL-2024.3.4,flag_tax_service_new_write_path,0,paused,Samir Rao,error budget guard,ATLAS-4394,"Deployment note: verify feature flag, Grafana SLO, PagerDuty status, database health, and support handoff for tax-service."
DEP-00791,2021-01-12,analytics-pipeline,prod,atlas-mobile,PR-11673,REL-2026.03,flag_analytics_pipeline_new_write_path,5,monitoring,Luca Moretti,manual approval,ATLAS-5858,"Deployment note: verify feature flag, Grafana SLO, PagerDuty status, database health, and support handoff for analytics-pipeline."
DEP-00792,2021-01-14,checkout-api,prod,atlas-data,PR-6721,REL-2024.2.19,flag_checkout_api_new_write_path,100,partial,Iris Wang,latency guard,ATLAS-5637,"Deployment note: verify feature flag, Grafana SLO, PagerDuty status, database health, and support handoff for checkout-api."
DEP-00793,2021-01-16,tax-service,canary,atlas-mobile,PR-6192,REL-2020.08,flag_tax_service_dual_run,25,rolled back,Grace Kim,database lag guard,ATLAS-5535,"Deployment note: verify feature flag, Grafana SLO, PagerDuty status, database health, and support handoff for tax-service."
DEP-00794,2021-01-17,pricing-engine,canary,atlas-data,PR-5514,REL-2020.11,flag_pricing_engine_regional_launch,25,monitoring,Theo Martin,error budget guard,ATLAS-5322,"Deployment note: verify feature flag, Grafana SLO, PagerDuty status, database health, and support handoff for pricing-engine."
DEP-00795,2021-01-18,notification-service,stage,atlas-mobile,PR-7029,REL-2020.07,flag_notification_service_mobile_session,0,paused,Elena Petrova,database lag guard,ATLAS-1573,"Deployment note: verify feature flag, Grafana SLO, PagerDuty status, database health, and support handoff for notification-service."
DEP-00796,2021-01-20,notification-service,prod,atlas-orders,PR-8284,REL-2023.12,flag_notification_service_dual_run,50,partial,Iris Wang,latency guard,ATLAS-5229,"Deployment note: verify feature flag, Grafana SLO, PagerDuty status, database health, and support handoff for notification-service."
DEP-00797,2021-01-21,payment-orchestrator,stage,atlas-infra,PR-7719,REL-2020.4.12,flag_payment_orchestrator_dual_run,25,monitoring,Sara Novak,latency guard,ATLAS-3814,"Deployment note: verify feature flag, Grafana SLO, PagerDuty status, database health, and support handoff for payment-orchestrator."
DEP-00798,2021-01-20,inventory-reservation,stage,atlas-orders,PR-8999,REL-2024.4.3,flag_inventory_reservation_dual_run,75,paused,Yara Haddad,database lag guard,ATLAS-3896,"Deployment note: verify feature flag, Grafana SLO, PagerDuty status, database health, and support handoff for inventory-reservation."
DEP-00799,2021-01-22,pricing-engine,prod,atlas-infra,PR-8429,REL-2022.04,flag_pricing_engine_mobile_session,50,partial,Theo Martin,support volume guard,ATLAS-4332,"Deployment note: verify feature flag, Grafana SLO, PagerDuty status, database health, and support handoff for pricing-engine."
DEP-00800,2021-01-25,pricing-engine,stage,atlas-web,PR-10895,REL-2025.3.2,flag_pricing_engine_dual_run,100,monitoring,Ben Carter,manual approval,ATLAS-3414,"Deployment note: verify feature flag, Grafana SLO, PagerDuty status, database health, and support handoff for pricing-engine."
DEP-00801,2021-01-24,checkout-api,canary,atlas-payments,PR-9756,REL-2026.1.6,flag_checkout_api_mobile_session,5,rolled back,Owen Brooks,database lag guard,ATLAS-4182,"Deployment note: verify feature flag, Grafana SLO, PagerDuty status, database health, and support handoff for checkout-api."
DEP-00802,2021-01-25,analytics-pipeline,stage,atlas-web,PR-7709,REL-2021.05,flag_analytics_pipeline_dual_run,1,partial,Owen Brooks,latency guard,ATLAS-5874,"Deployment note: verify feature flag, Grafana SLO, PagerDuty status, database health, and support handoff for analytics-pipeline."
DEP-00803,2021-01-26,loyalty-service,stage,atlas-mobile,PR-8882,REL-2020.2.8,flag_loyalty_service_payment_retry,75,rolled back,Samir Rao,error budget guard,ATLAS-2416,"Deployment note: verify feature flag, Grafana SLO, PagerDuty status, database health, and support handoff for loyalty-service."
DEP-00804,2021-01-28,checkout-api,prod,atlas-observability,PR-8385,REL-2021.4.19,flag_checkout_api_dual_run,75,partial,Samir Rao,error budget guard,ATLAS-5300,"Deployment note: verify feature flag, Grafana SLO, PagerDuty status, database health, and support handoff for checkout-api."
DEP-00805,2021-01-31,notification-service,canary,atlas-data,PR-11052,REL-2025.07,flag_notification_service_payment_retry,50,paused,Samir Rao,database lag guard,ATLAS-3566,"Deployment note: verify feature flag, Grafana SLO, PagerDuty status, database health, and support handoff for notification-service."
DEP-00806,2021-01-30,checkout-api,canary,atlas-mobile,PR-5812,REL-2025.1.11,flag_checkout_api_new_write_path,75,partial,Aisha Khan,database lag guard,ATLAS-2235,"Deployment note: verify feature flag, Grafana SLO, PagerDuty status, database health, and support handoff for checkout-api."
DEP-00807,2021-01-31,auth-gateway,prod,atlas-checkout,PR-5470,REL-2022.4.10,flag_auth_gateway_new_write_path,1,success,Victor Silva,error budget guard,ATLAS-4534,"Deployment note: verify feature flag, Grafana SLO, PagerDuty status, database health, and support handoff for auth-gateway."
DEP-00808,2021-02-02,notification-service,prod,atlas-payments,PR-5563,REL-2020.1.2,flag_notification_service_new_write_path,0,rolled back,Victor Silva,manual approval,ATLAS-3812,"Deployment note: verify feature flag, Grafana SLO, PagerDuty status, database health, and support handoff for notification-service."
DEP-00809,2021-02-04,inventory-reservation,canary,atlas-web,PR-7429,REL-2021.2.3,flag_inventory_reservation_regional_launch,5,paused,Jon Bell,latency guard,ATLAS-1083,"Deployment note: verify feature flag, Grafana SLO, PagerDuty status, database health, and support handoff for inventory-reservation."
DEP-00810,2021-02-05,analytics-pipeline,canary,atlas-observability,PR-8855,REL-2019.11,flag_analytics_pipeline_regional_launch,10,rolled back,Aisha Khan,support volume guard,ATLAS-5136,"Deployment note: verify feature flag, Grafana SLO, PagerDuty status, database health, and support handoff for analytics-pipeline."
DEP-00811,2021-02-05,checkout-api,stage,atlas-mobile,PR-12549,REL-2020.04,flag_checkout_api_new_write_path,25,monitoring,Dmitri Volkov,latency guard,ATLAS-1435,"Deployment note: verify feature flag, Grafana SLO, PagerDuty status, database health, and support handoff for checkout-api."
DEP-00812,2021-02-08,payment-orchestrator,canary,atlas-checkout,PR-6653,REL-2026.2.2,flag_payment_orchestrator_new_write_path,75,monitoring,Anika Sharma,manual approval,ATLAS-5868,"Deployment note: verify feature flag, Grafana SLO, PagerDuty status, database health, and support handoff for payment-orchestrator."
DEP-00813,2021-02-08,cart-service,canary,atlas-checkout,PR-6133,REL-2026.1.11,flag_cart_service_dual_run,25,rolled back,Kim Tan,support volume guard,ATLAS-3274,"Deployment note: verify feature flag, Grafana SLO, PagerDuty status, database health, and support handoff for cart-service."
DEP-00814,2021-02-09,analytics-pipeline,canary,atlas-payments,PR-8178,REL-2024.11,flag_analytics_pipeline_mobile_session,0,rolled back,Sara Novak,database lag guard,ATLAS-4500,"Deployment note: verify feature flag, Grafana SLO, PagerDuty status, database health, and support handoff for analytics-pipeline."
DEP-00815,2021-02-10,order-ledger,prod,atlas-payments,PR-11103,REL-2024.3.0,flag_order_ledger_regional_launch,1,partial,Nora Singh,latency guard,ATLAS-4529,"Deployment note: verify feature flag, Grafana SLO, PagerDuty status, database health, and support handoff for order-ledger."
DEP-00816,2021-02-11,auth-gateway,stage,atlas-web,PR-5791,REL-2020.4.18,flag_auth_gateway_new_write_path,75,rolled back,Noah Evans,database lag guard,ATLAS-3905,"Deployment note: verify feature flag, Grafana SLO, PagerDuty status, database health, and support handoff for auth-gateway."
DEP-00817,2021-02-14,pricing-engine,stage,atlas-checkout,PR-12308,REL-2021.1.10,flag_pricing_engine_rollback_guard,100,paused,Mateo Garcia,support volume guard,ATLAS-2541,"Deployment note: verify feature flag, Grafana SLO, PagerDuty status, database health, and support handoff for pricing-engine."
DEP-00818,2021-02-13,checkout-api,stage,atlas-orders,PR-10073,REL-2020.1.5,flag_checkout_api_new_write_path,0,rolled back,Dmitri Volkov,latency guard,ATLAS-4931,"Deployment note: verify feature flag, Grafana SLO, PagerDuty status, database health, and support handoff for checkout-api."
DEP-00819,2021-02-15,cart-service,prod,atlas-payments,PR-6573,REL-2021.4.5,flag_cart_service_new_write_path,50,success,Theo Martin,support volume guard,ATLAS-3597,"Deployment note: verify feature flag, Grafana SLO, PagerDuty status, database health, and support handoff for cart-service."
DEP-00820,2021-02-18,loyalty-service,prod,atlas-mobile,PR-5204,REL-2024.08,flag_loyalty_service_new_write_path,25,paused,Owen Brooks,support volume guard,ATLAS-3493,"Deployment note: verify feature flag, Grafana SLO, PagerDuty status, database health, and support handoff for loyalty-service."
DEP-00821,2021-02-17,checkout-api,stage,atlas-mobile,PR-10860,REL-2025.03,flag_checkout_api_payment_retry,100,monitoring,Harper Lee,support volume guard,ATLAS-3090,"Deployment note: verify feature flag, Grafana SLO, PagerDuty status, database health, and support handoff for checkout-api."
DEP-00822,2021-02-19,loyalty-service,canary,atlas-payments,PR-9522,REL-2023.2.2,flag_loyalty_service_mobile_session,5,paused,Sara Novak,support volume guard,ATLAS-5963,"Deployment note: verify feature flag, Grafana SLO, PagerDuty status, database health, and support handoff for loyalty-service."
DEP-00823,2021-02-21,checkout-api,canary,atlas-web,PR-6725,REL-2025.4.16,flag_checkout_api_mobile_session,25,partial,Kim Tan,manual approval,ATLAS-1113,"Deployment note: verify feature flag, Grafana SLO, PagerDuty status, database health, and support handoff for checkout-api."
DEP-00824,2021-02-22,search-recommendations,canary,atlas-mobile,PR-6097,REL-2020.4.4,flag_search_recommendations_rollback_guard,75,success,Maya Chen,error budget guard,ATLAS-4140,"Deployment note: verify feature flag, Grafana SLO, PagerDuty status, database health, and support handoff for search-recommendations."
DEP-00825,2021-02-22,pricing-engine,prod,atlas-orders,PR-5457,REL-2023.4.0,flag_pricing_engine_rollback_guard,5,partial,Ben Carter,error budget guard,ATLAS-1471,"Deployment note: verify feature flag, Grafana SLO, PagerDuty status, database health, and support handoff for pricing-engine."
DEP-00826,2021-02-24,loyalty-service,stage,atlas-infra,PR-5156,REL-2023.3.7,flag_loyalty_service_dual_run,1,monitoring,Anika Sharma,support volume guard,ATLAS-2226,"Deployment note: verify feature flag, Grafana SLO, PagerDuty status, database health, and support handoff for loyalty-service."
DEP-00827,2021-02-24,cart-service,prod,atlas-mobile,PR-7741,REL-2022.12,flag_cart_service_mobile_session,5,success,Aisha Khan,support volume guard,ATLAS-4194,"Deployment note: verify feature flag, Grafana SLO, PagerDuty status, database health, and support handoff for cart-service."
DEP-00828,2021-02-26,tax-service,prod,atlas-observability,PR-11121,REL-2025.05,flag_tax_service_payment_retry,0,paused,Victor Silva,manual approval,ATLAS-2514,"Deployment note: verify feature flag, Grafana SLO, PagerDuty status, database health, and support handoff for tax-service."
DEP-00829,2021-02-27,payment-orchestrator,canary,atlas-orders,PR-9554,REL-2020.04,flag_payment_orchestrator_new_write_path,100,success,Dmitri Volkov,manual approval,ATLAS-5447,"Deployment note: verify feature flag, Grafana SLO, PagerDuty status, database health, and support handoff for payment-orchestrator."
DEP-00830,2021-03-01,analytics-pipeline,canary,atlas-data,PR-7289,REL-2023.1.6,flag_analytics_pipeline_dual_run,75,paused,Ravi Patel,error budget guard,ATLAS-3804,"Deployment note: verify feature flag, Grafana SLO, PagerDuty status, database health, and support handoff for analytics-pipeline."
DEP-00831,2021-03-02,inventory-reservation,prod,atlas-payments,PR-9340,REL-2025.10,flag_inventory_reservation_rollback_guard,75,paused,Yara Haddad,manual approval,ATLAS-1984,"Deployment note: verify feature flag, Grafana SLO, PagerDuty status, database health, and support handoff for inventory-reservation."
DEP-00832,2021-03-04,checkout-api,canary,atlas-web,PR-5449,REL-2024.4.14,flag_checkout_api_new_write_path,10,rolled back,Harper Lee,support volume guard,ATLAS-1314,"Deployment note: verify feature flag, Grafana SLO, PagerDuty status, database health, and support handoff for checkout-api."
DEP-00833,2021-03-04,payment-orchestrator,stage,atlas-orders,PR-10624,REL-2021.01,flag_payment_orchestrator_rollback_guard,50,paused,Yara Haddad,support volume guard,ATLAS-1842,"Deployment note: verify feature flag, Grafana SLO, PagerDuty status, database health, and support handoff for payment-orchestrator."
DEP-00834,2021-03-07,search-recommendations,stage,atlas-orders,PR-9530,REL-2025.03,flag_search_recommendations_new_write_path,0,paused,Jon Bell,latency guard,ATLAS-5135,"Deployment note: verify feature flag, Grafana SLO, PagerDuty status, database health, and support handoff for search-recommendations."
DEP-00835,2021-03-06,checkout-api,stage,atlas-orders,PR-5801,REL-2019.10,flag_checkout_api_new_write_path,10,success,Sara Novak,database lag guard,ATLAS-6173,"Deployment note: verify feature flag, Grafana SLO, PagerDuty status, database health, and support handoff for checkout-api."
DEP-00836,2021-03-07,checkout-api,prod,atlas-payments,PR-7896,REL-2024.10,flag_checkout_api_mobile_session,25,paused,Jon Bell,error budget guard,ATLAS-4509,"Deployment note: verify feature flag, Grafana SLO, PagerDuty status, database health, and support handoff for checkout-api."
DEP-00837,2021-03-10,notification-service,canary,atlas-orders,PR-10963,REL-2022.4.16,flag_notification_service_payment_retry,100,partial,Priya Nair,latency guard,ATLAS-5878,"Deployment note: verify feature flag, Grafana SLO, PagerDuty status, database health, and support handoff for notification-service."
DEP-00838,2021-03-12,checkout-api,canary,atlas-payments,PR-9859,REL-2022.4.10,flag_checkout_api_mobile_session,10,monitoring,Kim Tan,database lag guard,ATLAS-4976,"Deployment note: verify feature flag, Grafana SLO, PagerDuty status, database health, and support handoff for checkout-api."
DEP-00839,2021-03-12,order-ledger,prod,atlas-mobile,PR-11370,REL-2022.2.8,flag_order_ledger_payment_retry,10,paused,Samir Rao,database lag guard,ATLAS-1491,"Deployment note: verify feature flag, Grafana SLO, PagerDuty status, database health, and support handoff for order-ledger."
DEP-00840,2021-03-12,tax-service,canary,atlas-data,PR-8485,REL-2023.06,flag_tax_service_new_write_path,5,success,Priya Nair,manual approval,ATLAS-5068,"Deployment note: verify feature flag, Grafana SLO, PagerDuty status, database health, and support handoff for tax-service."
DEP-00841,2021-03-14,search-recommendations,prod,atlas-web,PR-5420,REL-2019.1.4,flag_search_recommendations_dual_run,100,monitoring,Sara Novak,error budget guard,ATLAS-2099,"Deployment note: verify feature flag, Grafana SLO, PagerDuty status, database health, and support handoff for search-recommendations."
DEP-00842,2021-03-16,inventory-reservation,prod,atlas-web,PR-11650,REL-2019.10,flag_inventory_reservation_new_write_path,75,paused,Aisha Khan,error budget guard,ATLAS-1859,"Deployment note: verify feature flag, Grafana SLO, PagerDuty status, database health, and support handoff for inventory-reservation."
DEP-00843,2021-03-16,tax-service,prod,atlas-infra,PR-7749,REL-2024.4.14,flag_tax_service_rollback_guard,10,rolled back,Priya Nair,manual approval,ATLAS-4470,"Deployment note: verify feature flag, Grafana SLO, PagerDuty status, database health, and support handoff for tax-service."
DEP-00844,2021-03-17,payment-orchestrator,prod,atlas-payments,PR-10748,REL-2024.12,flag_payment_orchestrator_payment_retry,25,partial,Fatima Noor,manual approval,ATLAS-3244,"Deployment note: verify feature flag, Grafana SLO, PagerDuty status, database health, and support handoff for payment-orchestrator."
DEP-00845,2021-03-20,auth-gateway,canary,atlas-orders,PR-12143,REL-2024.3.6,flag_auth_gateway_mobile_session,75,monitoring,Aisha Khan,error budget guard,ATLAS-2049,"Deployment note: verify feature flag, Grafana SLO, PagerDuty status, database health, and support handoff for auth-gateway."
DEP-00846,2021-03-20,checkout-api,stage,atlas-payments,PR-8072,REL-2024.1.8,flag_checkout_api_payment_retry,1,partial,Maya Chen,latency guard,ATLAS-3643,"Deployment note: verify feature flag, Grafana SLO, PagerDuty status, database health, and support handoff for checkout-api."
DEP-00847,2021-03-23,cart-service,stage,atlas-observability,PR-9780,REL-2025.3.8,flag_cart_service_new_write_path,75,rolled back,Samir Rao,support volume guard,ATLAS-3190,"Deployment note: verify feature flag, Grafana SLO, PagerDuty status, database health, and support handoff for cart-service."
DEP-00848,2021-03-22,cart-service,canary,atlas-orders,PR-5443,REL-2024.4.13,flag_cart_service_dual_run,5,partial,Grace Kim,error budget guard,ATLAS-4148,"Deployment note: verify feature flag, Grafana SLO, PagerDuty status, database health, and support handoff for cart-service."
DEP-00849,2021-03-25,payment-orchestrator,prod,atlas-observability,PR-12235,REL-2020.3.0,flag_payment_orchestrator_rollback_guard,5,paused,Noah Evans,error budget guard,ATLAS-4324,"Deployment note: verify feature flag, Grafana SLO, PagerDuty status, database health, and support handoff for payment-orchestrator."
DEP-00850,2021-03-25,tax-service,prod,atlas-mobile,PR-6422,REL-2022.3.18,flag_tax_service_payment_retry,5,rolled back,Samir Rao,support volume guard,ATLAS-3751,"Deployment note: verify feature flag, Grafana SLO, PagerDuty status, database health, and support handoff for tax-service."
DEP-00851,2021-03-25,order-ledger,prod,atlas-orders,PR-12402,REL-2020.4.15,flag_order_ledger_regional_launch,75,rolled back,Maya Chen,latency guard,ATLAS-1595,"Deployment note: verify feature flag, Grafana SLO, PagerDuty status, database health, and support handoff for order-ledger."
DEP-00852,2021-03-27,loyalty-service,stage,atlas-checkout,PR-6073,REL-2020.3.0,flag_loyalty_service_dual_run,1,monitoring,Ravi Patel,database lag guard,ATLAS-5073,"Deployment note: verify feature flag, Grafana SLO, PagerDuty status, database health, and support handoff for loyalty-service."
DEP-00853,2021-03-28,analytics-pipeline,prod,atlas-observability,PR-8893,REL-2024.1.5,flag_analytics_pipeline_dual_run,75,success,Nora Singh,database lag guard,ATLAS-4164,"Deployment note: verify feature flag, Grafana SLO, PagerDuty status, database health, and support handoff for analytics-pipeline."
DEP-00854,2021-03-30,auth-gateway,stage,atlas-checkout,PR-8242,REL-2025.3.14,flag_auth_gateway_new_write_path,75,partial,Ben Carter,latency guard,ATLAS-2642,"Deployment note: verify feature flag, Grafana SLO, PagerDuty status, database health, and support handoff for auth-gateway."
DEP-00855,2021-03-30,inventory-reservation,stage,atlas-payments,PR-7157,REL-2025.3.2,flag_inventory_reservation_new_write_path,100,paused,Theo Martin,database lag guard,ATLAS-5876,"Deployment note: verify feature flag, Grafana SLO, PagerDuty status, database health, and support handoff for inventory-reservation."
DEP-00856,2021-04-02,checkout-api,canary,atlas-payments,PR-5389,REL-2023.3.12,flag_checkout_api_rollback_guard,100,rolled back,Nora Singh,manual approval,ATLAS-6024,"Deployment note: verify feature flag, Grafana SLO, PagerDuty status, database health, and support handoff for checkout-api."
DEP-00857,2021-04-04,payment-orchestrator,canary,atlas-orders,PR-8497,REL-2022.4.16,flag_payment_orchestrator_payment_retry,25,monitoring,Elena Petrova,latency guard,ATLAS-2042,"Deployment note: verify feature flag, Grafana SLO, PagerDuty status, database health, and support handoff for payment-orchestrator."
DEP-00858,2021-04-04,tax-service,stage,atlas-data,PR-12457,REL-2020.3.12,flag_tax_service_payment_retry,0,monitoring,Harper Lee,error budget guard,ATLAS-1888,"Deployment note: verify feature flag, Grafana SLO, PagerDuty status, database health, and support handoff for tax-service."
DEP-00859,2021-04-06,search-recommendations,prod,atlas-infra,PR-6044,REL-2026.2.19,flag_search_recommendations_payment_retry,0,monitoring,Jon Bell,support volume guard,ATLAS-1416,"Deployment note: verify feature flag, Grafana SLO, PagerDuty status, database health, and support handoff for search-recommendations."
DEP-00860,2021-04-06,checkout-api,prod,atlas-web,PR-10130,REL-2021.3.7,flag_checkout_api_payment_retry,1,success,Elena Petrova,latency guard,ATLAS-4339,"Deployment note: verify feature flag, Grafana SLO, PagerDuty status, database health, and support handoff for checkout-api."
DEP-00861,2021-04-08,analytics-pipeline,canary,atlas-web,PR-9726,REL-2023.1.3,flag_analytics_pipeline_payment_retry,5,partial,Maya Chen,latency guard,ATLAS-4218,"Deployment note: verify feature flag, Grafana SLO, PagerDuty status, database health, and support handoff for analytics-pipeline."
DEP-00862,2021-04-10,analytics-pipeline,stage,atlas-mobile,PR-9286,REL-2023.10,flag_analytics_pipeline_rollback_guard,5,success,Kim Tan,latency guard,ATLAS-5342,"Deployment note: verify feature flag, Grafana SLO, PagerDuty status, database health, and support handoff for analytics-pipeline."
DEP-00863,2021-04-09,notification-service,canary,atlas-data,PR-12545,REL-2023.04,flag_notification_service_mobile_session,10,success,Harper Lee,database lag guard,ATLAS-5576,"Deployment note: verify feature flag, Grafana SLO, PagerDuty status, database health, and support handoff for notification-service."
DEP-00864,2021-04-12,pricing-engine,stage,atlas-payments,PR-8821,REL-2024.04,flag_pricing_engine_rollback_guard,25,monitoring,Victor Silva,manual approval,ATLAS-2539,"Deployment note: verify feature flag, Grafana SLO, PagerDuty status, database health, and support handoff for pricing-engine."
DEP-00865,2021-04-13,cart-service,prod,atlas-checkout,PR-5124,REL-2018.4.15,flag_cart_service_new_write_path,100,partial,Fatima Noor,database lag guard,ATLAS-5045,"Deployment note: verify feature flag, Grafana SLO, PagerDuty status, database health, and support handoff for cart-service."
DEP-00866,2021-04-13,inventory-reservation,canary,atlas-payments,PR-6566,REL-2024.3.4,flag_inventory_reservation_dual_run,75,success,Ravi Patel,database lag guard,ATLAS-6070,"Deployment note: verify feature flag, Grafana SLO, PagerDuty status, database health, and support handoff for inventory-reservation."
DEP-00867,2021-04-14,payment-orchestrator,canary,atlas-orders,PR-9695,REL-2020.2.18,flag_payment_orchestrator_regional_launch,10,success,Dmitri Volkov,manual approval,ATLAS-1695,"Deployment note: verify feature flag, Grafana SLO, PagerDuty status, database health, and support handoff for payment-orchestrator."
DEP-00868,2021-04-17,loyalty-service,canary,atlas-checkout,PR-7534,REL-2022.1.6,flag_loyalty_service_rollback_guard,25,rolled back,Kim Tan,database lag guard,ATLAS-2648,"Deployment note: verify feature flag, Grafana SLO, PagerDuty status, database health, and support handoff for loyalty-service."
DEP-00869,2021-04-18,order-ledger,stage,atlas-orders,PR-7031,REL-2020.04,flag_order_ledger_mobile_session,50,rolled back,Elena Petrova,error budget guard,ATLAS-4715,"Deployment note: verify feature flag, Grafana SLO, PagerDuty status, database health, and support handoff for order-ledger."
DEP-00870,2021-04-17,notification-service,stage,atlas-payments,PR-12001,REL-2019.3.14,flag_notification_service_mobile_session,50,monitoring,Owen Brooks,support volume guard,ATLAS-4311,"Deployment note: verify feature flag, Grafana SLO, PagerDuty status, database health, and support handoff for notification-service."
DEP-00871,2021-04-19,payment-orchestrator,prod,atlas-orders,PR-8612,REL-2019.10,flag_payment_orchestrator_dual_run,25,monitoring,Noah Evans,latency guard,ATLAS-1654,"Deployment note: verify feature flag, Grafana SLO, PagerDuty status, database health, and support handoff for payment-orchestrator."
DEP-00872,2021-04-20,payment-orchestrator,canary,atlas-data,PR-5156,REL-2024.08,flag_payment_orchestrator_dual_run,1,rolled back,Priya Nair,database lag guard,ATLAS-3456,"Deployment note: verify feature flag, Grafana SLO, PagerDuty status, database health, and support handoff for payment-orchestrator."
DEP-00873,2021-04-21,checkout-api,stage,atlas-observability,PR-9270,REL-2018.12,flag_checkout_api_rollback_guard,100,partial,Fatima Noor,latency guard,ATLAS-1646,"Deployment note: verify feature flag, Grafana SLO, PagerDuty status, database health, and support handoff for checkout-api."
DEP-00874,2021-04-22,loyalty-service,canary,atlas-mobile,PR-9808,REL-2024.3.5,flag_loyalty_service_payment_retry,10,rolled back,Elena Petrova,latency guard,ATLAS-4843,"Deployment note: verify feature flag, Grafana SLO, PagerDuty status, database health, and support handoff for loyalty-service."
DEP-00875,2021-04-23,loyalty-service,stage,atlas-mobile,PR-6261,REL-2025.4.2,flag_loyalty_service_payment_retry,0,partial,Noah Evans,support volume guard,ATLAS-3719,"Deployment note: verify feature flag, Grafana SLO, PagerDuty status, database health, and support handoff for loyalty-service."
DEP-00876,2021-04-25,search-recommendations,stage,atlas-checkout,PR-8653,REL-2025.05,flag_search_recommendations_dual_run,1,rolled back,Anika Sharma,latency guard,ATLAS-2722,"Deployment note: verify feature flag, Grafana SLO, PagerDuty status, database health, and support handoff for search-recommendations."
DEP-00877,2021-04-27,cart-service,stage,atlas-orders,PR-5851,REL-2023.01,flag_cart_service_mobile_session,10,monitoring,Anika Sharma,support volume guard,ATLAS-4248,"Deployment note: verify feature flag, Grafana SLO, PagerDuty status, database health, and support handoff for cart-service."
DEP-00878,2021-04-28,search-recommendations,stage,atlas-checkout,PR-11185,REL-2021.4.15,flag_search_recommendations_payment_retry,100,monitoring,Theo Martin,support volume guard,ATLAS-4425,"Deployment note: verify feature flag, Grafana SLO, PagerDuty status, database health, and support handoff for search-recommendations."
DEP-00879,2021-04-28,order-ledger,canary,atlas-mobile,PR-9723,REL-2023.3.1,flag_order_ledger_payment_retry,75,success,Aisha Khan,manual approval,ATLAS-4496,"Deployment note: verify feature flag, Grafana SLO, PagerDuty status, database health, and support handoff for order-ledger."
DEP-00880,2021-05-01,notification-service,canary,atlas-data,PR-5503,REL-2024.3.4,flag_notification_service_dual_run,50,partial,Mateo Garcia,support volume guard,ATLAS-5865,"Deployment note: verify feature flag, Grafana SLO, PagerDuty status, database health, and support handoff for notification-service."
DEP-00881,2021-05-02,checkout-api,stage,atlas-data,PR-5451,REL-2019.3.9,flag_checkout_api_payment_retry,100,rolled back,Ben Carter,database lag guard,ATLAS-2686,"Deployment note: verify feature flag, Grafana SLO, PagerDuty status, database health, and support handoff for checkout-api."
DEP-00882,2021-05-04,search-recommendations,prod,atlas-observability,PR-9616,REL-2021.2.11,flag_search_recommendations_payment_retry,5,rolled back,Elena Petrova,support volume guard,ATLAS-4859,"Deployment note: verify feature flag, Grafana SLO, PagerDuty status, database health, and support handoff for search-recommendations."
DEP-00883,2021-05-05,loyalty-service,prod,atlas-mobile,PR-9815,REL-2024.3.0,flag_loyalty_service_regional_launch,1,monitoring,Harper Lee,manual approval,ATLAS-4655,"Deployment note: verify feature flag, Grafana SLO, PagerDuty status, database health, and support handoff for loyalty-service."
DEP-00884,2021-05-05,order-ledger,stage,atlas-web,PR-7840,REL-2021.3.1,flag_order_ledger_regional_launch,100,rolled back,Victor Silva,support volume guard,ATLAS-4578,"Deployment note: verify feature flag, Grafana SLO, PagerDuty status, database health, and support handoff for order-ledger."
DEP-00885,2021-05-08,inventory-reservation,stage,atlas-checkout,PR-7535,REL-2020.3.17,flag_inventory_reservation_dual_run,50,paused,Jon Bell,database lag guard,ATLAS-1520,"Deployment note: verify feature flag, Grafana SLO, PagerDuty status, database health, and support handoff for inventory-reservation."
DEP-00886,2021-05-08,analytics-pipeline,prod,atlas-payments,PR-7608,REL-2026.05,flag_analytics_pipeline_payment_retry,50,monitoring,Theo Martin,error budget guard,ATLAS-1747,"Deployment note: verify feature flag, Grafana SLO, PagerDuty status, database health, and support handoff for analytics-pipeline."
DEP-00887,2021-05-10,order-ledger,canary,atlas-web,PR-7628,REL-2020.2.0,flag_order_ledger_payment_retry,5,success,Grace Kim,error budget guard,ATLAS-3566,"Deployment note: verify feature flag, Grafana SLO, PagerDuty status, database health, and support handoff for order-ledger."
DEP-00888,2021-05-10,auth-gateway,prod,atlas-checkout,PR-10985,REL-2018.3.17,flag_auth_gateway_payment_retry,50,success,Ben Carter,manual approval,ATLAS-4323,"Deployment note: verify feature flag, Grafana SLO, PagerDuty status, database health, and support handoff for auth-gateway."
DEP-00889,2021-05-11,loyalty-service,stage,atlas-infra,PR-10126,REL-2022.11,flag_loyalty_service_mobile_session,1,rolled back,Nora Singh,error budget guard,ATLAS-3368,"Deployment note: verify feature flag, Grafana SLO, PagerDuty status, database health, and support handoff for loyalty-service."
DEP-00890,2021-05-14,pricing-engine,stage,atlas-mobile,PR-8164,REL-2020.1.4,flag_pricing_engine_payment_retry,100,monitoring,Theo Martin,support volume guard,ATLAS-1282,"Deployment note: verify feature flag, Grafana SLO, PagerDuty status, database health, and support handoff for pricing-engine."
DEP-00891,2021-05-14,cart-service,canary,atlas-data,PR-10649,REL-2020.1.15,flag_cart_service_payment_retry,5,success,Priya Nair,database lag guard,ATLAS-2899,"Deployment note: verify feature flag, Grafana SLO, PagerDuty status, database health, and support handoff for cart-service."
DEP-00892,2021-05-16,loyalty-service,stage,atlas-checkout,PR-12514,REL-2023.11,flag_loyalty_service_dual_run,0,partial,Iris Wang,support volume guard,ATLAS-5890,"Deployment note: verify feature flag, Grafana SLO, PagerDuty status, database health, and support handoff for loyalty-service."
DEP-00893,2021-05-16,checkout-api,canary,atlas-orders,PR-10950,REL-2022.07,flag_checkout_api_payment_retry,100,success,Kim Tan,error budget guard,ATLAS-2733,"Deployment note: verify feature flag, Grafana SLO, PagerDuty status, database health, and support handoff for checkout-api."
DEP-00894,2021-05-16,analytics-pipeline,stage,atlas-checkout,PR-5612,REL-2020.4.5,flag_analytics_pipeline_payment_retry,10,rolled back,Kim Tan,latency guard,ATLAS-3501,"Deployment note: verify feature flag, Grafana SLO, PagerDuty status, database health, and support handoff for analytics-pipeline."
DEP-00895,2021-05-18,inventory-reservation,prod,atlas-orders,PR-10099,REL-2022.4.3,flag_inventory_reservation_mobile_session,100,monitoring,Victor Silva,error budget guard,ATLAS-2440,"Deployment note: verify feature flag, Grafana SLO, PagerDuty status, database health, and support handoff for inventory-reservation."
DEP-00896,2021-05-19,payment-orchestrator,stage,atlas-observability,PR-9782,REL-2023.06,flag_payment_orchestrator_rollback_guard,1,monitoring,Iris Wang,manual approval,ATLAS-5098,"Deployment note: verify feature flag, Grafana SLO, PagerDuty status, database health, and support handoff for payment-orchestrator."
DEP-00897,2021-05-20,checkout-api,prod,atlas-mobile,PR-8282,REL-2026.1.16,flag_checkout_api_rollback_guard,10,partial,Fatima Noor,latency guard,ATLAS-3971,"Deployment note: verify feature flag, Grafana SLO, PagerDuty status, database health, and support handoff for checkout-api."
DEP-00898,2021-05-23,cart-service,stage,atlas-mobile,PR-12344,REL-2023.1.18,flag_cart_service_mobile_session,25,paused,Luca Moretti,error budget guard,ATLAS-1476,"Deployment note: verify feature flag, Grafana SLO, PagerDuty status, database health, and support handoff for cart-service."
DEP-00899,2021-05-24,payment-orchestrator,canary,atlas-mobile,PR-9224,REL-2023.11,flag_payment_orchestrator_payment_retry,0,paused,Anika Sharma,latency guard,ATLAS-3020,"Deployment note: verify feature flag, Grafana SLO, PagerDuty status, database health, and support handoff for payment-orchestrator."
DEP-00900,2021-05-26,auth-gateway,canary,atlas-payments,PR-8594,REL-2019.3.8,flag_auth_gateway_rollback_guard,1,paused,Sara Novak,latency guard,ATLAS-2137,"Deployment note: verify feature flag, Grafana SLO, PagerDuty status, database health, and support handoff for auth-gateway."
DEP-00901,2021-05-27,inventory-reservation,canary,atlas-data,PR-8632,REL-2026.04,flag_inventory_reservation_dual_run,100,monitoring,Dmitri Volkov,database lag guard,ATLAS-1142,"Deployment note: verify feature flag, Grafana SLO, PagerDuty status, database health, and support handoff for inventory-reservation."
DEP-00902,2021-05-28,tax-service,stage,atlas-data,PR-5721,REL-2022.06,flag_tax_service_rollback_guard,10,paused,Kim Tan,database lag guard,ATLAS-4553,"Deployment note: verify feature flag, Grafana SLO, PagerDuty status, database health, and support handoff for tax-service."
DEP-00903,2021-05-27,payment-orchestrator,canary,atlas-web,PR-6728,REL-2020.2.8,flag_payment_orchestrator_regional_launch,25,partial,Grace Kim,database lag guard,ATLAS-1304,"Deployment note: verify feature flag, Grafana SLO, PagerDuty status, database health, and support handoff for payment-orchestrator."
DEP-00904,2021-05-29,order-ledger,prod,atlas-checkout,PR-10220,REL-2021.05,flag_order_ledger_payment_retry,100,monitoring,Jon Bell,database lag guard,ATLAS-3852,"Deployment note: verify feature flag, Grafana SLO, PagerDuty status, database health, and support handoff for order-ledger."
DEP-00905,2021-05-30,order-ledger,canary,atlas-payments,PR-9561,REL-2020.3.11,flag_order_ledger_rollback_guard,1,paused,Theo Martin,support volume guard,ATLAS-4803,"Deployment note: verify feature flag, Grafana SLO, PagerDuty status, database health, and support handoff for order-ledger."
DEP-00906,2021-06-01,checkout-api,canary,atlas-payments,PR-11411,REL-2022.4.14,flag_checkout_api_dual_run,100,monitoring,Nora Singh,database lag guard,ATLAS-4123,"Deployment note: verify feature flag, Grafana SLO, PagerDuty status, database health, and support handoff for checkout-api."
DEP-00907,2021-06-03,search-recommendations,prod,atlas-orders,PR-9662,REL-2022.2.9,flag_search_recommendations_dual_run,25,monitoring,Elena Petrova,database lag guard,ATLAS-5357,"Deployment note: verify feature flag, Grafana SLO, PagerDuty status, database health, and support handoff for search-recommendations."
DEP-00908,2021-06-02,pricing-engine,prod,atlas-payments,PR-5211,REL-2018.4.16,flag_pricing_engine_mobile_session,50,monitoring,Aisha Khan,database lag guard,ATLAS-5151,"Deployment note: verify feature flag, Grafana SLO, PagerDuty status, database health, and support handoff for pricing-engine."
DEP-00909,2021-06-06,analytics-pipeline,prod,atlas-checkout,PR-9192,REL-2020.4.2,flag_analytics_pipeline_regional_launch,25,success,Priya Nair,latency guard,ATLAS-3716,"Deployment note: verify feature flag, Grafana SLO, PagerDuty status, database health, and support handoff for analytics-pipeline."
DEP-00910,2021-06-05,loyalty-service,stage,atlas-mobile,PR-6899,REL-2024.12,flag_loyalty_service_rollback_guard,5,monitoring,Noah Evans,latency guard,ATLAS-1419,"Deployment note: verify feature flag, Grafana SLO, PagerDuty status, database health, and support handoff for loyalty-service."
DEP-00911,2021-06-06,search-recommendations,stage,atlas-infra,PR-6386,REL-2025.2.12,flag_search_recommendations_new_write_path,10,monitoring,Jon Bell,manual approval,ATLAS-1461,"Deployment note: verify feature flag, Grafana SLO, PagerDuty status, database health, and support handoff for search-recommendations."
DEP-00912,2021-06-09,tax-service,canary,atlas-data,PR-9519,REL-2020.3.14,flag_tax_service_new_write_path,10,partial,Nora Singh,support volume guard,ATLAS-5936,"Deployment note: verify feature flag, Grafana SLO, PagerDuty status, database health, and support handoff for tax-service."
DEP-00913,2021-06-08,pricing-engine,canary,atlas-web,PR-8841,REL-2023.03,flag_pricing_engine_dual_run,75,paused,Theo Martin,manual approval,ATLAS-4920,"Deployment note: verify feature flag, Grafana SLO, PagerDuty status, database health, and support handoff for pricing-engine."
DEP-00914,2021-06-10,cart-service,canary,atlas-infra,PR-5513,REL-2021.10,flag_cart_service_mobile_session,75,rolled back,Yara Haddad,error budget guard,ATLAS-2718,"Deployment note: verify feature flag, Grafana SLO, PagerDuty status, database health, and support handoff for cart-service."
DEP-00915,2021-06-12,inventory-reservation,prod,atlas-infra,PR-5250,REL-2021.05,flag_inventory_reservation_dual_run,25,paused,Priya Nair,error budget guard,ATLAS-1667,"Deployment note: verify feature flag, Grafana SLO, PagerDuty status, database health, and support handoff for inventory-reservation."
DEP-00916,2021-06-12,auth-gateway,stage,atlas-observability,PR-9951,REL-2021.02,flag_auth_gateway_payment_retry,10,monitoring,Jon Bell,support volume guard,ATLAS-4101,"Deployment note: verify feature flag, Grafana SLO, PagerDuty status, database health, and support handoff for auth-gateway."
DEP-00917,2021-06-15,auth-gateway,canary,atlas-web,PR-6210,REL-2023.07,flag_auth_gateway_new_write_path,0,success,Fatima Noor,database lag guard,ATLAS-4302,"Deployment note: verify feature flag, Grafana SLO, PagerDuty status, database health, and support handoff for auth-gateway."
DEP-00918,2021-06-15,analytics-pipeline,canary,atlas-data,PR-5789,REL-2026.1.16,flag_analytics_pipeline_dual_run,100,partial,Samir Rao,support volume guard,ATLAS-1458,"Deployment note: verify feature flag, Grafana SLO, PagerDuty status, database health, and support handoff for analytics-pipeline."
DEP-00919,2021-06-16,notification-service,canary,atlas-orders,PR-12121,REL-2024.2.7,flag_notification_service_new_write_path,100,rolled back,Victor Silva,support volume guard,ATLAS-3465,"Deployment note: verify feature flag, Grafana SLO, PagerDuty status, database health, and support handoff for notification-service."
DEP-00920,2021-06-18,pricing-engine,prod,atlas-observability,PR-9511,REL-2020.4.4,flag_pricing_engine_mobile_session,100,partial,Ben Carter,error budget guard,ATLAS-1482,"Deployment note: verify feature flag, Grafana SLO, PagerDuty status, database health, and support handoff for pricing-engine."
DEP-00921,2021-06-19,payment-orchestrator,prod,atlas-web,PR-6656,REL-2020.01,flag_payment_orchestrator_mobile_session,0,success,Priya Nair,latency guard,ATLAS-4530,"Deployment note: verify feature flag, Grafana SLO, PagerDuty status, database health, and support handoff for payment-orchestrator."
DEP-00922,2021-06-20,payment-orchestrator,stage,atlas-checkout,PR-6630,REL-2020.2.8,flag_payment_orchestrator_payment_retry,100,rolled back,Iris Wang,support volume guard,ATLAS-4194,"Deployment note: verify feature flag, Grafana SLO, PagerDuty status, database health, and support handoff for payment-orchestrator."
DEP-00923,2021-06-22,order-ledger,stage,atlas-mobile,PR-5097,REL-2020.3.19,flag_order_ledger_rollback_guard,10,monitoring,Luca Moretti,database lag guard,ATLAS-2625,"Deployment note: verify feature flag, Grafana SLO, PagerDuty status, database health, and support handoff for order-ledger."
DEP-00924,2021-06-22,payment-orchestrator,prod,atlas-mobile,PR-8548,REL-2020.4.4,flag_payment_orchestrator_dual_run,5,monitoring,Ben Carter,manual approval,ATLAS-2719,"Deployment note: verify feature flag, Grafana SLO, PagerDuty status, database health, and support handoff for payment-orchestrator."
DEP-00925,2021-06-25,analytics-pipeline,prod,atlas-infra,PR-6936,REL-2026.1.16,flag_analytics_pipeline_rollback_guard,5,success,Priya Nair,latency guard,ATLAS-2006,"Deployment note: verify feature flag, Grafana SLO, PagerDuty status, database health, and support handoff for analytics-pipeline."
DEP-00926,2021-06-25,checkout-api,stage,atlas-orders,PR-5745,REL-2025.3.7,flag_checkout_api_dual_run,5,rolled back,Owen Brooks,manual approval,ATLAS-5851,"Deployment note: verify feature flag, Grafana SLO, PagerDuty status, database health, and support handoff for checkout-api."
DEP-00927,2021-06-25,analytics-pipeline,stage,atlas-payments,PR-7546,REL-2020.4.18,flag_analytics_pipeline_dual_run,25,rolled back,Ben Carter,latency guard,ATLAS-2088,"Deployment note: verify feature flag, Grafana SLO, PagerDuty status, database health, and support handoff for analytics-pipeline."
DEP-00928,2021-06-28,order-ledger,stage,atlas-data,PR-6089,REL-2023.2.12,flag_order_ledger_dual_run,10,rolled back,Yara Haddad,error budget guard,ATLAS-3475,"Deployment note: verify feature flag, Grafana SLO, PagerDuty status, database health, and support handoff for order-ledger."
DEP-00929,2021-06-30,loyalty-service,canary,atlas-payments,PR-7535,REL-2021.4.15,flag_loyalty_service_new_write_path,50,rolled back,Noah Evans,support volume guard,ATLAS-3078,"Deployment note: verify feature flag, Grafana SLO, PagerDuty status, database health, and support handoff for loyalty-service."
DEP-00930,2021-06-30,payment-orchestrator,prod,atlas-observability,PR-8174,REL-2026.1.5,flag_payment_orchestrator_dual_run,0,partial,Victor Silva,error budget guard,ATLAS-2420,"Deployment note: verify feature flag, Grafana SLO, PagerDuty status, database health, and support handoff for payment-orchestrator."
DEP-00931,2021-07-02,order-ledger,stage,atlas-payments,PR-10561,REL-2025.1.11,flag_order_ledger_new_write_path,10,rolled back,Victor Silva,latency guard,ATLAS-5789,"Deployment note: verify feature flag, Grafana SLO, PagerDuty status, database health, and support handoff for order-ledger."
DEP-00932,2021-07-03,search-recommendations,stage,atlas-infra,PR-7108,REL-2025.4.13,flag_search_recommendations_rollback_guard,5,partial,Kim Tan,error budget guard,ATLAS-4240,"Deployment note: verify feature flag, Grafana SLO, PagerDuty status, database health, and support handoff for search-recommendations."
DEP-00933,2021-07-04,notification-service,canary,atlas-infra,PR-9469,REL-2019.12,flag_notification_service_regional_launch,25,partial,Theo Martin,support volume guard,ATLAS-2643,"Deployment note: verify feature flag, Grafana SLO, PagerDuty status, database health, and support handoff for notification-service."
DEP-00934,2021-07-04,search-recommendations,canary,atlas-mobile,PR-7511,REL-2025.05,flag_search_recommendations_payment_retry,50,monitoring,Anika Sharma,latency guard,ATLAS-5739,"Deployment note: verify feature flag, Grafana SLO, PagerDuty status, database health, and support handoff for search-recommendations."
DEP-00935,2021-07-06,inventory-reservation,canary,atlas-payments,PR-8484,REL-2020.4.14,flag_inventory_reservation_regional_launch,1,success,Yara Haddad,manual approval,ATLAS-2876,"Deployment note: verify feature flag, Grafana SLO, PagerDuty status, database health, and support handoff for inventory-reservation."
DEP-00936,2021-07-06,inventory-reservation,canary,atlas-mobile,PR-5745,REL-2023.10,flag_inventory_reservation_mobile_session,0,paused,Nora Singh,latency guard,ATLAS-1743,"Deployment note: verify feature flag, Grafana SLO, PagerDuty status, database health, and support handoff for inventory-reservation."
DEP-00937,2021-07-07,cart-service,prod,atlas-mobile,PR-9874,REL-2023.3.1,flag_cart_service_new_write_path,0,success,Noah Evans,support volume guard,ATLAS-2581,"Deployment note: verify feature flag, Grafana SLO, PagerDuty status, database health, and support handoff for cart-service."
DEP-00938,2021-07-11,analytics-pipeline,canary,atlas-orders,PR-8167,REL-2018.3.5,flag_analytics_pipeline_regional_launch,25,success,Iris Wang,latency guard,ATLAS-1758,"Deployment note: verify feature flag, Grafana SLO, PagerDuty status, database health, and support handoff for analytics-pipeline."
DEP-00939,2021-07-11,order-ledger,canary,atlas-observability,PR-12245,REL-2024.4.8,flag_order_ledger_dual_run,5,paused,Ravi Patel,latency guard,ATLAS-1430,"Deployment note: verify feature flag, Grafana SLO, PagerDuty status, database health, and support handoff for order-ledger."
DEP-00940,2021-07-12,order-ledger,stage,atlas-infra,PR-8104,REL-2025.1.7,flag_order_ledger_payment_retry,5,paused,Owen Brooks,support volume guard,ATLAS-2192,"Deployment note: verify feature flag, Grafana SLO, PagerDuty status, database health, and support handoff for order-ledger."
DEP-00941,2021-07-13,analytics-pipeline,prod,atlas-mobile,PR-9265,REL-2021.03,flag_analytics_pipeline_rollback_guard,25,paused,Mateo Garcia,support volume guard,ATLAS-5267,"Deployment note: verify feature flag, Grafana SLO, PagerDuty status, database health, and support handoff for analytics-pipeline."
DEP-00942,2021-07-14,order-ledger,prod,atlas-infra,PR-9044,REL-2025.1.8,flag_order_ledger_mobile_session,5,paused,Elena Petrova,error budget guard,ATLAS-2437,"Deployment note: verify feature flag, Grafana SLO, PagerDuty status, database health, and support handoff for order-ledger."
DEP-00943,2021-07-17,payment-orchestrator,prod,atlas-mobile,PR-8939,REL-2023.02,flag_payment_orchestrator_mobile_session,50,paused,Maya Chen,support volume guard,ATLAS-4537,"Deployment note: verify feature flag, Grafana SLO, PagerDuty status, database health, and support handoff for payment-orchestrator."
DEP-00944,2021-07-17,order-ledger,prod,atlas-checkout,PR-7351,REL-2024.4.13,flag_order_ledger_mobile_session,50,paused,Dmitri Volkov,database lag guard,ATLAS-4741,"Deployment note: verify feature flag, Grafana SLO, PagerDuty status, database health, and support handoff for order-ledger."
DEP-00945,2021-07-18,auth-gateway,canary,atlas-orders,PR-5922,REL-2022.12,flag_auth_gateway_payment_retry,10,paused,Maya Chen,manual approval,ATLAS-1236,"Deployment note: verify feature flag, Grafana SLO, PagerDuty status, database health, and support handoff for auth-gateway."
DEP-00946,2021-07-18,order-ledger,canary,atlas-orders,PR-9636,REL-2022.2.7,flag_order_ledger_rollback_guard,10,rolled back,Fatima Noor,database lag guard,ATLAS-2243,"Deployment note: verify feature flag, Grafana SLO, PagerDuty status, database health, and support handoff for order-ledger."
DEP-00947,2021-07-21,analytics-pipeline,prod,atlas-payments,PR-6008,REL-2022.3.18,flag_analytics_pipeline_regional_launch,25,partial,Elena Petrova,manual approval,ATLAS-2884,"Deployment note: verify feature flag, Grafana SLO, PagerDuty status, database health, and support handoff for analytics-pipeline."
DEP-00948,2021-07-22,notification-service,canary,atlas-mobile,PR-11891,REL-2025.4.16,flag_notification_service_new_write_path,0,success,Nora Singh,support volume guard,ATLAS-1443,"Deployment note: verify feature flag, Grafana SLO, PagerDuty status, database health, and support handoff for notification-service."
DEP-00949,2021-07-22,cart-service,prod,atlas-data,PR-5995,REL-2026.03,flag_cart_service_new_write_path,5,paused,Yara Haddad,support volume guard,ATLAS-5545,"Deployment note: verify feature flag, Grafana SLO, PagerDuty status, database health, and support handoff for cart-service."
DEP-00950,2021-07-23,analytics-pipeline,canary,atlas-observability,PR-10847,REL-2023.1.19,flag_analytics_pipeline_mobile_session,10,paused,Nora Singh,error budget guard,ATLAS-1966,"Deployment note: verify feature flag, Grafana SLO, PagerDuty status, database health, and support handoff for analytics-pipeline."
DEP-00951,2021-07-26,notification-service,stage,atlas-mobile,PR-9379,REL-2025.2.3,flag_notification_service_dual_run,100,paused,Fatima Noor,support volume guard,ATLAS-3471,"Deployment note: verify feature flag, Grafana SLO, PagerDuty status, database health, and support handoff for notification-service."
DEP-00952,2021-07-28,pricing-engine,stage,atlas-mobile,PR-8747,REL-2023.05,flag_pricing_engine_regional_launch,5,monitoring,Luca Moretti,latency guard,ATLAS-5442,"Deployment note: verify feature flag, Grafana SLO, PagerDuty status, database health, and support handoff for pricing-engine."
DEP-00953,2021-07-28,loyalty-service,stage,atlas-web,PR-7593,REL-2022.4.10,flag_loyalty_service_payment_retry,75,monitoring,Maya Chen,latency guard,ATLAS-1777,"Deployment note: verify feature flag, Grafana SLO, PagerDuty status, database health, and support handoff for loyalty-service."
DEP-00954,2021-07-30,auth-gateway,canary,atlas-web,PR-5020,REL-2022.4.14,flag_auth_gateway_payment_retry,100,paused,Ben Carter,latency guard,ATLAS-1914,"Deployment note: verify feature flag, Grafana SLO, PagerDuty status, database health, and support handoff for auth-gateway."
DEP-00955,2021-07-30,checkout-api,canary,atlas-mobile,PR-9554,REL-2020.2.13,flag_checkout_api_regional_launch,0,monitoring,Sara Novak,latency guard,ATLAS-1229,"Deployment note: verify feature flag, Grafana SLO, PagerDuty status, database health, and support handoff for checkout-api."
DEP-00956,2021-08-01,analytics-pipeline,prod,atlas-orders,PR-6896,REL-2019.4.5,flag_analytics_pipeline_mobile_session,75,success,Fatima Noor,database lag guard,ATLAS-4243,"Deployment note: verify feature flag, Grafana SLO, PagerDuty status, database health, and support handoff for analytics-pipeline."
DEP-00957,2021-08-03,order-ledger,stage,atlas-payments,PR-6254,REL-2023.3.0,flag_order_ledger_mobile_session,50,rolled back,Priya Nair,manual approval,ATLAS-2534,"Deployment note: verify feature flag, Grafana SLO, PagerDuty status, database health, and support handoff for order-ledger."
DEP-00958,2021-08-03,loyalty-service,canary,atlas-mobile,PR-6744,REL-2022.1.5,flag_loyalty_service_mobile_session,100,monitoring,Victor Silva,support volume guard,ATLAS-6196,"Deployment note: verify feature flag, Grafana SLO, PagerDuty status, database health, and support handoff for loyalty-service."
DEP-00959,2021-08-03,inventory-reservation,canary,atlas-checkout,PR-6211,REL-2026.1.1,flag_inventory_reservation_dual_run,100,paused,Nora Singh,manual approval,ATLAS-4507,"Deployment note: verify feature flag, Grafana SLO, PagerDuty status, database health, and support handoff for inventory-reservation."
DEP-00960,2021-08-05,checkout-api,prod,atlas-orders,PR-8490,REL-2022.4.10,flag_checkout_api_dual_run,25,monitoring,Priya Nair,support volume guard,ATLAS-3375,"Deployment note: verify feature flag, Grafana SLO, PagerDuty status, database health, and support handoff for checkout-api."
DEP-00961,2021-08-07,order-ledger,stage,atlas-mobile,PR-8713,REL-2024.4.18,flag_order_ledger_new_write_path,100,rolled back,Ben Carter,support volume guard,ATLAS-1005,"Deployment note: verify feature flag, Grafana SLO, PagerDuty status, database health, and support handoff for order-ledger."
DEP-00962,2021-08-08,payment-orchestrator,stage,atlas-payments,PR-7491,REL-2024.1.8,flag_payment_orchestrator_regional_launch,100,paused,Jon Bell,database lag guard,ATLAS-4082,"Deployment note: verify feature flag, Grafana SLO, PagerDuty status, database health, and support handoff for payment-orchestrator."
DEP-00963,2021-08-09,auth-gateway,canary,atlas-observability,PR-7276,REL-2019.1.17,flag_auth_gateway_mobile_session,25,rolled back,Sara Novak,database lag guard,ATLAS-2780,"Deployment note: verify feature flag, Grafana SLO, PagerDuty status, database health, and support handoff for auth-gateway."
DEP-00964,2021-08-10,search-recommendations,prod,atlas-mobile,PR-5940,REL-2019.06,flag_search_recommendations_payment_retry,50,success,Priya Nair,manual approval,ATLAS-4877,"Deployment note: verify feature flag, Grafana SLO, PagerDuty status, database health, and support handoff for search-recommendations."
DEP-00965,2021-08-12,order-ledger,prod,atlas-orders,PR-7473,REL-2023.2.15,flag_order_ledger_mobile_session,5,rolled back,Harper Lee,error budget guard,ATLAS-1486,"Deployment note: verify feature flag, Grafana SLO, PagerDuty status, database health, and support handoff for order-ledger."
DEP-00966,2021-08-13,payment-orchestrator,prod,atlas-mobile,PR-9677,REL-2022.07,flag_payment_orchestrator_rollback_guard,25,success,Grace Kim,database lag guard,ATLAS-3240,"Deployment note: verify feature flag, Grafana SLO, PagerDuty status, database health, and support handoff for payment-orchestrator."
DEP-00967,2021-08-13,notification-service,stage,atlas-payments,PR-8437,REL-2019.3.9,flag_notification_service_mobile_session,100,rolled back,Ben Carter,error budget guard,ATLAS-3029,"Deployment note: verify feature flag, Grafana SLO, PagerDuty status, database health, and support handoff for notification-service."
DEP-00968,2021-08-16,pricing-engine,prod,atlas-observability,PR-10107,REL-2023.1.15,flag_pricing_engine_mobile_session,10,success,Grace Kim,support volume guard,ATLAS-2275,"Deployment note: verify feature flag, Grafana SLO, PagerDuty status, database health, and support handoff for pricing-engine."
DEP-00969,2021-08-15,loyalty-service,stage,atlas-checkout,PR-10622,REL-2025.4.2,flag_loyalty_service_payment_retry,1,rolled back,Maya Chen,manual approval,ATLAS-5662,"Deployment note: verify feature flag, Grafana SLO, PagerDuty status, database health, and support handoff for loyalty-service."
DEP-00970,2021-08-16,loyalty-service,prod,atlas-data,PR-7170,REL-2026.04,flag_loyalty_service_regional_launch,10,monitoring,Theo Martin,database lag guard,ATLAS-2198,"Deployment note: verify feature flag, Grafana SLO, PagerDuty status, database health, and support handoff for loyalty-service."
DEP-00971,2021-08-20,cart-service,stage,atlas-web,PR-8295,REL-2021.09,flag_cart_service_payment_retry,5,paused,Grace Kim,error budget guard,ATLAS-4749,"Deployment note: verify feature flag, Grafana SLO, PagerDuty status, database health, and support handoff for cart-service."
DEP-00972,2021-08-20,order-ledger,canary,atlas-infra,PR-7027,REL-2019.12,flag_order_ledger_new_write_path,25,partial,Jon Bell,error budget guard,ATLAS-1249,"Deployment note: verify feature flag, Grafana SLO, PagerDuty status, database health, and support handoff for order-ledger."
DEP-00973,2021-08-22,search-recommendations,canary,atlas-checkout,PR-9074,REL-2022.1.13,flag_search_recommendations_regional_launch,75,rolled back,Ben Carter,error budget guard,ATLAS-4140,"Deployment note: verify feature flag, Grafana SLO, PagerDuty status, database health, and support handoff for search-recommendations."
DEP-00974,2021-08-22,checkout-api,stage,atlas-payments,PR-12001,REL-2020.3.5,flag_checkout_api_payment_retry,0,success,Sara Novak,database lag guard,ATLAS-4539,"Deployment note: verify feature flag, Grafana SLO, PagerDuty status, database health, and support handoff for checkout-api."
DEP-00975,2021-08-22,payment-orchestrator,prod,atlas-web,PR-6812,REL-2020.1.18,flag_payment_orchestrator_dual_run,50,partial,Elena Petrova,database lag guard,ATLAS-1812,"Deployment note: verify feature flag, Grafana SLO, PagerDuty status, database health, and support handoff for payment-orchestrator."
DEP-00976,2021-08-25,loyalty-service,prod,atlas-checkout,PR-6505,REL-2019.08,flag_loyalty_service_payment_retry,25,partial,Ben Carter,database lag guard,ATLAS-2532,"Deployment note: verify feature flag, Grafana SLO, PagerDuty status, database health, and support handoff for loyalty-service."
DEP-00977,2021-08-27,search-recommendations,stage,atlas-checkout,PR-9990,REL-2024.3.0,flag_search_recommendations_regional_launch,50,rolled back,Ravi Patel,error budget guard,ATLAS-4200,"Deployment note: verify feature flag, Grafana SLO, PagerDuty status, database health, and support handoff for search-recommendations."
DEP-00978,2021-08-26,payment-orchestrator,canary,atlas-orders,PR-10835,REL-2024.2.0,flag_payment_orchestrator_new_write_path,5,success,Noah Evans,error budget guard,ATLAS-1529,"Deployment note: verify feature flag, Grafana SLO, PagerDuty status, database health, and support handoff for payment-orchestrator."
DEP-00979,2021-08-28,loyalty-service,stage,atlas-infra,PR-10009,REL-2024.3.6,flag_loyalty_service_rollback_guard,75,partial,Luca Moretti,latency guard,ATLAS-6106,"Deployment note: verify feature flag, Grafana SLO, PagerDuty status, database health, and support handoff for loyalty-service."
DEP-00980,2021-08-29,payment-orchestrator,canary,atlas-orders,PR-5208,REL-2019.04,flag_payment_orchestrator_rollback_guard,5,paused,Aisha Khan,error budget guard,ATLAS-4728,"Deployment note: verify feature flag, Grafana SLO, PagerDuty status, database health, and support handoff for payment-orchestrator."
DEP-00981,2021-08-31,checkout-api,prod,atlas-web,PR-11567,REL-2023.2.2,flag_checkout_api_regional_launch,25,rolled back,Noah Evans,error budget guard,ATLAS-1113,"Deployment note: verify feature flag, Grafana SLO, PagerDuty status, database health, and support handoff for checkout-api."
DEP-00982,2021-08-31,loyalty-service,stage,atlas-payments,PR-7218,REL-2024.2.9,flag_loyalty_service_payment_retry,0,monitoring,Dmitri Volkov,manual approval,ATLAS-5365,"Deployment note: verify feature flag, Grafana SLO, PagerDuty status, database health, and support handoff for loyalty-service."
DEP-00983,2021-09-01,pricing-engine,canary,atlas-data,PR-11465,REL-2018.3.14,flag_pricing_engine_dual_run,50,partial,Theo Martin,latency guard,ATLAS-1475,"Deployment note: verify feature flag, Grafana SLO, PagerDuty status, database health, and support handoff for pricing-engine."
DEP-00984,2021-09-04,tax-service,canary,atlas-mobile,PR-8018,REL-2025.09,flag_tax_service_payment_retry,100,success,Kim Tan,database lag guard,ATLAS-4270,"Deployment note: verify feature flag, Grafana SLO, PagerDuty status, database health, and support handoff for tax-service."
DEP-00985,2021-09-04,checkout-api,stage,atlas-observability,PR-6132,REL-2019.3.2,flag_checkout_api_payment_retry,75,paused,Yara Haddad,support volume guard,ATLAS-3800,"Deployment note: verify feature flag, Grafana SLO, PagerDuty status, database health, and support handoff for checkout-api."
DEP-00986,2021-09-07,search-recommendations,stage,atlas-mobile,PR-11033,REL-2019.1.6,flag_search_recommendations_mobile_session,50,success,Aisha Khan,support volume guard,ATLAS-1003,"Deployment note: verify feature flag, Grafana SLO, PagerDuty status, database health, and support handoff for search-recommendations."
DEP-00987,2021-09-07,checkout-api,canary,atlas-data,PR-6780,REL-2021.08,flag_checkout_api_dual_run,10,paused,Nora Singh,error budget guard,ATLAS-5646,"Deployment note: verify feature flag, Grafana SLO, PagerDuty status, database health, and support handoff for checkout-api."
DEP-00988,2021-09-09,auth-gateway,stage,atlas-observability,PR-12557,REL-2020.12,flag_auth_gateway_regional_launch,5,paused,Victor Silva,error budget guard,ATLAS-5490,"Deployment note: verify feature flag, Grafana SLO, PagerDuty status, database health, and support handoff for auth-gateway."
DEP-00989,2021-09-08,cart-service,canary,atlas-payments,PR-8905,REL-2024.3.6,flag_cart_service_rollback_guard,10,paused,Luca Moretti,latency guard,ATLAS-3894,"Deployment note: verify feature flag, Grafana SLO, PagerDuty status, database health, and support handoff for cart-service."
DEP-00990,2021-09-11,tax-service,canary,atlas-data,PR-6322,REL-2025.3.14,flag_tax_service_regional_launch,5,success,Yara Haddad,manual approval,ATLAS-5451,"Deployment note: verify feature flag, Grafana SLO, PagerDuty status, database health, and support handoff for tax-service."
DEP-00991,2021-09-12,auth-gateway,stage,atlas-web,PR-5233,REL-2024.4.18,flag_auth_gateway_mobile_session,100,success,Mateo Garcia,error budget guard,ATLAS-2999,"Deployment note: verify feature flag, Grafana SLO, PagerDuty status, database health, and support handoff for auth-gateway."
DEP-00992,2021-09-12,checkout-api,stage,atlas-observability,PR-5981,REL-2022.05,flag_checkout_api_dual_run,75,success,Harper Lee,error budget guard,ATLAS-3554,"Deployment note: verify feature flag, Grafana SLO, PagerDuty status, database health, and support handoff for checkout-api."
DEP-00993,2021-09-13,inventory-reservation,canary,atlas-checkout,PR-8915,REL-2022.07,flag_inventory_reservation_mobile_session,100,paused,Mateo Garcia,latency guard,ATLAS-4965,"Deployment note: verify feature flag, Grafana SLO, PagerDuty status, database health, and support handoff for inventory-reservation."
DEP-00994,2021-09-15,inventory-reservation,prod,atlas-checkout,PR-10322,REL-2026.04,flag_inventory_reservation_payment_retry,5,partial,Iris Wang,support volume guard,ATLAS-6059,"Deployment note: verify feature flag, Grafana SLO, PagerDuty status, database health, and support handoff for inventory-reservation."
DEP-00995,2021-09-16,pricing-engine,stage,atlas-orders,PR-6948,REL-2019.07,flag_pricing_engine_rollback_guard,1,partial,Anika Sharma,database lag guard,ATLAS-5530,"Deployment note: verify feature flag, Grafana SLO, PagerDuty status, database health, and support handoff for pricing-engine."
DEP-00996,2021-09-18,pricing-engine,prod,atlas-infra,PR-5370,REL-2019.06,flag_pricing_engine_mobile_session,100,rolled back,Owen Brooks,support volume guard,ATLAS-1467,"Deployment note: verify feature flag, Grafana SLO, PagerDuty status, database health, and support handoff for pricing-engine."
DEP-00997,2021-09-18,notification-service,stage,atlas-checkout,PR-7013,REL-2022.1.5,flag_notification_service_rollback_guard,10,rolled back,Sara Novak,error budget guard,ATLAS-4758,"Deployment note: verify feature flag, Grafana SLO, PagerDuty status, database health, and support handoff for notification-service."
DEP-00998,2021-09-20,tax-service,stage,atlas-orders,PR-7671,REL-2018.2.3,flag_tax_service_regional_launch,10,success,Jon Bell,latency guard,ATLAS-3677,"Deployment note: verify feature flag, Grafana SLO, PagerDuty status, database health, and support handoff for tax-service."
DEP-00999,2021-09-22,tax-service,canary,atlas-observability,PR-9571,REL-2018.08,flag_tax_service_mobile_session,25,partial,Maya Chen,manual approval,ATLAS-4411,"Deployment note: verify feature flag, Grafana SLO, PagerDuty status, database health, and support handoff for tax-service."
DEP-01000,2021-09-23,payment-orchestrator,prod,atlas-infra,PR-6783,REL-2021.4.17,flag_payment_orchestrator_rollback_guard,10,rolled back,Priya Nair,database lag guard,ATLAS-2039,"Deployment note: verify feature flag, Grafana SLO, PagerDuty status, database health, and support handoff for payment-orchestrator."
DEP-01001,2021-09-23,analytics-pipeline,canary,atlas-data,PR-6195,REL-2024.03,flag_analytics_pipeline_dual_run,10,paused,Nora Singh,support volume guard,ATLAS-1869,"Deployment note: verify feature flag, Grafana SLO, PagerDuty status, database health, and support handoff for analytics-pipeline."
DEP-01002,2021-09-24,cart-service,canary,atlas-data,PR-6123,REL-2024.01,flag_cart_service_dual_run,10,paused,Victor Silva,error budget guard,ATLAS-1835,"Deployment note: verify feature flag, Grafana SLO, PagerDuty status, database health, and support handoff for cart-service."
DEP-01003,2021-09-27,analytics-pipeline,prod,atlas-web,PR-7005,REL-2025.3.2,flag_analytics_pipeline_rollback_guard,100,rolled back,Maya Chen,manual approval,ATLAS-1631,"Deployment note: verify feature flag, Grafana SLO, PagerDuty status, database health, and support handoff for analytics-pipeline."
DEP-01004,2021-09-29,order-ledger,prod,atlas-payments,PR-6644,REL-2020.12,flag_order_ledger_dual_run,10,partial,Ben Carter,database lag guard,ATLAS-4230,"Deployment note: verify feature flag, Grafana SLO, PagerDuty status, database health, and support handoff for order-ledger."
DEP-01005,2021-09-30,search-recommendations,prod,atlas-checkout,PR-5255,REL-2023.3.12,flag_search_recommendations_new_write_path,75,success,Elena Petrova,database lag guard,ATLAS-4931,"Deployment note: verify feature flag, Grafana SLO, PagerDuty status, database health, and support handoff for search-recommendations."
DEP-01006,2021-09-29,search-recommendations,canary,atlas-orders,PR-8589,REL-2020.4.2,flag_search_recommendations_dual_run,1,rolled back,Owen Brooks,support volume guard,ATLAS-3368,"Deployment note: verify feature flag, Grafana SLO, PagerDuty status, database health, and support handoff for search-recommendations."
DEP-01007,2021-09-30,analytics-pipeline,prod,atlas-observability,PR-6511,REL-2018.3.14,flag_analytics_pipeline_regional_launch,0,monitoring,Iris Wang,manual approval,ATLAS-3642,"Deployment note: verify feature flag, Grafana SLO, PagerDuty status, database health, and support handoff for analytics-pipeline."
DEP-01008,2021-10-02,payment-orchestrator,canary,atlas-mobile,PR-8126,REL-2021.2.11,flag_payment_orchestrator_regional_launch,100,partial,Maya Chen,manual approval,ATLAS-4305,"Deployment note: verify feature flag, Grafana SLO, PagerDuty status, database health, and support handoff for payment-orchestrator."
DEP-01009,2021-10-04,loyalty-service,stage,atlas-data,PR-9493,REL-2025.12,flag_loyalty_service_rollback_guard,50,success,Samir Rao,support volume guard,ATLAS-5496,"Deployment note: verify feature flag, Grafana SLO, PagerDuty status, database health, and support handoff for loyalty-service."
DEP-01010,2021-10-04,checkout-api,prod,atlas-data,PR-7106,REL-2024.1.10,flag_checkout_api_rollback_guard,5,success,Nora Singh,error budget guard,ATLAS-5654,"Deployment note: verify feature flag, Grafana SLO, PagerDuty status, database health, and support handoff for checkout-api."
DEP-01011,2021-10-07,inventory-reservation,stage,atlas-web,PR-6261,REL-2019.2.6,flag_inventory_reservation_dual_run,0,rolled back,Yara Haddad,support volume guard,ATLAS-5303,"Deployment note: verify feature flag, Grafana SLO, PagerDuty status, database health, and support handoff for inventory-reservation."
DEP-01012,2021-10-06,auth-gateway,prod,atlas-mobile,PR-8546,REL-2020.3.12,flag_auth_gateway_regional_launch,100,rolled back,Mateo Garcia,support volume guard,ATLAS-5582,"Deployment note: verify feature flag, Grafana SLO, PagerDuty status, database health, and support handoff for auth-gateway."
DEP-01013,2021-10-07,order-ledger,stage,atlas-payments,PR-9797,REL-2023.1.11,flag_order_ledger_mobile_session,75,success,Maya Chen,support volume guard,ATLAS-2480,"Deployment note: verify feature flag, Grafana SLO, PagerDuty status, database health, and support handoff for order-ledger."
DEP-01014,2021-10-11,checkout-api,prod,atlas-payments,PR-5231,REL-2023.3.12,flag_checkout_api_rollback_guard,10,monitoring,Ben Carter,manual approval,ATLAS-6146,"Deployment note: verify feature flag, Grafana SLO, PagerDuty status, database health, and support handoff for checkout-api."
DEP-01015,2021-10-10,auth-gateway,canary,atlas-infra,PR-9434,REL-2019.07,flag_auth_gateway_mobile_session,100,paused,Nora Singh,latency guard,ATLAS-4884,"Deployment note: verify feature flag, Grafana SLO, PagerDuty status, database health, and support handoff for auth-gateway."
DEP-01016,2021-10-12,loyalty-service,stage,atlas-infra,PR-5029,REL-2025.03,flag_loyalty_service_payment_retry,10,paused,Anika Sharma,support volume guard,ATLAS-3760,"Deployment note: verify feature flag, Grafana SLO, PagerDuty status, database health, and support handoff for loyalty-service."
DEP-01017,2021-10-13,analytics-pipeline,canary,atlas-observability,PR-10105,REL-2022.4.10,flag_analytics_pipeline_regional_launch,0,partial,Sara Novak,error budget guard,ATLAS-3361,"Deployment note: verify feature flag, Grafana SLO, PagerDuty status, database health, and support handoff for analytics-pipeline."
DEP-01018,2021-10-13,order-ledger,stage,atlas-observability,PR-9329,REL-2024.06,flag_order_ledger_dual_run,25,success,Mateo Garcia,error budget guard,ATLAS-1277,"Deployment note: verify feature flag, Grafana SLO, PagerDuty status, database health, and support handoff for order-ledger."
DEP-01019,2021-10-15,payment-orchestrator,stage,atlas-observability,PR-10930,REL-2021.2.11,flag_payment_orchestrator_mobile_session,100,partial,Mateo Garcia,database lag guard,ATLAS-1045,"Deployment note: verify feature flag, Grafana SLO, PagerDuty status, database health, and support handoff for payment-orchestrator."
DEP-01020,2021-10-18,search-recommendations,canary,atlas-web,PR-8287,REL-2025.3.2,flag_search_recommendations_regional_launch,50,rolled back,Aisha Khan,support volume guard,ATLAS-4012,"Deployment note: verify feature flag, Grafana SLO, PagerDuty status, database health, and support handoff for search-recommendations."
DEP-01021,2021-10-19,notification-service,stage,atlas-orders,PR-9550,REL-2020.03,flag_notification_service_regional_launch,5,monitoring,Priya Nair,database lag guard,ATLAS-4998,"Deployment note: verify feature flag, Grafana SLO, PagerDuty status, database health, and support handoff for notification-service."
DEP-01022,2021-10-20,order-ledger,canary,atlas-data,PR-7233,REL-2023.4.11,flag_order_ledger_new_write_path,50,paused,Maya Chen,support volume guard,ATLAS-2191,"Deployment note: verify feature flag, Grafana SLO, PagerDuty status, database health, and support handoff for order-ledger."
DEP-01023,2021-10-21,notification-service,stage,atlas-infra,PR-7777,REL-2023.1.7,flag_notification_service_new_write_path,100,rolled back,Elena Petrova,latency guard,ATLAS-5411,"Deployment note: verify feature flag, Grafana SLO, PagerDuty status, database health, and support handoff for notification-service."
DEP-01024,2021-10-23,search-recommendations,stage,atlas-mobile,PR-8124,REL-2023.06,flag_search_recommendations_payment_retry,75,rolled back,Sara Novak,latency guard,ATLAS-4656,"Deployment note: verify feature flag, Grafana SLO, PagerDuty status, database health, and support handoff for search-recommendations."
DEP-01025,2021-10-22,order-ledger,prod,atlas-infra,PR-6725,REL-2018.4.12,flag_order_ledger_regional_launch,1,paused,Theo Martin,manual approval,ATLAS-3195,"Deployment note: verify feature flag, Grafana SLO, PagerDuty status, database health, and support handoff for order-ledger."
DEP-01026,2021-10-24,checkout-api,prod,atlas-web,PR-7355,REL-2021.10,flag_checkout_api_new_write_path,0,paused,Ravi Patel,database lag guard,ATLAS-3998,"Deployment note: verify feature flag, Grafana SLO, PagerDuty status, database health, and support handoff for checkout-api."
DEP-01027,2021-10-24,payment-orchestrator,stage,atlas-observability,PR-10146,REL-2019.3.14,flag_payment_orchestrator_regional_launch,0,partial,Owen Brooks,support volume guard,ATLAS-4943,"Deployment note: verify feature flag, Grafana SLO, PagerDuty status, database health, and support handoff for payment-orchestrator."
DEP-01028,2021-10-28,checkout-api,stage,atlas-web,PR-10140,REL-2022.3.18,flag_checkout_api_rollback_guard,10,rolled back,Samir Rao,error budget guard,ATLAS-2286,"Deployment note: verify feature flag, Grafana SLO, PagerDuty status, database health, and support handoff for checkout-api."
DEP-01029,2021-10-29,checkout-api,canary,atlas-payments,PR-10635,REL-2022.07,flag_checkout_api_regional_launch,0,partial,Mateo Garcia,manual approval,ATLAS-1338,"Deployment note: verify feature flag, Grafana SLO, PagerDuty status, database health, and support handoff for checkout-api."
DEP-01030,2021-10-30,auth-gateway,prod,atlas-data,PR-6558,REL-2021.4.17,flag_auth_gateway_mobile_session,0,paused,Luca Moretti,database lag guard,ATLAS-3427,"Deployment note: verify feature flag, Grafana SLO, PagerDuty status, database health, and support handoff for auth-gateway."
DEP-01031,2021-10-29,checkout-api,stage,atlas-mobile,PR-5479,REL-2024.2.0,flag_checkout_api_new_write_path,5,partial,Luca Moretti,manual approval,ATLAS-4726,"Deployment note: verify feature flag, Grafana SLO, PagerDuty status, database health, and support handoff for checkout-api."
DEP-01032,2021-11-01,tax-service,canary,atlas-observability,PR-6282,REL-2026.01,flag_tax_service_payment_retry,0,paused,Grace Kim,database lag guard,ATLAS-4541,"Deployment note: verify feature flag, Grafana SLO, PagerDuty status, database health, and support handoff for tax-service."
DEP-01033,2021-11-01,loyalty-service,stage,atlas-checkout,PR-9450,REL-2018.3.14,flag_loyalty_service_new_write_path,75,paused,Maya Chen,manual approval,ATLAS-2642,"Deployment note: verify feature flag, Grafana SLO, PagerDuty status, database health, and support handoff for loyalty-service."
DEP-01034,2021-11-02,checkout-api,stage,atlas-web,PR-8157,REL-2023.11,flag_checkout_api_mobile_session,1,success,Anika Sharma,manual approval,ATLAS-3819,"Deployment note: verify feature flag, Grafana SLO, PagerDuty status, database health, and support handoff for checkout-api."
DEP-01035,2021-11-03,auth-gateway,prod,atlas-infra,PR-8139,REL-2018.2.19,flag_auth_gateway_regional_launch,1,paused,Owen Brooks,manual approval,ATLAS-3680,"Deployment note: verify feature flag, Grafana SLO, PagerDuty status, database health, and support handoff for auth-gateway."
DEP-01036,2021-11-06,checkout-api,canary,atlas-data,PR-8764,REL-2024.02,flag_checkout_api_mobile_session,0,paused,Ben Carter,manual approval,ATLAS-4024,"Deployment note: verify feature flag, Grafana SLO, PagerDuty status, database health, and support handoff for checkout-api."
DEP-01037,2021-11-05,search-recommendations,prod,atlas-observability,PR-8629,REL-2020.1.15,flag_search_recommendations_new_write_path,0,success,Ravi Patel,latency guard,ATLAS-5469,"Deployment note: verify feature flag, Grafana SLO, PagerDuty status, database health, and support handoff for search-recommendations."
DEP-01038,2021-11-08,search-recommendations,stage,atlas-mobile,PR-7272,REL-2021.4.15,flag_search_recommendations_payment_retry,1,rolled back,Sara Novak,support volume guard,ATLAS-2599,"Deployment note: verify feature flag, Grafana SLO, PagerDuty status, database health, and support handoff for search-recommendations."
DEP-01039,2021-11-08,checkout-api,prod,atlas-data,PR-5579,REL-2024.02,flag_checkout_api_regional_launch,5,partial,Priya Nair,support volume guard,ATLAS-3493,"Deployment note: verify feature flag, Grafana SLO, PagerDuty status, database health, and support handoff for checkout-api."
DEP-01040,2021-11-11,pricing-engine,stage,atlas-checkout,PR-7387,REL-2019.3.19,flag_pricing_engine_mobile_session,10,partial,Maya Chen,support volume guard,ATLAS-1527,"Deployment note: verify feature flag, Grafana SLO, PagerDuty status, database health, and support handoff for pricing-engine."
DEP-01041,2021-11-11,checkout-api,prod,atlas-mobile,PR-10837,REL-2023.08,flag_checkout_api_regional_launch,5,partial,Anika Sharma,manual approval,ATLAS-5466,"Deployment note: verify feature flag, Grafana SLO, PagerDuty status, database health, and support handoff for checkout-api."
DEP-01042,2021-11-12,notification-service,stage,atlas-observability,PR-11192,REL-2023.10,flag_notification_service_rollback_guard,75,success,Grace Kim,latency guard,ATLAS-3761,"Deployment note: verify feature flag, Grafana SLO, PagerDuty status, database health, and support handoff for notification-service."
DEP-01043,2021-11-13,cart-service,stage,atlas-orders,PR-6914,REL-2022.3.11,flag_cart_service_mobile_session,5,monitoring,Noah Evans,manual approval,ATLAS-5793,"Deployment note: verify feature flag, Grafana SLO, PagerDuty status, database health, and support handoff for cart-service."
DEP-01044,2021-11-14,search-recommendations,stage,atlas-observability,PR-9649,REL-2026.2.0,flag_search_recommendations_mobile_session,5,paused,Victor Silva,latency guard,ATLAS-4378,"Deployment note: verify feature flag, Grafana SLO, PagerDuty status, database health, and support handoff for search-recommendations."
DEP-01045,2021-11-15,analytics-pipeline,stage,atlas-payments,PR-9507,REL-2020.1.14,flag_analytics_pipeline_rollback_guard,1,monitoring,Jon Bell,database lag guard,ATLAS-3582,"Deployment note: verify feature flag, Grafana SLO, PagerDuty status, database health, and support handoff for analytics-pipeline."
DEP-01046,2021-11-17,cart-service,prod,atlas-payments,PR-6427,REL-2025.1.11,flag_cart_service_regional_launch,0,success,Jon Bell,latency guard,ATLAS-2681,"Deployment note: verify feature flag, Grafana SLO, PagerDuty status, database health, and support handoff for cart-service."
DEP-01047,2021-11-18,checkout-api,prod,atlas-payments,PR-7242,REL-2024.1.18,flag_checkout_api_new_write_path,1,partial,Ravi Patel,latency guard,ATLAS-5057,"Deployment note: verify feature flag, Grafana SLO, PagerDuty status, database health, and support handoff for checkout-api."
DEP-01048,2021-11-19,cart-service,prod,atlas-payments,PR-7936,REL-2026.2.14,flag_cart_service_mobile_session,100,rolled back,Jon Bell,support volume guard,ATLAS-4455,"Deployment note: verify feature flag, Grafana SLO, PagerDuty status, database health, and support handoff for cart-service."
DEP-01049,2021-11-22,inventory-reservation,stage,atlas-infra,PR-9869,REL-2025.02,flag_inventory_reservation_mobile_session,75,partial,Yara Haddad,manual approval,ATLAS-5108,"Deployment note: verify feature flag, Grafana SLO, PagerDuty status, database health, and support handoff for inventory-reservation."
DEP-01050,2021-11-22,cart-service,stage,atlas-checkout,PR-6572,REL-2021.2.5,flag_cart_service_rollback_guard,75,monitoring,Fatima Noor,database lag guard,ATLAS-3056,"Deployment note: verify feature flag, Grafana SLO, PagerDuty status, database health, and support handoff for cart-service."
DEP-01051,2021-11-24,auth-gateway,prod,atlas-orders,PR-7175,REL-2026.1.6,flag_auth_gateway_payment_retry,5,rolled back,Mateo Garcia,database lag guard,ATLAS-2230,"Deployment note: verify feature flag, Grafana SLO, PagerDuty status, database health, and support handoff for auth-gateway."
DEP-01052,2021-11-25,notification-service,canary,atlas-data,PR-12038,REL-2019.4.15,flag_notification_service_regional_launch,50,monitoring,Yara Haddad,manual approval,ATLAS-3078,"Deployment note: verify feature flag, Grafana SLO, PagerDuty status, database health, and support handoff for notification-service."
DEP-01053,2021-11-26,notification-service,canary,atlas-orders,PR-7724,REL-2021.01,flag_notification_service_new_write_path,100,success,Sara Novak,manual approval,ATLAS-2404,"Deployment note: verify feature flag, Grafana SLO, PagerDuty status, database health, and support handoff for notification-service."
DEP-01054,2021-11-28,auth-gateway,stage,atlas-data,PR-5316,REL-2018.3.14,flag_auth_gateway_rollback_guard,25,rolled back,Sara Novak,error budget guard,ATLAS-1533,"Deployment note: verify feature flag, Grafana SLO, PagerDuty status, database health, and support handoff for auth-gateway."
DEP-01055,2021-11-27,search-recommendations,canary,atlas-web,PR-7590,REL-2020.04,flag_search_recommendations_mobile_session,5,partial,Samir Rao,database lag guard,ATLAS-5043,"Deployment note: verify feature flag, Grafana SLO, PagerDuty status, database health, and support handoff for search-recommendations."
DEP-01056,2021-11-28,cart-service,stage,atlas-data,PR-7008,REL-2019.12,flag_cart_service_rollback_guard,0,partial,Dmitri Volkov,manual approval,ATLAS-5710,"Deployment note: verify feature flag, Grafana SLO, PagerDuty status, database health, and support handoff for cart-service."
DEP-01057,2021-12-01,cart-service,stage,atlas-mobile,PR-7651,REL-2024.4.13,flag_cart_service_rollback_guard,25,partial,Iris Wang,latency guard,ATLAS-3473,"Deployment note: verify feature flag, Grafana SLO, PagerDuty status, database health, and support handoff for cart-service."
DEP-01058,2021-12-03,analytics-pipeline,stage,atlas-payments,PR-10151,REL-2026.1.1,flag_analytics_pipeline_new_write_path,0,rolled back,Samir Rao,error budget guard,ATLAS-2737,"Deployment note: verify feature flag, Grafana SLO, PagerDuty status, database health, and support handoff for analytics-pipeline."
DEP-01059,2021-12-02,loyalty-service,canary,atlas-data,PR-5458,REL-2018.11,flag_loyalty_service_dual_run,0,success,Anika Sharma,manual approval,ATLAS-2486,"Deployment note: verify feature flag, Grafana SLO, PagerDuty status, database health, and support handoff for loyalty-service."
DEP-01060,2021-12-03,search-recommendations,stage,atlas-orders,PR-10089,REL-2023.11,flag_search_recommendations_new_write_path,5,rolled back,Samir Rao,database lag guard,ATLAS-5752,"Deployment note: verify feature flag, Grafana SLO, PagerDuty status, database health, and support handoff for search-recommendations."
DEP-01061,2021-12-07,checkout-api,stage,atlas-data,PR-7712,REL-2025.2.1,flag_checkout_api_payment_retry,50,partial,Maya Chen,error budget guard,ATLAS-4436,"Deployment note: verify feature flag, Grafana SLO, PagerDuty status, database health, and support handoff for checkout-api."
DEP-01062,2021-12-06,inventory-reservation,canary,atlas-mobile,PR-6755,REL-2022.03,flag_inventory_reservation_new_write_path,50,paused,Luca Moretti,support volume guard,ATLAS-1569,"Deployment note: verify feature flag, Grafana SLO, PagerDuty status, database health, and support handoff for inventory-reservation."
DEP-01063,2021-12-07,checkout-api,prod,atlas-payments,PR-7341,REL-2019.3.0,flag_checkout_api_rollback_guard,100,paused,Fatima Noor,latency guard,ATLAS-3303,"Deployment note: verify feature flag, Grafana SLO, PagerDuty status, database health, and support handoff for checkout-api."
DEP-01064,2021-12-09,loyalty-service,prod,atlas-mobile,PR-6039,REL-2019.1.14,flag_loyalty_service_payment_retry,50,partial,Iris Wang,error budget guard,ATLAS-4610,"Deployment note: verify feature flag, Grafana SLO, PagerDuty status, database health, and support handoff for loyalty-service."
DEP-01065,2021-12-10,search-recommendations,stage,atlas-observability,PR-5018,REL-2024.3.17,flag_search_recommendations_payment_retry,75,partial,Dmitri Volkov,latency guard,ATLAS-3385,"Deployment note: verify feature flag, Grafana SLO, PagerDuty status, database health, and support handoff for search-recommendations."
DEP-01066,2021-12-13,pricing-engine,stage,atlas-mobile,PR-7757,REL-2026.2.11,flag_pricing_engine_rollback_guard,75,success,Mateo Garcia,manual approval,ATLAS-1039,"Deployment note: verify feature flag, Grafana SLO, PagerDuty status, database health, and support handoff for pricing-engine."
DEP-01067,2021-12-13,analytics-pipeline,stage,atlas-payments,PR-9107,REL-2023.3.2,flag_analytics_pipeline_regional_launch,1,partial,Noah Evans,database lag guard,ATLAS-3805,"Deployment note: verify feature flag, Grafana SLO, PagerDuty status, database health, and support handoff for analytics-pipeline."
DEP-01068,2021-12-14,inventory-reservation,canary,atlas-payments,PR-12366,REL-2019.2.5,flag_inventory_reservation_payment_retry,10,success,Nora Singh,database lag guard,ATLAS-2463,"Deployment note: verify feature flag, Grafana SLO, PagerDuty status, database health, and support handoff for inventory-reservation."
DEP-01069,2021-12-14,search-recommendations,canary,atlas-checkout,PR-7002,REL-2026.03,flag_search_recommendations_mobile_session,50,paused,Theo Martin,error budget guard,ATLAS-1711,"Deployment note: verify feature flag, Grafana SLO, PagerDuty status, database health, and support handoff for search-recommendations."
DEP-01070,2021-12-16,payment-orchestrator,canary,atlas-mobile,PR-5818,REL-2022.07,flag_payment_orchestrator_mobile_session,5,monitoring,Samir Rao,error budget guard,ATLAS-1637,"Deployment note: verify feature flag, Grafana SLO, PagerDuty status, database health, and support handoff for payment-orchestrator."
DEP-01071,2021-12-19,pricing-engine,stage,atlas-infra,PR-5419,REL-2023.03,flag_pricing_engine_new_write_path,0,paused,Elena Petrova,database lag guard,ATLAS-3830,"Deployment note: verify feature flag, Grafana SLO, PagerDuty status, database health, and support handoff for pricing-engine."
DEP-01072,2021-12-18,cart-service,canary,atlas-data,PR-10644,REL-2020.08,flag_cart_service_payment_retry,5,success,Dmitri Volkov,error budget guard,ATLAS-5869,"Deployment note: verify feature flag, Grafana SLO, PagerDuty status, database health, and support handoff for cart-service."
DEP-01073,2021-12-20,search-recommendations,prod,atlas-data,PR-6977,REL-2022.12,flag_search_recommendations_dual_run,1,rolled back,Jon Bell,latency guard,ATLAS-1048,"Deployment note: verify feature flag, Grafana SLO, PagerDuty status, database health, and support handoff for search-recommendations."
DEP-01074,2021-12-21,auth-gateway,stage,atlas-payments,PR-7397,REL-2025.3.8,flag_auth_gateway_payment_retry,75,paused,Nora Singh,error budget guard,ATLAS-5371,"Deployment note: verify feature flag, Grafana SLO, PagerDuty status, database health, and support handoff for auth-gateway."
DEP-01075,2021-12-23,cart-service,prod,atlas-infra,PR-6509,REL-2025.2.1,flag_cart_service_dual_run,50,monitoring,Yara Haddad,support volume guard,ATLAS-2480,"Deployment note: verify feature flag, Grafana SLO, PagerDuty status, database health, and support handoff for cart-service."
DEP-01076,2021-12-24,cart-service,stage,atlas-web,PR-6442,REL-2022.03,flag_cart_service_regional_launch,0,rolled back,Anika Sharma,support volume guard,ATLAS-4631,"Deployment note: verify feature flag, Grafana SLO, PagerDuty status, database health, and support handoff for cart-service."
DEP-01077,2021-12-24,pricing-engine,canary,atlas-mobile,PR-8037,REL-2025.07,flag_pricing_engine_rollback_guard,50,partial,Yara Haddad,manual approval,ATLAS-5183,"Deployment note: verify feature flag, Grafana SLO, PagerDuty status, database health, and support handoff for pricing-engine."
DEP-01078,2021-12-25,pricing-engine,stage,atlas-infra,PR-8148,REL-2024.12,flag_pricing_engine_mobile_session,1,rolled back,Sara Novak,database lag guard,ATLAS-4050,"Deployment note: verify feature flag, Grafana SLO, PagerDuty status, database health, and support handoff for pricing-engine."
DEP-01079,2021-12-28,cart-service,canary,atlas-infra,PR-7156,REL-2025.07,flag_cart_service_new_write_path,10,rolled back,Theo Martin,error budget guard,ATLAS-4366,"Deployment note: verify feature flag, Grafana SLO, PagerDuty status, database health, and support handoff for cart-service."
DEP-01080,2021-12-28,payment-orchestrator,canary,atlas-payments,PR-8182,REL-2024.2.6,flag_payment_orchestrator_new_write_path,75,monitoring,Kim Tan,database lag guard,ATLAS-4433,"Deployment note: verify feature flag, Grafana SLO, PagerDuty status, database health, and support handoff for payment-orchestrator."
DEP-01081,2021-12-31,order-ledger,canary,atlas-infra,PR-10719,REL-2025.3.10,flag_order_ledger_payment_retry,5,partial,Theo Martin,error budget guard,ATLAS-3921,"Deployment note: verify feature flag, Grafana SLO, PagerDuty status, database health, and support handoff for order-ledger."
DEP-01082,2021-12-30,inventory-reservation,canary,atlas-observability,PR-10506,REL-2021.3.7,flag_inventory_reservation_new_write_path,50,paused,Yara Haddad,database lag guard,ATLAS-1026,"Deployment note: verify feature flag, Grafana SLO, PagerDuty status, database health, and support handoff for inventory-reservation."
DEP-01083,2022-01-01,notification-service,prod,atlas-web,PR-9285,REL-2025.3.2,flag_notification_service_new_write_path,100,monitoring,Sara Novak,latency guard,ATLAS-4212,"Deployment note: verify feature flag, Grafana SLO, PagerDuty status, database health, and support handoff for notification-service."
DEP-01084,2022-01-01,tax-service,stage,atlas-orders,PR-6502,REL-2025.2.18,flag_tax_service_dual_run,10,rolled back,Yara Haddad,manual approval,ATLAS-3048,"Deployment note: verify feature flag, Grafana SLO, PagerDuty status, database health, and support handoff for tax-service."
DEP-01085,2022-01-05,notification-service,canary,atlas-checkout,PR-6411,REL-2019.4.3,flag_notification_service_rollback_guard,75,paused,Nora Singh,manual approval,ATLAS-4831,"Deployment note: verify feature flag, Grafana SLO, PagerDuty status, database health, and support handoff for notification-service."
DEP-01086,2022-01-04,order-ledger,canary,atlas-checkout,PR-6885,REL-2021.05,flag_order_ledger_rollback_guard,25,paused,Ravi Patel,latency guard,ATLAS-5795,"Deployment note: verify feature flag, Grafana SLO, PagerDuty status, database health, and support handoff for order-ledger."
DEP-01087,2022-01-07,payment-orchestrator,canary,atlas-payments,PR-7116,REL-2019.1.9,flag_payment_orchestrator_dual_run,50,monitoring,Sara Novak,error budget guard,ATLAS-1591,"Deployment note: verify feature flag, Grafana SLO, PagerDuty status, database health, and support handoff for payment-orchestrator."
DEP-01088,2022-01-06,checkout-api,stage,atlas-web,PR-7868,REL-2025.2.3,flag_checkout_api_dual_run,100,success,Theo Martin,database lag guard,ATLAS-2989,"Deployment note: verify feature flag, Grafana SLO, PagerDuty status, database health, and support handoff for checkout-api."
DEP-01089,2022-01-08,inventory-reservation,stage,atlas-mobile,PR-5883,REL-2019.1.9,flag_inventory_reservation_dual_run,1,success,Luca Moretti,error budget guard,ATLAS-1482,"Deployment note: verify feature flag, Grafana SLO, PagerDuty status, database health, and support handoff for inventory-reservation."
DEP-01090,2022-01-11,payment-orchestrator,stage,atlas-mobile,PR-5563,REL-2019.4.15,flag_payment_orchestrator_new_write_path,100,monitoring,Grace Kim,support volume guard,ATLAS-2800,"Deployment note: verify feature flag, Grafana SLO, PagerDuty status, database health, and support handoff for payment-orchestrator."
DEP-01091,2022-01-11,notification-service,prod,atlas-payments,PR-6805,REL-2018.3.3,flag_notification_service_rollback_guard,25,paused,Grace Kim,error budget guard,ATLAS-2079,"Deployment note: verify feature flag, Grafana SLO, PagerDuty status, database health, and support handoff for notification-service."
DEP-01092,2022-01-12,payment-orchestrator,canary,atlas-web,PR-11954,REL-2019.1.6,flag_payment_orchestrator_payment_retry,5,paused,Theo Martin,support volume guard,ATLAS-2351,"Deployment note: verify feature flag, Grafana SLO, PagerDuty status, database health, and support handoff for payment-orchestrator."
DEP-01093,2022-01-13,tax-service,stage,atlas-orders,PR-7699,REL-2020.06,flag_tax_service_payment_retry,1,success,Owen Brooks,manual approval,ATLAS-2002,"Deployment note: verify feature flag, Grafana SLO, PagerDuty status, database health, and support handoff for tax-service."
DEP-01094,2022-01-14,auth-gateway,canary,atlas-payments,PR-5890,REL-2021.2.17,flag_auth_gateway_dual_run,0,paused,Aisha Khan,manual approval,ATLAS-1361,"Deployment note: verify feature flag, Grafana SLO, PagerDuty status, database health, and support handoff for auth-gateway."
DEP-01095,2022-01-16,inventory-reservation,canary,atlas-web,PR-6108,REL-2024.2.6,flag_inventory_reservation_payment_retry,1,success,Theo Martin,support volume guard,ATLAS-2769,"Deployment note: verify feature flag, Grafana SLO, PagerDuty status, database health, and support handoff for inventory-reservation."
DEP-01096,2022-01-16,order-ledger,canary,atlas-web,PR-5103,REL-2022.02,flag_order_ledger_regional_launch,50,success,Jon Bell,latency guard,ATLAS-1126,"Deployment note: verify feature flag, Grafana SLO, PagerDuty status, database health, and support handoff for order-ledger."
DEP-01097,2022-01-19,analytics-pipeline,stage,atlas-checkout,PR-6822,REL-2019.2.6,flag_analytics_pipeline_regional_launch,10,paused,Nora Singh,manual approval,ATLAS-5587,"Deployment note: verify feature flag, Grafana SLO, PagerDuty status, database health, and support handoff for analytics-pipeline."
DEP-01098,2022-01-18,pricing-engine,canary,atlas-data,PR-10966,REL-2019.2.6,flag_pricing_engine_dual_run,75,success,Dmitri Volkov,manual approval,ATLAS-5259,"Deployment note: verify feature flag, Grafana SLO, PagerDuty status, database health, and support handoff for pricing-engine."
DEP-01099,2022-01-20,pricing-engine,prod,atlas-data,PR-5399,REL-2020.4.18,flag_pricing_engine_payment_retry,1,partial,Anika Sharma,error budget guard,ATLAS-4478,"Deployment note: verify feature flag, Grafana SLO, PagerDuty status, database health, and support handoff for pricing-engine."
DEP-01100,2022-01-21,search-recommendations,prod,atlas-observability,PR-6648,REL-2019.3.5,flag_search_recommendations_new_write_path,25,monitoring,Yara Haddad,error budget guard,ATLAS-2945,"Deployment note: verify feature flag, Grafana SLO, PagerDuty status, database health, and support handoff for search-recommendations."
DEP-01101,2022-01-22,pricing-engine,prod,atlas-checkout,PR-8508,REL-2024.3.17,flag_pricing_engine_payment_retry,0,partial,Kim Tan,latency guard,ATLAS-1523,"Deployment note: verify feature flag, Grafana SLO, PagerDuty status, database health, and support handoff for pricing-engine."
DEP-01102,2022-01-23,inventory-reservation,canary,atlas-observability,PR-6653,REL-2025.08,flag_inventory_reservation_new_write_path,100,paused,Owen Brooks,error budget guard,ATLAS-5341,"Deployment note: verify feature flag, Grafana SLO, PagerDuty status, database health, and support handoff for inventory-reservation."
DEP-01103,2022-01-26,loyalty-service,prod,atlas-data,PR-6752,REL-2025.3.14,flag_loyalty_service_dual_run,75,success,Aisha Khan,latency guard,ATLAS-3972,"Deployment note: verify feature flag, Grafana SLO, PagerDuty status, database health, and support handoff for loyalty-service."
DEP-01104,2022-01-26,payment-orchestrator,canary,atlas-checkout,PR-11346,REL-2023.07,flag_payment_orchestrator_rollback_guard,5,partial,Luca Moretti,latency guard,ATLAS-4899,"Deployment note: verify feature flag, Grafana SLO, PagerDuty status, database health, and support handoff for payment-orchestrator."
DEP-01105,2022-01-27,pricing-engine,canary,atlas-payments,PR-11282,REL-2025.2.3,flag_pricing_engine_regional_launch,75,paused,Theo Martin,database lag guard,ATLAS-6176,"Deployment note: verify feature flag, Grafana SLO, PagerDuty status, database health, and support handoff for pricing-engine."
DEP-01106,2022-01-29,checkout-api,prod,atlas-infra,PR-10531,REL-2026.1.19,flag_checkout_api_payment_retry,5,paused,Ben Carter,support volume guard,ATLAS-3802,"Deployment note: verify feature flag, Grafana SLO, PagerDuty status, database health, and support handoff for checkout-api."
DEP-01107,2022-01-31,analytics-pipeline,prod,atlas-observability,PR-9551,REL-2019.4.9,flag_analytics_pipeline_regional_launch,1,monitoring,Elena Petrova,manual approval,ATLAS-3757,"Deployment note: verify feature flag, Grafana SLO, PagerDuty status, database health, and support handoff for analytics-pipeline."
DEP-01108,2022-01-31,inventory-reservation,prod,atlas-checkout,PR-7801,REL-2025.4.4,flag_inventory_reservation_new_write_path,10,partial,Kim Tan,database lag guard,ATLAS-3870,"Deployment note: verify feature flag, Grafana SLO, PagerDuty status, database health, and support handoff for inventory-reservation."
DEP-01109,2022-02-01,payment-orchestrator,canary,atlas-mobile,PR-12403,REL-2022.3.16,flag_payment_orchestrator_dual_run,0,partial,Ravi Patel,manual approval,ATLAS-2333,"Deployment note: verify feature flag, Grafana SLO, PagerDuty status, database health, and support handoff for payment-orchestrator."
DEP-01110,2022-02-02,tax-service,prod,atlas-data,PR-9453,REL-2024.4.13,flag_tax_service_mobile_session,25,paused,Ravi Patel,error budget guard,ATLAS-1205,"Deployment note: verify feature flag, Grafana SLO, PagerDuty status, database health, and support handoff for tax-service."
DEP-01111,2022-02-04,tax-service,stage,atlas-payments,PR-7365,REL-2018.3.12,flag_tax_service_dual_run,75,success,Victor Silva,support volume guard,ATLAS-5194,"Deployment note: verify feature flag, Grafana SLO, PagerDuty status, database health, and support handoff for tax-service."
DEP-01112,2022-02-04,inventory-reservation,prod,atlas-web,PR-5987,REL-2020.05,flag_inventory_reservation_rollback_guard,1,success,Jon Bell,database lag guard,ATLAS-2145,"Deployment note: verify feature flag, Grafana SLO, PagerDuty status, database health, and support handoff for inventory-reservation."
DEP-01113,2022-02-06,inventory-reservation,stage,atlas-web,PR-5401,REL-2024.07,flag_inventory_reservation_dual_run,1,partial,Priya Nair,latency guard,ATLAS-3106,"Deployment note: verify feature flag, Grafana SLO, PagerDuty status, database health, and support handoff for inventory-reservation."
DEP-01114,2022-02-08,analytics-pipeline,stage,atlas-data,PR-6154,REL-2025.10,flag_analytics_pipeline_dual_run,5,rolled back,Luca Moretti,manual approval,ATLAS-4108,"Deployment note: verify feature flag, Grafana SLO, PagerDuty status, database health, and support handoff for analytics-pipeline."
DEP-01115,2022-02-09,tax-service,canary,atlas-web,PR-6442,REL-2020.08,flag_tax_service_regional_launch,0,rolled back,Sara Novak,latency guard,ATLAS-1379,"Deployment note: verify feature flag, Grafana SLO, PagerDuty status, database health, and support handoff for tax-service."
DEP-01116,2022-02-10,payment-orchestrator,stage,atlas-web,PR-9843,REL-2020.3.18,flag_payment_orchestrator_regional_launch,100,rolled back,Nora Singh,latency guard,ATLAS-1477,"Deployment note: verify feature flag, Grafana SLO, PagerDuty status, database health, and support handoff for payment-orchestrator."
DEP-01117,2022-02-12,payment-orchestrator,prod,atlas-infra,PR-6733,REL-2026.05,flag_payment_orchestrator_new_write_path,25,success,Luca Moretti,database lag guard,ATLAS-4954,"Deployment note: verify feature flag, Grafana SLO, PagerDuty status, database health, and support handoff for payment-orchestrator."
DEP-01118,2022-02-12,auth-gateway,stage,atlas-mobile,PR-7165,REL-2020.08,flag_auth_gateway_mobile_session,0,partial,Maya Chen,latency guard,ATLAS-3769,"Deployment note: verify feature flag, Grafana SLO, PagerDuty status, database health, and support handoff for auth-gateway."
DEP-01119,2022-02-14,notification-service,canary,atlas-mobile,PR-6147,REL-2024.10,flag_notification_service_payment_retry,75,monitoring,Kim Tan,database lag guard,ATLAS-4683,"Deployment note: verify feature flag, Grafana SLO, PagerDuty status, database health, and support handoff for notification-service."
DEP-01120,2022-02-14,checkout-api,canary,atlas-web,PR-7118,REL-2024.4.8,flag_checkout_api_regional_launch,1,success,Aisha Khan,support volume guard,ATLAS-3166,"Deployment note: verify feature flag, Grafana SLO, PagerDuty status, database health, and support handoff for checkout-api."
DEP-01121,2022-02-15,tax-service,canary,atlas-orders,PR-6195,REL-2026.02,flag_tax_service_regional_launch,1,monitoring,Ben Carter,support volume guard,ATLAS-4561,"Deployment note: verify feature flag, Grafana SLO, PagerDuty status, database health, and support handoff for tax-service."
DEP-01122,2022-02-17,tax-service,stage,atlas-observability,PR-7856,REL-2025.03,flag_tax_service_dual_run,1,partial,Ben Carter,database lag guard,ATLAS-2124,"Deployment note: verify feature flag, Grafana SLO, PagerDuty status, database health, and support handoff for tax-service."
DEP-01123,2022-02-18,payment-orchestrator,prod,atlas-data,PR-12281,REL-2023.2.9,flag_payment_orchestrator_payment_retry,10,paused,Grace Kim,database lag guard,ATLAS-2019,"Deployment note: verify feature flag, Grafana SLO, PagerDuty status, database health, and support handoff for payment-orchestrator."
DEP-01124,2022-02-21,tax-service,prod,atlas-orders,PR-6615,REL-2024.4.13,flag_tax_service_regional_launch,1,partial,Victor Silva,latency guard,ATLAS-4621,"Deployment note: verify feature flag, Grafana SLO, PagerDuty status, database health, and support handoff for tax-service."
DEP-01125,2022-02-21,auth-gateway,stage,atlas-infra,PR-11192,REL-2025.2.18,flag_auth_gateway_new_write_path,10,partial,Victor Silva,database lag guard,ATLAS-6032,"Deployment note: verify feature flag, Grafana SLO, PagerDuty status, database health, and support handoff for auth-gateway."
DEP-01126,2022-02-21,payment-orchestrator,stage,atlas-web,PR-9805,REL-2023.4.5,flag_payment_orchestrator_dual_run,75,rolled back,Priya Nair,manual approval,ATLAS-4624,"Deployment note: verify feature flag, Grafana SLO, PagerDuty status, database health, and support handoff for payment-orchestrator."
DEP-01127,2022-02-22,pricing-engine,stage,atlas-web,PR-10788,REL-2025.12,flag_pricing_engine_dual_run,1,partial,Nora Singh,manual approval,ATLAS-4182,"Deployment note: verify feature flag, Grafana SLO, PagerDuty status, database health, and support handoff for pricing-engine."
DEP-01128,2022-02-24,checkout-api,stage,atlas-observability,PR-12002,REL-2023.3.14,flag_checkout_api_payment_retry,5,paused,Mateo Garcia,error budget guard,ATLAS-1148,"Deployment note: verify feature flag, Grafana SLO, PagerDuty status, database health, and support handoff for checkout-api."
DEP-01129,2022-02-25,payment-orchestrator,prod,atlas-orders,PR-11316,REL-2024.03,flag_payment_orchestrator_regional_launch,100,success,Noah Evans,error budget guard,ATLAS-2346,"Deployment note: verify feature flag, Grafana SLO, PagerDuty status, database health, and support handoff for payment-orchestrator."
DEP-01130,2022-02-27,cart-service,stage,atlas-mobile,PR-7931,REL-2026.02,flag_cart_service_mobile_session,50,partial,Dmitri Volkov,latency guard,ATLAS-3896,"Deployment note: verify feature flag, Grafana SLO, PagerDuty status, database health, and support handoff for cart-service."
DEP-01131,2022-02-27,cart-service,stage,atlas-data,PR-12068,REL-2020.3.2,flag_cart_service_payment_retry,0,paused,Grace Kim,database lag guard,ATLAS-3808,"Deployment note: verify feature flag, Grafana SLO, PagerDuty status, database health, and support handoff for cart-service."
DEP-01132,2022-03-02,payment-orchestrator,stage,atlas-web,PR-7749,REL-2022.4.10,flag_payment_orchestrator_payment_retry,75,success,Elena Petrova,support volume guard,ATLAS-3573,"Deployment note: verify feature flag, Grafana SLO, PagerDuty status, database health, and support handoff for payment-orchestrator."
DEP-01133,2022-03-03,inventory-reservation,stage,atlas-checkout,PR-9744,REL-2023.04,flag_inventory_reservation_payment_retry,1,success,Ravi Patel,manual approval,ATLAS-3178,"Deployment note: verify feature flag, Grafana SLO, PagerDuty status, database health, and support handoff for inventory-reservation."
DEP-01134,2022-03-03,payment-orchestrator,prod,atlas-orders,PR-5449,REL-2026.02,flag_payment_orchestrator_new_write_path,1,rolled back,Victor Silva,support volume guard,ATLAS-2791,"Deployment note: verify feature flag, Grafana SLO, PagerDuty status, database health, and support handoff for payment-orchestrator."
DEP-01135,2022-03-05,tax-service,canary,atlas-observability,PR-5356,REL-2023.03,flag_tax_service_new_write_path,0,paused,Kim Tan,latency guard,ATLAS-1728,"Deployment note: verify feature flag, Grafana SLO, PagerDuty status, database health, and support handoff for tax-service."
DEP-01136,2022-03-07,loyalty-service,stage,atlas-payments,PR-9523,REL-2024.2.6,flag_loyalty_service_payment_retry,25,success,Nora Singh,latency guard,ATLAS-5883,"Deployment note: verify feature flag, Grafana SLO, PagerDuty status, database health, and support handoff for loyalty-service."
DEP-01137,2022-03-08,search-recommendations,stage,atlas-web,PR-8076,REL-2019.4.9,flag_search_recommendations_dual_run,100,partial,Maya Chen,manual approval,ATLAS-6105,"Deployment note: verify feature flag, Grafana SLO, PagerDuty status, database health, and support handoff for search-recommendations."
DEP-01138,2022-03-10,cart-service,canary,atlas-infra,PR-5008,REL-2025.4.2,flag_cart_service_mobile_session,10,monitoring,Iris Wang,latency guard,ATLAS-1841,"Deployment note: verify feature flag, Grafana SLO, PagerDuty status, database health, and support handoff for cart-service."
DEP-01139,2022-03-10,loyalty-service,stage,atlas-observability,PR-9270,REL-2019.1.10,flag_loyalty_service_mobile_session,25,rolled back,Mateo Garcia,manual approval,ATLAS-2692,"Deployment note: verify feature flag, Grafana SLO, PagerDuty status, database health, and support handoff for loyalty-service."
DEP-01140,2022-03-11,checkout-api,prod,atlas-payments,PR-10718,REL-2023.04,flag_checkout_api_regional_launch,10,rolled back,Theo Martin,support volume guard,ATLAS-2769,"Deployment note: verify feature flag, Grafana SLO, PagerDuty status, database health, and support handoff for checkout-api."
DEP-01141,2022-03-13,notification-service,prod,atlas-infra,PR-7455,REL-2024.4.10,flag_notification_service_mobile_session,0,success,Kim Tan,database lag guard,ATLAS-4598,"Deployment note: verify feature flag, Grafana SLO, PagerDuty status, database health, and support handoff for notification-service."
DEP-01142,2022-03-15,tax-service,prod,atlas-checkout,PR-7504,REL-2025.1.16,flag_tax_service_rollback_guard,100,partial,Yara Haddad,support volume guard,ATLAS-2788,"Deployment note: verify feature flag, Grafana SLO, PagerDuty status, database health, and support handoff for tax-service."
DEP-01143,2022-03-14,search-recommendations,canary,atlas-data,PR-7576,REL-2018.3.7,flag_search_recommendations_payment_retry,100,success,Yara Haddad,latency guard,ATLAS-1222,"Deployment note: verify feature flag, Grafana SLO, PagerDuty status, database health, and support handoff for search-recommendations."
DEP-01144,2022-03-17,loyalty-service,prod,atlas-payments,PR-5402,REL-2022.10,flag_loyalty_service_new_write_path,100,monitoring,Harper Lee,support volume guard,ATLAS-5449,"Deployment note: verify feature flag, Grafana SLO, PagerDuty status, database health, and support handoff for loyalty-service."
DEP-01145,2022-03-18,analytics-pipeline,stage,atlas-orders,PR-11728,REL-2022.1.17,flag_analytics_pipeline_new_write_path,0,rolled back,Anika Sharma,support volume guard,ATLAS-5071,"Deployment note: verify feature flag, Grafana SLO, PagerDuty status, database health, and support handoff for analytics-pipeline."
DEP-01146,2022-03-17,order-ledger,canary,atlas-observability,PR-7272,REL-2022.02,flag_order_ledger_rollback_guard,0,rolled back,Luca Moretti,latency guard,ATLAS-1918,"Deployment note: verify feature flag, Grafana SLO, PagerDuty status, database health, and support handoff for order-ledger."
DEP-01147,2022-03-21,pricing-engine,stage,atlas-mobile,PR-9617,REL-2019.10,flag_pricing_engine_new_write_path,5,success,Noah Evans,latency guard,ATLAS-3571,"Deployment note: verify feature flag, Grafana SLO, PagerDuty status, database health, and support handoff for pricing-engine."
DEP-01148,2022-03-20,order-ledger,stage,atlas-payments,PR-8173,REL-2024.1.2,flag_order_ledger_regional_launch,0,paused,Iris Wang,support volume guard,ATLAS-1700,"Deployment note: verify feature flag, Grafana SLO, PagerDuty status, database health, and support handoff for order-ledger."
DEP-01149,2022-03-23,tax-service,stage,atlas-mobile,PR-7391,REL-2026.2.0,flag_tax_service_dual_run,100,success,Sara Novak,support volume guard,ATLAS-4334,"Deployment note: verify feature flag, Grafana SLO, PagerDuty status, database health, and support handoff for tax-service."
DEP-01150,2022-03-23,notification-service,prod,atlas-observability,PR-7366,REL-2019.4.6,flag_notification_service_regional_launch,75,partial,Nora Singh,support volume guard,ATLAS-3637,"Deployment note: verify feature flag, Grafana SLO, PagerDuty status, database health, and support handoff for notification-service."
DEP-01151,2022-03-23,order-ledger,stage,atlas-mobile,PR-6192,REL-2026.2.11,flag_order_ledger_payment_retry,0,monitoring,Dmitri Volkov,support volume guard,ATLAS-4451,"Deployment note: verify feature flag, Grafana SLO, PagerDuty status, database health, and support handoff for order-ledger."
DEP-01152,2022-03-27,payment-orchestrator,stage,atlas-payments,PR-6340,REL-2019.06,flag_payment_orchestrator_dual_run,100,success,Sara Novak,support volume guard,ATLAS-1823,"Deployment note: verify feature flag, Grafana SLO, PagerDuty status, database health, and support handoff for payment-orchestrator."
DEP-01153,2022-03-28,checkout-api,prod,atlas-web,PR-8373,REL-2023.1.6,flag_checkout_api_regional_launch,10,success,Sara Novak,manual approval,ATLAS-2437,"Deployment note: verify feature flag, Grafana SLO, PagerDuty status, database health, and support handoff for checkout-api."
DEP-01154,2022-03-29,pricing-engine,prod,atlas-payments,PR-6278,REL-2025.1.13,flag_pricing_engine_regional_launch,50,partial,Priya Nair,error budget guard,ATLAS-3444,"Deployment note: verify feature flag, Grafana SLO, PagerDuty status, database health, and support handoff for pricing-engine."
DEP-01155,2022-03-28,inventory-reservation,canary,atlas-infra,PR-7212,REL-2025.3.5,flag_inventory_reservation_mobile_session,50,success,Priya Nair,support volume guard,ATLAS-2328,"Deployment note: verify feature flag, Grafana SLO, PagerDuty status, database health, and support handoff for inventory-reservation."
DEP-01156,2022-03-31,auth-gateway,prod,atlas-mobile,PR-11453,REL-2026.04,flag_auth_gateway_dual_run,10,success,Anika Sharma,support volume guard,ATLAS-3138,"Deployment note: verify feature flag, Grafana SLO, PagerDuty status, database health, and support handoff for auth-gateway."
DEP-01157,2022-04-01,payment-orchestrator,stage,atlas-observability,PR-7143,REL-2023.4.5,flag_payment_orchestrator_new_write_path,5,monitoring,Elena Petrova,database lag guard,ATLAS-2931,"Deployment note: verify feature flag, Grafana SLO, PagerDuty status, database health, and support handoff for payment-orchestrator."
DEP-01158,2022-04-01,payment-orchestrator,canary,atlas-payments,PR-7798,REL-2024.1.5,flag_payment_orchestrator_mobile_session,10,rolled back,Aisha Khan,latency guard,ATLAS-4254,"Deployment note: verify feature flag, Grafana SLO, PagerDuty status, database health, and support handoff for payment-orchestrator."
DEP-01159,2022-04-02,cart-service,prod,atlas-infra,PR-9585,REL-2020.3.19,flag_cart_service_payment_retry,25,paused,Nora Singh,manual approval,ATLAS-4238,"Deployment note: verify feature flag, Grafana SLO, PagerDuty status, database health, and support handoff for cart-service."
DEP-01160,2022-04-03,search-recommendations,stage,atlas-data,PR-5020,REL-2018.08,flag_search_recommendations_rollback_guard,75,partial,Owen Brooks,latency guard,ATLAS-4871,"Deployment note: verify feature flag, Grafana SLO, PagerDuty status, database health, and support handoff for search-recommendations."
DEP-01161,2022-04-07,order-ledger,canary,atlas-payments,PR-5083,REL-2025.06,flag_order_ledger_mobile_session,75,monitoring,Maya Chen,error budget guard,ATLAS-2519,"Deployment note: verify feature flag, Grafana SLO, PagerDuty status, database health, and support handoff for order-ledger."
DEP-01162,2022-04-08,tax-service,stage,atlas-observability,PR-5880,REL-2019.03,flag_tax_service_rollback_guard,0,paused,Jon Bell,error budget guard,ATLAS-4805,"Deployment note: verify feature flag, Grafana SLO, PagerDuty status, database health, and support handoff for tax-service."
DEP-01163,2022-04-08,tax-service,stage,atlas-data,PR-7874,REL-2023.1.5,flag_tax_service_mobile_session,100,paused,Priya Nair,error budget guard,ATLAS-3771,"Deployment note: verify feature flag, Grafana SLO, PagerDuty status, database health, and support handoff for tax-service."
DEP-01164,2022-04-10,cart-service,canary,atlas-data,PR-5376,REL-2024.4.2,flag_cart_service_rollback_guard,10,monitoring,Sara Novak,database lag guard,ATLAS-1805,"Deployment note: verify feature flag, Grafana SLO, PagerDuty status, database health, and support handoff for cart-service."
DEP-01165,2022-04-10,payment-orchestrator,prod,atlas-payments,PR-9477,REL-2019.1.6,flag_payment_orchestrator_dual_run,50,monitoring,Noah Evans,latency guard,ATLAS-1510,"Deployment note: verify feature flag, Grafana SLO, PagerDuty status, database health, and support handoff for payment-orchestrator."
DEP-01166,2022-04-11,search-recommendations,prod,atlas-payments,PR-5044,REL-2022.03,flag_search_recommendations_payment_retry,100,monitoring,Priya Nair,manual approval,ATLAS-6127,"Deployment note: verify feature flag, Grafana SLO, PagerDuty status, database health, and support handoff for search-recommendations."
DEP-01167,2022-04-13,search-recommendations,canary,atlas-web,PR-6967,REL-2024.2.9,flag_search_recommendations_rollback_guard,1,monitoring,Dmitri Volkov,latency guard,ATLAS-5004,"Deployment note: verify feature flag, Grafana SLO, PagerDuty status, database health, and support handoff for search-recommendations."
DEP-01168,2022-04-13,analytics-pipeline,prod,atlas-checkout,PR-7142,REL-2024.01,flag_analytics_pipeline_new_write_path,50,monitoring,Fatima Noor,latency guard,ATLAS-4323,"Deployment note: verify feature flag, Grafana SLO, PagerDuty status, database health, and support handoff for analytics-pipeline."
DEP-01169,2022-04-15,checkout-api,canary,atlas-orders,PR-5930,REL-2025.3.15,flag_checkout_api_rollback_guard,1,partial,Ravi Patel,support volume guard,ATLAS-4646,"Deployment note: verify feature flag, Grafana SLO, PagerDuty status, database health, and support handoff for checkout-api."
DEP-01170,2022-04-15,checkout-api,prod,atlas-infra,PR-9229,REL-2020.01,flag_checkout_api_dual_run,10,success,Fatima Noor,database lag guard,ATLAS-3525,"Deployment note: verify feature flag, Grafana SLO, PagerDuty status, database health, and support handoff for checkout-api."
DEP-01171,2022-04-18,tax-service,prod,atlas-mobile,PR-5925,REL-2018.10,flag_tax_service_dual_run,50,monitoring,Maya Chen,latency guard,ATLAS-2233,"Deployment note: verify feature flag, Grafana SLO, PagerDuty status, database health, and support handoff for tax-service."
DEP-01172,2022-04-19,cart-service,stage,atlas-data,PR-10957,REL-2020.01,flag_cart_service_regional_launch,5,success,Ben Carter,manual approval,ATLAS-3182,"Deployment note: verify feature flag, Grafana SLO, PagerDuty status, database health, and support handoff for cart-service."
DEP-01173,2022-04-21,order-ledger,prod,atlas-orders,PR-8496,REL-2020.3.17,flag_order_ledger_regional_launch,1,rolled back,Dmitri Volkov,latency guard,ATLAS-4604,"Deployment note: verify feature flag, Grafana SLO, PagerDuty status, database health, and support handoff for order-ledger."
DEP-01174,2022-04-21,analytics-pipeline,canary,atlas-data,PR-11102,REL-2020.4.1,flag_analytics_pipeline_dual_run,10,monitoring,Samir Rao,database lag guard,ATLAS-3000,"Deployment note: verify feature flag, Grafana SLO, PagerDuty status, database health, and support handoff for analytics-pipeline."
DEP-01175,2022-04-22,tax-service,prod,atlas-infra,PR-10133,REL-2021.11,flag_tax_service_regional_launch,25,paused,Iris Wang,latency guard,ATLAS-5399,"Deployment note: verify feature flag, Grafana SLO, PagerDuty status, database health, and support handoff for tax-service."
DEP-01176,2022-04-23,loyalty-service,stage,atlas-payments,PR-6794,REL-2025.1.6,flag_loyalty_service_regional_launch,5,rolled back,Samir Rao,database lag guard,ATLAS-2168,"Deployment note: verify feature flag, Grafana SLO, PagerDuty status, database health, and support handoff for loyalty-service."
DEP-01177,2022-04-24,auth-gateway,prod,atlas-payments,PR-6943,REL-2026.2.6,flag_auth_gateway_new_write_path,5,success,Ravi Patel,database lag guard,ATLAS-4448,"Deployment note: verify feature flag, Grafana SLO, PagerDuty status, database health, and support handoff for auth-gateway."
DEP-01178,2022-04-27,checkout-api,stage,atlas-checkout,PR-12524,REL-2026.1.10,flag_checkout_api_new_write_path,25,paused,Theo Martin,support volume guard,ATLAS-3373,"Deployment note: verify feature flag, Grafana SLO, PagerDuty status, database health, and support handoff for checkout-api."
DEP-01179,2022-04-28,checkout-api,stage,atlas-data,PR-8458,REL-2020.03,flag_checkout_api_dual_run,0,partial,Samir Rao,manual approval,ATLAS-2901,"Deployment note: verify feature flag, Grafana SLO, PagerDuty status, database health, and support handoff for checkout-api."
DEP-01180,2022-04-30,checkout-api,prod,atlas-mobile,PR-8088,REL-2021.3.9,flag_checkout_api_rollback_guard,50,partial,Grace Kim,error budget guard,ATLAS-2518,"Deployment note: verify feature flag, Grafana SLO, PagerDuty status, database health, and support handoff for checkout-api."
DEP-01181,2022-05-01,pricing-engine,prod,atlas-mobile,PR-11618,REL-2024.2.19,flag_pricing_engine_mobile_session,5,monitoring,Fatima Noor,support volume guard,ATLAS-1192,"Deployment note: verify feature flag, Grafana SLO, PagerDuty status, database health, and support handoff for pricing-engine."
DEP-01182,2022-04-30,search-recommendations,canary,atlas-mobile,PR-8571,REL-2022.08,flag_search_recommendations_rollback_guard,5,monitoring,Fatima Noor,latency guard,ATLAS-5734,"Deployment note: verify feature flag, Grafana SLO, PagerDuty status, database health, and support handoff for search-recommendations."
DEP-01183,2022-05-02,inventory-reservation,prod,atlas-payments,PR-5834,REL-2023.05,flag_inventory_reservation_payment_retry,50,partial,Kim Tan,error budget guard,ATLAS-5595,"Deployment note: verify feature flag, Grafana SLO, PagerDuty status, database health, and support handoff for inventory-reservation."
DEP-01184,2022-05-04,cart-service,prod,atlas-orders,PR-5543,REL-2022.3.11,flag_cart_service_rollback_guard,0,paused,Kim Tan,error budget guard,ATLAS-2534,"Deployment note: verify feature flag, Grafana SLO, PagerDuty status, database health, and support handoff for cart-service."
DEP-01185,2022-05-05,order-ledger,stage,atlas-infra,PR-11650,REL-2018.3.11,flag_order_ledger_payment_retry,0,paused,Iris Wang,database lag guard,ATLAS-3559,"Deployment note: verify feature flag, Grafana SLO, PagerDuty status, database health, and support handoff for order-ledger."
DEP-01186,2022-05-07,inventory-reservation,canary,atlas-mobile,PR-7542,REL-2024.1.11,flag_inventory_reservation_regional_launch,25,monitoring,Ravi Patel,error budget guard,ATLAS-3327,"Deployment note: verify feature flag, Grafana SLO, PagerDuty status, database health, and support handoff for inventory-reservation."
DEP-01187,2022-05-07,notification-service,stage,atlas-payments,PR-9212,REL-2020.05,flag_notification_service_dual_run,10,partial,Aisha Khan,error budget guard,ATLAS-2708,"Deployment note: verify feature flag, Grafana SLO, PagerDuty status, database health, and support handoff for notification-service."
DEP-01188,2022-05-07,tax-service,canary,atlas-mobile,PR-5561,REL-2022.4.1,flag_tax_service_new_write_path,100,partial,Samir Rao,database lag guard,ATLAS-2869,"Deployment note: verify feature flag, Grafana SLO, PagerDuty status, database health, and support handoff for tax-service."
DEP-01189,2022-05-10,payment-orchestrator,canary,atlas-orders,PR-6911,REL-2025.4.4,flag_payment_orchestrator_new_write_path,1,success,Victor Silva,error budget guard,ATLAS-1084,"Deployment note: verify feature flag, Grafana SLO, PagerDuty status, database health, and support handoff for payment-orchestrator."
DEP-01190,2022-05-10,auth-gateway,prod,atlas-mobile,PR-7446,REL-2026.1.4,flag_auth_gateway_rollback_guard,10,partial,Owen Brooks,manual approval,ATLAS-1586,"Deployment note: verify feature flag, Grafana SLO, PagerDuty status, database health, and support handoff for auth-gateway."
DEP-01191,2022-05-12,search-recommendations,prod,atlas-observability,PR-5098,REL-2022.07,flag_search_recommendations_mobile_session,100,rolled back,Jon Bell,manual approval,ATLAS-2385,"Deployment note: verify feature flag, Grafana SLO, PagerDuty status, database health, and support handoff for search-recommendations."
DEP-01192,2022-05-12,search-recommendations,stage,atlas-web,PR-8263,REL-2022.11,flag_search_recommendations_regional_launch,1,rolled back,Yara Haddad,database lag guard,ATLAS-4891,"Deployment note: verify feature flag, Grafana SLO, PagerDuty status, database health, and support handoff for search-recommendations."
DEP-01193,2022-05-14,analytics-pipeline,canary,atlas-observability,PR-12294,REL-2021.2.3,flag_analytics_pipeline_payment_retry,50,partial,Elena Petrova,error budget guard,ATLAS-1673,"Deployment note: verify feature flag, Grafana SLO, PagerDuty status, database health, and support handoff for analytics-pipeline."
DEP-01194,2022-05-15,search-recommendations,stage,atlas-orders,PR-7991,REL-2024.4.3,flag_search_recommendations_regional_launch,10,success,Nora Singh,latency guard,ATLAS-5353,"Deployment note: verify feature flag, Grafana SLO, PagerDuty status, database health, and support handoff for search-recommendations."
DEP-01195,2022-05-17,order-ledger,prod,atlas-web,PR-8661,REL-2022.10,flag_order_ledger_payment_retry,100,success,Dmitri Volkov,error budget guard,ATLAS-2365,"Deployment note: verify feature flag, Grafana SLO, PagerDuty status, database health, and support handoff for order-ledger."
DEP-01196,2022-05-17,loyalty-service,prod,atlas-orders,PR-5762,REL-2025.1.9,flag_loyalty_service_payment_retry,0,paused,Maya Chen,error budget guard,ATLAS-5297,"Deployment note: verify feature flag, Grafana SLO, PagerDuty status, database health, and support handoff for loyalty-service."
DEP-01197,2022-05-19,pricing-engine,stage,atlas-payments,PR-8001,REL-2019.03,flag_pricing_engine_dual_run,50,rolled back,Ben Carter,error budget guard,ATLAS-2996,"Deployment note: verify feature flag, Grafana SLO, PagerDuty status, database health, and support handoff for pricing-engine."
DEP-01198,2022-05-21,pricing-engine,canary,atlas-orders,PR-8135,REL-2019.3.2,flag_pricing_engine_regional_launch,1,paused,Luca Moretti,error budget guard,ATLAS-2744,"Deployment note: verify feature flag, Grafana SLO, PagerDuty status, database health, and support handoff for pricing-engine."
DEP-01199,2022-05-23,auth-gateway,stage,atlas-web,PR-8030,REL-2023.1.5,flag_auth_gateway_payment_retry,100,rolled back,Noah Evans,error budget guard,ATLAS-2069,"Deployment note: verify feature flag, Grafana SLO, PagerDuty status, database health, and support handoff for auth-gateway."
DEP-01200,2022-05-24,tax-service,canary,atlas-mobile,PR-6910,REL-2023.2.2,flag_tax_service_mobile_session,75,paused,Ben Carter,support volume guard,ATLAS-3514,"Deployment note: verify feature flag, Grafana SLO, PagerDuty status, database health, and support handoff for tax-service."
DEP-01201,2022-05-24,auth-gateway,canary,atlas-mobile,PR-9649,REL-2022.11,flag_auth_gateway_rollback_guard,0,rolled back,Grace Kim,error budget guard,ATLAS-4784,"Deployment note: verify feature flag, Grafana SLO, PagerDuty status, database health, and support handoff for auth-gateway."
DEP-01202,2022-05-24,checkout-api,prod,atlas-orders,PR-5315,REL-2024.4.8,flag_checkout_api_dual_run,1,success,Noah Evans,support volume guard,ATLAS-2613,"Deployment note: verify feature flag, Grafana SLO, PagerDuty status, database health, and support handoff for checkout-api."
DEP-01203,2022-05-27,auth-gateway,prod,atlas-infra,PR-8192,REL-2022.04,flag_auth_gateway_mobile_session,75,paused,Samir Rao,support volume guard,ATLAS-5655,"Deployment note: verify feature flag, Grafana SLO, PagerDuty status, database health, and support handoff for auth-gateway."
DEP-01204,2022-05-29,inventory-reservation,stage,atlas-infra,PR-7129,REL-2020.03,flag_inventory_reservation_regional_launch,25,rolled back,Fatima Noor,database lag guard,ATLAS-4445,"Deployment note: verify feature flag, Grafana SLO, PagerDuty status, database health, and support handoff for inventory-reservation."
DEP-01205,2022-05-28,search-recommendations,prod,atlas-mobile,PR-7600,REL-2024.12,flag_search_recommendations_new_write_path,75,monitoring,Iris Wang,support volume guard,ATLAS-2042,"Deployment note: verify feature flag, Grafana SLO, PagerDuty status, database health, and support handoff for search-recommendations."
DEP-01206,2022-05-29,inventory-reservation,canary,atlas-observability,PR-10337,REL-2018.06,flag_inventory_reservation_rollback_guard,5,partial,Luca Moretti,error budget guard,ATLAS-5141,"Deployment note: verify feature flag, Grafana SLO, PagerDuty status, database health, and support handoff for inventory-reservation."
DEP-01207,2022-05-31,cart-service,canary,atlas-infra,PR-6300,REL-2025.11,flag_cart_service_regional_launch,50,success,Grace Kim,error budget guard,ATLAS-2761,"Deployment note: verify feature flag, Grafana SLO, PagerDuty status, database health, and support handoff for cart-service."
DEP-01208,2022-06-01,inventory-reservation,stage,atlas-payments,PR-9913,REL-2022.4.2,flag_inventory_reservation_rollback_guard,100,partial,Harper Lee,support volume guard,ATLAS-6082,"Deployment note: verify feature flag, Grafana SLO, PagerDuty status, database health, and support handoff for inventory-reservation."
DEP-01209,2022-06-03,checkout-api,canary,atlas-payments,PR-8771,REL-2020.09,flag_checkout_api_new_write_path,50,success,Jon Bell,latency guard,ATLAS-5696,"Deployment note: verify feature flag, Grafana SLO, PagerDuty status, database health, and support handoff for checkout-api."
DEP-01210,2022-06-05,auth-gateway,stage,atlas-payments,PR-5870,REL-2022.1.3,flag_auth_gateway_dual_run,75,rolled back,Iris Wang,error budget guard,ATLAS-2310,"Deployment note: verify feature flag, Grafana SLO, PagerDuty status, database health, and support handoff for auth-gateway."
DEP-01211,2022-06-06,search-recommendations,stage,atlas-web,PR-6668,REL-2019.11,flag_search_recommendations_rollback_guard,1,monitoring,Grace Kim,error budget guard,ATLAS-2830,"Deployment note: verify feature flag, Grafana SLO, PagerDuty status, database health, and support handoff for search-recommendations."
DEP-01212,2022-06-06,loyalty-service,canary,atlas-infra,PR-12052,REL-2019.3.5,flag_loyalty_service_new_write_path,50,rolled back,Elena Petrova,manual approval,ATLAS-1808,"Deployment note: verify feature flag, Grafana SLO, PagerDuty status, database health, and support handoff for loyalty-service."
DEP-01213,2022-06-07,checkout-api,stage,atlas-data,PR-6671,REL-2025.1.7,flag_checkout_api_dual_run,50,monitoring,Grace Kim,database lag guard,ATLAS-5416,"Deployment note: verify feature flag, Grafana SLO, PagerDuty status, database health, and support handoff for checkout-api."
DEP-01214,2022-06-09,cart-service,stage,atlas-mobile,PR-9076,REL-2022.11,flag_cart_service_dual_run,25,success,Mateo Garcia,latency guard,ATLAS-3161,"Deployment note: verify feature flag, Grafana SLO, PagerDuty status, database health, and support handoff for cart-service."
DEP-01215,2022-06-10,checkout-api,stage,atlas-web,PR-8250,REL-2023.3.14,flag_checkout_api_dual_run,75,success,Noah Evans,latency guard,ATLAS-4713,"Deployment note: verify feature flag, Grafana SLO, PagerDuty status, database health, and support handoff for checkout-api."
DEP-01216,2022-06-10,payment-orchestrator,stage,atlas-web,PR-7718,REL-2019.12,flag_payment_orchestrator_rollback_guard,50,rolled back,Victor Silva,error budget guard,ATLAS-3667,"Deployment note: verify feature flag, Grafana SLO, PagerDuty status, database health, and support handoff for payment-orchestrator."
DEP-01217,2022-06-13,payment-orchestrator,stage,atlas-observability,PR-11259,REL-2023.4.0,flag_payment_orchestrator_dual_run,75,monitoring,Mateo Garcia,error budget guard,ATLAS-4169,"Deployment note: verify feature flag, Grafana SLO, PagerDuty status, database health, and support handoff for payment-orchestrator."
DEP-01218,2022-06-13,inventory-reservation,canary,atlas-infra,PR-8644,REL-2019.2.15,flag_inventory_reservation_regional_launch,1,success,Anika Sharma,manual approval,ATLAS-4116,"Deployment note: verify feature flag, Grafana SLO, PagerDuty status, database health, and support handoff for inventory-reservation."
DEP-01219,2022-06-14,order-ledger,stage,atlas-checkout,PR-7881,REL-2021.06,flag_order_ledger_new_write_path,75,partial,Yara Haddad,support volume guard,ATLAS-1894,"Deployment note: verify feature flag, Grafana SLO, PagerDuty status, database health, and support handoff for order-ledger."
DEP-01220,2022-06-17,analytics-pipeline,canary,atlas-orders,PR-9064,REL-2026.1.11,flag_analytics_pipeline_new_write_path,1,rolled back,Ben Carter,error budget guard,ATLAS-1968,"Deployment note: verify feature flag, Grafana SLO, PagerDuty status, database health, and support handoff for analytics-pipeline."
DEP-01221,2022-06-17,cart-service,stage,atlas-checkout,PR-8012,REL-2020.11,flag_cart_service_new_write_path,50,rolled back,Jon Bell,latency guard,ATLAS-5053,"Deployment note: verify feature flag, Grafana SLO, PagerDuty status, database health, and support handoff for cart-service."
DEP-01222,2022-06-18,search-recommendations,stage,atlas-infra,PR-9782,REL-2023.2.2,flag_search_recommendations_new_write_path,1,partial,Grace Kim,latency guard,ATLAS-4359,"Deployment note: verify feature flag, Grafana SLO, PagerDuty status, database health, and support handoff for search-recommendations."
DEP-01223,2022-06-19,checkout-api,prod,atlas-web,PR-12545,REL-2020.4.2,flag_checkout_api_regional_launch,25,monitoring,Nora Singh,latency guard,ATLAS-3252,"Deployment note: verify feature flag, Grafana SLO, PagerDuty status, database health, and support handoff for checkout-api."
DEP-01224,2022-06-21,inventory-reservation,stage,atlas-mobile,PR-11726,REL-2022.12,flag_inventory_reservation_new_write_path,0,partial,Mateo Garcia,manual approval,ATLAS-1157,"Deployment note: verify feature flag, Grafana SLO, PagerDuty status, database health, and support handoff for inventory-reservation."
DEP-01225,2022-06-23,auth-gateway,prod,atlas-web,PR-8982,REL-2020.4.1,flag_auth_gateway_dual_run,75,monitoring,Priya Nair,latency guard,ATLAS-4506,"Deployment note: verify feature flag, Grafana SLO, PagerDuty status, database health, and support handoff for auth-gateway."
DEP-01226,2022-06-22,auth-gateway,canary,atlas-orders,PR-8470,REL-2020.3.19,flag_auth_gateway_payment_retry,1,partial,Samir Rao,error budget guard,ATLAS-2182,"Deployment note: verify feature flag, Grafana SLO, PagerDuty status, database health, and support handoff for auth-gateway."
DEP-01227,2022-06-23,checkout-api,canary,atlas-mobile,PR-10582,REL-2023.2.12,flag_checkout_api_payment_retry,1,monitoring,Yara Haddad,error budget guard,ATLAS-4919,"Deployment note: verify feature flag, Grafana SLO, PagerDuty status, database health, and support handoff for checkout-api."
DEP-01228,2022-06-27,auth-gateway,prod,atlas-web,PR-10557,REL-2025.1.9,flag_auth_gateway_mobile_session,0,partial,Elena Petrova,manual approval,ATLAS-1932,"Deployment note: verify feature flag, Grafana SLO, PagerDuty status, database health, and support handoff for auth-gateway."
DEP-01229,2022-06-28,pricing-engine,stage,atlas-checkout,PR-5331,REL-2021.2.1,flag_pricing_engine_mobile_session,50,success,Mateo Garcia,error budget guard,ATLAS-5490,"Deployment note: verify feature flag, Grafana SLO, PagerDuty status, database health, and support handoff for pricing-engine."
DEP-01230,2022-06-28,analytics-pipeline,prod,atlas-infra,PR-5697,REL-2021.2.2,flag_analytics_pipeline_dual_run,1,success,Victor Silva,database lag guard,ATLAS-3425,"Deployment note: verify feature flag, Grafana SLO, PagerDuty status, database health, and support handoff for analytics-pipeline."
DEP-01231,2022-06-29,loyalty-service,canary,atlas-infra,PR-7534,REL-2020.1.18,flag_loyalty_service_mobile_session,1,rolled back,Noah Evans,manual approval,ATLAS-5830,"Deployment note: verify feature flag, Grafana SLO, PagerDuty status, database health, and support handoff for loyalty-service."
DEP-01232,2022-07-01,loyalty-service,prod,atlas-data,PR-5012,REL-2020.2.8,flag_loyalty_service_dual_run,50,monitoring,Ravi Patel,manual approval,ATLAS-5747,"Deployment note: verify feature flag, Grafana SLO, PagerDuty status, database health, and support handoff for loyalty-service."
DEP-01233,2022-07-01,pricing-engine,stage,atlas-orders,PR-7373,REL-2026.1.10,flag_pricing_engine_new_write_path,50,success,Iris Wang,support volume guard,ATLAS-5701,"Deployment note: verify feature flag, Grafana SLO, PagerDuty status, database health, and support handoff for pricing-engine."
DEP-01234,2022-07-03,search-recommendations,canary,atlas-observability,PR-9964,REL-2026.1.16,flag_search_recommendations_dual_run,5,rolled back,Mateo Garcia,database lag guard,ATLAS-4799,"Deployment note: verify feature flag, Grafana SLO, PagerDuty status, database health, and support handoff for search-recommendations."
DEP-01235,2022-07-03,analytics-pipeline,prod,atlas-data,PR-9180,REL-2022.4.1,flag_analytics_pipeline_mobile_session,100,monitoring,Ben Carter,error budget guard,ATLAS-5604,"Deployment note: verify feature flag, Grafana SLO, PagerDuty status, database health, and support handoff for analytics-pipeline."
DEP-01236,2022-07-05,order-ledger,stage,atlas-mobile,PR-7894,REL-2026.1.10,flag_order_ledger_mobile_session,100,success,Jon Bell,latency guard,ATLAS-3116,"Deployment note: verify feature flag, Grafana SLO, PagerDuty status, database health, and support handoff for order-ledger."
DEP-01237,2022-07-08,order-ledger,prod,atlas-mobile,PR-9658,REL-2025.1.8,flag_order_ledger_new_write_path,75,partial,Nora Singh,manual approval,ATLAS-3405,"Deployment note: verify feature flag, Grafana SLO, PagerDuty status, database health, and support handoff for order-ledger."
DEP-01238,2022-07-08,analytics-pipeline,canary,atlas-data,PR-6175,REL-2023.2.2,flag_analytics_pipeline_rollback_guard,25,monitoring,Harper Lee,latency guard,ATLAS-4854,"Deployment note: verify feature flag, Grafana SLO, PagerDuty status, database health, and support handoff for analytics-pipeline."
DEP-01239,2022-07-10,analytics-pipeline,canary,atlas-payments,PR-11729,REL-2018.09,flag_analytics_pipeline_mobile_session,0,monitoring,Victor Silva,latency guard,ATLAS-4415,"Deployment note: verify feature flag, Grafana SLO, PagerDuty status, database health, and support handoff for analytics-pipeline."
DEP-01240,2022-07-09,notification-service,canary,atlas-mobile,PR-7549,REL-2021.09,flag_notification_service_regional_launch,50,rolled back,Jon Bell,manual approval,ATLAS-4277,"Deployment note: verify feature flag, Grafana SLO, PagerDuty status, database health, and support handoff for notification-service."
DEP-01241,2022-07-10,payment-orchestrator,prod,atlas-web,PR-5612,REL-2026.1.5,flag_payment_orchestrator_mobile_session,1,rolled back,Samir Rao,manual approval,ATLAS-1281,"Deployment note: verify feature flag, Grafana SLO, PagerDuty status, database health, and support handoff for payment-orchestrator."
DEP-01242,2022-07-13,inventory-reservation,prod,atlas-observability,PR-8825,REL-2022.3.4,flag_inventory_reservation_regional_launch,50,success,Ravi Patel,database lag guard,ATLAS-4861,"Deployment note: verify feature flag, Grafana SLO, PagerDuty status, database health, and support handoff for inventory-reservation."
DEP-01243,2022-07-13,pricing-engine,prod,atlas-web,PR-8737,REL-2024.4.13,flag_pricing_engine_dual_run,75,monitoring,Iris Wang,support volume guard,ATLAS-4160,"Deployment note: verify feature flag, Grafana SLO, PagerDuty status, database health, and support handoff for pricing-engine."
DEP-01244,2022-07-14,order-ledger,canary,atlas-orders,PR-6589,REL-2025.01,flag_order_ledger_rollback_guard,50,success,Sara Novak,latency guard,ATLAS-1901,"Deployment note: verify feature flag, Grafana SLO, PagerDuty status, database health, and support handoff for order-ledger."
DEP-01245,2022-07-15,loyalty-service,prod,atlas-checkout,PR-11385,REL-2023.1.11,flag_loyalty_service_new_write_path,1,monitoring,Mateo Garcia,database lag guard,ATLAS-3621,"Deployment note: verify feature flag, Grafana SLO, PagerDuty status, database health, and support handoff for loyalty-service."
DEP-01246,2022-07-18,analytics-pipeline,stage,atlas-mobile,PR-6266,REL-2022.4.16,flag_analytics_pipeline_payment_retry,1,partial,Anika Sharma,latency guard,ATLAS-4822,"Deployment note: verify feature flag, Grafana SLO, PagerDuty status, database health, and support handoff for analytics-pipeline."
DEP-01247,2022-07-19,pricing-engine,prod,atlas-infra,PR-9786,REL-2019.2.17,flag_pricing_engine_payment_retry,0,paused,Grace Kim,error budget guard,ATLAS-4877,"Deployment note: verify feature flag, Grafana SLO, PagerDuty status, database health, and support handoff for pricing-engine."
DEP-01248,2022-07-19,notification-service,canary,atlas-orders,PR-11112,REL-2018.4.7,flag_notification_service_regional_launch,100,monitoring,Elena Petrova,support volume guard,ATLAS-4850,"Deployment note: verify feature flag, Grafana SLO, PagerDuty status, database health, and support handoff for notification-service."
DEP-01249,2022-07-21,analytics-pipeline,canary,atlas-payments,PR-9209,REL-2021.3.15,flag_analytics_pipeline_rollback_guard,5,success,Dmitri Volkov,latency guard,ATLAS-3542,"Deployment note: verify feature flag, Grafana SLO, PagerDuty status, database health, and support handoff for analytics-pipeline."
DEP-01250,2022-07-21,notification-service,prod,atlas-infra,PR-5629,REL-2020.1.7,flag_notification_service_regional_launch,1,success,Noah Evans,latency guard,ATLAS-4002,"Deployment note: verify feature flag, Grafana SLO, PagerDuty status, database health, and support handoff for notification-service."
DEP-01251,2022-07-23,inventory-reservation,canary,atlas-observability,PR-11839,REL-2019.01,flag_inventory_reservation_dual_run,0,paused,Nora Singh,error budget guard,ATLAS-5736,"Deployment note: verify feature flag, Grafana SLO, PagerDuty status, database health, and support handoff for inventory-reservation."
DEP-01252,2022-07-24,loyalty-service,prod,atlas-data,PR-10531,REL-2018.4.16,flag_loyalty_service_dual_run,1,success,Ben Carter,manual approval,ATLAS-1961,"Deployment note: verify feature flag, Grafana SLO, PagerDuty status, database health, and support handoff for loyalty-service."
DEP-01253,2022-07-27,checkout-api,stage,atlas-checkout,PR-5137,REL-2024.4.9,flag_checkout_api_new_write_path,25,rolled back,Nora Singh,error budget guard,ATLAS-6165,"Deployment note: verify feature flag, Grafana SLO, PagerDuty status, database health, and support handoff for checkout-api."
DEP-01254,2022-07-27,search-recommendations,stage,atlas-infra,PR-8668,REL-2024.4.7,flag_search_recommendations_rollback_guard,100,paused,Victor Silva,manual approval,ATLAS-2717,"Deployment note: verify feature flag, Grafana SLO, PagerDuty status, database health, and support handoff for search-recommendations."
DEP-01255,2022-07-28,pricing-engine,canary,atlas-infra,PR-7854,REL-2021.4.16,flag_pricing_engine_rollback_guard,50,success,Luca Moretti,database lag guard,ATLAS-5179,"Deployment note: verify feature flag, Grafana SLO, PagerDuty status, database health, and support handoff for pricing-engine."
DEP-01256,2022-07-30,notification-service,canary,atlas-mobile,PR-11232,REL-2024.4.10,flag_notification_service_new_write_path,1,rolled back,Luca Moretti,manual approval,ATLAS-2432,"Deployment note: verify feature flag, Grafana SLO, PagerDuty status, database health, and support handoff for notification-service."
DEP-01257,2022-07-31,checkout-api,stage,atlas-payments,PR-12588,REL-2018.08,flag_checkout_api_regional_launch,0,success,Ben Carter,error budget guard,ATLAS-4080,"Deployment note: verify feature flag, Grafana SLO, PagerDuty status, database health, and support handoff for checkout-api."
DEP-01258,2022-08-01,payment-orchestrator,stage,atlas-orders,PR-9101,REL-2023.3.0,flag_payment_orchestrator_new_write_path,1,partial,Dmitri Volkov,manual approval,ATLAS-5635,"Deployment note: verify feature flag, Grafana SLO, PagerDuty status, database health, and support handoff for payment-orchestrator."
DEP-01259,2022-08-01,analytics-pipeline,prod,atlas-observability,PR-7129,REL-2018.4.9,flag_analytics_pipeline_rollback_guard,1,monitoring,Priya Nair,latency guard,ATLAS-5556,"Deployment note: verify feature flag, Grafana SLO, PagerDuty status, database health, and support handoff for analytics-pipeline."
DEP-01260,2022-08-02,tax-service,stage,atlas-orders,PR-9507,REL-2023.07,flag_tax_service_dual_run,75,rolled back,Aisha Khan,support volume guard,ATLAS-3354,"Deployment note: verify feature flag, Grafana SLO, PagerDuty status, database health, and support handoff for tax-service."
DEP-01261,2022-08-06,inventory-reservation,stage,atlas-mobile,PR-8407,REL-2022.2.8,flag_inventory_reservation_dual_run,0,partial,Samir Rao,support volume guard,ATLAS-2973,"Deployment note: verify feature flag, Grafana SLO, PagerDuty status, database health, and support handoff for inventory-reservation."
DEP-01262,2022-08-06,tax-service,stage,atlas-web,PR-10920,REL-2019.09,flag_tax_service_dual_run,50,partial,Ravi Patel,error budget guard,ATLAS-1914,"Deployment note: verify feature flag, Grafana SLO, PagerDuty status, database health, and support handoff for tax-service."
DEP-01263,2022-08-06,analytics-pipeline,canary,atlas-orders,PR-8551,REL-2019.2.0,flag_analytics_pipeline_dual_run,50,monitoring,Iris Wang,error budget guard,ATLAS-4353,"Deployment note: verify feature flag, Grafana SLO, PagerDuty status, database health, and support handoff for analytics-pipeline."
DEP-01264,2022-08-07,order-ledger,prod,atlas-data,PR-7252,REL-2021.1.10,flag_order_ledger_rollback_guard,100,partial,Aisha Khan,database lag guard,ATLAS-4291,"Deployment note: verify feature flag, Grafana SLO, PagerDuty status, database health, and support handoff for order-ledger."
DEP-01265,2022-08-10,cart-service,canary,atlas-checkout,PR-5522,REL-2019.2.1,flag_cart_service_dual_run,25,paused,Victor Silva,manual approval,ATLAS-4088,"Deployment note: verify feature flag, Grafana SLO, PagerDuty status, database health, and support handoff for cart-service."
DEP-01266,2022-08-12,order-ledger,prod,atlas-orders,PR-8464,REL-2023.07,flag_order_ledger_new_write_path,50,rolled back,Dmitri Volkov,support volume guard,ATLAS-2720,"Deployment note: verify feature flag, Grafana SLO, PagerDuty status, database health, and support handoff for order-ledger."
DEP-01267,2022-08-12,auth-gateway,stage,atlas-mobile,PR-7661,REL-2021.1.4,flag_auth_gateway_regional_launch,25,paused,Anika Sharma,error budget guard,ATLAS-2891,"Deployment note: verify feature flag, Grafana SLO, PagerDuty status, database health, and support handoff for auth-gateway."
DEP-01268,2022-08-13,pricing-engine,stage,atlas-mobile,PR-11139,REL-2024.2.15,flag_pricing_engine_regional_launch,5,partial,Elena Petrova,manual approval,ATLAS-4006,"Deployment note: verify feature flag, Grafana SLO, PagerDuty status, database health, and support handoff for pricing-engine."
DEP-01269,2022-08-14,inventory-reservation,stage,atlas-infra,PR-10141,REL-2020.2.2,flag_inventory_reservation_dual_run,100,paused,Harper Lee,error budget guard,ATLAS-5260,"Deployment note: verify feature flag, Grafana SLO, PagerDuty status, database health, and support handoff for inventory-reservation."
DEP-01270,2022-08-16,tax-service,prod,atlas-orders,PR-10886,REL-2022.3.12,flag_tax_service_payment_retry,0,monitoring,Maya Chen,database lag guard,ATLAS-1238,"Deployment note: verify feature flag, Grafana SLO, PagerDuty status, database health, and support handoff for tax-service."
DEP-01271,2022-08-18,order-ledger,stage,atlas-checkout,PR-11267,REL-2020.1.3,flag_order_ledger_new_write_path,1,monitoring,Kim Tan,error budget guard,ATLAS-2808,"Deployment note: verify feature flag, Grafana SLO, PagerDuty status, database health, and support handoff for order-ledger."
DEP-01272,2022-08-18,auth-gateway,stage,atlas-web,PR-11456,REL-2024.4.10,flag_auth_gateway_dual_run,75,paused,Aisha Khan,latency guard,ATLAS-3237,"Deployment note: verify feature flag, Grafana SLO, PagerDuty status, database health, and support handoff for auth-gateway."
DEP-01273,2022-08-18,tax-service,prod,atlas-checkout,PR-10460,REL-2026.2.6,flag_tax_service_new_write_path,100,paused,Noah Evans,latency guard,ATLAS-2062,"Deployment note: verify feature flag, Grafana SLO, PagerDuty status, database health, and support handoff for tax-service."
DEP-01274,2022-08-19,search-recommendations,prod,atlas-infra,PR-8641,REL-2025.11,flag_search_recommendations_payment_retry,1,paused,Nora Singh,manual approval,ATLAS-4543,"Deployment note: verify feature flag, Grafana SLO, PagerDuty status, database health, and support handoff for search-recommendations."
DEP-01275,2022-08-22,cart-service,stage,atlas-mobile,PR-6973,REL-2023.1.11,flag_cart_service_regional_launch,75,monitoring,Elena Petrova,support volume guard,ATLAS-2563,"Deployment note: verify feature flag, Grafana SLO, PagerDuty status, database health, and support handoff for cart-service."
DEP-01276,2022-08-23,pricing-engine,stage,atlas-mobile,PR-5157,REL-2018.4.5,flag_pricing_engine_payment_retry,75,partial,Nora Singh,support volume guard,ATLAS-1579,"Deployment note: verify feature flag, Grafana SLO, PagerDuty status, database health, and support handoff for pricing-engine."
DEP-01277,2022-08-24,auth-gateway,prod,atlas-observability,PR-5917,REL-2025.2.7,flag_auth_gateway_rollback_guard,10,rolled back,Maya Chen,latency guard,ATLAS-5498,"Deployment note: verify feature flag, Grafana SLO, PagerDuty status, database health, and support handoff for auth-gateway."
DEP-01278,2022-08-26,analytics-pipeline,canary,atlas-web,PR-7455,REL-2021.3.9,flag_analytics_pipeline_dual_run,25,rolled back,Aisha Khan,latency guard,ATLAS-5769,"Deployment note: verify feature flag, Grafana SLO, PagerDuty status, database health, and support handoff for analytics-pipeline."
DEP-01279,2022-08-25,pricing-engine,prod,atlas-payments,PR-9179,REL-2019.2.9,flag_pricing_engine_mobile_session,100,success,Ravi Patel,database lag guard,ATLAS-5765,"Deployment note: verify feature flag, Grafana SLO, PagerDuty status, database health, and support handoff for pricing-engine."
DEP-01280,2022-08-29,loyalty-service,canary,atlas-infra,PR-6642,REL-2018.08,flag_loyalty_service_regional_launch,10,monitoring,Harper Lee,database lag guard,ATLAS-3603,"Deployment note: verify feature flag, Grafana SLO, PagerDuty status, database health, and support handoff for loyalty-service."
DEP-01281,2022-08-29,auth-gateway,canary,atlas-infra,PR-7732,REL-2023.03,flag_auth_gateway_regional_launch,25,success,Priya Nair,latency guard,ATLAS-5237,"Deployment note: verify feature flag, Grafana SLO, PagerDuty status, database health, and support handoff for auth-gateway."
DEP-01282,2022-08-30,payment-orchestrator,canary,atlas-mobile,PR-5266,REL-2026.1.16,flag_payment_orchestrator_payment_retry,0,success,Ben Carter,latency guard,ATLAS-3307,"Deployment note: verify feature flag, Grafana SLO, PagerDuty status, database health, and support handoff for payment-orchestrator."
DEP-01283,2022-09-01,pricing-engine,canary,atlas-data,PR-5251,REL-2024.4.7,flag_pricing_engine_rollback_guard,75,partial,Kim Tan,database lag guard,ATLAS-2022,"Deployment note: verify feature flag, Grafana SLO, PagerDuty status, database health, and support handoff for pricing-engine."
DEP-01284,2022-08-31,search-recommendations,canary,atlas-mobile,PR-11303,REL-2019.2.17,flag_search_recommendations_regional_launch,10,paused,Luca Moretti,database lag guard,ATLAS-4723,"Deployment note: verify feature flag, Grafana SLO, PagerDuty status, database health, and support handoff for search-recommendations."
DEP-01285,2022-09-04,auth-gateway,canary,atlas-payments,PR-6387,REL-2019.1.4,flag_auth_gateway_mobile_session,100,success,Iris Wang,manual approval,ATLAS-3907,"Deployment note: verify feature flag, Grafana SLO, PagerDuty status, database health, and support handoff for auth-gateway."
DEP-01286,2022-09-04,auth-gateway,canary,atlas-mobile,PR-7654,REL-2024.11,flag_auth_gateway_rollback_guard,0,partial,Iris Wang,support volume guard,ATLAS-4663,"Deployment note: verify feature flag, Grafana SLO, PagerDuty status, database health, and support handoff for auth-gateway."
DEP-01287,2022-09-06,payment-orchestrator,stage,atlas-orders,PR-7256,REL-2024.2.18,flag_payment_orchestrator_dual_run,100,rolled back,Jon Bell,support volume guard,ATLAS-3008,"Deployment note: verify feature flag, Grafana SLO, PagerDuty status, database health, and support handoff for payment-orchestrator."
DEP-01288,2022-09-07,auth-gateway,canary,atlas-orders,PR-8117,REL-2024.4.18,flag_auth_gateway_new_write_path,100,paused,Luca Moretti,manual approval,ATLAS-2439,"Deployment note: verify feature flag, Grafana SLO, PagerDuty status, database health, and support handoff for auth-gateway."
DEP-01289,2022-09-08,checkout-api,stage,atlas-orders,PR-9737,REL-2023.1.11,flag_checkout_api_dual_run,5,monitoring,Ravi Patel,error budget guard,ATLAS-3150,"Deployment note: verify feature flag, Grafana SLO, PagerDuty status, database health, and support handoff for checkout-api."
DEP-01290,2022-09-09,payment-orchestrator,prod,atlas-infra,PR-5116,REL-2019.03,flag_payment_orchestrator_rollback_guard,0,rolled back,Fatima Noor,database lag guard,ATLAS-2287,"Deployment note: verify feature flag, Grafana SLO, PagerDuty status, database health, and support handoff for payment-orchestrator."
DEP-01291,2022-09-10,auth-gateway,stage,atlas-infra,PR-12342,REL-2018.4.6,flag_auth_gateway_mobile_session,0,monitoring,Victor Silva,error budget guard,ATLAS-4031,"Deployment note: verify feature flag, Grafana SLO, PagerDuty status, database health, and support handoff for auth-gateway."
DEP-01292,2022-09-12,checkout-api,canary,atlas-infra,PR-5121,REL-2022.1.19,flag_checkout_api_regional_launch,100,rolled back,Harper Lee,support volume guard,ATLAS-6037,"Deployment note: verify feature flag, Grafana SLO, PagerDuty status, database health, and support handoff for checkout-api."
DEP-01293,2022-09-12,order-ledger,canary,atlas-web,PR-9128,REL-2024.4.14,flag_order_ledger_rollback_guard,5,paused,Sara Novak,manual approval,ATLAS-4724,"Deployment note: verify feature flag, Grafana SLO, PagerDuty status, database health, and support handoff for order-ledger."
DEP-01294,2022-09-14,order-ledger,prod,atlas-checkout,PR-12256,REL-2023.10,flag_order_ledger_rollback_guard,75,rolled back,Elena Petrova,database lag guard,ATLAS-1770,"Deployment note: verify feature flag, Grafana SLO, PagerDuty status, database health, and support handoff for order-ledger."
DEP-01295,2022-09-14,search-recommendations,canary,atlas-data,PR-7268,REL-2020.01,flag_search_recommendations_regional_launch,25,success,Victor Silva,error budget guard,ATLAS-3376,"Deployment note: verify feature flag, Grafana SLO, PagerDuty status, database health, and support handoff for search-recommendations."
DEP-01296,2022-09-17,pricing-engine,canary,atlas-infra,PR-9817,REL-2021.4.19,flag_pricing_engine_new_write_path,50,paused,Ravi Patel,support volume guard,ATLAS-4645,"Deployment note: verify feature flag, Grafana SLO, PagerDuty status, database health, and support handoff for pricing-engine."
DEP-01297,2022-09-18,pricing-engine,canary,atlas-observability,PR-7075,REL-2019.3.2,flag_pricing_engine_mobile_session,5,monitoring,Owen Brooks,support volume guard,ATLAS-3317,"Deployment note: verify feature flag, Grafana SLO, PagerDuty status, database health, and support handoff for pricing-engine."
DEP-01298,2022-09-19,order-ledger,stage,atlas-data,PR-7918,REL-2023.1.0,flag_order_ledger_regional_launch,25,rolled back,Iris Wang,support volume guard,ATLAS-5332,"Deployment note: verify feature flag, Grafana SLO, PagerDuty status, database health, and support handoff for order-ledger."
DEP-01299,2022-09-20,cart-service,stage,atlas-checkout,PR-6736,REL-2023.01,flag_cart_service_new_write_path,5,monitoring,Mateo Garcia,error budget guard,ATLAS-3951,"Deployment note: verify feature flag, Grafana SLO, PagerDuty status, database health, and support handoff for cart-service."
DEP-01300,2022-09-21,order-ledger,stage,atlas-payments,PR-9929,REL-2023.1.18,flag_order_ledger_regional_launch,50,rolled back,Victor Silva,support volume guard,ATLAS-1935,"Deployment note: verify feature flag, Grafana SLO, PagerDuty status, database health, and support handoff for order-ledger."
DEP-01301,2022-09-23,payment-orchestrator,stage,atlas-payments,PR-9829,REL-2022.4.1,flag_payment_orchestrator_payment_retry,75,success,Ben Carter,manual approval,ATLAS-1316,"Deployment note: verify feature flag, Grafana SLO, PagerDuty status, database health, and support handoff for payment-orchestrator."
DEP-01302,2022-09-22,payment-orchestrator,prod,atlas-observability,PR-10812,REL-2023.3.0,flag_payment_orchestrator_dual_run,25,paused,Owen Brooks,error budget guard,ATLAS-5977,"Deployment note: verify feature flag, Grafana SLO, PagerDuty status, database health, and support handoff for payment-orchestrator."
DEP-01303,2022-09-25,loyalty-service,prod,atlas-data,PR-7289,REL-2024.04,flag_loyalty_service_payment_retry,5,success,Luca Moretti,database lag guard,ATLAS-2089,"Deployment note: verify feature flag, Grafana SLO, PagerDuty status, database health, and support handoff for loyalty-service."
DEP-01304,2022-09-25,search-recommendations,canary,atlas-infra,PR-5179,REL-2026.03,flag_search_recommendations_mobile_session,75,success,Victor Silva,manual approval,ATLAS-5386,"Deployment note: verify feature flag, Grafana SLO, PagerDuty status, database health, and support handoff for search-recommendations."
DEP-01305,2022-09-26,auth-gateway,canary,atlas-observability,PR-10142,REL-2023.01,flag_auth_gateway_payment_retry,50,rolled back,Grace Kim,support volume guard,ATLAS-2823,"Deployment note: verify feature flag, Grafana SLO, PagerDuty status, database health, and support handoff for auth-gateway."
DEP-01306,2022-09-29,notification-service,canary,atlas-checkout,PR-12052,REL-2019.06,flag_notification_service_new_write_path,75,success,Jon Bell,latency guard,ATLAS-4804,"Deployment note: verify feature flag, Grafana SLO, PagerDuty status, database health, and support handoff for notification-service."
DEP-01307,2022-09-28,order-ledger,stage,atlas-data,PR-6714,REL-2023.2.2,flag_order_ledger_regional_launch,100,monitoring,Noah Evans,error budget guard,ATLAS-5939,"Deployment note: verify feature flag, Grafana SLO, PagerDuty status, database health, and support handoff for order-ledger."
DEP-01308,2022-09-30,pricing-engine,stage,atlas-orders,PR-6255,REL-2026.1.16,flag_pricing_engine_rollback_guard,1,paused,Mateo Garcia,latency guard,ATLAS-2396,"Deployment note: verify feature flag, Grafana SLO, PagerDuty status, database health, and support handoff for pricing-engine."
DEP-01309,2022-10-02,notification-service,stage,atlas-observability,PR-9669,REL-2019.4.19,flag_notification_service_mobile_session,25,rolled back,Theo Martin,support volume guard,ATLAS-2436,"Deployment note: verify feature flag, Grafana SLO, PagerDuty status, database health, and support handoff for notification-service."
DEP-01310,2022-10-04,notification-service,canary,atlas-infra,PR-9089,REL-2018.3.14,flag_notification_service_dual_run,50,monitoring,Elena Petrova,error budget guard,ATLAS-2722,"Deployment note: verify feature flag, Grafana SLO, PagerDuty status, database health, and support handoff for notification-service."
DEP-01311,2022-10-05,loyalty-service,prod,atlas-data,PR-7416,REL-2024.11,flag_loyalty_service_dual_run,50,rolled back,Grace Kim,latency guard,ATLAS-1348,"Deployment note: verify feature flag, Grafana SLO, PagerDuty status, database health, and support handoff for loyalty-service."
DEP-01312,2022-10-05,pricing-engine,canary,atlas-infra,PR-5813,REL-2022.1.5,flag_pricing_engine_payment_retry,50,monitoring,Owen Brooks,manual approval,ATLAS-1934,"Deployment note: verify feature flag, Grafana SLO, PagerDuty status, database health, and support handoff for pricing-engine."
DEP-01313,2022-10-06,search-recommendations,canary,atlas-mobile,PR-7040,REL-2022.1.3,flag_search_recommendations_payment_retry,25,success,Fatima Noor,database lag guard,ATLAS-4541,"Deployment note: verify feature flag, Grafana SLO, PagerDuty status, database health, and support handoff for search-recommendations."
DEP-01314,2022-10-08,tax-service,prod,atlas-payments,PR-11409,REL-2022.2.6,flag_tax_service_regional_launch,1,partial,Luca Moretti,database lag guard,ATLAS-3407,"Deployment note: verify feature flag, Grafana SLO, PagerDuty status, database health, and support handoff for tax-service."
DEP-01315,2022-10-08,pricing-engine,canary,atlas-checkout,PR-5530,REL-2022.2.19,flag_pricing_engine_new_write_path,1,paused,Maya Chen,manual approval,ATLAS-1209,"Deployment note: verify feature flag, Grafana SLO, PagerDuty status, database health, and support handoff for pricing-engine."
DEP-01316,2022-10-11,order-ledger,prod,atlas-mobile,PR-5527,REL-2020.07,flag_order_ledger_payment_retry,25,monitoring,Victor Silva,database lag guard,ATLAS-4135,"Deployment note: verify feature flag, Grafana SLO, PagerDuty status, database health, and support handoff for order-ledger."
DEP-01317,2022-10-12,loyalty-service,stage,atlas-mobile,PR-9241,REL-2018.4.1,flag_loyalty_service_dual_run,25,success,Kim Tan,error budget guard,ATLAS-3970,"Deployment note: verify feature flag, Grafana SLO, PagerDuty status, database health, and support handoff for loyalty-service."
DEP-01318,2022-10-12,payment-orchestrator,stage,atlas-web,PR-7785,REL-2025.2.1,flag_payment_orchestrator_new_write_path,25,monitoring,Luca Moretti,latency guard,ATLAS-3884,"Deployment note: verify feature flag, Grafana SLO, PagerDuty status, database health, and support handoff for payment-orchestrator."
DEP-01319,2022-10-14,order-ledger,stage,atlas-checkout,PR-6216,REL-2024.1.11,flag_order_ledger_regional_launch,50,paused,Sara Novak,database lag guard,ATLAS-2510,"Deployment note: verify feature flag, Grafana SLO, PagerDuty status, database health, and support handoff for order-ledger."
DEP-01320,2022-10-16,checkout-api,stage,atlas-observability,PR-7491,REL-2026.03,flag_checkout_api_mobile_session,5,monitoring,Ben Carter,error budget guard,ATLAS-5963,"Deployment note: verify feature flag, Grafana SLO, PagerDuty status, database health, and support handoff for checkout-api."
DEP-01321,2022-10-16,order-ledger,stage,atlas-payments,PR-7658,REL-2025.4.11,flag_order_ledger_new_write_path,10,monitoring,Fatima Noor,support volume guard,ATLAS-6025,"Deployment note: verify feature flag, Grafana SLO, PagerDuty status, database health, and support handoff for order-ledger."
DEP-01322,2022-10-17,search-recommendations,prod,atlas-mobile,PR-5315,REL-2021.4.19,flag_search_recommendations_dual_run,25,rolled back,Samir Rao,database lag guard,ATLAS-4729,"Deployment note: verify feature flag, Grafana SLO, PagerDuty status, database health, and support handoff for search-recommendations."
DEP-01323,2022-10-18,auth-gateway,stage,atlas-mobile,PR-11369,REL-2019.04,flag_auth_gateway_payment_retry,1,rolled back,Maya Chen,manual approval,ATLAS-1270,"Deployment note: verify feature flag, Grafana SLO, PagerDuty status, database health, and support handoff for auth-gateway."
DEP-01324,2022-10-19,order-ledger,prod,atlas-payments,PR-9762,REL-2020.1.4,flag_order_ledger_rollback_guard,100,monitoring,Fatima Noor,support volume guard,ATLAS-2957,"Deployment note: verify feature flag, Grafana SLO, PagerDuty status, database health, and support handoff for order-ledger."
DEP-01325,2022-10-21,inventory-reservation,stage,atlas-mobile,PR-7708,REL-2021.3.1,flag_inventory_reservation_mobile_session,75,success,Luca Moretti,error budget guard,ATLAS-3097,"Deployment note: verify feature flag, Grafana SLO, PagerDuty status, database health, and support handoff for inventory-reservation."
DEP-01326,2022-10-21,analytics-pipeline,canary,atlas-web,PR-12018,REL-2026.1.10,flag_analytics_pipeline_dual_run,50,success,Nora Singh,latency guard,ATLAS-5810,"Deployment note: verify feature flag, Grafana SLO, PagerDuty status, database health, and support handoff for analytics-pipeline."
DEP-01327,2022-10-24,loyalty-service,canary,atlas-data,PR-6808,REL-2024.09,flag_loyalty_service_dual_run,25,paused,Harper Lee,latency guard,ATLAS-5285,"Deployment note: verify feature flag, Grafana SLO, PagerDuty status, database health, and support handoff for loyalty-service."
DEP-01328,2022-10-25,payment-orchestrator,prod,atlas-checkout,PR-5535,REL-2026.01,flag_payment_orchestrator_rollback_guard,50,monitoring,Jon Bell,error budget guard,ATLAS-4209,"Deployment note: verify feature flag, Grafana SLO, PagerDuty status, database health, and support handoff for payment-orchestrator."
DEP-01329,2022-10-26,analytics-pipeline,prod,atlas-payments,PR-9818,REL-2021.03,flag_analytics_pipeline_payment_retry,1,paused,Mateo Garcia,support volume guard,ATLAS-5812,"Deployment note: verify feature flag, Grafana SLO, PagerDuty status, database health, and support handoff for analytics-pipeline."
DEP-01330,2022-10-26,payment-orchestrator,prod,atlas-orders,PR-9565,REL-2022.01,flag_payment_orchestrator_rollback_guard,25,rolled back,Owen Brooks,database lag guard,ATLAS-2031,"Deployment note: verify feature flag, Grafana SLO, PagerDuty status, database health, and support handoff for payment-orchestrator."
DEP-01331,2022-10-27,loyalty-service,canary,atlas-checkout,PR-11137,REL-2022.01,flag_loyalty_service_dual_run,1,success,Priya Nair,latency guard,ATLAS-6143,"Deployment note: verify feature flag, Grafana SLO, PagerDuty status, database health, and support handoff for loyalty-service."
DEP-01332,2022-10-31,inventory-reservation,prod,atlas-data,PR-12499,REL-2018.4.16,flag_inventory_reservation_regional_launch,5,success,Jon Bell,support volume guard,ATLAS-3254,"Deployment note: verify feature flag, Grafana SLO, PagerDuty status, database health, and support handoff for inventory-reservation."
DEP-01333,2022-11-01,checkout-api,canary,atlas-web,PR-9991,REL-2024.3.4,flag_checkout_api_regional_launch,25,paused,Harper Lee,error budget guard,ATLAS-2620,"Deployment note: verify feature flag, Grafana SLO, PagerDuty status, database health, and support handoff for checkout-api."
DEP-01334,2022-11-02,checkout-api,prod,atlas-mobile,PR-6445,REL-2021.4.15,flag_checkout_api_payment_retry,1,success,Dmitri Volkov,support volume guard,ATLAS-3725,"Deployment note: verify feature flag, Grafana SLO, PagerDuty status, database health, and support handoff for checkout-api."
DEP-01335,2022-11-03,cart-service,stage,atlas-web,PR-11721,REL-2020.4.18,flag_cart_service_payment_retry,25,monitoring,Theo Martin,support volume guard,ATLAS-5742,"Deployment note: verify feature flag, Grafana SLO, PagerDuty status, database health, and support handoff for cart-service."
DEP-01336,2022-11-02,payment-orchestrator,prod,atlas-web,PR-8726,REL-2018.09,flag_payment_orchestrator_mobile_session,0,monitoring,Priya Nair,latency guard,ATLAS-3392,"Deployment note: verify feature flag, Grafana SLO, PagerDuty status, database health, and support handoff for payment-orchestrator."
DEP-01337,2022-11-05,cart-service,stage,atlas-orders,PR-7675,REL-2022.4.10,flag_cart_service_new_write_path,10,paused,Kim Tan,latency guard,ATLAS-1494,"Deployment note: verify feature flag, Grafana SLO, PagerDuty status, database health, and support handoff for cart-service."
DEP-01338,2022-11-05,inventory-reservation,prod,atlas-data,PR-11788,REL-2026.2.12,flag_inventory_reservation_new_write_path,50,partial,Grace Kim,latency guard,ATLAS-1872,"Deployment note: verify feature flag, Grafana SLO, PagerDuty status, database health, and support handoff for inventory-reservation."
DEP-01339,2022-11-06,payment-orchestrator,stage,atlas-payments,PR-8016,REL-2019.2.11,flag_payment_orchestrator_new_write_path,5,success,Victor Silva,error budget guard,ATLAS-3280,"Deployment note: verify feature flag, Grafana SLO, PagerDuty status, database health, and support handoff for payment-orchestrator."
DEP-01340,2022-11-07,inventory-reservation,stage,atlas-observability,PR-6258,REL-2025.3.15,flag_inventory_reservation_mobile_session,5,monitoring,Harper Lee,support volume guard,ATLAS-5115,"Deployment note: verify feature flag, Grafana SLO, PagerDuty status, database health, and support handoff for inventory-reservation."
DEP-01341,2022-11-08,notification-service,stage,atlas-checkout,PR-8968,REL-2025.4.3,flag_notification_service_dual_run,1,rolled back,Aisha Khan,error budget guard,ATLAS-1008,"Deployment note: verify feature flag, Grafana SLO, PagerDuty status, database health, and support handoff for notification-service."
DEP-01342,2022-11-10,order-ledger,canary,atlas-checkout,PR-6403,REL-2025.10,flag_order_ledger_rollback_guard,1,paused,Luca Moretti,support volume guard,ATLAS-5122,"Deployment note: verify feature flag, Grafana SLO, PagerDuty status, database health, and support handoff for order-ledger."
DEP-01343,2022-11-12,checkout-api,canary,atlas-observability,PR-10844,REL-2023.03,flag_checkout_api_mobile_session,75,monitoring,Owen Brooks,latency guard,ATLAS-3310,"Deployment note: verify feature flag, Grafana SLO, PagerDuty status, database health, and support handoff for checkout-api."
DEP-01344,2022-11-12,cart-service,canary,atlas-data,PR-12575,REL-2020.08,flag_cart_service_rollback_guard,25,rolled back,Victor Silva,manual approval,ATLAS-3410,"Deployment note: verify feature flag, Grafana SLO, PagerDuty status, database health, and support handoff for cart-service."
DEP-01345,2022-11-15,order-ledger,prod,atlas-web,PR-5671,REL-2021.4.5,flag_order_ledger_mobile_session,25,monitoring,Maya Chen,error budget guard,ATLAS-1511,"Deployment note: verify feature flag, Grafana SLO, PagerDuty status, database health, and support handoff for order-ledger."
DEP-01346,2022-11-15,cart-service,canary,atlas-checkout,PR-12225,REL-2024.06,flag_cart_service_regional_launch,5,paused,Dmitri Volkov,support volume guard,ATLAS-1068,"Deployment note: verify feature flag, Grafana SLO, PagerDuty status, database health, and support handoff for cart-service."
DEP-01347,2022-11-18,analytics-pipeline,canary,atlas-mobile,PR-6922,REL-2021.3.1,flag_analytics_pipeline_new_write_path,0,monitoring,Yara Haddad,database lag guard,ATLAS-1434,"Deployment note: verify feature flag, Grafana SLO, PagerDuty status, database health, and support handoff for analytics-pipeline."
DEP-01348,2022-11-19,search-recommendations,canary,atlas-infra,PR-6191,REL-2024.4.2,flag_search_recommendations_mobile_session,25,monitoring,Owen Brooks,support volume guard,ATLAS-5957,"Deployment note: verify feature flag, Grafana SLO, PagerDuty status, database health, and support handoff for search-recommendations."
DEP-01349,2022-11-19,auth-gateway,canary,atlas-checkout,PR-6215,REL-2024.12,flag_auth_gateway_dual_run,100,partial,Nora Singh,database lag guard,ATLAS-2544,"Deployment note: verify feature flag, Grafana SLO, PagerDuty status, database health, and support handoff for auth-gateway."
DEP-01350,2022-11-19,search-recommendations,stage,atlas-data,PR-10520,REL-2025.09,flag_search_recommendations_regional_launch,100,partial,Harper Lee,database lag guard,ATLAS-1965,"Deployment note: verify feature flag, Grafana SLO, PagerDuty status, database health, and support handoff for search-recommendations."
DEP-01351,2022-11-22,loyalty-service,canary,atlas-checkout,PR-12341,REL-2023.06,flag_loyalty_service_new_write_path,10,paused,Ben Carter,error budget guard,ATLAS-4665,"Deployment note: verify feature flag, Grafana SLO, PagerDuty status, database health, and support handoff for loyalty-service."
DEP-01352,2022-11-24,pricing-engine,prod,atlas-infra,PR-6316,REL-2024.1.3,flag_pricing_engine_rollback_guard,5,success,Ben Carter,manual approval,ATLAS-4503,"Deployment note: verify feature flag, Grafana SLO, PagerDuty status, database health, and support handoff for pricing-engine."
DEP-01353,2022-11-23,cart-service,prod,atlas-infra,PR-8895,REL-2025.3.10,flag_cart_service_dual_run,10,monitoring,Owen Brooks,manual approval,ATLAS-2967,"Deployment note: verify feature flag, Grafana SLO, PagerDuty status, database health, and support handoff for cart-service."
DEP-01354,2022-11-26,order-ledger,prod,atlas-data,PR-5796,REL-2018.07,flag_order_ledger_mobile_session,10,success,Luca Moretti,error budget guard,ATLAS-4948,"Deployment note: verify feature flag, Grafana SLO, PagerDuty status, database health, and support handoff for order-ledger."
DEP-01355,2022-11-27,checkout-api,canary,atlas-observability,PR-6589,REL-2019.10,flag_checkout_api_mobile_session,50,rolled back,Fatima Noor,latency guard,ATLAS-3638,"Deployment note: verify feature flag, Grafana SLO, PagerDuty status, database health, and support handoff for checkout-api."
DEP-01356,2022-11-28,inventory-reservation,canary,atlas-payments,PR-9184,REL-2026.05,flag_inventory_reservation_mobile_session,25,paused,Noah Evans,support volume guard,ATLAS-2382,"Deployment note: verify feature flag, Grafana SLO, PagerDuty status, database health, and support handoff for inventory-reservation."
DEP-01357,2022-11-28,auth-gateway,prod,atlas-payments,PR-11391,REL-2018.12,flag_auth_gateway_rollback_guard,100,partial,Iris Wang,manual approval,ATLAS-5656,"Deployment note: verify feature flag, Grafana SLO, PagerDuty status, database health, and support handoff for auth-gateway."
DEP-01358,2022-11-30,payment-orchestrator,canary,atlas-web,PR-9784,REL-2019.06,flag_payment_orchestrator_dual_run,1,rolled back,Mateo Garcia,latency guard,ATLAS-4289,"Deployment note: verify feature flag, Grafana SLO, PagerDuty status, database health, and support handoff for payment-orchestrator."
DEP-01359,2022-11-30,payment-orchestrator,stage,atlas-orders,PR-7288,REL-2025.4.2,flag_payment_orchestrator_regional_launch,10,monitoring,Elena Petrova,latency guard,ATLAS-2888,"Deployment note: verify feature flag, Grafana SLO, PagerDuty status, database health, and support handoff for payment-orchestrator."
DEP-01360,2022-12-01,analytics-pipeline,stage,atlas-observability,PR-5858,REL-2025.4.8,flag_analytics_pipeline_dual_run,0,rolled back,Grace Kim,support volume guard,ATLAS-5374,"Deployment note: verify feature flag, Grafana SLO, PagerDuty status, database health, and support handoff for analytics-pipeline."
DEP-01361,2022-12-04,cart-service,prod,atlas-web,PR-8291,REL-2024.10,flag_cart_service_mobile_session,75,paused,Samir Rao,database lag guard,ATLAS-1226,"Deployment note: verify feature flag, Grafana SLO, PagerDuty status, database health, and support handoff for cart-service."
DEP-01362,2022-12-05,notification-service,prod,atlas-web,PR-10125,REL-2018.3.7,flag_notification_service_mobile_session,1,success,Anika Sharma,manual approval,ATLAS-3013,"Deployment note: verify feature flag, Grafana SLO, PagerDuty status, database health, and support handoff for notification-service."
DEP-01363,2022-12-06,checkout-api,prod,atlas-data,PR-12257,REL-2019.04,flag_checkout_api_new_write_path,1,partial,Dmitri Volkov,error budget guard,ATLAS-6064,"Deployment note: verify feature flag, Grafana SLO, PagerDuty status, database health, and support handoff for checkout-api."
DEP-01364,2022-12-07,notification-service,canary,atlas-orders,PR-6273,REL-2025.1.9,flag_notification_service_mobile_session,75,monitoring,Dmitri Volkov,support volume guard,ATLAS-3577,"Deployment note: verify feature flag, Grafana SLO, PagerDuty status, database health, and support handoff for notification-service."
DEP-01365,2022-12-08,tax-service,canary,atlas-web,PR-6656,REL-2018.06,flag_tax_service_rollback_guard,5,paused,Theo Martin,error budget guard,ATLAS-2758,"Deployment note: verify feature flag, Grafana SLO, PagerDuty status, database health, and support handoff for tax-service."
DEP-01366,2022-12-11,tax-service,canary,atlas-infra,PR-6897,REL-2020.1.15,flag_tax_service_new_write_path,25,monitoring,Dmitri Volkov,error budget guard,ATLAS-6129,"Deployment note: verify feature flag, Grafana SLO, PagerDuty status, database health, and support handoff for tax-service."
DEP-01367,2022-12-12,notification-service,canary,atlas-infra,PR-6805,REL-2021.11,flag_notification_service_rollback_guard,5,success,Jon Bell,manual approval,ATLAS-2870,"Deployment note: verify feature flag, Grafana SLO, PagerDuty status, database health, and support handoff for notification-service."
DEP-01368,2022-12-11,analytics-pipeline,canary,atlas-web,PR-9900,REL-2019.3.13,flag_analytics_pipeline_regional_launch,5,rolled back,Ben Carter,database lag guard,ATLAS-5452,"Deployment note: verify feature flag, Grafana SLO, PagerDuty status, database health, and support handoff for analytics-pipeline."
DEP-01369,2022-12-12,cart-service,canary,atlas-payments,PR-5640,REL-2023.3.14,flag_cart_service_rollback_guard,0,rolled back,Noah Evans,latency guard,ATLAS-3644,"Deployment note: verify feature flag, Grafana SLO, PagerDuty status, database health, and support handoff for cart-service."
DEP-01370,2022-12-16,search-recommendations,prod,atlas-infra,PR-8758,REL-2018.3.3,flag_search_recommendations_payment_retry,50,success,Harper Lee,latency guard,ATLAS-3826,"Deployment note: verify feature flag, Grafana SLO, PagerDuty status, database health, and support handoff for search-recommendations."
DEP-01371,2022-12-17,auth-gateway,prod,atlas-mobile,PR-6505,REL-2025.06,flag_auth_gateway_mobile_session,5,success,Priya Nair,database lag guard,ATLAS-5390,"Deployment note: verify feature flag, Grafana SLO, PagerDuty status, database health, and support handoff for auth-gateway."
DEP-01372,2022-12-17,notification-service,prod,atlas-observability,PR-8135,REL-2024.2.7,flag_notification_service_payment_retry,5,success,Anika Sharma,database lag guard,ATLAS-1721,"Deployment note: verify feature flag, Grafana SLO, PagerDuty status, database health, and support handoff for notification-service."
DEP-01373,2022-12-19,payment-orchestrator,prod,atlas-infra,PR-7391,REL-2019.1.14,flag_payment_orchestrator_payment_retry,75,partial,Grace Kim,manual approval,ATLAS-4043,"Deployment note: verify feature flag, Grafana SLO, PagerDuty status, database health, and support handoff for payment-orchestrator."
DEP-01374,2022-12-20,pricing-engine,stage,atlas-web,PR-12454,REL-2021.2.4,flag_pricing_engine_new_write_path,25,success,Yara Haddad,support volume guard,ATLAS-1541,"Deployment note: verify feature flag, Grafana SLO, PagerDuty status, database health, and support handoff for pricing-engine."
DEP-01375,2022-12-21,checkout-api,canary,atlas-web,PR-7691,REL-2025.3.15,flag_checkout_api_rollback_guard,50,success,Owen Brooks,database lag guard,ATLAS-1363,"Deployment note: verify feature flag, Grafana SLO, PagerDuty status, database health, and support handoff for checkout-api."
DEP-01376,2022-12-22,cart-service,prod,atlas-mobile,PR-7856,REL-2020.4.5,flag_cart_service_new_write_path,25,rolled back,Grace Kim,error budget guard,ATLAS-5287,"Deployment note: verify feature flag, Grafana SLO, PagerDuty status, database health, and support handoff for cart-service."
DEP-01377,2022-12-24,analytics-pipeline,stage,atlas-mobile,PR-10437,REL-2024.01,flag_analytics_pipeline_mobile_session,75,paused,Luca Moretti,latency guard,ATLAS-4395,"Deployment note: verify feature flag, Grafana SLO, PagerDuty status, database health, and support handoff for analytics-pipeline."
DEP-01378,2022-12-24,analytics-pipeline,prod,atlas-checkout,PR-9278,REL-2024.2.18,flag_analytics_pipeline_rollback_guard,50,paused,Priya Nair,support volume guard,ATLAS-3996,"Deployment note: verify feature flag, Grafana SLO, PagerDuty status, database health, and support handoff for analytics-pipeline."
DEP-01379,2022-12-26,tax-service,canary,atlas-infra,PR-7486,REL-2019.2.9,flag_tax_service_rollback_guard,100,paused,Victor Silva,database lag guard,ATLAS-3956,"Deployment note: verify feature flag, Grafana SLO, PagerDuty status, database health, and support handoff for tax-service."
DEP-01380,2022-12-27,checkout-api,stage,atlas-infra,PR-5449,REL-2026.1.16,flag_checkout_api_mobile_session,75,paused,Yara Haddad,latency guard,ATLAS-4900,"Deployment note: verify feature flag, Grafana SLO, PagerDuty status, database health, and support handoff for checkout-api."
DEP-01381,2022-12-28,loyalty-service,prod,atlas-observability,PR-7169,REL-2019.2.2,flag_loyalty_service_rollback_guard,0,monitoring,Jon Bell,database lag guard,ATLAS-2718,"Deployment note: verify feature flag, Grafana SLO, PagerDuty status, database health, and support handoff for loyalty-service."
DEP-01382,2022-12-30,loyalty-service,prod,atlas-mobile,PR-7704,REL-2019.1.17,flag_loyalty_service_new_write_path,1,rolled back,Dmitri Volkov,error budget guard,ATLAS-2752,"Deployment note: verify feature flag, Grafana SLO, PagerDuty status, database health, and support handoff for loyalty-service."
DEP-01383,2022-12-30,loyalty-service,prod,atlas-checkout,PR-11787,REL-2025.1.11,flag_loyalty_service_regional_launch,25,paused,Victor Silva,database lag guard,ATLAS-3400,"Deployment note: verify feature flag, Grafana SLO, PagerDuty status, database health, and support handoff for loyalty-service."
DEP-01384,2022-12-31,analytics-pipeline,canary,atlas-infra,PR-10335,REL-2023.04,flag_analytics_pipeline_mobile_session,25,partial,Elena Petrova,manual approval,ATLAS-4805,"Deployment note: verify feature flag, Grafana SLO, PagerDuty status, database health, and support handoff for analytics-pipeline."
DEP-01385,2023-01-02,auth-gateway,prod,atlas-web,PR-5844,REL-2025.1.11,flag_auth_gateway_dual_run,10,partial,Maya Chen,manual approval,ATLAS-1667,"Deployment note: verify feature flag, Grafana SLO, PagerDuty status, database health, and support handoff for auth-gateway."
DEP-01386,2023-01-03,order-ledger,prod,atlas-data,PR-5649,REL-2025.1.9,flag_order_ledger_regional_launch,0,monitoring,Ben Carter,database lag guard,ATLAS-2057,"Deployment note: verify feature flag, Grafana SLO, PagerDuty status, database health, and support handoff for order-ledger."
DEP-01387,2023-01-04,inventory-reservation,canary,atlas-mobile,PR-9587,REL-2020.05,flag_inventory_reservation_rollback_guard,75,rolled back,Iris Wang,error budget guard,ATLAS-4403,"Deployment note: verify feature flag, Grafana SLO, PagerDuty status, database health, and support handoff for inventory-reservation."
DEP-01388,2023-01-06,cart-service,prod,atlas-mobile,PR-7455,REL-2022.1.3,flag_cart_service_mobile_session,75,monitoring,Nora Singh,manual approval,ATLAS-3827,"Deployment note: verify feature flag, Grafana SLO, PagerDuty status, database health, and support handoff for cart-service."
DEP-01389,2023-01-06,notification-service,stage,atlas-observability,PR-7808,REL-2025.02,flag_notification_service_rollback_guard,100,success,Dmitri Volkov,support volume guard,ATLAS-3892,"Deployment note: verify feature flag, Grafana SLO, PagerDuty status, database health, and support handoff for notification-service."
DEP-01390,2023-01-07,inventory-reservation,stage,atlas-orders,PR-7844,REL-2019.2.17,flag_inventory_reservation_mobile_session,1,monitoring,Fatima Noor,error budget guard,ATLAS-1045,"Deployment note: verify feature flag, Grafana SLO, PagerDuty status, database health, and support handoff for inventory-reservation."
DEP-01391,2023-01-09,inventory-reservation,canary,atlas-web,PR-7018,REL-2019.3.2,flag_inventory_reservation_payment_retry,100,success,Nora Singh,manual approval,ATLAS-1934,"Deployment note: verify feature flag, Grafana SLO, PagerDuty status, database health, and support handoff for inventory-reservation."
DEP-01392,2023-01-10,auth-gateway,canary,atlas-checkout,PR-11248,REL-2022.1.19,flag_auth_gateway_payment_retry,5,partial,Elena Petrova,error budget guard,ATLAS-4383,"Deployment note: verify feature flag, Grafana SLO, PagerDuty status, database health, and support handoff for auth-gateway."
DEP-01393,2023-01-12,tax-service,canary,atlas-observability,PR-5458,REL-2021.4.15,flag_tax_service_payment_retry,50,monitoring,Maya Chen,support volume guard,ATLAS-4582,"Deployment note: verify feature flag, Grafana SLO, PagerDuty status, database health, and support handoff for tax-service."
DEP-01394,2023-01-14,auth-gateway,prod,atlas-data,PR-8845,REL-2020.1.18,flag_auth_gateway_mobile_session,100,monitoring,Dmitri Volkov,database lag guard,ATLAS-3355,"Deployment note: verify feature flag, Grafana SLO, PagerDuty status, database health, and support handoff for auth-gateway."
DEP-01395,2023-01-14,checkout-api,stage,atlas-orders,PR-11789,REL-2026.1.1,flag_checkout_api_new_write_path,25,partial,Ben Carter,support volume guard,ATLAS-4008,"Deployment note: verify feature flag, Grafana SLO, PagerDuty status, database health, and support handoff for checkout-api."
DEP-01396,2023-01-15,analytics-pipeline,canary,atlas-payments,PR-11933,REL-2024.09,flag_analytics_pipeline_mobile_session,50,monitoring,Grace Kim,latency guard,ATLAS-4257,"Deployment note: verify feature flag, Grafana SLO, PagerDuty status, database health, and support handoff for analytics-pipeline."
DEP-01397,2023-01-17,search-recommendations,canary,atlas-observability,PR-8534,REL-2022.1.19,flag_search_recommendations_new_write_path,5,paused,Sara Novak,manual approval,ATLAS-3190,"Deployment note: verify feature flag, Grafana SLO, PagerDuty status, database health, and support handoff for search-recommendations."
DEP-01398,2023-01-17,auth-gateway,canary,atlas-data,PR-9230,REL-2020.3.5,flag_auth_gateway_payment_retry,1,monitoring,Luca Moretti,error budget guard,ATLAS-2631,"Deployment note: verify feature flag, Grafana SLO, PagerDuty status, database health, and support handoff for auth-gateway."
DEP-01399,2023-01-18,cart-service,canary,atlas-checkout,PR-7286,REL-2018.3.12,flag_cart_service_rollback_guard,5,success,Luca Moretti,error budget guard,ATLAS-5460,"Deployment note: verify feature flag, Grafana SLO, PagerDuty status, database health, and support handoff for cart-service."
DEP-01400,2023-01-21,cart-service,canary,atlas-web,PR-9703,REL-2024.1.2,flag_cart_service_payment_retry,50,rolled back,Iris Wang,support volume guard,ATLAS-5200,"Deployment note: verify feature flag, Grafana SLO, PagerDuty status, database health, and support handoff for cart-service."
DEP-01401,2023-01-20,search-recommendations,prod,atlas-observability,PR-8595,REL-2024.4.6,flag_search_recommendations_new_write_path,0,monitoring,Luca Moretti,error budget guard,ATLAS-5406,"Deployment note: verify feature flag, Grafana SLO, PagerDuty status, database health, and support handoff for search-recommendations."
DEP-01402,2023-01-23,order-ledger,prod,atlas-web,PR-6077,REL-2019.3.14,flag_order_ledger_new_write_path,0,monitoring,Luca Moretti,error budget guard,ATLAS-2284,"Deployment note: verify feature flag, Grafana SLO, PagerDuty status, database health, and support handoff for order-ledger."
DEP-01403,2023-01-23,order-ledger,stage,atlas-payments,PR-5429,REL-2024.2.6,flag_order_ledger_payment_retry,5,paused,Grace Kim,database lag guard,ATLAS-5351,"Deployment note: verify feature flag, Grafana SLO, PagerDuty status, database health, and support handoff for order-ledger."
DEP-01404,2023-01-26,tax-service,stage,atlas-orders,PR-7498,REL-2020.4.8,flag_tax_service_rollback_guard,100,partial,Jon Bell,manual approval,ATLAS-4014,"Deployment note: verify feature flag, Grafana SLO, PagerDuty status, database health, and support handoff for tax-service."
DEP-01405,2023-01-26,order-ledger,prod,atlas-observability,PR-8579,REL-2024.2.7,flag_order_ledger_regional_launch,0,monitoring,Aisha Khan,support volume guard,ATLAS-3347,"Deployment note: verify feature flag, Grafana SLO, PagerDuty status, database health, and support handoff for order-ledger."
DEP-01406,2023-01-28,payment-orchestrator,stage,atlas-checkout,PR-7095,REL-2022.1.13,flag_payment_orchestrator_mobile_session,100,paused,Owen Brooks,manual approval,ATLAS-3502,"Deployment note: verify feature flag, Grafana SLO, PagerDuty status, database health, and support handoff for payment-orchestrator."
DEP-01407,2023-01-27,search-recommendations,prod,atlas-observability,PR-12206,REL-2023.3.12,flag_search_recommendations_rollback_guard,0,paused,Ben Carter,manual approval,ATLAS-2968,"Deployment note: verify feature flag, Grafana SLO, PagerDuty status, database health, and support handoff for search-recommendations."
DEP-01408,2023-01-30,payment-orchestrator,stage,atlas-checkout,PR-11753,REL-2025.3.5,flag_payment_orchestrator_rollback_guard,75,paused,Ben Carter,database lag guard,ATLAS-2646,"Deployment note: verify feature flag, Grafana SLO, PagerDuty status, database health, and support handoff for payment-orchestrator."
DEP-01409,2023-02-01,search-recommendations,prod,atlas-infra,PR-5352,REL-2019.10,flag_search_recommendations_regional_launch,1,success,Noah Evans,error budget guard,ATLAS-1253,"Deployment note: verify feature flag, Grafana SLO, PagerDuty status, database health, and support handoff for search-recommendations."
DEP-01410,2023-02-02,analytics-pipeline,prod,atlas-checkout,PR-5573,REL-2024.4.13,flag_analytics_pipeline_dual_run,10,monitoring,Elena Petrova,error budget guard,ATLAS-2887,"Deployment note: verify feature flag, Grafana SLO, PagerDuty status, database health, and support handoff for analytics-pipeline."
DEP-01411,2023-02-03,search-recommendations,stage,atlas-payments,PR-8311,REL-2019.03,flag_search_recommendations_rollback_guard,1,success,Dmitri Volkov,latency guard,ATLAS-4348,"Deployment note: verify feature flag, Grafana SLO, PagerDuty status, database health, and support handoff for search-recommendations."
DEP-01412,2023-02-03,order-ledger,prod,atlas-orders,PR-6637,REL-2018.4.16,flag_order_ledger_regional_launch,100,monitoring,Mateo Garcia,error budget guard,ATLAS-4685,"Deployment note: verify feature flag, Grafana SLO, PagerDuty status, database health, and support handoff for order-ledger."
DEP-01413,2023-02-05,search-recommendations,canary,atlas-payments,PR-6690,REL-2022.03,flag_search_recommendations_regional_launch,50,paused,Maya Chen,database lag guard,ATLAS-1782,"Deployment note: verify feature flag, Grafana SLO, PagerDuty status, database health, and support handoff for search-recommendations."
DEP-01414,2023-02-05,auth-gateway,stage,atlas-payments,PR-9486,REL-2025.2.19,flag_auth_gateway_rollback_guard,0,success,Dmitri Volkov,database lag guard,ATLAS-5143,"Deployment note: verify feature flag, Grafana SLO, PagerDuty status, database health, and support handoff for auth-gateway."
DEP-01415,2023-02-08,cart-service,prod,atlas-web,PR-9475,REL-2019.01,flag_cart_service_rollback_guard,50,paused,Yara Haddad,database lag guard,ATLAS-4758,"Deployment note: verify feature flag, Grafana SLO, PagerDuty status, database health, and support handoff for cart-service."
DEP-01416,2023-02-07,analytics-pipeline,prod,atlas-mobile,PR-5011,REL-2026.01,flag_analytics_pipeline_new_write_path,50,monitoring,Maya Chen,support volume guard,ATLAS-2500,"Deployment note: verify feature flag, Grafana SLO, PagerDuty status, database health, and support handoff for analytics-pipeline."
DEP-01417,2023-02-08,loyalty-service,prod,atlas-web,PR-6434,REL-2024.1.10,flag_loyalty_service_regional_launch,0,rolled back,Maya Chen,latency guard,ATLAS-2244,"Deployment note: verify feature flag, Grafana SLO, PagerDuty status, database health, and support handoff for loyalty-service."
DEP-01418,2023-02-12,auth-gateway,canary,atlas-observability,PR-5076,REL-2020.11,flag_auth_gateway_mobile_session,0,rolled back,Iris Wang,database lag guard,ATLAS-1329,"Deployment note: verify feature flag, Grafana SLO, PagerDuty status, database health, and support handoff for auth-gateway."
DEP-01419,2023-02-13,analytics-pipeline,stage,atlas-mobile,PR-12419,REL-2018.3.12,flag_analytics_pipeline_regional_launch,0,success,Nora Singh,error budget guard,ATLAS-4502,"Deployment note: verify feature flag, Grafana SLO, PagerDuty status, database health, and support handoff for analytics-pipeline."
DEP-01420,2023-02-13,inventory-reservation,prod,atlas-checkout,PR-9537,REL-2025.2.17,flag_inventory_reservation_regional_launch,1,paused,Priya Nair,manual approval,ATLAS-3691,"Deployment note: verify feature flag, Grafana SLO, PagerDuty status, database health, and support handoff for inventory-reservation."
DEP-01421,2023-02-13,order-ledger,prod,atlas-data,PR-6167,REL-2024.1.9,flag_order_ledger_regional_launch,10,success,Samir Rao,latency guard,ATLAS-5264,"Deployment note: verify feature flag, Grafana SLO, PagerDuty status, database health, and support handoff for order-ledger."
DEP-01422,2023-02-17,cart-service,canary,atlas-observability,PR-6117,REL-2020.3.17,flag_cart_service_regional_launch,10,paused,Iris Wang,database lag guard,ATLAS-5443,"Deployment note: verify feature flag, Grafana SLO, PagerDuty status, database health, and support handoff for cart-service."
DEP-01423,2023-02-18,payment-orchestrator,stage,atlas-payments,PR-9222,REL-2019.11,flag_payment_orchestrator_new_write_path,25,partial,Sara Novak,database lag guard,ATLAS-2096,"Deployment note: verify feature flag, Grafana SLO, PagerDuty status, database health, and support handoff for payment-orchestrator."
DEP-01424,2023-02-18,checkout-api,canary,atlas-checkout,PR-8246,REL-2020.3.14,flag_checkout_api_dual_run,5,success,Luca Moretti,support volume guard,ATLAS-4239,"Deployment note: verify feature flag, Grafana SLO, PagerDuty status, database health, and support handoff for checkout-api."
DEP-01425,2023-02-20,notification-service,canary,atlas-web,PR-11917,REL-2023.08,flag_notification_service_rollback_guard,50,rolled back,Luca Moretti,manual approval,ATLAS-4963,"Deployment note: verify feature flag, Grafana SLO, PagerDuty status, database health, and support handoff for notification-service."
DEP-01426,2023-02-21,auth-gateway,prod,atlas-orders,PR-9436,REL-2021.1.12,flag_auth_gateway_rollback_guard,1,rolled back,Anika Sharma,latency guard,ATLAS-1797,"Deployment note: verify feature flag, Grafana SLO, PagerDuty status, database health, and support handoff for auth-gateway."
DEP-01427,2023-02-21,payment-orchestrator,stage,atlas-mobile,PR-10096,REL-2019.3.2,flag_payment_orchestrator_mobile_session,50,partial,Jon Bell,manual approval,ATLAS-2661,"Deployment note: verify feature flag, Grafana SLO, PagerDuty status, database health, and support handoff for payment-orchestrator."
DEP-01428,2023-02-24,pricing-engine,stage,atlas-web,PR-7806,REL-2019.04,flag_pricing_engine_payment_retry,50,rolled back,Grace Kim,database lag guard,ATLAS-4310,"Deployment note: verify feature flag, Grafana SLO, PagerDuty status, database health, and support handoff for pricing-engine."
DEP-01429,2023-02-23,tax-service,prod,atlas-web,PR-7755,REL-2020.1.18,flag_tax_service_payment_retry,50,rolled back,Sara Novak,database lag guard,ATLAS-4156,"Deployment note: verify feature flag, Grafana SLO, PagerDuty status, database health, and support handoff for tax-service."
DEP-01430,2023-02-24,search-recommendations,prod,atlas-checkout,PR-6005,REL-2025.2.3,flag_search_recommendations_payment_retry,75,paused,Dmitri Volkov,support volume guard,ATLAS-4183,"Deployment note: verify feature flag, Grafana SLO, PagerDuty status, database health, and support handoff for search-recommendations."
DEP-01431,2023-02-26,search-recommendations,stage,atlas-payments,PR-6272,REL-2024.4.9,flag_search_recommendations_mobile_session,0,partial,Yara Haddad,manual approval,ATLAS-1470,"Deployment note: verify feature flag, Grafana SLO, PagerDuty status, database health, and support handoff for search-recommendations."
DEP-01432,2023-02-27,order-ledger,stage,atlas-payments,PR-5467,REL-2022.10,flag_order_ledger_new_write_path,25,rolled back,Jon Bell,database lag guard,ATLAS-1276,"Deployment note: verify feature flag, Grafana SLO, PagerDuty status, database health, and support handoff for order-ledger."
DEP-01433,2023-02-28,inventory-reservation,stage,atlas-orders,PR-8032,REL-2023.02,flag_inventory_reservation_rollback_guard,100,monitoring,Mateo Garcia,manual approval,ATLAS-5822,"Deployment note: verify feature flag, Grafana SLO, PagerDuty status, database health, and support handoff for inventory-reservation."
DEP-01434,2023-03-02,tax-service,stage,atlas-web,PR-11193,REL-2023.05,flag_tax_service_dual_run,1,rolled back,Ben Carter,database lag guard,ATLAS-1014,"Deployment note: verify feature flag, Grafana SLO, PagerDuty status, database health, and support handoff for tax-service."
DEP-01435,2023-03-02,cart-service,stage,atlas-observability,PR-5025,REL-2020.4.9,flag_cart_service_regional_launch,75,success,Fatima Noor,latency guard,ATLAS-2893,"Deployment note: verify feature flag, Grafana SLO, PagerDuty status, database health, and support handoff for cart-service."
DEP-01436,2023-03-05,notification-service,canary,atlas-mobile,PR-6955,REL-2023.3.0,flag_notification_service_new_write_path,25,monitoring,Theo Martin,database lag guard,ATLAS-3387,"Deployment note: verify feature flag, Grafana SLO, PagerDuty status, database health, and support handoff for notification-service."
DEP-01437,2023-03-06,search-recommendations,canary,atlas-web,PR-6349,REL-2025.4.4,flag_search_recommendations_mobile_session,50,partial,Victor Silva,error budget guard,ATLAS-5817,"Deployment note: verify feature flag, Grafana SLO, PagerDuty status, database health, and support handoff for search-recommendations."
DEP-01438,2023-03-06,pricing-engine,prod,atlas-infra,PR-6867,REL-2024.4.3,flag_pricing_engine_rollback_guard,50,success,Owen Brooks,support volume guard,ATLAS-5534,"Deployment note: verify feature flag, Grafana SLO, PagerDuty status, database health, and support handoff for pricing-engine."
DEP-01439,2023-03-08,pricing-engine,canary,atlas-observability,PR-8913,REL-2021.4.7,flag_pricing_engine_payment_retry,0,rolled back,Theo Martin,support volume guard,ATLAS-1290,"Deployment note: verify feature flag, Grafana SLO, PagerDuty status, database health, and support handoff for pricing-engine."
DEP-01440,2023-03-09,search-recommendations,stage,atlas-payments,PR-8580,REL-2019.1.6,flag_search_recommendations_payment_retry,25,monitoring,Victor Silva,error budget guard,ATLAS-4878,"Deployment note: verify feature flag, Grafana SLO, PagerDuty status, database health, and support handoff for search-recommendations."
DEP-01441,2023-03-10,auth-gateway,canary,atlas-infra,PR-5608,REL-2021.4.16,flag_auth_gateway_dual_run,75,paused,Iris Wang,error budget guard,ATLAS-2596,"Deployment note: verify feature flag, Grafana SLO, PagerDuty status, database health, and support handoff for auth-gateway."
DEP-01442,2023-03-13,pricing-engine,prod,atlas-payments,PR-8084,REL-2024.4.16,flag_pricing_engine_rollback_guard,100,monitoring,Aisha Khan,error budget guard,ATLAS-2045,"Deployment note: verify feature flag, Grafana SLO, PagerDuty status, database health, and support handoff for pricing-engine."
DEP-01443,2023-03-13,inventory-reservation,canary,atlas-checkout,PR-11940,REL-2022.2.9,flag_inventory_reservation_regional_launch,75,monitoring,Ben Carter,database lag guard,ATLAS-6124,"Deployment note: verify feature flag, Grafana SLO, PagerDuty status, database health, and support handoff for inventory-reservation."
DEP-01444,2023-03-15,notification-service,stage,atlas-mobile,PR-8814,REL-2019.2.2,flag_notification_service_payment_retry,0,rolled back,Dmitri Volkov,error budget guard,ATLAS-3883,"Deployment note: verify feature flag, Grafana SLO, PagerDuty status, database health, and support handoff for notification-service."
DEP-01445,2023-03-16,notification-service,prod,atlas-mobile,PR-11841,REL-2020.1.18,flag_notification_service_new_write_path,50,rolled back,Iris Wang,latency guard,ATLAS-4354,"Deployment note: verify feature flag, Grafana SLO, PagerDuty status, database health, and support handoff for notification-service."
DEP-01446,2023-03-18,inventory-reservation,canary,atlas-orders,PR-8265,REL-2024.3.10,flag_inventory_reservation_mobile_session,10,partial,Iris Wang,latency guard,ATLAS-3813,"Deployment note: verify feature flag, Grafana SLO, PagerDuty status, database health, and support handoff for inventory-reservation."
DEP-01447,2023-03-19,inventory-reservation,prod,atlas-orders,PR-7865,REL-2023.12,flag_inventory_reservation_regional_launch,0,partial,Nora Singh,manual approval,ATLAS-2238,"Deployment note: verify feature flag, Grafana SLO, PagerDuty status, database health, and support handoff for inventory-reservation."
DEP-01448,2023-03-19,cart-service,stage,atlas-checkout,PR-9456,REL-2023.3.14,flag_cart_service_mobile_session,5,success,Noah Evans,error budget guard,ATLAS-2822,"Deployment note: verify feature flag, Grafana SLO, PagerDuty status, database health, and support handoff for cart-service."
DEP-01449,2023-03-19,tax-service,prod,atlas-payments,PR-6306,REL-2026.01,flag_tax_service_payment_retry,25,success,Nora Singh,error budget guard,ATLAS-2834,"Deployment note: verify feature flag, Grafana SLO, PagerDuty status, database health, and support handoff for tax-service."
DEP-01450,2023-03-21,payment-orchestrator,stage,atlas-mobile,PR-10855,REL-2021.02,flag_payment_orchestrator_new_write_path,100,monitoring,Fatima Noor,error budget guard,ATLAS-1506,"Deployment note: verify feature flag, Grafana SLO, PagerDuty status, database health, and support handoff for payment-orchestrator."
DEP-01451,2023-03-23,analytics-pipeline,canary,atlas-data,PR-8972,REL-2023.2.12,flag_analytics_pipeline_dual_run,5,monitoring,Theo Martin,error budget guard,ATLAS-3690,"Deployment note: verify feature flag, Grafana SLO, PagerDuty status, database health, and support handoff for analytics-pipeline."
DEP-01452,2023-03-23,notification-service,prod,atlas-web,PR-6856,REL-2019.2.16,flag_notification_service_rollback_guard,10,paused,Elena Petrova,error budget guard,ATLAS-5782,"Deployment note: verify feature flag, Grafana SLO, PagerDuty status, database health, and support handoff for notification-service."
DEP-01453,2023-03-24,analytics-pipeline,stage,atlas-checkout,PR-9876,REL-2019.10,flag_analytics_pipeline_payment_retry,50,partial,Anika Sharma,manual approval,ATLAS-3198,"Deployment note: verify feature flag, Grafana SLO, PagerDuty status, database health, and support handoff for analytics-pipeline."
DEP-01454,2023-03-25,loyalty-service,canary,atlas-web,PR-8614,REL-2022.3.4,flag_loyalty_service_dual_run,75,paused,Maya Chen,support volume guard,ATLAS-5924,"Deployment note: verify feature flag, Grafana SLO, PagerDuty status, database health, and support handoff for loyalty-service."
DEP-01455,2023-03-27,payment-orchestrator,prod,atlas-payments,PR-6997,REL-2024.10,flag_payment_orchestrator_payment_retry,75,rolled back,Priya Nair,support volume guard,ATLAS-3150,"Deployment note: verify feature flag, Grafana SLO, PagerDuty status, database health, and support handoff for payment-orchestrator."
DEP-01456,2023-03-29,checkout-api,stage,atlas-payments,PR-11422,REL-2023.02,flag_checkout_api_regional_launch,75,paused,Dmitri Volkov,error budget guard,ATLAS-4408,"Deployment note: verify feature flag, Grafana SLO, PagerDuty status, database health, and support handoff for checkout-api."
DEP-01457,2023-03-31,checkout-api,canary,atlas-observability,PR-6412,REL-2019.07,flag_checkout_api_regional_launch,5,partial,Ben Carter,support volume guard,ATLAS-2149,"Deployment note: verify feature flag, Grafana SLO, PagerDuty status, database health, and support handoff for checkout-api."
DEP-01458,2023-03-30,auth-gateway,canary,atlas-infra,PR-6218,REL-2024.2.2,flag_auth_gateway_dual_run,75,paused,Samir Rao,manual approval,ATLAS-3059,"Deployment note: verify feature flag, Grafana SLO, PagerDuty status, database health, and support handoff for auth-gateway."
DEP-01459,2023-04-02,loyalty-service,canary,atlas-data,PR-5599,REL-2020.4.9,flag_loyalty_service_dual_run,50,rolled back,Yara Haddad,database lag guard,ATLAS-3328,"Deployment note: verify feature flag, Grafana SLO, PagerDuty status, database health, and support handoff for loyalty-service."
DEP-01460,2023-04-02,notification-service,stage,atlas-infra,PR-5232,REL-2023.3.2,flag_notification_service_rollback_guard,100,monitoring,Harper Lee,manual approval,ATLAS-4023,"Deployment note: verify feature flag, Grafana SLO, PagerDuty status, database health, and support handoff for notification-service."
DEP-01461,2023-04-03,auth-gateway,canary,atlas-orders,PR-9015,REL-2019.4.6,flag_auth_gateway_new_write_path,50,paused,Samir Rao,database lag guard,ATLAS-4723,"Deployment note: verify feature flag, Grafana SLO, PagerDuty status, database health, and support handoff for auth-gateway."
DEP-01462,2023-04-06,notification-service,canary,atlas-infra,PR-5774,REL-2026.1.6,flag_notification_service_new_write_path,10,monitoring,Anika Sharma,manual approval,ATLAS-2761,"Deployment note: verify feature flag, Grafana SLO, PagerDuty status, database health, and support handoff for notification-service."
DEP-01463,2023-04-05,tax-service,prod,atlas-infra,PR-8172,REL-2025.02,flag_tax_service_rollback_guard,100,partial,Fatima Noor,latency guard,ATLAS-2109,"Deployment note: verify feature flag, Grafana SLO, PagerDuty status, database health, and support handoff for tax-service."
DEP-01464,2023-04-06,payment-orchestrator,prod,atlas-observability,PR-8607,REL-2022.2.12,flag_payment_orchestrator_rollback_guard,100,partial,Elena Petrova,error budget guard,ATLAS-5101,"Deployment note: verify feature flag, Grafana SLO, PagerDuty status, database health, and support handoff for payment-orchestrator."
DEP-01465,2023-04-08,notification-service,prod,atlas-payments,PR-8027,REL-2026.2.12,flag_notification_service_new_write_path,100,success,Samir Rao,latency guard,ATLAS-3172,"Deployment note: verify feature flag, Grafana SLO, PagerDuty status, database health, and support handoff for notification-service."
DEP-01466,2023-04-11,tax-service,prod,atlas-data,PR-7919,REL-2024.11,flag_tax_service_new_write_path,25,rolled back,Owen Brooks,support volume guard,ATLAS-1972,"Deployment note: verify feature flag, Grafana SLO, PagerDuty status, database health, and support handoff for tax-service."
DEP-01467,2023-04-12,order-ledger,stage,atlas-checkout,PR-10140,REL-2019.2.0,flag_order_ledger_rollback_guard,5,success,Jon Bell,manual approval,ATLAS-2905,"Deployment note: verify feature flag, Grafana SLO, PagerDuty status, database health, and support handoff for order-ledger."
DEP-01468,2023-04-13,order-ledger,stage,atlas-observability,PR-8398,REL-2026.1.19,flag_order_ledger_dual_run,10,success,Sara Novak,database lag guard,ATLAS-2006,"Deployment note: verify feature flag, Grafana SLO, PagerDuty status, database health, and support handoff for order-ledger."
DEP-01469,2023-04-12,cart-service,stage,atlas-orders,PR-11443,REL-2026.1.8,flag_cart_service_rollback_guard,10,success,Theo Martin,database lag guard,ATLAS-3992,"Deployment note: verify feature flag, Grafana SLO, PagerDuty status, database health, and support handoff for cart-service."
DEP-01470,2023-04-15,inventory-reservation,stage,atlas-mobile,PR-9053,REL-2021.3.2,flag_inventory_reservation_regional_launch,100,paused,Owen Brooks,support volume guard,ATLAS-2498,"Deployment note: verify feature flag, Grafana SLO, PagerDuty status, database health, and support handoff for inventory-reservation."
DEP-01471,2023-04-17,checkout-api,canary,atlas-observability,PR-7980,REL-2024.3.5,flag_checkout_api_rollback_guard,0,paused,Sara Novak,database lag guard,ATLAS-2334,"Deployment note: verify feature flag, Grafana SLO, PagerDuty status, database health, and support handoff for checkout-api."
DEP-01472,2023-04-17,tax-service,prod,atlas-infra,PR-6966,REL-2026.1.10,flag_tax_service_dual_run,5,paused,Kim Tan,latency guard,ATLAS-1339,"Deployment note: verify feature flag, Grafana SLO, PagerDuty status, database health, and support handoff for tax-service."
DEP-01473,2023-04-18,notification-service,stage,atlas-observability,PR-10120,REL-2024.08,flag_notification_service_payment_retry,75,paused,Elena Petrova,latency guard,ATLAS-3224,"Deployment note: verify feature flag, Grafana SLO, PagerDuty status, database health, and support handoff for notification-service."
DEP-01474,2023-04-20,auth-gateway,stage,atlas-web,PR-9968,REL-2025.11,flag_auth_gateway_regional_launch,1,success,Priya Nair,support volume guard,ATLAS-4758,"Deployment note: verify feature flag, Grafana SLO, PagerDuty status, database health, and support handoff for auth-gateway."
DEP-01475,2023-04-22,auth-gateway,stage,atlas-orders,PR-12226,REL-2026.02,flag_auth_gateway_new_write_path,25,paused,Iris Wang,manual approval,ATLAS-4456,"Deployment note: verify feature flag, Grafana SLO, PagerDuty status, database health, and support handoff for auth-gateway."
DEP-01476,2023-04-21,search-recommendations,prod,atlas-orders,PR-6810,REL-2023.1.11,flag_search_recommendations_payment_retry,10,partial,Maya Chen,support volume guard,ATLAS-1339,"Deployment note: verify feature flag, Grafana SLO, PagerDuty status, database health, and support handoff for search-recommendations."
DEP-01477,2023-04-23,auth-gateway,stage,atlas-observability,PR-7113,REL-2023.2.0,flag_auth_gateway_payment_retry,50,rolled back,Samir Rao,error budget guard,ATLAS-3176,"Deployment note: verify feature flag, Grafana SLO, PagerDuty status, database health, and support handoff for auth-gateway."
DEP-01478,2023-04-24,order-ledger,stage,atlas-mobile,PR-10206,REL-2019.06,flag_order_ledger_mobile_session,5,success,Samir Rao,manual approval,ATLAS-2627,"Deployment note: verify feature flag, Grafana SLO, PagerDuty status, database health, and support handoff for order-ledger."
DEP-01479,2023-04-25,cart-service,stage,atlas-observability,PR-10033,REL-2019.10,flag_cart_service_new_write_path,25,rolled back,Fatima Noor,manual approval,ATLAS-5382,"Deployment note: verify feature flag, Grafana SLO, PagerDuty status, database health, and support handoff for cart-service."
DEP-01480,2023-04-26,pricing-engine,canary,atlas-observability,PR-9829,REL-2020.4.8,flag_pricing_engine_new_write_path,10,paused,Yara Haddad,error budget guard,ATLAS-5703,"Deployment note: verify feature flag, Grafana SLO, PagerDuty status, database health, and support handoff for pricing-engine."
DEP-01481,2023-04-27,cart-service,stage,atlas-web,PR-12232,REL-2022.3.4,flag_cart_service_dual_run,0,success,Grace Kim,manual approval,ATLAS-6108,"Deployment note: verify feature flag, Grafana SLO, PagerDuty status, database health, and support handoff for cart-service."
DEP-01482,2023-04-28,analytics-pipeline,prod,atlas-orders,PR-10264,REL-2018.11,flag_analytics_pipeline_new_write_path,50,partial,Owen Brooks,database lag guard,ATLAS-1600,"Deployment note: verify feature flag, Grafana SLO, PagerDuty status, database health, and support handoff for analytics-pipeline."
DEP-01483,2023-04-29,cart-service,stage,atlas-orders,PR-6222,REL-2021.03,flag_cart_service_rollback_guard,10,paused,Ravi Patel,latency guard,ATLAS-3144,"Deployment note: verify feature flag, Grafana SLO, PagerDuty status, database health, and support handoff for cart-service."
DEP-01484,2023-05-01,auth-gateway,prod,atlas-infra,PR-11942,REL-2023.1.0,flag_auth_gateway_new_write_path,10,rolled back,Aisha Khan,latency guard,ATLAS-3977,"Deployment note: verify feature flag, Grafana SLO, PagerDuty status, database health, and support handoff for auth-gateway."
DEP-01485,2023-05-04,inventory-reservation,prod,atlas-observability,PR-6050,REL-2025.4.4,flag_inventory_reservation_dual_run,10,monitoring,Kim Tan,support volume guard,ATLAS-2465,"Deployment note: verify feature flag, Grafana SLO, PagerDuty status, database health, and support handoff for inventory-reservation."
DEP-01486,2023-05-05,inventory-reservation,stage,atlas-checkout,PR-12122,REL-2022.11,flag_inventory_reservation_dual_run,0,paused,Ben Carter,error budget guard,ATLAS-5411,"Deployment note: verify feature flag, Grafana SLO, PagerDuty status, database health, and support handoff for inventory-reservation."
DEP-01487,2023-05-05,analytics-pipeline,canary,atlas-checkout,PR-12430,REL-2023.1.5,flag_analytics_pipeline_regional_launch,1,success,Harper Lee,manual approval,ATLAS-1343,"Deployment note: verify feature flag, Grafana SLO, PagerDuty status, database health, and support handoff for analytics-pipeline."
DEP-01488,2023-05-06,loyalty-service,canary,atlas-orders,PR-8471,REL-2024.4.18,flag_loyalty_service_mobile_session,10,success,Yara Haddad,database lag guard,ATLAS-4443,"Deployment note: verify feature flag, Grafana SLO, PagerDuty status, database health, and support handoff for loyalty-service."
DEP-01489,2023-05-09,search-recommendations,prod,atlas-orders,PR-11364,REL-2022.2.2,flag_search_recommendations_mobile_session,1,monitoring,Luca Moretti,support volume guard,ATLAS-1039,"Deployment note: verify feature flag, Grafana SLO, PagerDuty status, database health, and support handoff for search-recommendations."
DEP-01490,2023-05-10,search-recommendations,canary,atlas-payments,PR-10074,REL-2023.07,flag_search_recommendations_rollback_guard,1,paused,Harper Lee,database lag guard,ATLAS-5410,"Deployment note: verify feature flag, Grafana SLO, PagerDuty status, database health, and support handoff for search-recommendations."
DEP-01491,2023-05-10,pricing-engine,stage,atlas-web,PR-5076,REL-2018.11,flag_pricing_engine_regional_launch,75,paused,Sara Novak,error budget guard,ATLAS-4716,"Deployment note: verify feature flag, Grafana SLO, PagerDuty status, database health, and support handoff for pricing-engine."
DEP-01492,2023-05-12,order-ledger,stage,atlas-data,PR-10196,REL-2026.2.19,flag_order_ledger_payment_retry,25,paused,Sara Novak,manual approval,ATLAS-1368,"Deployment note: verify feature flag, Grafana SLO, PagerDuty status, database health, and support handoff for order-ledger."
DEP-01493,2023-05-13,checkout-api,prod,atlas-payments,PR-10878,REL-2023.2.17,flag_checkout_api_regional_launch,75,partial,Harper Lee,manual approval,ATLAS-2186,"Deployment note: verify feature flag, Grafana SLO, PagerDuty status, database health, and support handoff for checkout-api."
DEP-01494,2023-05-14,notification-service,stage,atlas-payments,PR-7548,REL-2024.4.2,flag_notification_service_regional_launch,25,monitoring,Nora Singh,manual approval,ATLAS-2801,"Deployment note: verify feature flag, Grafana SLO, PagerDuty status, database health, and support handoff for notification-service."
DEP-01495,2023-05-16,inventory-reservation,canary,atlas-infra,PR-6498,REL-2020.3.5,flag_inventory_reservation_payment_retry,75,partial,Theo Martin,support volume guard,ATLAS-2888,"Deployment note: verify feature flag, Grafana SLO, PagerDuty status, database health, and support handoff for inventory-reservation."
DEP-01496,2023-05-17,checkout-api,prod,atlas-orders,PR-10261,REL-2024.3.4,flag_checkout_api_payment_retry,1,partial,Luca Moretti,latency guard,ATLAS-4130,"Deployment note: verify feature flag, Grafana SLO, PagerDuty status, database health, and support handoff for checkout-api."
DEP-01497,2023-05-16,pricing-engine,canary,atlas-mobile,PR-11709,REL-2024.2.6,flag_pricing_engine_regional_launch,10,partial,Luca Moretti,database lag guard,ATLAS-2488,"Deployment note: verify feature flag, Grafana SLO, PagerDuty status, database health, and support handoff for pricing-engine."
DEP-01498,2023-05-18,checkout-api,canary,atlas-observability,PR-7183,REL-2023.11,flag_checkout_api_rollback_guard,75,success,Jon Bell,support volume guard,ATLAS-4663,"Deployment note: verify feature flag, Grafana SLO, PagerDuty status, database health, and support handoff for checkout-api."
DEP-01499,2023-05-20,search-recommendations,prod,atlas-observability,PR-10140,REL-2024.1.8,flag_search_recommendations_mobile_session,75,monitoring,Sara Novak,latency guard,ATLAS-2276,"Deployment note: verify feature flag, Grafana SLO, PagerDuty status, database health, and support handoff for search-recommendations."
DEP-01500,2023-05-21,checkout-api,prod,atlas-observability,PR-7063,REL-2026.1.4,flag_checkout_api_rollback_guard,75,success,Yara Haddad,error budget guard,ATLAS-2484,"Deployment note: verify feature flag, Grafana SLO, PagerDuty status, database health, and support handoff for checkout-api."
DEP-01501,2023-05-22,checkout-api,canary,atlas-mobile,PR-6733,REL-2020.06,flag_checkout_api_regional_launch,10,partial,Ravi Patel,database lag guard,ATLAS-5789,"Deployment note: verify feature flag, Grafana SLO, PagerDuty status, database health, and support handoff for checkout-api."
DEP-01502,2023-05-24,checkout-api,canary,atlas-observability,PR-6849,REL-2022.3.11,flag_checkout_api_mobile_session,25,success,Kim Tan,error budget guard,ATLAS-3629,"Deployment note: verify feature flag, Grafana SLO, PagerDuty status, database health, and support handoff for checkout-api."
DEP-01503,2023-05-25,payment-orchestrator,stage,atlas-orders,PR-8374,REL-2020.1.4,flag_payment_orchestrator_new_write_path,0,rolled back,Mateo Garcia,manual approval,ATLAS-2842,"Deployment note: verify feature flag, Grafana SLO, PagerDuty status, database health, and support handoff for payment-orchestrator."
DEP-01504,2023-05-25,analytics-pipeline,prod,atlas-mobile,PR-6990,REL-2021.3.1,flag_analytics_pipeline_regional_launch,0,rolled back,Ravi Patel,support volume guard,ATLAS-4988,"Deployment note: verify feature flag, Grafana SLO, PagerDuty status, database health, and support handoff for analytics-pipeline."
DEP-01505,2023-05-26,payment-orchestrator,prod,atlas-orders,PR-10757,REL-2025.04,flag_payment_orchestrator_new_write_path,0,success,Kim Tan,error budget guard,ATLAS-1367,"Deployment note: verify feature flag, Grafana SLO, PagerDuty status, database health, and support handoff for payment-orchestrator."
DEP-01506,2023-05-27,order-ledger,prod,atlas-orders,PR-6552,REL-2023.10,flag_order_ledger_mobile_session,10,success,Nora Singh,latency guard,ATLAS-1121,"Deployment note: verify feature flag, Grafana SLO, PagerDuty status, database health, and support handoff for order-ledger."
DEP-01507,2023-05-28,loyalty-service,prod,atlas-infra,PR-8982,REL-2023.03,flag_loyalty_service_regional_launch,100,rolled back,Ben Carter,latency guard,ATLAS-3529,"Deployment note: verify feature flag, Grafana SLO, PagerDuty status, database health, and support handoff for loyalty-service."
DEP-01508,2023-06-01,cart-service,prod,atlas-web,PR-6063,REL-2024.3.4,flag_cart_service_mobile_session,0,paused,Luca Moretti,error budget guard,ATLAS-2940,"Deployment note: verify feature flag, Grafana SLO, PagerDuty status, database health, and support handoff for cart-service."
DEP-01509,2023-06-01,tax-service,canary,atlas-web,PR-9178,REL-2022.2.7,flag_tax_service_payment_retry,5,monitoring,Grace Kim,latency guard,ATLAS-4645,"Deployment note: verify feature flag, Grafana SLO, PagerDuty status, database health, and support handoff for tax-service."
DEP-01510,2023-06-02,checkout-api,canary,atlas-payments,PR-12294,REL-2019.12,flag_checkout_api_regional_launch,0,paused,Iris Wang,manual approval,ATLAS-2002,"Deployment note: verify feature flag, Grafana SLO, PagerDuty status, database health, and support handoff for checkout-api."
DEP-01511,2023-06-04,payment-orchestrator,canary,atlas-checkout,PR-7687,REL-2023.2.4,flag_payment_orchestrator_dual_run,10,rolled back,Aisha Khan,database lag guard,ATLAS-5495,"Deployment note: verify feature flag, Grafana SLO, PagerDuty status, database health, and support handoff for payment-orchestrator."
DEP-01512,2023-06-05,notification-service,prod,atlas-infra,PR-5555,REL-2025.1.9,flag_notification_service_payment_retry,0,rolled back,Yara Haddad,latency guard,ATLAS-4835,"Deployment note: verify feature flag, Grafana SLO, PagerDuty status, database health, and support handoff for notification-service."
DEP-01513,2023-06-07,payment-orchestrator,stage,atlas-payments,PR-6324,REL-2021.2.4,flag_payment_orchestrator_dual_run,75,partial,Theo Martin,manual approval,ATLAS-1614,"Deployment note: verify feature flag, Grafana SLO, PagerDuty status, database health, and support handoff for payment-orchestrator."
DEP-01514,2023-06-08,analytics-pipeline,canary,atlas-infra,PR-11650,REL-2019.2.0,flag_analytics_pipeline_rollback_guard,25,paused,Dmitri Volkov,manual approval,ATLAS-1354,"Deployment note: verify feature flag, Grafana SLO, PagerDuty status, database health, and support handoff for analytics-pipeline."
DEP-01515,2023-06-08,search-recommendations,canary,atlas-web,PR-11083,REL-2022.08,flag_search_recommendations_payment_retry,5,paused,Aisha Khan,manual approval,ATLAS-1202,"Deployment note: verify feature flag, Grafana SLO, PagerDuty status, database health, and support handoff for search-recommendations."
DEP-01516,2023-06-08,loyalty-service,prod,atlas-observability,PR-10076,REL-2024.1.8,flag_loyalty_service_new_write_path,10,monitoring,Mateo Garcia,support volume guard,ATLAS-1929,"Deployment note: verify feature flag, Grafana SLO, PagerDuty status, database health, and support handoff for loyalty-service."
DEP-01517,2023-06-09,pricing-engine,prod,atlas-mobile,PR-6703,REL-2026.1.9,flag_pricing_engine_dual_run,0,partial,Aisha Khan,database lag guard,ATLAS-3482,"Deployment note: verify feature flag, Grafana SLO, PagerDuty status, database health, and support handoff for pricing-engine."
DEP-01518,2023-06-11,tax-service,prod,atlas-orders,PR-12497,REL-2020.08,flag_tax_service_payment_retry,10,monitoring,Elena Petrova,manual approval,ATLAS-2756,"Deployment note: verify feature flag, Grafana SLO, PagerDuty status, database health, and support handoff for tax-service."
DEP-01519,2023-06-13,checkout-api,canary,atlas-web,PR-5636,REL-2021.3.18,flag_checkout_api_payment_retry,25,paused,Sara Novak,manual approval,ATLAS-1181,"Deployment note: verify feature flag, Grafana SLO, PagerDuty status, database health, and support handoff for checkout-api."
DEP-01520,2023-06-14,inventory-reservation,stage,atlas-checkout,PR-9343,REL-2019.4.19,flag_inventory_reservation_regional_launch,5,partial,Priya Nair,latency guard,ATLAS-2633,"Deployment note: verify feature flag, Grafana SLO, PagerDuty status, database health, and support handoff for inventory-reservation."
DEP-01521,2023-06-14,inventory-reservation,stage,atlas-web,PR-8831,REL-2023.4.2,flag_inventory_reservation_regional_launch,0,success,Noah Evans,manual approval,ATLAS-3338,"Deployment note: verify feature flag, Grafana SLO, PagerDuty status, database health, and support handoff for inventory-reservation."
DEP-01522,2023-06-17,cart-service,canary,atlas-checkout,PR-11252,REL-2026.2.12,flag_cart_service_mobile_session,5,rolled back,Grace Kim,manual approval,ATLAS-2694,"Deployment note: verify feature flag, Grafana SLO, PagerDuty status, database health, and support handoff for cart-service."
DEP-01523,2023-06-19,checkout-api,canary,atlas-web,PR-8784,REL-2020.2.2,flag_checkout_api_regional_launch,5,monitoring,Ravi Patel,manual approval,ATLAS-2270,"Deployment note: verify feature flag, Grafana SLO, PagerDuty status, database health, and support handoff for checkout-api."
DEP-01524,2023-06-18,pricing-engine,stage,atlas-orders,PR-10154,REL-2019.1.10,flag_pricing_engine_rollback_guard,5,monitoring,Jon Bell,manual approval,ATLAS-6110,"Deployment note: verify feature flag, Grafana SLO, PagerDuty status, database health, and support handoff for pricing-engine."
DEP-01525,2023-06-20,inventory-reservation,canary,atlas-mobile,PR-6492,REL-2020.4.4,flag_inventory_reservation_payment_retry,50,monitoring,Owen Brooks,manual approval,ATLAS-5373,"Deployment note: verify feature flag, Grafana SLO, PagerDuty status, database health, and support handoff for inventory-reservation."
DEP-01526,2023-06-20,payment-orchestrator,prod,atlas-checkout,PR-10355,REL-2021.2.1,flag_payment_orchestrator_dual_run,25,paused,Maya Chen,support volume guard,ATLAS-5643,"Deployment note: verify feature flag, Grafana SLO, PagerDuty status, database health, and support handoff for payment-orchestrator."
DEP-01527,2023-06-22,loyalty-service,prod,atlas-observability,PR-11780,REL-2023.1.0,flag_loyalty_service_mobile_session,5,rolled back,Luca Moretti,error budget guard,ATLAS-1006,"Deployment note: verify feature flag, Grafana SLO, PagerDuty status, database health, and support handoff for loyalty-service."
DEP-01528,2023-06-24,loyalty-service,prod,atlas-checkout,PR-11047,REL-2019.1.6,flag_loyalty_service_dual_run,75,partial,Iris Wang,manual approval,ATLAS-6047,"Deployment note: verify feature flag, Grafana SLO, PagerDuty status, database health, and support handoff for loyalty-service."
DEP-01529,2023-06-24,checkout-api,canary,atlas-mobile,PR-11798,REL-2024.3.11,flag_checkout_api_mobile_session,10,rolled back,Mateo Garcia,support volume guard,ATLAS-1584,"Deployment note: verify feature flag, Grafana SLO, PagerDuty status, database health, and support handoff for checkout-api."
DEP-01530,2023-06-26,payment-orchestrator,prod,atlas-observability,PR-9622,REL-2023.06,flag_payment_orchestrator_payment_retry,25,success,Ben Carter,database lag guard,ATLAS-1449,"Deployment note: verify feature flag, Grafana SLO, PagerDuty status, database health, and support handoff for payment-orchestrator."
DEP-01531,2023-06-26,inventory-reservation,prod,atlas-web,PR-8150,REL-2024.2.2,flag_inventory_reservation_payment_retry,75,partial,Mateo Garcia,error budget guard,ATLAS-5122,"Deployment note: verify feature flag, Grafana SLO, PagerDuty status, database health, and support handoff for inventory-reservation."
DEP-01532,2023-06-29,pricing-engine,prod,atlas-checkout,PR-9114,REL-2022.1.6,flag_pricing_engine_regional_launch,10,monitoring,Iris Wang,support volume guard,ATLAS-3598,"Deployment note: verify feature flag, Grafana SLO, PagerDuty status, database health, and support handoff for pricing-engine."
DEP-01533,2023-06-30,order-ledger,stage,atlas-mobile,PR-9506,REL-2020.1.19,flag_order_ledger_dual_run,75,success,Iris Wang,support volume guard,ATLAS-1299,"Deployment note: verify feature flag, Grafana SLO, PagerDuty status, database health, and support handoff for order-ledger."
DEP-01534,2023-07-02,notification-service,canary,atlas-orders,PR-7993,REL-2018.4.18,flag_notification_service_dual_run,75,success,Maya Chen,support volume guard,ATLAS-5281,"Deployment note: verify feature flag, Grafana SLO, PagerDuty status, database health, and support handoff for notification-service."
DEP-01535,2023-07-01,checkout-api,canary,atlas-payments,PR-6510,REL-2022.02,flag_checkout_api_regional_launch,100,monitoring,Priya Nair,latency guard,ATLAS-1821,"Deployment note: verify feature flag, Grafana SLO, PagerDuty status, database health, and support handoff for checkout-api."
DEP-01536,2023-07-03,tax-service,canary,atlas-data,PR-8039,REL-2021.11,flag_tax_service_mobile_session,5,paused,Ravi Patel,manual approval,ATLAS-2472,"Deployment note: verify feature flag, Grafana SLO, PagerDuty status, database health, and support handoff for tax-service."
DEP-01537,2023-07-06,pricing-engine,stage,atlas-payments,PR-9865,REL-2018.2.3,flag_pricing_engine_rollback_guard,75,rolled back,Sara Novak,error budget guard,ATLAS-2838,"Deployment note: verify feature flag, Grafana SLO, PagerDuty status, database health, and support handoff for pricing-engine."
DEP-01538,2023-07-05,inventory-reservation,prod,atlas-infra,PR-6222,REL-2019.3.0,flag_inventory_reservation_regional_launch,75,success,Samir Rao,latency guard,ATLAS-4449,"Deployment note: verify feature flag, Grafana SLO, PagerDuty status, database health, and support handoff for inventory-reservation."
DEP-01539,2023-07-07,inventory-reservation,prod,atlas-web,PR-12580,REL-2020.1.12,flag_inventory_reservation_dual_run,1,monitoring,Jon Bell,manual approval,ATLAS-3091,"Deployment note: verify feature flag, Grafana SLO, PagerDuty status, database health, and support handoff for inventory-reservation."
DEP-01540,2023-07-09,cart-service,canary,atlas-data,PR-5483,REL-2025.03,flag_cart_service_new_write_path,5,partial,Kim Tan,latency guard,ATLAS-6151,"Deployment note: verify feature flag, Grafana SLO, PagerDuty status, database health, and support handoff for cart-service."
DEP-01541,2023-07-09,inventory-reservation,canary,atlas-payments,PR-7845,REL-2024.10,flag_inventory_reservation_dual_run,50,paused,Nora Singh,database lag guard,ATLAS-3557,"Deployment note: verify feature flag, Grafana SLO, PagerDuty status, database health, and support handoff for inventory-reservation."
DEP-01542,2023-07-10,inventory-reservation,stage,atlas-infra,PR-5774,REL-2026.2.14,flag_inventory_reservation_payment_retry,25,paused,Mateo Garcia,manual approval,ATLAS-6156,"Deployment note: verify feature flag, Grafana SLO, PagerDuty status, database health, and support handoff for inventory-reservation."
DEP-01543,2023-07-12,inventory-reservation,prod,atlas-mobile,PR-8179,REL-2023.1.15,flag_inventory_reservation_regional_launch,10,partial,Dmitri Volkov,latency guard,ATLAS-5322,"Deployment note: verify feature flag, Grafana SLO, PagerDuty status, database health, and support handoff for inventory-reservation."
DEP-01544,2023-07-13,payment-orchestrator,stage,atlas-observability,PR-9920,REL-2021.1.7,flag_payment_orchestrator_dual_run,10,paused,Harper Lee,database lag guard,ATLAS-5229,"Deployment note: verify feature flag, Grafana SLO, PagerDuty status, database health, and support handoff for payment-orchestrator."
DEP-01545,2023-07-15,analytics-pipeline,stage,atlas-data,PR-7119,REL-2023.11,flag_analytics_pipeline_mobile_session,0,partial,Priya Nair,support volume guard,ATLAS-1115,"Deployment note: verify feature flag, Grafana SLO, PagerDuty status, database health, and support handoff for analytics-pipeline."
DEP-01546,2023-07-17,notification-service,prod,atlas-checkout,PR-8382,REL-2022.08,flag_notification_service_new_write_path,50,partial,Luca Moretti,support volume guard,ATLAS-4252,"Deployment note: verify feature flag, Grafana SLO, PagerDuty status, database health, and support handoff for notification-service."
DEP-01547,2023-07-18,search-recommendations,stage,atlas-checkout,PR-10010,REL-2020.02,flag_search_recommendations_rollback_guard,50,success,Dmitri Volkov,database lag guard,ATLAS-3920,"Deployment note: verify feature flag, Grafana SLO, PagerDuty status, database health, and support handoff for search-recommendations."
DEP-01548,2023-07-17,payment-orchestrator,stage,atlas-payments,PR-9913,REL-2020.4.14,flag_payment_orchestrator_payment_retry,50,rolled back,Maya Chen,database lag guard,ATLAS-2968,"Deployment note: verify feature flag, Grafana SLO, PagerDuty status, database health, and support handoff for payment-orchestrator."
DEP-01549,2023-07-20,search-recommendations,stage,atlas-orders,PR-5832,REL-2019.06,flag_search_recommendations_payment_retry,50,partial,Sara Novak,manual approval,ATLAS-2388,"Deployment note: verify feature flag, Grafana SLO, PagerDuty status, database health, and support handoff for search-recommendations."
DEP-01550,2023-07-19,cart-service,stage,atlas-observability,PR-5265,REL-2020.2.18,flag_cart_service_rollback_guard,100,rolled back,Maya Chen,database lag guard,ATLAS-1528,"Deployment note: verify feature flag, Grafana SLO, PagerDuty status, database health, and support handoff for cart-service."
DEP-01551,2023-07-23,loyalty-service,stage,atlas-infra,PR-10224,REL-2023.03,flag_loyalty_service_new_write_path,1,rolled back,Grace Kim,latency guard,ATLAS-3367,"Deployment note: verify feature flag, Grafana SLO, PagerDuty status, database health, and support handoff for loyalty-service."
DEP-01552,2023-07-24,loyalty-service,canary,atlas-checkout,PR-5686,REL-2022.2.4,flag_loyalty_service_new_write_path,25,partial,Iris Wang,support volume guard,ATLAS-2108,"Deployment note: verify feature flag, Grafana SLO, PagerDuty status, database health, and support handoff for loyalty-service."
DEP-01553,2023-07-25,search-recommendations,canary,atlas-orders,PR-6426,REL-2018.4.14,flag_search_recommendations_new_write_path,75,success,Nora Singh,manual approval,ATLAS-3149,"Deployment note: verify feature flag, Grafana SLO, PagerDuty status, database health, and support handoff for search-recommendations."
DEP-01554,2023-07-26,notification-service,stage,atlas-observability,PR-7503,REL-2025.3.14,flag_notification_service_dual_run,5,partial,Fatima Noor,support volume guard,ATLAS-5110,"Deployment note: verify feature flag, Grafana SLO, PagerDuty status, database health, and support handoff for notification-service."
DEP-01555,2023-07-27,auth-gateway,prod,atlas-payments,PR-7258,REL-2025.3.2,flag_auth_gateway_mobile_session,5,partial,Owen Brooks,manual approval,ATLAS-4398,"Deployment note: verify feature flag, Grafana SLO, PagerDuty status, database health, and support handoff for auth-gateway."
DEP-01556,2023-07-28,order-ledger,canary,atlas-orders,PR-10453,REL-2025.3.11,flag_order_ledger_dual_run,5,partial,Iris Wang,database lag guard,ATLAS-5803,"Deployment note: verify feature flag, Grafana SLO, PagerDuty status, database health, and support handoff for order-ledger."
DEP-01557,2023-07-28,checkout-api,canary,atlas-mobile,PR-11539,REL-2026.1.16,flag_checkout_api_rollback_guard,10,monitoring,Elena Petrova,latency guard,ATLAS-4861,"Deployment note: verify feature flag, Grafana SLO, PagerDuty status, database health, and support handoff for checkout-api."
DEP-01558,2023-07-30,tax-service,stage,atlas-mobile,PR-8344,REL-2019.1.6,flag_tax_service_rollback_guard,10,partial,Sara Novak,latency guard,ATLAS-3785,"Deployment note: verify feature flag, Grafana SLO, PagerDuty status, database health, and support handoff for tax-service."
DEP-01559,2023-07-31,tax-service,canary,atlas-checkout,PR-11308,REL-2024.3.2,flag_tax_service_payment_retry,25,success,Nora Singh,database lag guard,ATLAS-1526,"Deployment note: verify feature flag, Grafana SLO, PagerDuty status, database health, and support handoff for tax-service."
DEP-01560,2023-08-03,checkout-api,prod,atlas-payments,PR-8084,REL-2018.3.3,flag_checkout_api_rollback_guard,75,partial,Mateo Garcia,database lag guard,ATLAS-5744,"Deployment note: verify feature flag, Grafana SLO, PagerDuty status, database health, and support handoff for checkout-api."
DEP-01561,2023-08-03,tax-service,stage,atlas-web,PR-11161,REL-2020.09,flag_tax_service_dual_run,5,success,Owen Brooks,latency guard,ATLAS-2009,"Deployment note: verify feature flag, Grafana SLO, PagerDuty status, database health, and support handoff for tax-service."
DEP-01562,2023-08-03,cart-service,stage,atlas-orders,PR-11348,REL-2019.4.19,flag_cart_service_mobile_session,1,success,Harper Lee,latency guard,ATLAS-1295,"Deployment note: verify feature flag, Grafana SLO, PagerDuty status, database health, and support handoff for cart-service."
DEP-01563,2023-08-06,notification-service,prod,atlas-orders,PR-11040,REL-2020.4.1,flag_notification_service_rollback_guard,50,partial,Anika Sharma,latency guard,ATLAS-1996,"Deployment note: verify feature flag, Grafana SLO, PagerDuty status, database health, and support handoff for notification-service."
DEP-01564,2023-08-05,cart-service,stage,atlas-orders,PR-7449,REL-2019.04,flag_cart_service_mobile_session,100,paused,Elena Petrova,latency guard,ATLAS-4945,"Deployment note: verify feature flag, Grafana SLO, PagerDuty status, database health, and support handoff for cart-service."
DEP-01565,2023-08-08,pricing-engine,canary,atlas-observability,PR-9007,REL-2025.3.8,flag_pricing_engine_payment_retry,5,partial,Ben Carter,error budget guard,ATLAS-5258,"Deployment note: verify feature flag, Grafana SLO, PagerDuty status, database health, and support handoff for pricing-engine."
DEP-01566,2023-08-10,notification-service,stage,atlas-data,PR-11197,REL-2022.3.18,flag_notification_service_payment_retry,10,rolled back,Harper Lee,support volume guard,ATLAS-1256,"Deployment note: verify feature flag, Grafana SLO, PagerDuty status, database health, and support handoff for notification-service."
DEP-01567,2023-08-11,inventory-reservation,prod,atlas-web,PR-11693,REL-2025.1.12,flag_inventory_reservation_rollback_guard,50,monitoring,Kim Tan,database lag guard,ATLAS-1535,"Deployment note: verify feature flag, Grafana SLO, PagerDuty status, database health, and support handoff for inventory-reservation."
DEP-01568,2023-08-12,payment-orchestrator,prod,atlas-infra,PR-6781,REL-2018.4.6,flag_payment_orchestrator_rollback_guard,100,partial,Dmitri Volkov,error budget guard,ATLAS-1982,"Deployment note: verify feature flag, Grafana SLO, PagerDuty status, database health, and support handoff for payment-orchestrator."
DEP-01569,2023-08-13,checkout-api,prod,atlas-web,PR-6411,REL-2026.1.16,flag_checkout_api_new_write_path,25,success,Anika Sharma,manual approval,ATLAS-1303,"Deployment note: verify feature flag, Grafana SLO, PagerDuty status, database health, and support handoff for checkout-api."
DEP-01570,2023-08-15,pricing-engine,stage,atlas-payments,PR-7854,REL-2022.2.14,flag_pricing_engine_mobile_session,1,paused,Priya Nair,database lag guard,ATLAS-2177,"Deployment note: verify feature flag, Grafana SLO, PagerDuty status, database health, and support handoff for pricing-engine."
DEP-01571,2023-08-14,search-recommendations,prod,atlas-observability,PR-5351,REL-2023.4.13,flag_search_recommendations_new_write_path,50,success,Aisha Khan,latency guard,ATLAS-2309,"Deployment note: verify feature flag, Grafana SLO, PagerDuty status, database health, and support handoff for search-recommendations."
DEP-01572,2023-08-16,inventory-reservation,stage,atlas-data,PR-11259,REL-2020.4.8,flag_inventory_reservation_regional_launch,1,monitoring,Grace Kim,latency guard,ATLAS-1257,"Deployment note: verify feature flag, Grafana SLO, PagerDuty status, database health, and support handoff for inventory-reservation."
DEP-01573,2023-08-16,checkout-api,canary,atlas-observability,PR-12400,REL-2024.09,flag_checkout_api_regional_launch,10,paused,Aisha Khan,support volume guard,ATLAS-4521,"Deployment note: verify feature flag, Grafana SLO, PagerDuty status, database health, and support handoff for checkout-api."
DEP-01574,2023-08-17,checkout-api,prod,atlas-infra,PR-7508,REL-2021.08,flag_checkout_api_dual_run,50,partial,Ben Carter,latency guard,ATLAS-3652,"Deployment note: verify feature flag, Grafana SLO, PagerDuty status, database health, and support handoff for checkout-api."
DEP-01575,2023-08-21,search-recommendations,prod,atlas-web,PR-7646,REL-2019.03,flag_search_recommendations_new_write_path,5,rolled back,Nora Singh,support volume guard,ATLAS-4784,"Deployment note: verify feature flag, Grafana SLO, PagerDuty status, database health, and support handoff for search-recommendations."
DEP-01576,2023-08-21,tax-service,stage,atlas-payments,PR-10861,REL-2019.2.9,flag_tax_service_payment_retry,0,success,Jon Bell,support volume guard,ATLAS-1422,"Deployment note: verify feature flag, Grafana SLO, PagerDuty status, database health, and support handoff for tax-service."
DEP-01577,2023-08-21,notification-service,canary,atlas-payments,PR-8560,REL-2023.3.14,flag_notification_service_mobile_session,100,rolled back,Dmitri Volkov,manual approval,ATLAS-5205,"Deployment note: verify feature flag, Grafana SLO, PagerDuty status, database health, and support handoff for notification-service."
DEP-01578,2023-08-24,auth-gateway,stage,atlas-infra,PR-7864,REL-2018.2.13,flag_auth_gateway_new_write_path,5,paused,Mateo Garcia,manual approval,ATLAS-2442,"Deployment note: verify feature flag, Grafana SLO, PagerDuty status, database health, and support handoff for auth-gateway."
DEP-01579,2023-08-24,pricing-engine,canary,atlas-mobile,PR-5287,REL-2019.2.11,flag_pricing_engine_new_write_path,1,paused,Jon Bell,error budget guard,ATLAS-2405,"Deployment note: verify feature flag, Grafana SLO, PagerDuty status, database health, and support handoff for pricing-engine."
DEP-01580,2023-08-27,inventory-reservation,prod,atlas-orders,PR-5041,REL-2018.4.16,flag_inventory_reservation_new_write_path,100,success,Nora Singh,support volume guard,ATLAS-3548,"Deployment note: verify feature flag, Grafana SLO, PagerDuty status, database health, and support handoff for inventory-reservation."
DEP-01581,2023-08-27,notification-service,prod,atlas-checkout,PR-11142,REL-2023.03,flag_notification_service_new_write_path,25,paused,Sara Novak,latency guard,ATLAS-3090,"Deployment note: verify feature flag, Grafana SLO, PagerDuty status, database health, and support handoff for notification-service."
DEP-01582,2023-08-27,inventory-reservation,stage,atlas-orders,PR-8622,REL-2021.1.10,flag_inventory_reservation_payment_retry,50,partial,Elena Petrova,error budget guard,ATLAS-5226,"Deployment note: verify feature flag, Grafana SLO, PagerDuty status, database health, and support handoff for inventory-reservation."
DEP-01583,2023-08-28,payment-orchestrator,canary,atlas-observability,PR-10238,REL-2025.1.19,flag_payment_orchestrator_regional_launch,1,monitoring,Victor Silva,error budget guard,ATLAS-3604,"Deployment note: verify feature flag, Grafana SLO, PagerDuty status, database health, and support handoff for payment-orchestrator."
DEP-01584,2023-09-01,checkout-api,stage,atlas-payments,PR-10590,REL-2021.4.5,flag_checkout_api_mobile_session,50,monitoring,Iris Wang,manual approval,ATLAS-3361,"Deployment note: verify feature flag, Grafana SLO, PagerDuty status, database health, and support handoff for checkout-api."
DEP-01585,2023-08-31,payment-orchestrator,prod,atlas-orders,PR-7984,REL-2020.4.17,flag_payment_orchestrator_payment_retry,1,paused,Aisha Khan,error budget guard,ATLAS-4461,"Deployment note: verify feature flag, Grafana SLO, PagerDuty status, database health, and support handoff for payment-orchestrator."
DEP-01586,2023-09-01,auth-gateway,stage,atlas-orders,PR-11921,REL-2020.11,flag_auth_gateway_payment_retry,75,partial,Mateo Garcia,error budget guard,ATLAS-4758,"Deployment note: verify feature flag, Grafana SLO, PagerDuty status, database health, and support handoff for auth-gateway."
DEP-01587,2023-09-02,checkout-api,canary,atlas-infra,PR-6982,REL-2018.4.7,flag_checkout_api_regional_launch,0,success,Dmitri Volkov,support volume guard,ATLAS-3935,"Deployment note: verify feature flag, Grafana SLO, PagerDuty status, database health, and support handoff for checkout-api."
DEP-01588,2023-09-04,cart-service,canary,atlas-data,PR-5218,REL-2020.1.14,flag_cart_service_mobile_session,25,success,Harper Lee,latency guard,ATLAS-5246,"Deployment note: verify feature flag, Grafana SLO, PagerDuty status, database health, and support handoff for cart-service."
DEP-01589,2023-09-05,tax-service,stage,atlas-orders,PR-12524,REL-2018.12,flag_tax_service_new_write_path,1,monitoring,Jon Bell,latency guard,ATLAS-3492,"Deployment note: verify feature flag, Grafana SLO, PagerDuty status, database health, and support handoff for tax-service."
DEP-01590,2023-09-07,search-recommendations,stage,atlas-infra,PR-10548,REL-2019.2.9,flag_search_recommendations_regional_launch,50,rolled back,Elena Petrova,manual approval,ATLAS-5277,"Deployment note: verify feature flag, Grafana SLO, PagerDuty status, database health, and support handoff for search-recommendations."
DEP-01591,2023-09-08,notification-service,canary,atlas-infra,PR-5964,REL-2020.10,flag_notification_service_regional_launch,50,rolled back,Anika Sharma,support volume guard,ATLAS-5465,"Deployment note: verify feature flag, Grafana SLO, PagerDuty status, database health, and support handoff for notification-service."
DEP-01592,2023-09-08,auth-gateway,canary,atlas-observability,PR-11898,REL-2022.3.18,flag_auth_gateway_payment_retry,0,partial,Yara Haddad,error budget guard,ATLAS-4624,"Deployment note: verify feature flag, Grafana SLO, PagerDuty status, database health, and support handoff for auth-gateway."
DEP-01593,2023-09-10,order-ledger,prod,atlas-orders,PR-8126,REL-2022.4.3,flag_order_ledger_payment_retry,75,monitoring,Anika Sharma,latency guard,ATLAS-3716,"Deployment note: verify feature flag, Grafana SLO, PagerDuty status, database health, and support handoff for order-ledger."
DEP-01594,2023-09-13,checkout-api,canary,atlas-checkout,PR-7699,REL-2018.3.14,flag_checkout_api_regional_launch,75,monitoring,Harper Lee,database lag guard,ATLAS-1409,"Deployment note: verify feature flag, Grafana SLO, PagerDuty status, database health, and support handoff for checkout-api."
DEP-01595,2023-09-12,cart-service,prod,atlas-data,PR-7449,REL-2020.4.1,flag_cart_service_regional_launch,100,partial,Aisha Khan,error budget guard,ATLAS-2826,"Deployment note: verify feature flag, Grafana SLO, PagerDuty status, database health, and support handoff for cart-service."
DEP-01596,2023-09-13,tax-service,prod,atlas-observability,PR-5962,REL-2018.4.5,flag_tax_service_new_write_path,50,partial,Jon Bell,latency guard,ATLAS-6066,"Deployment note: verify feature flag, Grafana SLO, PagerDuty status, database health, and support handoff for tax-service."
DEP-01597,2023-09-15,cart-service,prod,atlas-infra,PR-7075,REL-2019.06,flag_cart_service_payment_retry,1,rolled back,Priya Nair,error budget guard,ATLAS-1536,"Deployment note: verify feature flag, Grafana SLO, PagerDuty status, database health, and support handoff for cart-service."
DEP-01598,2023-09-16,search-recommendations,stage,atlas-data,PR-9441,REL-2023.2.4,flag_search_recommendations_new_write_path,10,partial,Anika Sharma,manual approval,ATLAS-3290,"Deployment note: verify feature flag, Grafana SLO, PagerDuty status, database health, and support handoff for search-recommendations."
DEP-01599,2023-09-18,analytics-pipeline,canary,atlas-data,PR-10699,REL-2024.3.0,flag_analytics_pipeline_payment_retry,5,paused,Jon Bell,latency guard,ATLAS-3228,"Deployment note: verify feature flag, Grafana SLO, PagerDuty status, database health, and support handoff for analytics-pipeline."
DEP-01600,2023-09-20,analytics-pipeline,canary,atlas-observability,PR-8377,REL-2025.2.3,flag_analytics_pipeline_payment_retry,50,partial,Priya Nair,manual approval,ATLAS-5353,"Deployment note: verify feature flag, Grafana SLO, PagerDuty status, database health, and support handoff for analytics-pipeline."
DEP-01601,2023-09-21,search-recommendations,canary,atlas-web,PR-11822,REL-2024.04,flag_search_recommendations_regional_launch,25,partial,Owen Brooks,error budget guard,ATLAS-3197,"Deployment note: verify feature flag, Grafana SLO, PagerDuty status, database health, and support handoff for search-recommendations."
DEP-01602,2023-09-21,loyalty-service,stage,atlas-orders,PR-7880,REL-2023.1.0,flag_loyalty_service_dual_run,75,rolled back,Jon Bell,support volume guard,ATLAS-4003,"Deployment note: verify feature flag, Grafana SLO, PagerDuty status, database health, and support handoff for loyalty-service."
DEP-01603,2023-09-23,tax-service,prod,atlas-web,PR-11029,REL-2021.2.4,flag_tax_service_regional_launch,25,monitoring,Luca Moretti,manual approval,ATLAS-6165,"Deployment note: verify feature flag, Grafana SLO, PagerDuty status, database health, and support handoff for tax-service."
DEP-01604,2023-09-23,notification-service,prod,atlas-infra,PR-9922,REL-2019.10,flag_notification_service_dual_run,50,rolled back,Aisha Khan,latency guard,ATLAS-3115,"Deployment note: verify feature flag, Grafana SLO, PagerDuty status, database health, and support handoff for notification-service."
DEP-01605,2023-09-26,notification-service,canary,atlas-observability,PR-8132,REL-2020.1.0,flag_notification_service_payment_retry,100,monitoring,Victor Silva,error budget guard,ATLAS-4254,"Deployment note: verify feature flag, Grafana SLO, PagerDuty status, database health, and support handoff for notification-service."
DEP-01606,2023-09-26,checkout-api,canary,atlas-orders,PR-11834,REL-2020.3.14,flag_checkout_api_rollback_guard,0,paused,Samir Rao,support volume guard,ATLAS-6108,"Deployment note: verify feature flag, Grafana SLO, PagerDuty status, database health, and support handoff for checkout-api."
DEP-01607,2023-09-27,notification-service,canary,atlas-mobile,PR-9015,REL-2026.04,flag_notification_service_regional_launch,75,rolled back,Owen Brooks,support volume guard,ATLAS-4522,"Deployment note: verify feature flag, Grafana SLO, PagerDuty status, database health, and support handoff for notification-service."
DEP-01608,2023-09-28,search-recommendations,canary,atlas-data,PR-8901,REL-2019.03,flag_search_recommendations_regional_launch,50,success,Sara Novak,error budget guard,ATLAS-2520,"Deployment note: verify feature flag, Grafana SLO, PagerDuty status, database health, and support handoff for search-recommendations."
DEP-01609,2023-09-30,tax-service,prod,atlas-infra,PR-12066,REL-2020.02,flag_tax_service_new_write_path,25,success,Nora Singh,support volume guard,ATLAS-4879,"Deployment note: verify feature flag, Grafana SLO, PagerDuty status, database health, and support handoff for tax-service."
DEP-01610,2023-09-30,analytics-pipeline,canary,atlas-checkout,PR-7689,REL-2020.3.18,flag_analytics_pipeline_dual_run,75,monitoring,Maya Chen,manual approval,ATLAS-1495,"Deployment note: verify feature flag, Grafana SLO, PagerDuty status, database health, and support handoff for analytics-pipeline."
DEP-01611,2023-10-02,notification-service,canary,atlas-checkout,PR-7131,REL-2023.1.7,flag_notification_service_mobile_session,50,partial,Jon Bell,manual approval,ATLAS-1366,"Deployment note: verify feature flag, Grafana SLO, PagerDuty status, database health, and support handoff for notification-service."
DEP-01612,2023-10-03,loyalty-service,stage,atlas-data,PR-9460,REL-2021.11,flag_loyalty_service_regional_launch,50,success,Grace Kim,latency guard,ATLAS-1983,"Deployment note: verify feature flag, Grafana SLO, PagerDuty status, database health, and support handoff for loyalty-service."
DEP-01613,2023-10-04,inventory-reservation,canary,atlas-web,PR-12121,REL-2021.2.2,flag_inventory_reservation_payment_retry,25,success,Ravi Patel,manual approval,ATLAS-3115,"Deployment note: verify feature flag, Grafana SLO, PagerDuty status, database health, and support handoff for inventory-reservation."
DEP-01614,2023-10-05,loyalty-service,canary,atlas-payments,PR-9063,REL-2022.09,flag_loyalty_service_mobile_session,50,success,Iris Wang,error budget guard,ATLAS-5369,"Deployment note: verify feature flag, Grafana SLO, PagerDuty status, database health, and support handoff for loyalty-service."
DEP-01615,2023-10-06,tax-service,canary,atlas-observability,PR-11744,REL-2022.06,flag_tax_service_rollback_guard,100,paused,Samir Rao,latency guard,ATLAS-5943,"Deployment note: verify feature flag, Grafana SLO, PagerDuty status, database health, and support handoff for tax-service."
DEP-01616,2023-10-09,cart-service,stage,atlas-infra,PR-9804,REL-2023.4.11,flag_cart_service_mobile_session,5,monitoring,Dmitri Volkov,latency guard,ATLAS-2436,"Deployment note: verify feature flag, Grafana SLO, PagerDuty status, database health, and support handoff for cart-service."
DEP-01617,2023-10-11,tax-service,prod,atlas-web,PR-9466,REL-2024.10,flag_tax_service_regional_launch,0,paused,Priya Nair,latency guard,ATLAS-3583,"Deployment note: verify feature flag, Grafana SLO, PagerDuty status, database health, and support handoff for tax-service."
DEP-01618,2023-10-11,tax-service,canary,atlas-infra,PR-10642,REL-2019.3.14,flag_tax_service_new_write_path,50,monitoring,Ravi Patel,latency guard,ATLAS-1539,"Deployment note: verify feature flag, Grafana SLO, PagerDuty status, database health, and support handoff for tax-service."
DEP-01619,2023-10-12,loyalty-service,prod,atlas-infra,PR-12554,REL-2023.08,flag_loyalty_service_mobile_session,10,monitoring,Fatima Noor,database lag guard,ATLAS-4140,"Deployment note: verify feature flag, Grafana SLO, PagerDuty status, database health, and support handoff for loyalty-service."
DEP-01620,2023-10-13,cart-service,prod,atlas-web,PR-11307,REL-2018.4.1,flag_cart_service_dual_run,100,paused,Iris Wang,latency guard,ATLAS-5619,"Deployment note: verify feature flag, Grafana SLO, PagerDuty status, database health, and support handoff for cart-service."
DEP-01621,2023-10-14,cart-service,stage,atlas-infra,PR-8813,REL-2018.09,flag_cart_service_new_write_path,1,rolled back,Grace Kim,database lag guard,ATLAS-4957,"Deployment note: verify feature flag, Grafana SLO, PagerDuty status, database health, and support handoff for cart-service."
DEP-01622,2023-10-16,order-ledger,canary,atlas-checkout,PR-6036,REL-2025.10,flag_order_ledger_payment_retry,0,paused,Harper Lee,database lag guard,ATLAS-5619,"Deployment note: verify feature flag, Grafana SLO, PagerDuty status, database health, and support handoff for order-ledger."
DEP-01623,2023-10-18,auth-gateway,stage,atlas-payments,PR-5740,REL-2021.2.2,flag_auth_gateway_new_write_path,1,success,Iris Wang,error budget guard,ATLAS-2593,"Deployment note: verify feature flag, Grafana SLO, PagerDuty status, database health, and support handoff for auth-gateway."
DEP-01624,2023-10-19,loyalty-service,stage,atlas-web,PR-8525,REL-2026.2.6,flag_loyalty_service_payment_retry,25,monitoring,Sara Novak,support volume guard,ATLAS-1351,"Deployment note: verify feature flag, Grafana SLO, PagerDuty status, database health, and support handoff for loyalty-service."
DEP-01625,2023-10-18,pricing-engine,canary,atlas-checkout,PR-10367,REL-2018.07,flag_pricing_engine_regional_launch,50,paused,Jon Bell,latency guard,ATLAS-3864,"Deployment note: verify feature flag, Grafana SLO, PagerDuty status, database health, and support handoff for pricing-engine."
DEP-01626,2023-10-20,pricing-engine,prod,atlas-observability,PR-10030,REL-2019.09,flag_pricing_engine_dual_run,100,partial,Owen Brooks,error budget guard,ATLAS-5680,"Deployment note: verify feature flag, Grafana SLO, PagerDuty status, database health, and support handoff for pricing-engine."
DEP-01627,2023-10-23,cart-service,stage,atlas-checkout,PR-11814,REL-2024.1.3,flag_cart_service_new_write_path,25,paused,Iris Wang,database lag guard,ATLAS-5187,"Deployment note: verify feature flag, Grafana SLO, PagerDuty status, database health, and support handoff for cart-service."
DEP-01628,2023-10-22,auth-gateway,canary,atlas-payments,PR-9687,REL-2024.3.17,flag_auth_gateway_rollback_guard,5,success,Yara Haddad,error budget guard,ATLAS-1165,"Deployment note: verify feature flag, Grafana SLO, PagerDuty status, database health, and support handoff for auth-gateway."
DEP-01629,2023-10-25,auth-gateway,canary,atlas-data,PR-8651,REL-2023.4.13,flag_auth_gateway_mobile_session,100,paused,Aisha Khan,database lag guard,ATLAS-6109,"Deployment note: verify feature flag, Grafana SLO, PagerDuty status, database health, and support handoff for auth-gateway."
DEP-01630,2023-10-25,pricing-engine,stage,atlas-orders,PR-5435,REL-2023.10,flag_pricing_engine_new_write_path,10,monitoring,Mateo Garcia,database lag guard,ATLAS-4647,"Deployment note: verify feature flag, Grafana SLO, PagerDuty status, database health, and support handoff for pricing-engine."
DEP-01631,2023-10-26,analytics-pipeline,canary,atlas-mobile,PR-5887,REL-2019.2.0,flag_analytics_pipeline_dual_run,1,paused,Samir Rao,latency guard,ATLAS-1112,"Deployment note: verify feature flag, Grafana SLO, PagerDuty status, database health, and support handoff for analytics-pipeline."
DEP-01632,2023-10-27,inventory-reservation,canary,atlas-checkout,PR-7454,REL-2018.4.10,flag_inventory_reservation_dual_run,50,rolled back,Priya Nair,support volume guard,ATLAS-2593,"Deployment note: verify feature flag, Grafana SLO, PagerDuty status, database health, and support handoff for inventory-reservation."
DEP-01633,2023-10-28,auth-gateway,canary,atlas-infra,PR-9095,REL-2021.3.18,flag_auth_gateway_payment_retry,25,rolled back,Jon Bell,manual approval,ATLAS-1443,"Deployment note: verify feature flag, Grafana SLO, PagerDuty status, database health, and support handoff for auth-gateway."
DEP-01634,2023-10-31,tax-service,stage,atlas-payments,PR-5564,REL-2026.2.0,flag_tax_service_mobile_session,25,success,Iris Wang,database lag guard,ATLAS-3532,"Deployment note: verify feature flag, Grafana SLO, PagerDuty status, database health, and support handoff for tax-service."
DEP-01635,2023-10-31,tax-service,prod,atlas-checkout,PR-6257,REL-2019.09,flag_tax_service_dual_run,1,success,Noah Evans,manual approval,ATLAS-3764,"Deployment note: verify feature flag, Grafana SLO, PagerDuty status, database health, and support handoff for tax-service."
DEP-01636,2023-11-03,auth-gateway,canary,atlas-orders,PR-10081,REL-2022.3.12,flag_auth_gateway_rollback_guard,1,monitoring,Harper Lee,manual approval,ATLAS-2731,"Deployment note: verify feature flag, Grafana SLO, PagerDuty status, database health, and support handoff for auth-gateway."
DEP-01637,2023-11-02,cart-service,stage,atlas-orders,PR-6010,REL-2020.03,flag_cart_service_new_write_path,5,monitoring,Theo Martin,database lag guard,ATLAS-1628,"Deployment note: verify feature flag, Grafana SLO, PagerDuty status, database health, and support handoff for cart-service."
DEP-01638,2023-11-03,auth-gateway,canary,atlas-payments,PR-6210,REL-2023.07,flag_auth_gateway_payment_retry,75,success,Maya Chen,error budget guard,ATLAS-1053,"Deployment note: verify feature flag, Grafana SLO, PagerDuty status, database health, and support handoff for auth-gateway."
DEP-01639,2023-11-04,cart-service,canary,atlas-infra,PR-9134,REL-2021.02,flag_cart_service_new_write_path,100,monitoring,Harper Lee,latency guard,ATLAS-4470,"Deployment note: verify feature flag, Grafana SLO, PagerDuty status, database health, and support handoff for cart-service."
DEP-01640,2023-11-05,inventory-reservation,prod,atlas-checkout,PR-6496,REL-2021.10,flag_inventory_reservation_mobile_session,25,paused,Theo Martin,support volume guard,ATLAS-5542,"Deployment note: verify feature flag, Grafana SLO, PagerDuty status, database health, and support handoff for inventory-reservation."
DEP-01641,2023-11-07,notification-service,prod,atlas-orders,PR-7292,REL-2024.07,flag_notification_service_dual_run,50,paused,Owen Brooks,support volume guard,ATLAS-1710,"Deployment note: verify feature flag, Grafana SLO, PagerDuty status, database health, and support handoff for notification-service."
DEP-01642,2023-11-09,analytics-pipeline,stage,atlas-payments,PR-5006,REL-2020.03,flag_analytics_pipeline_regional_launch,100,paused,Priya Nair,latency guard,ATLAS-4147,"Deployment note: verify feature flag, Grafana SLO, PagerDuty status, database health, and support handoff for analytics-pipeline."
DEP-01643,2023-11-09,order-ledger,stage,atlas-web,PR-9105,REL-2025.3.10,flag_order_ledger_dual_run,10,monitoring,Iris Wang,error budget guard,ATLAS-2201,"Deployment note: verify feature flag, Grafana SLO, PagerDuty status, database health, and support handoff for order-ledger."
DEP-01644,2023-11-10,auth-gateway,stage,atlas-orders,PR-10913,REL-2023.09,flag_auth_gateway_payment_retry,50,monitoring,Ben Carter,database lag guard,ATLAS-4526,"Deployment note: verify feature flag, Grafana SLO, PagerDuty status, database health, and support handoff for auth-gateway."
DEP-01645,2023-11-13,loyalty-service,prod,atlas-observability,PR-12284,REL-2025.3.2,flag_loyalty_service_payment_retry,0,rolled back,Jon Bell,database lag guard,ATLAS-1106,"Deployment note: verify feature flag, Grafana SLO, PagerDuty status, database health, and support handoff for loyalty-service."
DEP-01646,2023-11-15,search-recommendations,stage,atlas-orders,PR-5589,REL-2022.3.8,flag_search_recommendations_regional_launch,75,success,Jon Bell,database lag guard,ATLAS-3395,"Deployment note: verify feature flag, Grafana SLO, PagerDuty status, database health, and support handoff for search-recommendations."
DEP-01647,2023-11-16,cart-service,canary,atlas-web,PR-8234,REL-2019.03,flag_cart_service_mobile_session,50,partial,Samir Rao,error budget guard,ATLAS-1683,"Deployment note: verify feature flag, Grafana SLO, PagerDuty status, database health, and support handoff for cart-service."
DEP-01648,2023-11-17,tax-service,stage,atlas-web,PR-9020,REL-2022.1.3,flag_tax_service_dual_run,0,monitoring,Elena Petrova,database lag guard,ATLAS-4253,"Deployment note: verify feature flag, Grafana SLO, PagerDuty status, database health, and support handoff for tax-service."
DEP-01649,2023-11-16,pricing-engine,prod,atlas-orders,PR-8167,REL-2019.1.9,flag_pricing_engine_regional_launch,75,monitoring,Harper Lee,error budget guard,ATLAS-1446,"Deployment note: verify feature flag, Grafana SLO, PagerDuty status, database health, and support handoff for pricing-engine."
DEP-01650,2023-11-17,loyalty-service,prod,atlas-data,PR-10121,REL-2019.3.9,flag_loyalty_service_dual_run,10,partial,Priya Nair,latency guard,ATLAS-3261,"Deployment note: verify feature flag, Grafana SLO, PagerDuty status, database health, and support handoff for loyalty-service."
DEP-01651,2023-11-20,tax-service,canary,atlas-payments,PR-6959,REL-2018.4.1,flag_tax_service_rollback_guard,10,success,Dmitri Volkov,support volume guard,ATLAS-2415,"Deployment note: verify feature flag, Grafana SLO, PagerDuty status, database health, and support handoff for tax-service."
DEP-01652,2023-11-21,loyalty-service,stage,atlas-checkout,PR-5099,REL-2022.07,flag_loyalty_service_dual_run,100,monitoring,Ravi Patel,error budget guard,ATLAS-3158,"Deployment note: verify feature flag, Grafana SLO, PagerDuty status, database health, and support handoff for loyalty-service."
DEP-01653,2023-11-22,analytics-pipeline,stage,atlas-checkout,PR-9458,REL-2020.3.18,flag_analytics_pipeline_new_write_path,1,paused,Dmitri Volkov,error budget guard,ATLAS-4178,"Deployment note: verify feature flag, Grafana SLO, PagerDuty status, database health, and support handoff for analytics-pipeline."
DEP-01654,2023-11-24,checkout-api,stage,atlas-infra,PR-12344,REL-2019.2.2,flag_checkout_api_dual_run,25,paused,Mateo Garcia,error budget guard,ATLAS-1651,"Deployment note: verify feature flag, Grafana SLO, PagerDuty status, database health, and support handoff for checkout-api."
DEP-01655,2023-11-24,payment-orchestrator,canary,atlas-data,PR-6222,REL-2019.2.16,flag_payment_orchestrator_mobile_session,25,paused,Maya Chen,latency guard,ATLAS-3024,"Deployment note: verify feature flag, Grafana SLO, PagerDuty status, database health, and support handoff for payment-orchestrator."
DEP-01656,2023-11-27,loyalty-service,prod,atlas-orders,PR-9370,REL-2023.1.0,flag_loyalty_service_new_write_path,5,paused,Kim Tan,latency guard,ATLAS-1963,"Deployment note: verify feature flag, Grafana SLO, PagerDuty status, database health, and support handoff for loyalty-service."
DEP-01657,2023-11-27,search-recommendations,prod,atlas-observability,PR-7905,REL-2023.1.7,flag_search_recommendations_regional_launch,1,paused,Anika Sharma,latency guard,ATLAS-4704,"Deployment note: verify feature flag, Grafana SLO, PagerDuty status, database health, and support handoff for search-recommendations."
DEP-01658,2023-11-27,search-recommendations,canary,atlas-mobile,PR-11503,REL-2019.2.9,flag_search_recommendations_payment_retry,0,success,Mateo Garcia,manual approval,ATLAS-2135,"Deployment note: verify feature flag, Grafana SLO, PagerDuty status, database health, and support handoff for search-recommendations."
DEP-01659,2023-11-28,checkout-api,canary,atlas-infra,PR-9320,REL-2020.09,flag_checkout_api_payment_retry,75,success,Nora Singh,database lag guard,ATLAS-3087,"Deployment note: verify feature flag, Grafana SLO, PagerDuty status, database health, and support handoff for checkout-api."
DEP-01660,2023-12-01,pricing-engine,canary,atlas-infra,PR-5408,REL-2018.09,flag_pricing_engine_payment_retry,75,success,Grace Kim,database lag guard,ATLAS-2998,"Deployment note: verify feature flag, Grafana SLO, PagerDuty status, database health, and support handoff for pricing-engine."
DEP-01661,2023-12-01,checkout-api,canary,atlas-payments,PR-6267,REL-2024.03,flag_checkout_api_dual_run,50,rolled back,Samir Rao,manual approval,ATLAS-4037,"Deployment note: verify feature flag, Grafana SLO, PagerDuty status, database health, and support handoff for checkout-api."
DEP-01662,2023-12-04,auth-gateway,prod,atlas-payments,PR-9111,REL-2025.4.18,flag_auth_gateway_dual_run,25,rolled back,Harper Lee,latency guard,ATLAS-3596,"Deployment note: verify feature flag, Grafana SLO, PagerDuty status, database health, and support handoff for auth-gateway."
DEP-01663,2023-12-03,pricing-engine,stage,atlas-orders,PR-5516,REL-2022.3.10,flag_pricing_engine_new_write_path,5,rolled back,Luca Moretti,latency guard,ATLAS-2434,"Deployment note: verify feature flag, Grafana SLO, PagerDuty status, database health, and support handoff for pricing-engine."
DEP-01664,2023-12-05,inventory-reservation,canary,atlas-data,PR-7703,REL-2023.09,flag_inventory_reservation_regional_launch,0,paused,Kim Tan,error budget guard,ATLAS-3847,"Deployment note: verify feature flag, Grafana SLO, PagerDuty status, database health, and support handoff for inventory-reservation."
DEP-01665,2023-12-07,auth-gateway,prod,atlas-orders,PR-9801,REL-2022.07,flag_auth_gateway_payment_retry,1,success,Owen Brooks,manual approval,ATLAS-4799,"Deployment note: verify feature flag, Grafana SLO, PagerDuty status, database health, and support handoff for auth-gateway."
DEP-01666,2023-12-09,inventory-reservation,prod,atlas-payments,PR-7182,REL-2020.3.10,flag_inventory_reservation_mobile_session,50,paused,Priya Nair,error budget guard,ATLAS-4168,"Deployment note: verify feature flag, Grafana SLO, PagerDuty status, database health, and support handoff for inventory-reservation."
DEP-01667,2023-12-10,pricing-engine,stage,atlas-mobile,PR-6320,REL-2021.4.16,flag_pricing_engine_regional_launch,10,partial,Noah Evans,error budget guard,ATLAS-5610,"Deployment note: verify feature flag, Grafana SLO, PagerDuty status, database health, and support handoff for pricing-engine."
DEP-01668,2023-12-09,pricing-engine,stage,atlas-data,PR-5963,REL-2018.3.5,flag_pricing_engine_new_write_path,25,paused,Grace Kim,support volume guard,ATLAS-3950,"Deployment note: verify feature flag, Grafana SLO, PagerDuty status, database health, and support handoff for pricing-engine."
DEP-01669,2023-12-11,notification-service,canary,atlas-infra,PR-8630,REL-2026.1.1,flag_notification_service_payment_retry,10,success,Nora Singh,support volume guard,ATLAS-3195,"Deployment note: verify feature flag, Grafana SLO, PagerDuty status, database health, and support handoff for notification-service."
DEP-01670,2023-12-13,payment-orchestrator,prod,atlas-mobile,PR-11327,REL-2022.3.8,flag_payment_orchestrator_new_write_path,75,monitoring,Iris Wang,error budget guard,ATLAS-5361,"Deployment note: verify feature flag, Grafana SLO, PagerDuty status, database health, and support handoff for payment-orchestrator."
DEP-01671,2023-12-14,auth-gateway,prod,atlas-payments,PR-7171,REL-2018.3.14,flag_auth_gateway_regional_launch,0,partial,Ravi Patel,manual approval,ATLAS-2272,"Deployment note: verify feature flag, Grafana SLO, PagerDuty status, database health, and support handoff for auth-gateway."
DEP-01672,2023-12-16,payment-orchestrator,canary,atlas-observability,PR-11371,REL-2025.10,flag_payment_orchestrator_dual_run,1,rolled back,Fatima Noor,manual approval,ATLAS-4699,"Deployment note: verify feature flag, Grafana SLO, PagerDuty status, database health, and support handoff for payment-orchestrator."
DEP-01673,2023-12-17,checkout-api,stage,atlas-data,PR-11408,REL-2022.03,flag_checkout_api_dual_run,0,rolled back,Maya Chen,manual approval,ATLAS-3582,"Deployment note: verify feature flag, Grafana SLO, PagerDuty status, database health, and support handoff for checkout-api."
DEP-01674,2023-12-17,tax-service,stage,atlas-mobile,PR-6560,REL-2018.3.14,flag_tax_service_rollback_guard,100,success,Aisha Khan,support volume guard,ATLAS-1286,"Deployment note: verify feature flag, Grafana SLO, PagerDuty status, database health, and support handoff for tax-service."
DEP-01675,2023-12-19,order-ledger,canary,atlas-checkout,PR-7410,REL-2025.3.10,flag_order_ledger_mobile_session,25,success,Fatima Noor,latency guard,ATLAS-1152,"Deployment note: verify feature flag, Grafana SLO, PagerDuty status, database health, and support handoff for order-ledger."
DEP-01676,2023-12-19,tax-service,canary,atlas-checkout,PR-8572,REL-2019.4.19,flag_tax_service_dual_run,10,paused,Samir Rao,manual approval,ATLAS-4392,"Deployment note: verify feature flag, Grafana SLO, PagerDuty status, database health, and support handoff for tax-service."
DEP-01677,2023-12-21,pricing-engine,stage,atlas-orders,PR-7197,REL-2019.4.9,flag_pricing_engine_dual_run,25,monitoring,Priya Nair,latency guard,ATLAS-4665,"Deployment note: verify feature flag, Grafana SLO, PagerDuty status, database health, and support handoff for pricing-engine."
DEP-01678,2023-12-21,payment-orchestrator,prod,atlas-mobile,PR-7578,REL-2023.1.18,flag_payment_orchestrator_rollback_guard,10,paused,Victor Silva,latency guard,ATLAS-2063,"Deployment note: verify feature flag, Grafana SLO, PagerDuty status, database health, and support handoff for payment-orchestrator."
DEP-01679,2023-12-24,pricing-engine,canary,atlas-checkout,PR-8030,REL-2025.2.19,flag_pricing_engine_dual_run,75,rolled back,Kim Tan,latency guard,ATLAS-3540,"Deployment note: verify feature flag, Grafana SLO, PagerDuty status, database health, and support handoff for pricing-engine."
DEP-01680,2023-12-26,cart-service,stage,atlas-observability,PR-9844,REL-2025.3.7,flag_cart_service_regional_launch,0,monitoring,Priya Nair,manual approval,ATLAS-1918,"Deployment note: verify feature flag, Grafana SLO, PagerDuty status, database health, and support handoff for cart-service."
DEP-01681,2023-12-27,inventory-reservation,prod,atlas-orders,PR-8318,REL-2020.3.0,flag_inventory_reservation_mobile_session,75,partial,Ravi Patel,manual approval,ATLAS-1115,"Deployment note: verify feature flag, Grafana SLO, PagerDuty status, database health, and support handoff for inventory-reservation."
DEP-01682,2023-12-28,pricing-engine,stage,atlas-checkout,PR-9136,REL-2023.1.18,flag_pricing_engine_payment_retry,100,paused,Priya Nair,error budget guard,ATLAS-1786,"Deployment note: verify feature flag, Grafana SLO, PagerDuty status, database health, and support handoff for pricing-engine."
DEP-01683,2023-12-28,notification-service,stage,atlas-infra,PR-10215,REL-2019.2.6,flag_notification_service_mobile_session,1,monitoring,Harper Lee,error budget guard,ATLAS-5121,"Deployment note: verify feature flag, Grafana SLO, PagerDuty status, database health, and support handoff for notification-service."
DEP-01684,2023-12-29,inventory-reservation,canary,atlas-checkout,PR-8214,REL-2020.3.5,flag_inventory_reservation_regional_launch,10,paused,Iris Wang,latency guard,ATLAS-2311,"Deployment note: verify feature flag, Grafana SLO, PagerDuty status, database health, and support handoff for inventory-reservation."
DEP-01685,2023-12-31,order-ledger,canary,atlas-data,PR-6123,REL-2025.3.2,flag_order_ledger_new_write_path,25,rolled back,Maya Chen,latency guard,ATLAS-1475,"Deployment note: verify feature flag, Grafana SLO, PagerDuty status, database health, and support handoff for order-ledger."
DEP-01686,2024-01-02,loyalty-service,prod,atlas-infra,PR-8936,REL-2022.3.4,flag_loyalty_service_rollback_guard,5,rolled back,Mateo Garcia,error budget guard,ATLAS-3041,"Deployment note: verify feature flag, Grafana SLO, PagerDuty status, database health, and support handoff for loyalty-service."
DEP-01687,2024-01-01,loyalty-service,stage,atlas-data,PR-7628,REL-2023.4.17,flag_loyalty_service_payment_retry,50,rolled back,Samir Rao,manual approval,ATLAS-4775,"Deployment note: verify feature flag, Grafana SLO, PagerDuty status, database health, and support handoff for loyalty-service."
DEP-01688,2024-01-03,search-recommendations,stage,atlas-infra,PR-9659,REL-2024.1.11,flag_search_recommendations_rollback_guard,75,rolled back,Luca Moretti,manual approval,ATLAS-5466,"Deployment note: verify feature flag, Grafana SLO, PagerDuty status, database health, and support handoff for search-recommendations."
DEP-01689,2024-01-06,tax-service,prod,atlas-web,PR-9432,REL-2018.4.9,flag_tax_service_regional_launch,25,success,Iris Wang,database lag guard,ATLAS-1430,"Deployment note: verify feature flag, Grafana SLO, PagerDuty status, database health, and support handoff for tax-service."
DEP-01690,2024-01-05,cart-service,stage,atlas-web,PR-7162,REL-2023.1.3,flag_cart_service_payment_retry,0,success,Kim Tan,manual approval,ATLAS-5260,"Deployment note: verify feature flag, Grafana SLO, PagerDuty status, database health, and support handoff for cart-service."
DEP-01691,2024-01-06,notification-service,canary,atlas-mobile,PR-7227,REL-2024.3.4,flag_notification_service_payment_retry,0,paused,Ravi Patel,manual approval,ATLAS-3621,"Deployment note: verify feature flag, Grafana SLO, PagerDuty status, database health, and support handoff for notification-service."
DEP-01692,2024-01-09,pricing-engine,stage,atlas-mobile,PR-10047,REL-2023.3.14,flag_pricing_engine_regional_launch,25,monitoring,Ben Carter,error budget guard,ATLAS-1341,"Deployment note: verify feature flag, Grafana SLO, PagerDuty status, database health, and support handoff for pricing-engine."
DEP-01693,2024-01-09,analytics-pipeline,prod,atlas-web,PR-10166,REL-2021.06,flag_analytics_pipeline_payment_retry,5,paused,Theo Martin,support volume guard,ATLAS-3630,"Deployment note: verify feature flag, Grafana SLO, PagerDuty status, database health, and support handoff for analytics-pipeline."
DEP-01694,2024-01-12,notification-service,canary,atlas-data,PR-5318,REL-2021.04,flag_notification_service_rollback_guard,5,rolled back,Maya Chen,manual approval,ATLAS-4972,"Deployment note: verify feature flag, Grafana SLO, PagerDuty status, database health, and support handoff for notification-service."
DEP-01695,2024-01-12,analytics-pipeline,stage,atlas-checkout,PR-9061,REL-2025.12,flag_analytics_pipeline_payment_retry,75,partial,Sara Novak,latency guard,ATLAS-2355,"Deployment note: verify feature flag, Grafana SLO, PagerDuty status, database health, and support handoff for analytics-pipeline."
DEP-01696,2024-01-12,notification-service,prod,atlas-checkout,PR-8816,REL-2020.3.19,flag_notification_service_regional_launch,75,partial,Owen Brooks,latency guard,ATLAS-3837,"Deployment note: verify feature flag, Grafana SLO, PagerDuty status, database health, and support handoff for notification-service."
DEP-01697,2024-01-14,checkout-api,canary,atlas-infra,PR-10196,REL-2023.12,flag_checkout_api_new_write_path,75,paused,Aisha Khan,manual approval,ATLAS-5634,"Deployment note: verify feature flag, Grafana SLO, PagerDuty status, database health, and support handoff for checkout-api."
DEP-01698,2024-01-16,payment-orchestrator,prod,atlas-data,PR-5322,REL-2021.09,flag_payment_orchestrator_mobile_session,10,paused,Jon Bell,error budget guard,ATLAS-4080,"Deployment note: verify feature flag, Grafana SLO, PagerDuty status, database health, and support handoff for payment-orchestrator."
DEP-01699,2024-01-16,analytics-pipeline,canary,atlas-orders,PR-8162,REL-2020.10,flag_analytics_pipeline_rollback_guard,50,success,Fatima Noor,manual approval,ATLAS-5235,"Deployment note: verify feature flag, Grafana SLO, PagerDuty status, database health, and support handoff for analytics-pipeline."
DEP-01700,2024-01-18,payment-orchestrator,canary,atlas-infra,PR-5121,REL-2024.1.18,flag_payment_orchestrator_rollback_guard,50,rolled back,Nora Singh,latency guard,ATLAS-4758,"Deployment note: verify feature flag, Grafana SLO, PagerDuty status, database health, and support handoff for payment-orchestrator."
DEP-01701,2024-01-18,cart-service,stage,atlas-checkout,PR-7420,REL-2020.3.17,flag_cart_service_regional_launch,100,paused,Harper Lee,database lag guard,ATLAS-2424,"Deployment note: verify feature flag, Grafana SLO, PagerDuty status, database health, and support handoff for cart-service."
DEP-01702,2024-01-21,tax-service,stage,atlas-mobile,PR-5947,REL-2026.04,flag_tax_service_rollback_guard,25,success,Dmitri Volkov,manual approval,ATLAS-3610,"Deployment note: verify feature flag, Grafana SLO, PagerDuty status, database health, and support handoff for tax-service."
DEP-01703,2024-01-21,inventory-reservation,canary,atlas-web,PR-9266,REL-2020.1.12,flag_inventory_reservation_new_write_path,0,partial,Samir Rao,manual approval,ATLAS-4063,"Deployment note: verify feature flag, Grafana SLO, PagerDuty status, database health, and support handoff for inventory-reservation."
DEP-01704,2024-01-22,checkout-api,prod,atlas-orders,PR-5301,REL-2020.12,flag_checkout_api_rollback_guard,50,monitoring,Aisha Khan,latency guard,ATLAS-4584,"Deployment note: verify feature flag, Grafana SLO, PagerDuty status, database health, and support handoff for checkout-api."
DEP-01705,2024-01-25,analytics-pipeline,stage,atlas-infra,PR-9821,REL-2024.3.17,flag_analytics_pipeline_new_write_path,1,rolled back,Fatima Noor,manual approval,ATLAS-4157,"Deployment note: verify feature flag, Grafana SLO, PagerDuty status, database health, and support handoff for analytics-pipeline."
DEP-01706,2024-01-26,loyalty-service,canary,atlas-payments,PR-9045,REL-2021.2.5,flag_loyalty_service_regional_launch,10,partial,Grace Kim,support volume guard,ATLAS-5641,"Deployment note: verify feature flag, Grafana SLO, PagerDuty status, database health, and support handoff for loyalty-service."
DEP-01707,2024-01-26,analytics-pipeline,stage,atlas-web,PR-10011,REL-2026.2.0,flag_analytics_pipeline_new_write_path,75,rolled back,Owen Brooks,latency guard,ATLAS-2882,"Deployment note: verify feature flag, Grafana SLO, PagerDuty status, database health, and support handoff for analytics-pipeline."
DEP-01708,2024-01-28,notification-service,stage,atlas-payments,PR-8932,REL-2020.3.10,flag_notification_service_rollback_guard,1,success,Anika Sharma,database lag guard,ATLAS-4227,"Deployment note: verify feature flag, Grafana SLO, PagerDuty status, database health, and support handoff for notification-service."
DEP-01709,2024-01-30,inventory-reservation,stage,atlas-payments,PR-9710,REL-2024.3.4,flag_inventory_reservation_payment_retry,75,rolled back,Anika Sharma,error budget guard,ATLAS-4785,"Deployment note: verify feature flag, Grafana SLO, PagerDuty status, database health, and support handoff for inventory-reservation."
DEP-01710,2024-01-30,order-ledger,canary,atlas-observability,PR-7426,REL-2025.03,flag_order_ledger_regional_launch,100,success,Aisha Khan,support volume guard,ATLAS-5412,"Deployment note: verify feature flag, Grafana SLO, PagerDuty status, database health, and support handoff for order-ledger."
DEP-01711,2024-01-30,order-ledger,stage,atlas-orders,PR-9435,REL-2023.07,flag_order_ledger_regional_launch,0,partial,Theo Martin,support volume guard,ATLAS-2125,"Deployment note: verify feature flag, Grafana SLO, PagerDuty status, database health, and support handoff for order-ledger."
DEP-01712,2024-02-03,search-recommendations,stage,atlas-data,PR-12545,REL-2025.04,flag_search_recommendations_rollback_guard,1,partial,Harper Lee,latency guard,ATLAS-3983,"Deployment note: verify feature flag, Grafana SLO, PagerDuty status, database health, and support handoff for search-recommendations."
DEP-01713,2024-02-03,analytics-pipeline,canary,atlas-mobile,PR-10058,REL-2019.01,flag_analytics_pipeline_mobile_session,10,success,Victor Silva,latency guard,ATLAS-1043,"Deployment note: verify feature flag, Grafana SLO, PagerDuty status, database health, and support handoff for analytics-pipeline."
DEP-01714,2024-02-03,notification-service,canary,atlas-checkout,PR-8235,REL-2022.4.10,flag_notification_service_new_write_path,0,partial,Aisha Khan,database lag guard,ATLAS-1758,"Deployment note: verify feature flag, Grafana SLO, PagerDuty status, database health, and support handoff for notification-service."
DEP-01715,2024-02-04,inventory-reservation,canary,atlas-payments,PR-5421,REL-2022.2.4,flag_inventory_reservation_dual_run,5,paused,Priya Nair,latency guard,ATLAS-4379,"Deployment note: verify feature flag, Grafana SLO, PagerDuty status, database health, and support handoff for inventory-reservation."
DEP-01716,2024-02-06,payment-orchestrator,canary,atlas-orders,PR-6712,REL-2025.08,flag_payment_orchestrator_mobile_session,0,success,Maya Chen,support volume guard,ATLAS-4758,"Deployment note: verify feature flag, Grafana SLO, PagerDuty status, database health, and support handoff for payment-orchestrator."
DEP-01717,2024-02-08,payment-orchestrator,prod,atlas-mobile,PR-5595,REL-2024.09,flag_payment_orchestrator_rollback_guard,5,success,Sara Novak,support volume guard,ATLAS-4202,"Deployment note: verify feature flag, Grafana SLO, PagerDuty status, database health, and support handoff for payment-orchestrator."
DEP-01718,2024-02-08,notification-service,stage,atlas-orders,PR-5006,REL-2025.2.14,flag_notification_service_payment_retry,5,partial,Victor Silva,latency guard,ATLAS-5567,"Deployment note: verify feature flag, Grafana SLO, PagerDuty status, database health, and support handoff for notification-service."
DEP-01719,2024-02-11,tax-service,stage,atlas-mobile,PR-8197,REL-2018.3.16,flag_tax_service_dual_run,10,partial,Owen Brooks,error budget guard,ATLAS-2285,"Deployment note: verify feature flag, Grafana SLO, PagerDuty status, database health, and support handoff for tax-service."
DEP-01720,2024-02-10,tax-service,stage,atlas-infra,PR-9783,REL-2019.12,flag_tax_service_regional_launch,0,success,Mateo Garcia,latency guard,ATLAS-5053,"Deployment note: verify feature flag, Grafana SLO, PagerDuty status, database health, and support handoff for tax-service."
DEP-01721,2024-02-12,pricing-engine,canary,atlas-web,PR-6185,REL-2022.06,flag_pricing_engine_regional_launch,100,success,Yara Haddad,error budget guard,ATLAS-2529,"Deployment note: verify feature flag, Grafana SLO, PagerDuty status, database health, and support handoff for pricing-engine."
DEP-01722,2024-02-13,inventory-reservation,prod,atlas-infra,PR-5631,REL-2024.1.11,flag_inventory_reservation_regional_launch,75,rolled back,Owen Brooks,support volume guard,ATLAS-1734,"Deployment note: verify feature flag, Grafana SLO, PagerDuty status, database health, and support handoff for inventory-reservation."
DEP-01723,2024-02-15,checkout-api,prod,atlas-observability,PR-11159,REL-2025.3.15,flag_checkout_api_rollback_guard,5,rolled back,Ravi Patel,manual approval,ATLAS-3893,"Deployment note: verify feature flag, Grafana SLO, PagerDuty status, database health, and support handoff for checkout-api."
DEP-01724,2024-02-15,cart-service,stage,atlas-data,PR-11455,REL-2020.1.12,flag_cart_service_regional_launch,0,monitoring,Elena Petrova,support volume guard,ATLAS-1700,"Deployment note: verify feature flag, Grafana SLO, PagerDuty status, database health, and support handoff for cart-service."
DEP-01725,2024-02-17,search-recommendations,stage,atlas-observability,PR-10174,REL-2025.12,flag_search_recommendations_regional_launch,50,success,Theo Martin,manual approval,ATLAS-6195,"Deployment note: verify feature flag, Grafana SLO, PagerDuty status, database health, and support handoff for search-recommendations."
DEP-01726,2024-02-19,inventory-reservation,canary,atlas-mobile,PR-10527,REL-2026.05,flag_inventory_reservation_regional_launch,75,partial,Maya Chen,error budget guard,ATLAS-2364,"Deployment note: verify feature flag, Grafana SLO, PagerDuty status, database health, and support handoff for inventory-reservation."
DEP-01727,2024-02-21,tax-service,stage,atlas-checkout,PR-8767,REL-2023.4.3,flag_tax_service_dual_run,25,partial,Mateo Garcia,latency guard,ATLAS-1388,"Deployment note: verify feature flag, Grafana SLO, PagerDuty status, database health, and support handoff for tax-service."
DEP-01728,2024-02-21,notification-service,prod,atlas-observability,PR-9153,REL-2019.02,flag_notification_service_regional_launch,75,paused,Priya Nair,error budget guard,ATLAS-2338,"Deployment note: verify feature flag, Grafana SLO, PagerDuty status, database health, and support handoff for notification-service."
DEP-01729,2024-02-21,notification-service,stage,atlas-web,PR-5833,REL-2022.4.19,flag_notification_service_dual_run,5,rolled back,Sara Novak,error budget guard,ATLAS-6042,"Deployment note: verify feature flag, Grafana SLO, PagerDuty status, database health, and support handoff for notification-service."
DEP-01730,2024-02-22,analytics-pipeline,prod,atlas-infra,PR-11591,REL-2023.05,flag_analytics_pipeline_rollback_guard,5,partial,Priya Nair,latency guard,ATLAS-4286,"Deployment note: verify feature flag, Grafana SLO, PagerDuty status, database health, and support handoff for analytics-pipeline."
DEP-01731,2024-02-25,checkout-api,prod,atlas-checkout,PR-10225,REL-2025.07,flag_checkout_api_dual_run,100,success,Owen Brooks,manual approval,ATLAS-2995,"Deployment note: verify feature flag, Grafana SLO, PagerDuty status, database health, and support handoff for checkout-api."
DEP-01732,2024-02-26,analytics-pipeline,prod,atlas-payments,PR-9020,REL-2026.05,flag_analytics_pipeline_rollback_guard,0,paused,Dmitri Volkov,database lag guard,ATLAS-4219,"Deployment note: verify feature flag, Grafana SLO, PagerDuty status, database health, and support handoff for analytics-pipeline."
DEP-01733,2024-02-28,cart-service,prod,atlas-orders,PR-8097,REL-2019.06,flag_cart_service_dual_run,1,paused,Maya Chen,latency guard,ATLAS-4247,"Deployment note: verify feature flag, Grafana SLO, PagerDuty status, database health, and support handoff for cart-service."
DEP-01734,2024-02-27,cart-service,stage,atlas-checkout,PR-9603,REL-2025.3.7,flag_cart_service_dual_run,100,paused,Dmitri Volkov,manual approval,ATLAS-2358,"Deployment note: verify feature flag, Grafana SLO, PagerDuty status, database health, and support handoff for cart-service."
DEP-01735,2024-03-01,cart-service,stage,atlas-web,PR-8068,REL-2021.3.2,flag_cart_service_rollback_guard,75,paused,Theo Martin,latency guard,ATLAS-3349,"Deployment note: verify feature flag, Grafana SLO, PagerDuty status, database health, and support handoff for cart-service."
DEP-01736,2024-03-01,inventory-reservation,prod,atlas-observability,PR-10224,REL-2023.2.15,flag_inventory_reservation_regional_launch,75,monitoring,Elena Petrova,manual approval,ATLAS-1215,"Deployment note: verify feature flag, Grafana SLO, PagerDuty status, database health, and support handoff for inventory-reservation."
DEP-01737,2024-03-04,pricing-engine,stage,atlas-infra,PR-6715,REL-2020.03,flag_pricing_engine_mobile_session,25,paused,Kim Tan,support volume guard,ATLAS-3218,"Deployment note: verify feature flag, Grafana SLO, PagerDuty status, database health, and support handoff for pricing-engine."
DEP-01738,2024-03-03,payment-orchestrator,canary,atlas-infra,PR-6453,REL-2018.4.10,flag_payment_orchestrator_payment_retry,1,partial,Ravi Patel,database lag guard,ATLAS-3272,"Deployment note: verify feature flag, Grafana SLO, PagerDuty status, database health, and support handoff for payment-orchestrator."
DEP-01739,2024-03-05,checkout-api,canary,atlas-web,PR-8713,REL-2019.05,flag_checkout_api_regional_launch,50,monitoring,Priya Nair,latency guard,ATLAS-1507,"Deployment note: verify feature flag, Grafana SLO, PagerDuty status, database health, and support handoff for checkout-api."
DEP-01740,2024-03-07,inventory-reservation,prod,atlas-payments,PR-5561,REL-2024.10,flag_inventory_reservation_mobile_session,10,partial,Maya Chen,error budget guard,ATLAS-4684,"Deployment note: verify feature flag, Grafana SLO, PagerDuty status, database health, and support handoff for inventory-reservation."
DEP-01741,2024-03-07,pricing-engine,prod,atlas-observability,PR-10649,REL-2019.12,flag_pricing_engine_mobile_session,10,monitoring,Theo Martin,error budget guard,ATLAS-3411,"Deployment note: verify feature flag, Grafana SLO, PagerDuty status, database health, and support handoff for pricing-engine."
DEP-01742,2024-03-10,search-recommendations,canary,atlas-checkout,PR-10762,REL-2024.3.4,flag_search_recommendations_regional_launch,25,paused,Owen Brooks,database lag guard,ATLAS-2878,"Deployment note: verify feature flag, Grafana SLO, PagerDuty status, database health, and support handoff for search-recommendations."
DEP-01743,2024-03-09,search-recommendations,prod,atlas-data,PR-5168,REL-2023.09,flag_search_recommendations_dual_run,100,paused,Priya Nair,error budget guard,ATLAS-3616,"Deployment note: verify feature flag, Grafana SLO, PagerDuty status, database health, and support handoff for search-recommendations."
DEP-01744,2024-03-12,payment-orchestrator,stage,atlas-mobile,PR-10195,REL-2020.01,flag_payment_orchestrator_rollback_guard,100,paused,Iris Wang,support volume guard,ATLAS-1242,"Deployment note: verify feature flag, Grafana SLO, PagerDuty status, database health, and support handoff for payment-orchestrator."
DEP-01745,2024-03-12,order-ledger,canary,atlas-infra,PR-6536,REL-2024.3.6,flag_order_ledger_dual_run,1,rolled back,Yara Haddad,database lag guard,ATLAS-3691,"Deployment note: verify feature flag, Grafana SLO, PagerDuty status, database health, and support handoff for order-ledger."
DEP-01746,2024-03-14,notification-service,canary,atlas-observability,PR-11588,REL-2018.3.3,flag_notification_service_regional_launch,1,monitoring,Fatima Noor,latency guard,ATLAS-6053,"Deployment note: verify feature flag, Grafana SLO, PagerDuty status, database health, and support handoff for notification-service."
DEP-01747,2024-03-14,auth-gateway,canary,atlas-data,PR-7490,REL-2022.08,flag_auth_gateway_payment_retry,5,paused,Victor Silva,manual approval,ATLAS-5904,"Deployment note: verify feature flag, Grafana SLO, PagerDuty status, database health, and support handoff for auth-gateway."
DEP-01748,2024-03-16,tax-service,canary,atlas-payments,PR-9086,REL-2018.4.16,flag_tax_service_new_write_path,5,rolled back,Samir Rao,latency guard,ATLAS-3131,"Deployment note: verify feature flag, Grafana SLO, PagerDuty status, database health, and support handoff for tax-service."
DEP-01749,2024-03-17,search-recommendations,prod,atlas-checkout,PR-5234,REL-2020.1.7,flag_search_recommendations_mobile_session,50,paused,Theo Martin,support volume guard,ATLAS-5171,"Deployment note: verify feature flag, Grafana SLO, PagerDuty status, database health, and support handoff for search-recommendations."
DEP-01750,2024-03-20,auth-gateway,canary,atlas-observability,PR-9003,REL-2022.12,flag_auth_gateway_regional_launch,100,partial,Mateo Garcia,error budget guard,ATLAS-3909,"Deployment note: verify feature flag, Grafana SLO, PagerDuty status, database health, and support handoff for auth-gateway."
DEP-01751,2024-03-20,analytics-pipeline,stage,atlas-data,PR-6722,REL-2018.12,flag_analytics_pipeline_regional_launch,100,paused,Anika Sharma,database lag guard,ATLAS-3879,"Deployment note: verify feature flag, Grafana SLO, PagerDuty status, database health, and support handoff for analytics-pipeline."
DEP-01752,2024-03-20,search-recommendations,stage,atlas-data,PR-7364,REL-2021.2.11,flag_search_recommendations_rollback_guard,100,success,Kim Tan,latency guard,ATLAS-5694,"Deployment note: verify feature flag, Grafana SLO, PagerDuty status, database health, and support handoff for search-recommendations."
DEP-01753,2024-03-23,auth-gateway,prod,atlas-infra,PR-9783,REL-2025.3.2,flag_auth_gateway_payment_retry,75,rolled back,Sara Novak,support volume guard,ATLAS-5630,"Deployment note: verify feature flag, Grafana SLO, PagerDuty status, database health, and support handoff for auth-gateway."
DEP-01754,2024-03-22,cart-service,prod,atlas-orders,PR-11346,REL-2025.12,flag_cart_service_payment_retry,75,rolled back,Kim Tan,database lag guard,ATLAS-1673,"Deployment note: verify feature flag, Grafana SLO, PagerDuty status, database health, and support handoff for cart-service."
DEP-01755,2024-03-26,payment-orchestrator,canary,atlas-payments,PR-8997,REL-2019.2.5,flag_payment_orchestrator_regional_launch,1,rolled back,Yara Haddad,manual approval,ATLAS-1417,"Deployment note: verify feature flag, Grafana SLO, PagerDuty status, database health, and support handoff for payment-orchestrator."
DEP-01756,2024-03-27,payment-orchestrator,canary,atlas-payments,PR-5392,REL-2024.3.10,flag_payment_orchestrator_new_write_path,10,rolled back,Samir Rao,error budget guard,ATLAS-5075,"Deployment note: verify feature flag, Grafana SLO, PagerDuty status, database health, and support handoff for payment-orchestrator."
DEP-01757,2024-03-26,search-recommendations,prod,atlas-checkout,PR-6433,REL-2024.3.5,flag_search_recommendations_new_write_path,5,success,Luca Moretti,latency guard,ATLAS-1885,"Deployment note: verify feature flag, Grafana SLO, PagerDuty status, database health, and support handoff for search-recommendations."
DEP-01758,2024-03-28,loyalty-service,prod,atlas-web,PR-7845,REL-2026.1.5,flag_loyalty_service_new_write_path,50,paused,Jon Bell,error budget guard,ATLAS-6107,"Deployment note: verify feature flag, Grafana SLO, PagerDuty status, database health, and support handoff for loyalty-service."
DEP-01759,2024-03-28,loyalty-service,prod,atlas-observability,PR-11433,REL-2024.12,flag_loyalty_service_payment_retry,1,partial,Grace Kim,support volume guard,ATLAS-3806,"Deployment note: verify feature flag, Grafana SLO, PagerDuty status, database health, and support handoff for loyalty-service."
DEP-01760,2024-03-30,loyalty-service,canary,atlas-data,PR-5771,REL-2020.3.2,flag_loyalty_service_payment_retry,75,rolled back,Aisha Khan,manual approval,ATLAS-4870,"Deployment note: verify feature flag, Grafana SLO, PagerDuty status, database health, and support handoff for loyalty-service."
DEP-01761,2024-03-31,notification-service,canary,atlas-payments,PR-5029,REL-2020.2.8,flag_notification_service_new_write_path,50,monitoring,Grace Kim,database lag guard,ATLAS-3936,"Deployment note: verify feature flag, Grafana SLO, PagerDuty status, database health, and support handoff for notification-service."
DEP-01762,2024-04-03,checkout-api,prod,atlas-payments,PR-7622,REL-2020.3.19,flag_checkout_api_regional_launch,1,success,Iris Wang,latency guard,ATLAS-4654,"Deployment note: verify feature flag, Grafana SLO, PagerDuty status, database health, and support handoff for checkout-api."
DEP-01763,2024-04-02,payment-orchestrator,canary,atlas-orders,PR-7508,REL-2025.2.5,flag_payment_orchestrator_dual_run,0,paused,Samir Rao,latency guard,ATLAS-4847,"Deployment note: verify feature flag, Grafana SLO, PagerDuty status, database health, and support handoff for payment-orchestrator."
DEP-01764,2024-04-05,analytics-pipeline,stage,atlas-observability,PR-5933,REL-2024.04,flag_analytics_pipeline_payment_retry,75,monitoring,Yara Haddad,error budget guard,ATLAS-6090,"Deployment note: verify feature flag, Grafana SLO, PagerDuty status, database health, and support handoff for analytics-pipeline."
DEP-01765,2024-04-07,loyalty-service,stage,atlas-observability,PR-8882,REL-2019.12,flag_loyalty_service_new_write_path,100,partial,Priya Nair,error budget guard,ATLAS-5029,"Deployment note: verify feature flag, Grafana SLO, PagerDuty status, database health, and support handoff for loyalty-service."
DEP-01766,2024-04-06,order-ledger,prod,atlas-orders,PR-8003,REL-2020.05,flag_order_ledger_mobile_session,75,paused,Dmitri Volkov,manual approval,ATLAS-5030,"Deployment note: verify feature flag, Grafana SLO, PagerDuty status, database health, and support handoff for order-ledger."
DEP-01767,2024-04-08,search-recommendations,canary,atlas-mobile,PR-8520,REL-2020.04,flag_search_recommendations_new_write_path,1,partial,Samir Rao,error budget guard,ATLAS-1638,"Deployment note: verify feature flag, Grafana SLO, PagerDuty status, database health, and support handoff for search-recommendations."
DEP-01768,2024-04-10,order-ledger,prod,atlas-payments,PR-7297,REL-2019.4.15,flag_order_ledger_dual_run,50,monitoring,Mateo Garcia,manual approval,ATLAS-3559,"Deployment note: verify feature flag, Grafana SLO, PagerDuty status, database health, and support handoff for order-ledger."
DEP-01769,2024-04-11,payment-orchestrator,stage,atlas-infra,PR-12010,REL-2020.1.2,flag_payment_orchestrator_regional_launch,25,partial,Fatima Noor,error budget guard,ATLAS-5979,"Deployment note: verify feature flag, Grafana SLO, PagerDuty status, database health, and support handoff for payment-orchestrator."
DEP-01770,2024-04-11,search-recommendations,prod,atlas-observability,PR-7526,REL-2025.3.2,flag_search_recommendations_mobile_session,75,rolled back,Ben Carter,support volume guard,ATLAS-1275,"Deployment note: verify feature flag, Grafana SLO, PagerDuty status, database health, and support handoff for search-recommendations."
DEP-01771,2024-04-12,tax-service,prod,atlas-data,PR-5331,REL-2025.10,flag_tax_service_new_write_path,1,monitoring,Fatima Noor,error budget guard,ATLAS-4933,"Deployment note: verify feature flag, Grafana SLO, PagerDuty status, database health, and support handoff for tax-service."
DEP-01772,2024-04-14,pricing-engine,prod,atlas-web,PR-9986,REL-2025.3.2,flag_pricing_engine_mobile_session,50,partial,Grace Kim,support volume guard,ATLAS-1685,"Deployment note: verify feature flag, Grafana SLO, PagerDuty status, database health, and support handoff for pricing-engine."
DEP-01773,2024-04-15,pricing-engine,stage,atlas-data,PR-11184,REL-2025.1.19,flag_pricing_engine_payment_retry,10,paused,Samir Rao,error budget guard,ATLAS-3197,"Deployment note: verify feature flag, Grafana SLO, PagerDuty status, database health, and support handoff for pricing-engine."
DEP-01774,2024-04-16,notification-service,prod,atlas-checkout,PR-12099,REL-2023.4.4,flag_notification_service_rollback_guard,0,partial,Fatima Noor,error budget guard,ATLAS-5618,"Deployment note: verify feature flag, Grafana SLO, PagerDuty status, database health, and support handoff for notification-service."
DEP-01775,2024-04-19,loyalty-service,canary,atlas-observability,PR-6636,REL-2021.2.9,flag_loyalty_service_new_write_path,100,monitoring,Grace Kim,manual approval,ATLAS-1821,"Deployment note: verify feature flag, Grafana SLO, PagerDuty status, database health, and support handoff for loyalty-service."
DEP-01776,2024-04-20,analytics-pipeline,prod,atlas-infra,PR-5750,REL-2024.3.11,flag_analytics_pipeline_dual_run,0,success,Ben Carter,database lag guard,ATLAS-2021,"Deployment note: verify feature flag, Grafana SLO, PagerDuty status, database health, and support handoff for analytics-pipeline."
DEP-01777,2024-04-19,inventory-reservation,canary,atlas-observability,PR-5462,REL-2020.1.2,flag_inventory_reservation_regional_launch,5,rolled back,Mateo Garcia,manual approval,ATLAS-4785,"Deployment note: verify feature flag, Grafana SLO, PagerDuty status, database health, and support handoff for inventory-reservation."
DEP-01778,2024-04-22,inventory-reservation,canary,atlas-web,PR-9553,REL-2018.4.18,flag_inventory_reservation_payment_retry,50,partial,Iris Wang,latency guard,ATLAS-5088,"Deployment note: verify feature flag, Grafana SLO, PagerDuty status, database health, and support handoff for inventory-reservation."
DEP-01779,2024-04-23,loyalty-service,stage,atlas-orders,PR-7691,REL-2022.1.5,flag_loyalty_service_mobile_session,10,monitoring,Anika Sharma,error budget guard,ATLAS-4861,"Deployment note: verify feature flag, Grafana SLO, PagerDuty status, database health, and support handoff for loyalty-service."
DEP-01780,2024-04-25,analytics-pipeline,canary,atlas-checkout,PR-6661,REL-2023.4.17,flag_analytics_pipeline_rollback_guard,0,paused,Anika Sharma,database lag guard,ATLAS-2375,"Deployment note: verify feature flag, Grafana SLO, PagerDuty status, database health, and support handoff for analytics-pipeline."
DEP-01781,2024-04-24,cart-service,canary,atlas-web,PR-8094,REL-2021.4.19,flag_cart_service_payment_retry,0,rolled back,Harper Lee,manual approval,ATLAS-3116,"Deployment note: verify feature flag, Grafana SLO, PagerDuty status, database health, and support handoff for cart-service."
DEP-01782,2024-04-25,search-recommendations,prod,atlas-web,PR-11972,REL-2026.01,flag_search_recommendations_rollback_guard,10,paused,Samir Rao,latency guard,ATLAS-3985,"Deployment note: verify feature flag, Grafana SLO, PagerDuty status, database health, and support handoff for search-recommendations."
DEP-01783,2024-04-28,auth-gateway,stage,atlas-web,PR-6047,REL-2019.3.8,flag_auth_gateway_dual_run,10,success,Kim Tan,latency guard,ATLAS-1822,"Deployment note: verify feature flag, Grafana SLO, PagerDuty status, database health, and support handoff for auth-gateway."
DEP-01784,2024-04-29,analytics-pipeline,canary,atlas-data,PR-7280,REL-2021.4.12,flag_analytics_pipeline_new_write_path,10,rolled back,Kim Tan,support volume guard,ATLAS-1603,"Deployment note: verify feature flag, Grafana SLO, PagerDuty status, database health, and support handoff for analytics-pipeline."
DEP-01785,2024-05-01,checkout-api,canary,atlas-checkout,PR-12357,REL-2021.2.2,flag_checkout_api_mobile_session,5,partial,Fatima Noor,error budget guard,ATLAS-3183,"Deployment note: verify feature flag, Grafana SLO, PagerDuty status, database health, and support handoff for checkout-api."
DEP-01786,2024-04-30,cart-service,canary,atlas-data,PR-9109,REL-2024.4.7,flag_cart_service_payment_retry,5,partial,Samir Rao,manual approval,ATLAS-5424,"Deployment note: verify feature flag, Grafana SLO, PagerDuty status, database health, and support handoff for cart-service."
DEP-01787,2024-05-02,tax-service,stage,atlas-mobile,PR-5894,REL-2021.2.2,flag_tax_service_payment_retry,75,paused,Victor Silva,latency guard,ATLAS-5852,"Deployment note: verify feature flag, Grafana SLO, PagerDuty status, database health, and support handoff for tax-service."
DEP-01788,2024-05-04,inventory-reservation,canary,atlas-mobile,PR-6926,REL-2025.1.11,flag_inventory_reservation_dual_run,100,success,Ben Carter,database lag guard,ATLAS-1329,"Deployment note: verify feature flag, Grafana SLO, PagerDuty status, database health, and support handoff for inventory-reservation."
DEP-01789,2024-05-04,auth-gateway,prod,atlas-checkout,PR-8102,REL-2022.3.12,flag_auth_gateway_dual_run,25,monitoring,Nora Singh,latency guard,ATLAS-3927,"Deployment note: verify feature flag, Grafana SLO, PagerDuty status, database health, and support handoff for auth-gateway."
DEP-01790,2024-05-06,notification-service,canary,atlas-infra,PR-9518,REL-2025.4.11,flag_notification_service_new_write_path,25,partial,Nora Singh,error budget guard,ATLAS-4944,"Deployment note: verify feature flag, Grafana SLO, PagerDuty status, database health, and support handoff for notification-service."
DEP-01791,2024-05-08,notification-service,stage,atlas-data,PR-9560,REL-2023.3.12,flag_notification_service_new_write_path,5,monitoring,Yara Haddad,database lag guard,ATLAS-4117,"Deployment note: verify feature flag, Grafana SLO, PagerDuty status, database health, and support handoff for notification-service."
DEP-01792,2024-05-07,inventory-reservation,stage,atlas-orders,PR-10095,REL-2020.05,flag_inventory_reservation_regional_launch,75,paused,Theo Martin,database lag guard,ATLAS-3018,"Deployment note: verify feature flag, Grafana SLO, PagerDuty status, database health, and support handoff for inventory-reservation."
DEP-01793,2024-05-11,cart-service,canary,atlas-infra,PR-8748,REL-2023.1.11,flag_cart_service_new_write_path,50,partial,Ben Carter,latency guard,ATLAS-4046,"Deployment note: verify feature flag, Grafana SLO, PagerDuty status, database health, and support handoff for cart-service."
DEP-01794,2024-05-12,cart-service,prod,atlas-payments,PR-9451,REL-2021.09,flag_cart_service_regional_launch,1,rolled back,Jon Bell,error budget guard,ATLAS-1864,"Deployment note: verify feature flag, Grafana SLO, PagerDuty status, database health, and support handoff for cart-service."
DEP-01795,2024-05-13,payment-orchestrator,canary,atlas-data,PR-5752,REL-2018.07,flag_payment_orchestrator_mobile_session,75,monitoring,Jon Bell,manual approval,ATLAS-5446,"Deployment note: verify feature flag, Grafana SLO, PagerDuty status, database health, and support handoff for payment-orchestrator."
DEP-01796,2024-05-14,checkout-api,prod,atlas-payments,PR-5135,REL-2022.02,flag_checkout_api_dual_run,5,success,Elena Petrova,latency guard,ATLAS-3369,"Deployment note: verify feature flag, Grafana SLO, PagerDuty status, database health, and support handoff for checkout-api."
DEP-01797,2024-05-15,checkout-api,prod,atlas-checkout,PR-6802,REL-2018.3.14,flag_checkout_api_dual_run,10,rolled back,Yara Haddad,database lag guard,ATLAS-2500,"Deployment note: verify feature flag, Grafana SLO, PagerDuty status, database health, and support handoff for checkout-api."
DEP-01798,2024-05-15,checkout-api,prod,atlas-checkout,PR-12031,REL-2023.3.2,flag_checkout_api_dual_run,0,paused,Theo Martin,database lag guard,ATLAS-3496,"Deployment note: verify feature flag, Grafana SLO, PagerDuty status, database health, and support handoff for checkout-api."
DEP-01799,2024-05-17,loyalty-service,stage,atlas-data,PR-10009,REL-2024.3.18,flag_loyalty_service_new_write_path,100,monitoring,Noah Evans,database lag guard,ATLAS-1044,"Deployment note: verify feature flag, Grafana SLO, PagerDuty status, database health, and support handoff for loyalty-service."
DEP-01800,2024-05-18,search-recommendations,canary,atlas-checkout,PR-9288,REL-2024.3.2,flag_search_recommendations_regional_launch,5,paused,Anika Sharma,database lag guard,ATLAS-1429,"Deployment note: verify feature flag, Grafana SLO, PagerDuty status, database health, and support handoff for search-recommendations."
DEP-01801,2024-05-18,order-ledger,prod,atlas-mobile,PR-6959,REL-2021.3.9,flag_order_ledger_new_write_path,1,monitoring,Priya Nair,support volume guard,ATLAS-4798,"Deployment note: verify feature flag, Grafana SLO, PagerDuty status, database health, and support handoff for order-ledger."
DEP-01802,2024-05-19,checkout-api,prod,atlas-web,PR-6677,REL-2019.3.5,flag_checkout_api_dual_run,75,monitoring,Grace Kim,database lag guard,ATLAS-4904,"Deployment note: verify feature flag, Grafana SLO, PagerDuty status, database health, and support handoff for checkout-api."
DEP-01803,2024-05-23,loyalty-service,stage,atlas-data,PR-8720,REL-2022.4.17,flag_loyalty_service_rollback_guard,100,partial,Sara Novak,manual approval,ATLAS-2132,"Deployment note: verify feature flag, Grafana SLO, PagerDuty status, database health, and support handoff for loyalty-service."
DEP-01804,2024-05-24,auth-gateway,stage,atlas-orders,PR-11028,REL-2023.07,flag_auth_gateway_rollback_guard,25,monitoring,Jon Bell,database lag guard,ATLAS-4002,"Deployment note: verify feature flag, Grafana SLO, PagerDuty status, database health, and support handoff for auth-gateway."
DEP-01805,2024-05-23,cart-service,canary,atlas-orders,PR-6951,REL-2018.4.9,flag_cart_service_dual_run,5,monitoring,Jon Bell,error budget guard,ATLAS-5774,"Deployment note: verify feature flag, Grafana SLO, PagerDuty status, database health, and support handoff for cart-service."
DEP-01806,2024-05-25,analytics-pipeline,canary,atlas-data,PR-5587,REL-2021.1.12,flag_analytics_pipeline_mobile_session,5,paused,Grace Kim,support volume guard,ATLAS-2641,"Deployment note: verify feature flag, Grafana SLO, PagerDuty status, database health, and support handoff for analytics-pipeline."
DEP-01807,2024-05-27,inventory-reservation,stage,atlas-observability,PR-8542,REL-2019.07,flag_inventory_reservation_dual_run,0,paused,Grace Kim,error budget guard,ATLAS-4223,"Deployment note: verify feature flag, Grafana SLO, PagerDuty status, database health, and support handoff for inventory-reservation."
DEP-01808,2024-05-28,analytics-pipeline,canary,atlas-data,PR-6823,REL-2021.05,flag_analytics_pipeline_payment_retry,5,success,Ravi Patel,latency guard,ATLAS-1346,"Deployment note: verify feature flag, Grafana SLO, PagerDuty status, database health, and support handoff for analytics-pipeline."
DEP-01809,2024-05-29,tax-service,canary,atlas-data,PR-9376,REL-2025.03,flag_tax_service_rollback_guard,5,monitoring,Luca Moretti,database lag guard,ATLAS-3604,"Deployment note: verify feature flag, Grafana SLO, PagerDuty status, database health, and support handoff for tax-service."
DEP-01810,2024-05-29,search-recommendations,canary,atlas-mobile,PR-7951,REL-2021.11,flag_search_recommendations_regional_launch,0,monitoring,Priya Nair,error budget guard,ATLAS-5775,"Deployment note: verify feature flag, Grafana SLO, PagerDuty status, database health, and support handoff for search-recommendations."
DEP-01811,2024-05-31,tax-service,prod,atlas-checkout,PR-6476,REL-2023.02,flag_tax_service_rollback_guard,10,monitoring,Harper Lee,manual approval,ATLAS-2429,"Deployment note: verify feature flag, Grafana SLO, PagerDuty status, database health, and support handoff for tax-service."
DEP-01812,2024-06-02,notification-service,prod,atlas-payments,PR-5943,REL-2020.06,flag_notification_service_regional_launch,100,monitoring,Yara Haddad,error budget guard,ATLAS-4250,"Deployment note: verify feature flag, Grafana SLO, PagerDuty status, database health, and support handoff for notification-service."
DEP-01813,2024-06-03,search-recommendations,prod,atlas-checkout,PR-11538,REL-2019.09,flag_search_recommendations_dual_run,75,success,Theo Martin,database lag guard,ATLAS-1465,"Deployment note: verify feature flag, Grafana SLO, PagerDuty status, database health, and support handoff for search-recommendations."
DEP-01814,2024-06-04,pricing-engine,canary,atlas-checkout,PR-6089,REL-2021.1.7,flag_pricing_engine_rollback_guard,50,paused,Luca Moretti,support volume guard,ATLAS-4937,"Deployment note: verify feature flag, Grafana SLO, PagerDuty status, database health, and support handoff for pricing-engine."
DEP-01815,2024-06-04,cart-service,canary,atlas-data,PR-7685,REL-2025.02,flag_cart_service_rollback_guard,100,rolled back,Nora Singh,manual approval,ATLAS-4135,"Deployment note: verify feature flag, Grafana SLO, PagerDuty status, database health, and support handoff for cart-service."
DEP-01816,2024-06-07,loyalty-service,prod,atlas-infra,PR-7432,REL-2026.03,flag_loyalty_service_mobile_session,10,success,Nora Singh,database lag guard,ATLAS-4022,"Deployment note: verify feature flag, Grafana SLO, PagerDuty status, database health, and support handoff for loyalty-service."
DEP-01817,2024-06-07,analytics-pipeline,prod,atlas-mobile,PR-9961,REL-2022.4.16,flag_analytics_pipeline_rollback_guard,5,success,Grace Kim,support volume guard,ATLAS-5791,"Deployment note: verify feature flag, Grafana SLO, PagerDuty status, database health, and support handoff for analytics-pipeline."
DEP-01818,2024-06-10,loyalty-service,canary,atlas-mobile,PR-5322,REL-2019.06,flag_loyalty_service_dual_run,100,paused,Noah Evans,error budget guard,ATLAS-1073,"Deployment note: verify feature flag, Grafana SLO, PagerDuty status, database health, and support handoff for loyalty-service."
DEP-01819,2024-06-10,tax-service,prod,atlas-infra,PR-12351,REL-2025.2.18,flag_tax_service_dual_run,100,rolled back,Theo Martin,latency guard,ATLAS-1433,"Deployment note: verify feature flag, Grafana SLO, PagerDuty status, database health, and support handoff for tax-service."
DEP-01820,2024-06-11,search-recommendations,stage,atlas-observability,PR-8338,REL-2024.3.4,flag_search_recommendations_dual_run,0,paused,Nora Singh,support volume guard,ATLAS-1154,"Deployment note: verify feature flag, Grafana SLO, PagerDuty status, database health, and support handoff for search-recommendations."
DEP-01821,2024-06-12,checkout-api,prod,atlas-checkout,PR-7512,REL-2026.2.1,flag_checkout_api_mobile_session,10,success,Elena Petrova,database lag guard,ATLAS-4093,"Deployment note: verify feature flag, Grafana SLO, PagerDuty status, database health, and support handoff for checkout-api."
DEP-01822,2024-06-15,order-ledger,canary,atlas-web,PR-7658,REL-2023.2.4,flag_order_ledger_mobile_session,50,success,Kim Tan,latency guard,ATLAS-4533,"Deployment note: verify feature flag, Grafana SLO, PagerDuty status, database health, and support handoff for order-ledger."
DEP-01823,2024-06-16,analytics-pipeline,stage,atlas-orders,PR-8052,REL-2020.03,flag_analytics_pipeline_payment_retry,50,paused,Samir Rao,database lag guard,ATLAS-2296,"Deployment note: verify feature flag, Grafana SLO, PagerDuty status, database health, and support handoff for analytics-pipeline."
DEP-01824,2024-06-16,analytics-pipeline,prod,atlas-orders,PR-5081,REL-2023.04,flag_analytics_pipeline_rollback_guard,5,success,Priya Nair,latency guard,ATLAS-4879,"Deployment note: verify feature flag, Grafana SLO, PagerDuty status, database health, and support handoff for analytics-pipeline."
DEP-01825,2024-06-16,search-recommendations,stage,atlas-checkout,PR-8905,REL-2025.1.8,flag_search_recommendations_dual_run,10,success,Harper Lee,manual approval,ATLAS-4634,"Deployment note: verify feature flag, Grafana SLO, PagerDuty status, database health, and support handoff for search-recommendations."
DEP-01826,2024-06-20,search-recommendations,stage,atlas-infra,PR-10272,REL-2024.4.7,flag_search_recommendations_mobile_session,50,rolled back,Jon Bell,latency guard,ATLAS-1619,"Deployment note: verify feature flag, Grafana SLO, PagerDuty status, database health, and support handoff for search-recommendations."
DEP-01827,2024-06-19,auth-gateway,stage,atlas-web,PR-5101,REL-2025.2.1,flag_auth_gateway_regional_launch,50,monitoring,Priya Nair,error budget guard,ATLAS-6026,"Deployment note: verify feature flag, Grafana SLO, PagerDuty status, database health, and support handoff for auth-gateway."
DEP-01828,2024-06-22,auth-gateway,prod,atlas-payments,PR-9787,REL-2021.4.9,flag_auth_gateway_dual_run,25,monitoring,Iris Wang,error budget guard,ATLAS-6052,"Deployment note: verify feature flag, Grafana SLO, PagerDuty status, database health, and support handoff for auth-gateway."
DEP-01829,2024-06-22,payment-orchestrator,prod,atlas-data,PR-7486,REL-2019.2.6,flag_payment_orchestrator_regional_launch,1,partial,Ravi Patel,error budget guard,ATLAS-2486,"Deployment note: verify feature flag, Grafana SLO, PagerDuty status, database health, and support handoff for payment-orchestrator."
DEP-01830,2024-06-24,tax-service,canary,atlas-data,PR-7637,REL-2022.2.12,flag_tax_service_dual_run,1,monitoring,Harper Lee,database lag guard,ATLAS-4686,"Deployment note: verify feature flag, Grafana SLO, PagerDuty status, database health, and support handoff for tax-service."
DEP-01831,2024-06-24,order-ledger,stage,atlas-mobile,PR-5117,REL-2022.4.17,flag_order_ledger_new_write_path,5,rolled back,Noah Evans,latency guard,ATLAS-5381,"Deployment note: verify feature flag, Grafana SLO, PagerDuty status, database health, and support handoff for order-ledger."
DEP-01832,2024-06-25,order-ledger,prod,atlas-data,PR-10341,REL-2023.1.3,flag_order_ledger_rollback_guard,50,paused,Owen Brooks,database lag guard,ATLAS-5249,"Deployment note: verify feature flag, Grafana SLO, PagerDuty status, database health, and support handoff for order-ledger."
DEP-01833,2024-06-26,notification-service,prod,atlas-mobile,PR-9666,REL-2020.3.0,flag_notification_service_rollback_guard,75,rolled back,Fatima Noor,database lag guard,ATLAS-2241,"Deployment note: verify feature flag, Grafana SLO, PagerDuty status, database health, and support handoff for notification-service."
DEP-01834,2024-06-27,auth-gateway,stage,atlas-payments,PR-6955,REL-2024.05,flag_auth_gateway_regional_launch,1,paused,Sara Novak,error budget guard,ATLAS-4308,"Deployment note: verify feature flag, Grafana SLO, PagerDuty status, database health, and support handoff for auth-gateway."
DEP-01835,2024-06-29,pricing-engine,canary,atlas-web,PR-8381,REL-2024.4.14,flag_pricing_engine_dual_run,50,rolled back,Samir Rao,error budget guard,ATLAS-3972,"Deployment note: verify feature flag, Grafana SLO, PagerDuty status, database health, and support handoff for pricing-engine."
DEP-01836,2024-07-01,search-recommendations,stage,atlas-mobile,PR-7715,REL-2024.3.5,flag_search_recommendations_new_write_path,1,success,Yara Haddad,database lag guard,ATLAS-1778,"Deployment note: verify feature flag, Grafana SLO, PagerDuty status, database health, and support handoff for search-recommendations."
DEP-01837,2024-07-03,notification-service,canary,atlas-observability,PR-9823,REL-2019.1.6,flag_notification_service_rollback_guard,100,monitoring,Sara Novak,support volume guard,ATLAS-5216,"Deployment note: verify feature flag, Grafana SLO, PagerDuty status, database health, and support handoff for notification-service."
DEP-01838,2024-07-04,auth-gateway,canary,atlas-payments,PR-5982,REL-2022.2.14,flag_auth_gateway_dual_run,100,monitoring,Victor Silva,manual approval,ATLAS-2746,"Deployment note: verify feature flag, Grafana SLO, PagerDuty status, database health, and support handoff for auth-gateway."
DEP-01839,2024-07-03,checkout-api,canary,atlas-payments,PR-9967,REL-2023.10,flag_checkout_api_dual_run,100,paused,Harper Lee,support volume guard,ATLAS-1767,"Deployment note: verify feature flag, Grafana SLO, PagerDuty status, database health, and support handoff for checkout-api."
DEP-01840,2024-07-05,cart-service,prod,atlas-web,PR-12029,REL-2019.07,flag_cart_service_mobile_session,5,rolled back,Dmitri Volkov,error budget guard,ATLAS-5632,"Deployment note: verify feature flag, Grafana SLO, PagerDuty status, database health, and support handoff for cart-service."
DEP-01841,2024-07-06,payment-orchestrator,prod,atlas-infra,PR-5813,REL-2021.09,flag_payment_orchestrator_mobile_session,1,partial,Noah Evans,latency guard,ATLAS-1333,"Deployment note: verify feature flag, Grafana SLO, PagerDuty status, database health, and support handoff for payment-orchestrator."
DEP-01842,2024-07-07,cart-service,stage,atlas-observability,PR-10114,REL-2024.2.7,flag_cart_service_mobile_session,100,monitoring,Priya Nair,manual approval,ATLAS-1191,"Deployment note: verify feature flag, Grafana SLO, PagerDuty status, database health, and support handoff for cart-service."
DEP-01843,2024-07-09,inventory-reservation,prod,atlas-orders,PR-7960,REL-2020.3.14,flag_inventory_reservation_regional_launch,1,success,Sara Novak,support volume guard,ATLAS-5096,"Deployment note: verify feature flag, Grafana SLO, PagerDuty status, database health, and support handoff for inventory-reservation."
DEP-01844,2024-07-10,payment-orchestrator,prod,atlas-orders,PR-11100,REL-2023.1.6,flag_payment_orchestrator_payment_retry,1,rolled back,Elena Petrova,latency guard,ATLAS-5823,"Deployment note: verify feature flag, Grafana SLO, PagerDuty status, database health, and support handoff for payment-orchestrator."
DEP-01845,2024-07-11,pricing-engine,canary,atlas-checkout,PR-10624,REL-2019.03,flag_pricing_engine_payment_retry,50,monitoring,Iris Wang,database lag guard,ATLAS-1672,"Deployment note: verify feature flag, Grafana SLO, PagerDuty status, database health, and support handoff for pricing-engine."
DEP-01846,2024-07-13,checkout-api,canary,atlas-payments,PR-6340,REL-2024.2.10,flag_checkout_api_rollback_guard,50,partial,Elena Petrova,database lag guard,ATLAS-4972,"Deployment note: verify feature flag, Grafana SLO, PagerDuty status, database health, and support handoff for checkout-api."
DEP-01847,2024-07-15,tax-service,prod,atlas-payments,PR-5110,REL-2022.11,flag_tax_service_new_write_path,25,success,Grace Kim,support volume guard,ATLAS-3530,"Deployment note: verify feature flag, Grafana SLO, PagerDuty status, database health, and support handoff for tax-service."
DEP-01848,2024-07-15,inventory-reservation,prod,atlas-web,PR-9086,REL-2024.10,flag_inventory_reservation_payment_retry,1,monitoring,Owen Brooks,manual approval,ATLAS-1003,"Deployment note: verify feature flag, Grafana SLO, PagerDuty status, database health, and support handoff for inventory-reservation."
DEP-01849,2024-07-16,search-recommendations,stage,atlas-observability,PR-7523,REL-2025.1.12,flag_search_recommendations_rollback_guard,0,monitoring,Kim Tan,manual approval,ATLAS-5204,"Deployment note: verify feature flag, Grafana SLO, PagerDuty status, database health, and support handoff for search-recommendations."
DEP-01850,2024-07-18,analytics-pipeline,canary,atlas-infra,PR-5416,REL-2023.06,flag_analytics_pipeline_rollback_guard,75,success,Anika Sharma,database lag guard,ATLAS-4445,"Deployment note: verify feature flag, Grafana SLO, PagerDuty status, database health, and support handoff for analytics-pipeline."
DEP-01851,2024-07-19,cart-service,canary,atlas-checkout,PR-7868,REL-2025.4.11,flag_cart_service_regional_launch,0,rolled back,Fatima Noor,support volume guard,ATLAS-4556,"Deployment note: verify feature flag, Grafana SLO, PagerDuty status, database health, and support handoff for cart-service."
DEP-01852,2024-07-20,analytics-pipeline,stage,atlas-mobile,PR-6458,REL-2025.07,flag_analytics_pipeline_payment_retry,1,paused,Dmitri Volkov,error budget guard,ATLAS-3297,"Deployment note: verify feature flag, Grafana SLO, PagerDuty status, database health, and support handoff for analytics-pipeline."
DEP-01853,2024-07-22,search-recommendations,canary,atlas-data,PR-7117,REL-2025.3.8,flag_search_recommendations_regional_launch,10,paused,Ben Carter,manual approval,ATLAS-5759,"Deployment note: verify feature flag, Grafana SLO, PagerDuty status, database health, and support handoff for search-recommendations."
DEP-01854,2024-07-22,analytics-pipeline,canary,atlas-checkout,PR-10803,REL-2026.05,flag_analytics_pipeline_new_write_path,10,partial,Aisha Khan,support volume guard,ATLAS-4032,"Deployment note: verify feature flag, Grafana SLO, PagerDuty status, database health, and support handoff for analytics-pipeline."
DEP-01855,2024-07-23,analytics-pipeline,prod,atlas-web,PR-11653,REL-2025.1.9,flag_analytics_pipeline_new_write_path,75,partial,Sara Novak,latency guard,ATLAS-4127,"Deployment note: verify feature flag, Grafana SLO, PagerDuty status, database health, and support handoff for analytics-pipeline."
DEP-01856,2024-07-26,pricing-engine,prod,atlas-web,PR-9173,REL-2020.4.1,flag_pricing_engine_dual_run,0,paused,Mateo Garcia,support volume guard,ATLAS-5284,"Deployment note: verify feature flag, Grafana SLO, PagerDuty status, database health, and support handoff for pricing-engine."
DEP-01857,2024-07-27,notification-service,stage,atlas-mobile,PR-10495,REL-2021.08,flag_notification_service_payment_retry,75,paused,Jon Bell,latency guard,ATLAS-2885,"Deployment note: verify feature flag, Grafana SLO, PagerDuty status, database health, and support handoff for notification-service."
DEP-01858,2024-07-28,checkout-api,canary,atlas-orders,PR-9886,REL-2020.1.5,flag_checkout_api_dual_run,1,partial,Maya Chen,latency guard,ATLAS-1979,"Deployment note: verify feature flag, Grafana SLO, PagerDuty status, database health, and support handoff for checkout-api."
DEP-01859,2024-07-27,checkout-api,canary,atlas-infra,PR-9519,REL-2024.02,flag_checkout_api_rollback_guard,75,success,Harper Lee,latency guard,ATLAS-5553,"Deployment note: verify feature flag, Grafana SLO, PagerDuty status, database health, and support handoff for checkout-api."
DEP-01860,2024-07-30,checkout-api,prod,atlas-data,PR-9961,REL-2020.2.18,flag_checkout_api_dual_run,10,paused,Nora Singh,error budget guard,ATLAS-1850,"Deployment note: verify feature flag, Grafana SLO, PagerDuty status, database health, and support handoff for checkout-api."
DEP-01861,2024-07-31,checkout-api,prod,atlas-observability,PR-5801,REL-2025.3.11,flag_checkout_api_new_write_path,1,monitoring,Owen Brooks,latency guard,ATLAS-5031,"Deployment note: verify feature flag, Grafana SLO, PagerDuty status, database health, and support handoff for checkout-api."
DEP-01862,2024-08-01,auth-gateway,stage,atlas-observability,PR-5351,REL-2022.1.5,flag_auth_gateway_mobile_session,1,partial,Luca Moretti,manual approval,ATLAS-5169,"Deployment note: verify feature flag, Grafana SLO, PagerDuty status, database health, and support handoff for auth-gateway."
DEP-01863,2024-08-01,cart-service,stage,atlas-checkout,PR-6099,REL-2026.2.6,flag_cart_service_mobile_session,1,success,Kim Tan,error budget guard,ATLAS-2673,"Deployment note: verify feature flag, Grafana SLO, PagerDuty status, database health, and support handoff for cart-service."
DEP-01864,2024-08-04,inventory-reservation,prod,atlas-checkout,PR-6615,REL-2020.1.0,flag_inventory_reservation_rollback_guard,25,partial,Iris Wang,latency guard,ATLAS-2451,"Deployment note: verify feature flag, Grafana SLO, PagerDuty status, database health, and support handoff for inventory-reservation."
DEP-01865,2024-08-04,notification-service,stage,atlas-payments,PR-8354,REL-2025.12,flag_notification_service_mobile_session,5,success,Victor Silva,manual approval,ATLAS-3676,"Deployment note: verify feature flag, Grafana SLO, PagerDuty status, database health, and support handoff for notification-service."
DEP-01866,2024-08-07,payment-orchestrator,prod,atlas-infra,PR-6937,REL-2024.4.8,flag_payment_orchestrator_payment_retry,1,rolled back,Harper Lee,latency guard,ATLAS-4142,"Deployment note: verify feature flag, Grafana SLO, PagerDuty status, database health, and support handoff for payment-orchestrator."
DEP-01867,2024-08-07,order-ledger,stage,atlas-checkout,PR-5420,REL-2018.4.16,flag_order_ledger_mobile_session,100,partial,Grace Kim,latency guard,ATLAS-1473,"Deployment note: verify feature flag, Grafana SLO, PagerDuty status, database health, and support handoff for order-ledger."
DEP-01868,2024-08-08,search-recommendations,prod,atlas-data,PR-11843,REL-2020.02,flag_search_recommendations_rollback_guard,50,paused,Noah Evans,manual approval,ATLAS-1093,"Deployment note: verify feature flag, Grafana SLO, PagerDuty status, database health, and support handoff for search-recommendations."
DEP-01869,2024-08-10,inventory-reservation,prod,atlas-payments,PR-11782,REL-2025.09,flag_inventory_reservation_regional_launch,1,monitoring,Noah Evans,database lag guard,ATLAS-5183,"Deployment note: verify feature flag, Grafana SLO, PagerDuty status, database health, and support handoff for inventory-reservation."
DEP-01870,2024-08-11,tax-service,canary,atlas-checkout,PR-9631,REL-2020.07,flag_tax_service_dual_run,5,partial,Owen Brooks,support volume guard,ATLAS-2256,"Deployment note: verify feature flag, Grafana SLO, PagerDuty status, database health, and support handoff for tax-service."
DEP-01871,2024-08-11,loyalty-service,stage,atlas-orders,PR-10346,REL-2021.1.7,flag_loyalty_service_rollback_guard,100,paused,Kim Tan,support volume guard,ATLAS-1077,"Deployment note: verify feature flag, Grafana SLO, PagerDuty status, database health, and support handoff for loyalty-service."
DEP-01872,2024-08-14,inventory-reservation,prod,atlas-observability,PR-5003,REL-2021.3.3,flag_inventory_reservation_dual_run,25,partial,Owen Brooks,database lag guard,ATLAS-5550,"Deployment note: verify feature flag, Grafana SLO, PagerDuty status, database health, and support handoff for inventory-reservation."
DEP-01873,2024-08-13,auth-gateway,prod,atlas-observability,PR-6843,REL-2021.09,flag_auth_gateway_rollback_guard,1,partial,Grace Kim,latency guard,ATLAS-3759,"Deployment note: verify feature flag, Grafana SLO, PagerDuty status, database health, and support handoff for auth-gateway."
DEP-01874,2024-08-15,pricing-engine,canary,atlas-data,PR-5315,REL-2020.04,flag_pricing_engine_new_write_path,25,monitoring,Ravi Patel,database lag guard,ATLAS-1049,"Deployment note: verify feature flag, Grafana SLO, PagerDuty status, database health, and support handoff for pricing-engine."
DEP-01875,2024-08-17,analytics-pipeline,canary,atlas-data,PR-9254,REL-2021.4.0,flag_analytics_pipeline_rollback_guard,25,rolled back,Ben Carter,database lag guard,ATLAS-4056,"Deployment note: verify feature flag, Grafana SLO, PagerDuty status, database health, and support handoff for analytics-pipeline."
DEP-01876,2024-08-18,auth-gateway,canary,atlas-mobile,PR-10257,REL-2022.12,flag_auth_gateway_regional_launch,1,monitoring,Jon Bell,manual approval,ATLAS-5829,"Deployment note: verify feature flag, Grafana SLO, PagerDuty status, database health, and support handoff for auth-gateway."
DEP-01877,2024-08-18,payment-orchestrator,prod,atlas-data,PR-7737,REL-2025.1.8,flag_payment_orchestrator_new_write_path,1,rolled back,Aisha Khan,manual approval,ATLAS-2221,"Deployment note: verify feature flag, Grafana SLO, PagerDuty status, database health, and support handoff for payment-orchestrator."
DEP-01878,2024-08-21,loyalty-service,stage,atlas-checkout,PR-8583,REL-2019.4.3,flag_loyalty_service_new_write_path,50,partial,Ravi Patel,error budget guard,ATLAS-1044,"Deployment note: verify feature flag, Grafana SLO, PagerDuty status, database health, and support handoff for loyalty-service."
DEP-01879,2024-08-23,inventory-reservation,prod,atlas-payments,PR-12518,REL-2024.04,flag_inventory_reservation_rollback_guard,5,partial,Harper Lee,latency guard,ATLAS-2856,"Deployment note: verify feature flag, Grafana SLO, PagerDuty status, database health, and support handoff for inventory-reservation."
DEP-01880,2024-08-24,pricing-engine,canary,atlas-checkout,PR-6014,REL-2021.3.3,flag_pricing_engine_new_write_path,25,success,Sara Novak,error budget guard,ATLAS-6014,"Deployment note: verify feature flag, Grafana SLO, PagerDuty status, database health, and support handoff for pricing-engine."
DEP-01881,2024-08-23,checkout-api,canary,atlas-infra,PR-6627,REL-2026.03,flag_checkout_api_payment_retry,75,monitoring,Jon Bell,database lag guard,ATLAS-5697,"Deployment note: verify feature flag, Grafana SLO, PagerDuty status, database health, and support handoff for checkout-api."
DEP-01882,2024-08-24,analytics-pipeline,stage,atlas-data,PR-6525,REL-2022.1.17,flag_analytics_pipeline_payment_retry,5,partial,Priya Nair,support volume guard,ATLAS-3991,"Deployment note: verify feature flag, Grafana SLO, PagerDuty status, database health, and support handoff for analytics-pipeline."
DEP-01883,2024-08-26,cart-service,canary,atlas-data,PR-7206,REL-2023.4.9,flag_cart_service_new_write_path,0,rolled back,Yara Haddad,support volume guard,ATLAS-5700,"Deployment note: verify feature flag, Grafana SLO, PagerDuty status, database health, and support handoff for cart-service."
DEP-01884,2024-08-29,cart-service,canary,atlas-web,PR-11267,REL-2018.4.18,flag_cart_service_rollback_guard,10,paused,Nora Singh,database lag guard,ATLAS-2659,"Deployment note: verify feature flag, Grafana SLO, PagerDuty status, database health, and support handoff for cart-service."
DEP-01885,2024-08-28,tax-service,stage,atlas-data,PR-6627,REL-2020.03,flag_tax_service_mobile_session,10,success,Mateo Garcia,manual approval,ATLAS-2259,"Deployment note: verify feature flag, Grafana SLO, PagerDuty status, database health, and support handoff for tax-service."
DEP-01886,2024-08-30,notification-service,canary,atlas-checkout,PR-8498,REL-2023.2.12,flag_notification_service_new_write_path,1,partial,Elena Petrova,error budget guard,ATLAS-4506,"Deployment note: verify feature flag, Grafana SLO, PagerDuty status, database health, and support handoff for notification-service."
DEP-01887,2024-09-01,payment-orchestrator,prod,atlas-mobile,PR-9288,REL-2023.09,flag_payment_orchestrator_rollback_guard,0,partial,Jon Bell,database lag guard,ATLAS-4520,"Deployment note: verify feature flag, Grafana SLO, PagerDuty status, database health, and support handoff for payment-orchestrator."
DEP-01888,2024-09-02,loyalty-service,canary,atlas-infra,PR-9816,REL-2019.05,flag_loyalty_service_payment_retry,0,paused,Yara Haddad,manual approval,ATLAS-1229,"Deployment note: verify feature flag, Grafana SLO, PagerDuty status, database health, and support handoff for loyalty-service."
DEP-01889,2024-09-04,payment-orchestrator,stage,atlas-mobile,PR-9252,REL-2024.4.6,flag_payment_orchestrator_payment_retry,5,paused,Elena Petrova,database lag guard,ATLAS-2132,"Deployment note: verify feature flag, Grafana SLO, PagerDuty status, database health, and support handoff for payment-orchestrator."
DEP-01890,2024-09-04,checkout-api,stage,atlas-data,PR-6320,REL-2022.1.17,flag_checkout_api_mobile_session,1,success,Theo Martin,error budget guard,ATLAS-3341,"Deployment note: verify feature flag, Grafana SLO, PagerDuty status, database health, and support handoff for checkout-api."
DEP-01891,2024-09-05,analytics-pipeline,prod,atlas-mobile,PR-11906,REL-2024.3.0,flag_analytics_pipeline_mobile_session,1,partial,Luca Moretti,database lag guard,ATLAS-3032,"Deployment note: verify feature flag, Grafana SLO, PagerDuty status, database health, and support handoff for analytics-pipeline."
DEP-01892,2024-09-07,auth-gateway,prod,atlas-checkout,PR-8949,REL-2022.1.15,flag_auth_gateway_dual_run,1,paused,Sara Novak,database lag guard,ATLAS-2765,"Deployment note: verify feature flag, Grafana SLO, PagerDuty status, database health, and support handoff for auth-gateway."
DEP-01893,2024-09-07,analytics-pipeline,prod,atlas-mobile,PR-10135,REL-2025.3.5,flag_analytics_pipeline_mobile_session,25,partial,Jon Bell,support volume guard,ATLAS-6052,"Deployment note: verify feature flag, Grafana SLO, PagerDuty status, database health, and support handoff for analytics-pipeline."
DEP-01894,2024-09-09,checkout-api,canary,atlas-web,PR-9859,REL-2021.2.9,flag_checkout_api_payment_retry,5,rolled back,Samir Rao,latency guard,ATLAS-5936,"Deployment note: verify feature flag, Grafana SLO, PagerDuty status, database health, and support handoff for checkout-api."
DEP-01895,2024-09-10,checkout-api,stage,atlas-infra,PR-11526,REL-2019.3.13,flag_checkout_api_payment_retry,5,paused,Aisha Khan,support volume guard,ATLAS-4983,"Deployment note: verify feature flag, Grafana SLO, PagerDuty status, database health, and support handoff for checkout-api."
DEP-01896,2024-09-12,checkout-api,prod,atlas-data,PR-8909,REL-2025.03,flag_checkout_api_mobile_session,0,paused,Yara Haddad,error budget guard,ATLAS-5352,"Deployment note: verify feature flag, Grafana SLO, PagerDuty status, database health, and support handoff for checkout-api."
DEP-01897,2024-09-12,pricing-engine,prod,atlas-observability,PR-8583,REL-2025.1.13,flag_pricing_engine_regional_launch,5,success,Iris Wang,error budget guard,ATLAS-3211,"Deployment note: verify feature flag, Grafana SLO, PagerDuty status, database health, and support handoff for pricing-engine."
DEP-01898,2024-09-15,inventory-reservation,canary,atlas-web,PR-10948,REL-2022.4.0,flag_inventory_reservation_new_write_path,25,paused,Ravi Patel,database lag guard,ATLAS-2827,"Deployment note: verify feature flag, Grafana SLO, PagerDuty status, database health, and support handoff for inventory-reservation."
DEP-01899,2024-09-15,search-recommendations,stage,atlas-checkout,PR-7157,REL-2023.03,flag_search_recommendations_regional_launch,75,monitoring,Dmitri Volkov,manual approval,ATLAS-2896,"Deployment note: verify feature flag, Grafana SLO, PagerDuty status, database health, and support handoff for search-recommendations."
DEP-01900,2024-09-16,checkout-api,prod,atlas-observability,PR-6311,REL-2020.3.15,flag_checkout_api_rollback_guard,0,success,Jon Bell,error budget guard,ATLAS-1073,"Deployment note: verify feature flag, Grafana SLO, PagerDuty status, database health, and support handoff for checkout-api."
DEP-01901,2024-09-18,loyalty-service,canary,atlas-web,PR-5102,REL-2018.3.14,flag_loyalty_service_mobile_session,100,partial,Sara Novak,latency guard,ATLAS-1189,"Deployment note: verify feature flag, Grafana SLO, PagerDuty status, database health, and support handoff for loyalty-service."
DEP-01902,2024-09-19,inventory-reservation,stage,atlas-checkout,PR-7913,REL-2022.4.15,flag_inventory_reservation_regional_launch,100,rolled back,Noah Evans,latency guard,ATLAS-2412,"Deployment note: verify feature flag, Grafana SLO, PagerDuty status, database health, and support handoff for inventory-reservation."
DEP-01903,2024-09-19,cart-service,canary,atlas-observability,PR-7423,REL-2022.4.10,flag_cart_service_regional_launch,25,partial,Yara Haddad,support volume guard,ATLAS-3626,"Deployment note: verify feature flag, Grafana SLO, PagerDuty status, database health, and support handoff for cart-service."
DEP-01904,2024-09-22,inventory-reservation,stage,atlas-payments,PR-5192,REL-2018.2.3,flag_inventory_reservation_new_write_path,100,rolled back,Owen Brooks,support volume guard,ATLAS-2436,"Deployment note: verify feature flag, Grafana SLO, PagerDuty status, database health, and support handoff for inventory-reservation."
DEP-01905,2024-09-21,cart-service,prod,atlas-checkout,PR-7660,REL-2021.4.12,flag_cart_service_rollback_guard,1,rolled back,Kim Tan,database lag guard,ATLAS-1230,"Deployment note: verify feature flag, Grafana SLO, PagerDuty status, database health, and support handoff for cart-service."
DEP-01906,2024-09-23,notification-service,stage,atlas-observability,PR-10169,REL-2025.3.15,flag_notification_service_mobile_session,50,monitoring,Sara Novak,database lag guard,ATLAS-3093,"Deployment note: verify feature flag, Grafana SLO, PagerDuty status, database health, and support handoff for notification-service."
DEP-01907,2024-09-24,pricing-engine,canary,atlas-infra,PR-6190,REL-2023.2.2,flag_pricing_engine_mobile_session,0,partial,Yara Haddad,database lag guard,ATLAS-3585,"Deployment note: verify feature flag, Grafana SLO, PagerDuty status, database health, and support handoff for pricing-engine."
DEP-01908,2024-09-27,checkout-api,stage,atlas-infra,PR-9003,REL-2024.08,flag_checkout_api_new_write_path,10,partial,Anika Sharma,database lag guard,ATLAS-3297,"Deployment note: verify feature flag, Grafana SLO, PagerDuty status, database health, and support handoff for checkout-api."
DEP-01909,2024-09-28,inventory-reservation,stage,atlas-mobile,PR-10883,REL-2025.1.11,flag_inventory_reservation_regional_launch,75,success,Dmitri Volkov,latency guard,ATLAS-3806,"Deployment note: verify feature flag, Grafana SLO, PagerDuty status, database health, and support handoff for inventory-reservation."
DEP-01910,2024-09-29,pricing-engine,stage,atlas-checkout,PR-10150,REL-2022.12,flag_pricing_engine_rollback_guard,5,success,Samir Rao,database lag guard,ATLAS-5143,"Deployment note: verify feature flag, Grafana SLO, PagerDuty status, database health, and support handoff for pricing-engine."
DEP-01911,2024-09-30,order-ledger,canary,atlas-data,PR-7667,REL-2019.12,flag_order_ledger_payment_retry,5,paused,Jon Bell,latency guard,ATLAS-1204,"Deployment note: verify feature flag, Grafana SLO, PagerDuty status, database health, and support handoff for order-ledger."
DEP-01912,2024-10-02,pricing-engine,canary,atlas-web,PR-12200,REL-2019.1.6,flag_pricing_engine_regional_launch,50,rolled back,Ben Carter,database lag guard,ATLAS-5829,"Deployment note: verify feature flag, Grafana SLO, PagerDuty status, database health, and support handoff for pricing-engine."
DEP-01913,2024-10-02,notification-service,canary,atlas-observability,PR-11712,REL-2024.11,flag_notification_service_dual_run,75,partial,Fatima Noor,database lag guard,ATLAS-1319,"Deployment note: verify feature flag, Grafana SLO, PagerDuty status, database health, and support handoff for notification-service."
DEP-01914,2024-10-04,auth-gateway,stage,atlas-infra,PR-9135,REL-2021.09,flag_auth_gateway_rollback_guard,1,paused,Priya Nair,manual approval,ATLAS-5226,"Deployment note: verify feature flag, Grafana SLO, PagerDuty status, database health, and support handoff for auth-gateway."
DEP-01915,2024-10-03,cart-service,stage,atlas-checkout,PR-5209,REL-2024.02,flag_cart_service_payment_retry,0,paused,Sara Novak,database lag guard,ATLAS-1625,"Deployment note: verify feature flag, Grafana SLO, PagerDuty status, database health, and support handoff for cart-service."
DEP-01916,2024-10-05,analytics-pipeline,stage,atlas-infra,PR-6027,REL-2019.2.0,flag_analytics_pipeline_regional_launch,100,rolled back,Grace Kim,support volume guard,ATLAS-5544,"Deployment note: verify feature flag, Grafana SLO, PagerDuty status, database health, and support handoff for analytics-pipeline."
DEP-01917,2024-10-08,search-recommendations,prod,atlas-mobile,PR-6974,REL-2021.06,flag_search_recommendations_rollback_guard,100,rolled back,Priya Nair,latency guard,ATLAS-2449,"Deployment note: verify feature flag, Grafana SLO, PagerDuty status, database health, and support handoff for search-recommendations."
DEP-01918,2024-10-07,order-ledger,stage,atlas-checkout,PR-5101,REL-2025.1.7,flag_order_ledger_new_write_path,100,paused,Priya Nair,database lag guard,ATLAS-3450,"Deployment note: verify feature flag, Grafana SLO, PagerDuty status, database health, and support handoff for order-ledger."
DEP-01919,2024-10-10,inventory-reservation,prod,atlas-checkout,PR-5007,REL-2025.3.11,flag_inventory_reservation_mobile_session,0,success,Owen Brooks,database lag guard,ATLAS-2780,"Deployment note: verify feature flag, Grafana SLO, PagerDuty status, database health, and support handoff for inventory-reservation."
DEP-01920,2024-10-10,tax-service,prod,atlas-mobile,PR-5952,REL-2022.3.4,flag_tax_service_dual_run,10,rolled back,Owen Brooks,support volume guard,ATLAS-3638,"Deployment note: verify feature flag, Grafana SLO, PagerDuty status, database health, and support handoff for tax-service."
DEP-01921,2024-10-13,checkout-api,canary,atlas-mobile,PR-5037,REL-2024.11,flag_checkout_api_mobile_session,1,success,Iris Wang,support volume guard,ATLAS-5468,"Deployment note: verify feature flag, Grafana SLO, PagerDuty status, database health, and support handoff for checkout-api."
DEP-01922,2024-10-14,inventory-reservation,canary,atlas-observability,PR-5914,REL-2025.3.10,flag_inventory_reservation_mobile_session,1,monitoring,Yara Haddad,error budget guard,ATLAS-3783,"Deployment note: verify feature flag, Grafana SLO, PagerDuty status, database health, and support handoff for inventory-reservation."
DEP-01923,2024-10-15,checkout-api,stage,atlas-orders,PR-7929,REL-2025.12,flag_checkout_api_payment_retry,10,rolled back,Owen Brooks,error budget guard,ATLAS-1387,"Deployment note: verify feature flag, Grafana SLO, PagerDuty status, database health, and support handoff for checkout-api."
DEP-01924,2024-10-16,payment-orchestrator,prod,atlas-payments,PR-10205,REL-2023.01,flag_payment_orchestrator_regional_launch,5,monitoring,Kim Tan,manual approval,ATLAS-2196,"Deployment note: verify feature flag, Grafana SLO, PagerDuty status, database health, and support handoff for payment-orchestrator."
DEP-01925,2024-10-15,checkout-api,stage,atlas-payments,PR-6536,REL-2020.05,flag_checkout_api_payment_retry,0,rolled back,Kim Tan,manual approval,ATLAS-1933,"Deployment note: verify feature flag, Grafana SLO, PagerDuty status, database health, and support handoff for checkout-api."
DEP-01926,2024-10-17,cart-service,prod,atlas-observability,PR-11001,REL-2021.2.1,flag_cart_service_payment_retry,25,monitoring,Sara Novak,error budget guard,ATLAS-3663,"Deployment note: verify feature flag, Grafana SLO, PagerDuty status, database health, and support handoff for cart-service."
DEP-01927,2024-10-18,order-ledger,stage,atlas-data,PR-8379,REL-2020.4.15,flag_order_ledger_payment_retry,0,partial,Anika Sharma,manual approval,ATLAS-5063,"Deployment note: verify feature flag, Grafana SLO, PagerDuty status, database health, and support handoff for order-ledger."
DEP-01928,2024-10-19,checkout-api,stage,atlas-orders,PR-11301,REL-2022.2.14,flag_checkout_api_new_write_path,25,monitoring,Harper Lee,support volume guard,ATLAS-4162,"Deployment note: verify feature flag, Grafana SLO, PagerDuty status, database health, and support handoff for checkout-api."
DEP-01929,2024-10-22,notification-service,canary,atlas-checkout,PR-6178,REL-2018.06,flag_notification_service_regional_launch,10,partial,Nora Singh,manual approval,ATLAS-1986,"Deployment note: verify feature flag, Grafana SLO, PagerDuty status, database health, and support handoff for notification-service."
DEP-01930,2024-10-23,inventory-reservation,prod,atlas-web,PR-12323,REL-2022.06,flag_inventory_reservation_rollback_guard,50,rolled back,Victor Silva,support volume guard,ATLAS-5864,"Deployment note: verify feature flag, Grafana SLO, PagerDuty status, database health, and support handoff for inventory-reservation."
DEP-01931,2024-10-23,pricing-engine,stage,atlas-observability,PR-7225,REL-2019.3.9,flag_pricing_engine_dual_run,100,success,Mateo Garcia,error budget guard,ATLAS-4424,"Deployment note: verify feature flag, Grafana SLO, PagerDuty status, database health, and support handoff for pricing-engine."
DEP-01932,2024-10-26,cart-service,stage,atlas-observability,PR-9815,REL-2019.3.19,flag_cart_service_mobile_session,25,success,Iris Wang,support volume guard,ATLAS-2786,"Deployment note: verify feature flag, Grafana SLO, PagerDuty status, database health, and support handoff for cart-service."
DEP-01933,2024-10-27,checkout-api,prod,atlas-web,PR-12407,REL-2023.10,flag_checkout_api_payment_retry,5,rolled back,Anika Sharma,manual approval,ATLAS-2415,"Deployment note: verify feature flag, Grafana SLO, PagerDuty status, database health, and support handoff for checkout-api."
DEP-01934,2024-10-26,inventory-reservation,stage,atlas-orders,PR-5461,REL-2018.4.9,flag_inventory_reservation_rollback_guard,5,monitoring,Dmitri Volkov,manual approval,ATLAS-6048,"Deployment note: verify feature flag, Grafana SLO, PagerDuty status, database health, and support handoff for inventory-reservation."
DEP-01935,2024-10-27,tax-service,stage,atlas-orders,PR-5671,REL-2022.1.5,flag_tax_service_new_write_path,50,success,Yara Haddad,database lag guard,ATLAS-3046,"Deployment note: verify feature flag, Grafana SLO, PagerDuty status, database health, and support handoff for tax-service."
DEP-01936,2024-10-30,pricing-engine,stage,atlas-infra,PR-8833,REL-2024.1.11,flag_pricing_engine_new_write_path,1,success,Samir Rao,error budget guard,ATLAS-3411,"Deployment note: verify feature flag, Grafana SLO, PagerDuty status, database health, and support handoff for pricing-engine."
DEP-01937,2024-11-01,cart-service,stage,atlas-infra,PR-7902,REL-2025.3.14,flag_cart_service_mobile_session,25,partial,Iris Wang,database lag guard,ATLAS-2773,"Deployment note: verify feature flag, Grafana SLO, PagerDuty status, database health, and support handoff for cart-service."
DEP-01938,2024-10-31,analytics-pipeline,prod,atlas-payments,PR-5995,REL-2018.2.19,flag_analytics_pipeline_regional_launch,75,paused,Jon Bell,database lag guard,ATLAS-1452,"Deployment note: verify feature flag, Grafana SLO, PagerDuty status, database health, and support handoff for analytics-pipeline."
DEP-01939,2024-11-02,auth-gateway,prod,atlas-checkout,PR-12216,REL-2022.03,flag_auth_gateway_dual_run,25,success,Dmitri Volkov,latency guard,ATLAS-5524,"Deployment note: verify feature flag, Grafana SLO, PagerDuty status, database health, and support handoff for auth-gateway."
DEP-01940,2024-11-04,order-ledger,stage,atlas-checkout,PR-10567,REL-2024.2.9,flag_order_ledger_dual_run,5,paused,Priya Nair,error budget guard,ATLAS-2368,"Deployment note: verify feature flag, Grafana SLO, PagerDuty status, database health, and support handoff for order-ledger."
DEP-01941,2024-11-05,tax-service,prod,atlas-observability,PR-6018,REL-2019.4.3,flag_tax_service_mobile_session,5,paused,Noah Evans,manual approval,ATLAS-4212,"Deployment note: verify feature flag, Grafana SLO, PagerDuty status, database health, and support handoff for tax-service."
DEP-01942,2024-11-06,cart-service,canary,atlas-mobile,PR-9211,REL-2023.3.16,flag_cart_service_rollback_guard,10,partial,Ben Carter,error budget guard,ATLAS-3000,"Deployment note: verify feature flag, Grafana SLO, PagerDuty status, database health, and support handoff for cart-service."
DEP-01943,2024-11-07,pricing-engine,prod,atlas-checkout,PR-6154,REL-2023.3.12,flag_pricing_engine_mobile_session,50,paused,Theo Martin,manual approval,ATLAS-1292,"Deployment note: verify feature flag, Grafana SLO, PagerDuty status, database health, and support handoff for pricing-engine."
DEP-01944,2024-11-07,order-ledger,stage,atlas-data,PR-11690,REL-2024.3.17,flag_order_ledger_regional_launch,50,success,Mateo Garcia,latency guard,ATLAS-1080,"Deployment note: verify feature flag, Grafana SLO, PagerDuty status, database health, and support handoff for order-ledger."
DEP-01945,2024-11-09,search-recommendations,prod,atlas-infra,PR-7424,REL-2026.1.9,flag_search_recommendations_mobile_session,75,paused,Noah Evans,support volume guard,ATLAS-3361,"Deployment note: verify feature flag, Grafana SLO, PagerDuty status, database health, and support handoff for search-recommendations."
DEP-01946,2024-11-11,pricing-engine,prod,atlas-payments,PR-7446,REL-2024.06,flag_pricing_engine_new_write_path,100,success,Maya Chen,database lag guard,ATLAS-2802,"Deployment note: verify feature flag, Grafana SLO, PagerDuty status, database health, and support handoff for pricing-engine."
DEP-01947,2024-11-12,analytics-pipeline,stage,atlas-infra,PR-5372,REL-2021.3.1,flag_analytics_pipeline_new_write_path,5,partial,Kim Tan,error budget guard,ATLAS-5754,"Deployment note: verify feature flag, Grafana SLO, PagerDuty status, database health, and support handoff for analytics-pipeline."
DEP-01948,2024-11-14,order-ledger,prod,atlas-observability,PR-5278,REL-2020.4.12,flag_order_ledger_regional_launch,75,rolled back,Priya Nair,latency guard,ATLAS-5405,"Deployment note: verify feature flag, Grafana SLO, PagerDuty status, database health, and support handoff for order-ledger."
DEP-01949,2024-11-14,analytics-pipeline,prod,atlas-orders,PR-10893,REL-2023.2.5,flag_analytics_pipeline_regional_launch,5,paused,Samir Rao,latency guard,ATLAS-4323,"Deployment note: verify feature flag, Grafana SLO, PagerDuty status, database health, and support handoff for analytics-pipeline."
DEP-01950,2024-11-16,checkout-api,stage,atlas-orders,PR-6198,REL-2024.09,flag_checkout_api_dual_run,5,paused,Owen Brooks,support volume guard,ATLAS-4976,"Deployment note: verify feature flag, Grafana SLO, PagerDuty status, database health, and support handoff for checkout-api."
DEP-01951,2024-11-17,order-ledger,canary,atlas-checkout,PR-7069,REL-2018.10,flag_order_ledger_payment_retry,50,success,Ravi Patel,manual approval,ATLAS-5972,"Deployment note: verify feature flag, Grafana SLO, PagerDuty status, database health, and support handoff for order-ledger."
DEP-01952,2024-11-19,inventory-reservation,stage,atlas-orders,PR-6101,REL-2018.12,flag_inventory_reservation_payment_retry,10,success,Aisha Khan,manual approval,ATLAS-4088,"Deployment note: verify feature flag, Grafana SLO, PagerDuty status, database health, and support handoff for inventory-reservation."
DEP-01953,2024-11-19,analytics-pipeline,stage,atlas-observability,PR-8690,REL-2025.1.9,flag_analytics_pipeline_dual_run,0,success,Owen Brooks,support volume guard,ATLAS-6181,"Deployment note: verify feature flag, Grafana SLO, PagerDuty status, database health, and support handoff for analytics-pipeline."
DEP-01954,2024-11-19,auth-gateway,prod,atlas-mobile,PR-8620,REL-2021.2.5,flag_auth_gateway_rollback_guard,100,success,Iris Wang,latency guard,ATLAS-2378,"Deployment note: verify feature flag, Grafana SLO, PagerDuty status, database health, and support handoff for auth-gateway."
DEP-01955,2024-11-23,checkout-api,canary,atlas-payments,PR-10723,REL-2023.2.4,flag_checkout_api_dual_run,50,paused,Samir Rao,database lag guard,ATLAS-5663,"Deployment note: verify feature flag, Grafana SLO, PagerDuty status, database health, and support handoff for checkout-api."
DEP-01956,2024-11-23,inventory-reservation,prod,atlas-checkout,PR-8239,REL-2022.4.17,flag_inventory_reservation_payment_retry,10,success,Elena Petrova,database lag guard,ATLAS-5055,"Deployment note: verify feature flag, Grafana SLO, PagerDuty status, database health, and support handoff for inventory-reservation."
DEP-01957,2024-11-25,checkout-api,prod,atlas-observability,PR-6456,REL-2026.1.10,flag_checkout_api_new_write_path,75,partial,Anika Sharma,support volume guard,ATLAS-3780,"Deployment note: verify feature flag, Grafana SLO, PagerDuty status, database health, and support handoff for checkout-api."
DEP-01958,2024-11-25,analytics-pipeline,prod,atlas-data,PR-7588,REL-2026.1.10,flag_analytics_pipeline_regional_launch,100,partial,Jon Bell,support volume guard,ATLAS-2119,"Deployment note: verify feature flag, Grafana SLO, PagerDuty status, database health, and support handoff for analytics-pipeline."
DEP-01959,2024-11-26,cart-service,stage,atlas-payments,PR-11751,REL-2023.10,flag_cart_service_dual_run,75,success,Nora Singh,error budget guard,ATLAS-2019,"Deployment note: verify feature flag, Grafana SLO, PagerDuty status, database health, and support handoff for cart-service."
DEP-01960,2024-11-27,checkout-api,stage,atlas-orders,PR-10087,REL-2025.11,flag_checkout_api_rollback_guard,50,monitoring,Ben Carter,manual approval,ATLAS-5059,"Deployment note: verify feature flag, Grafana SLO, PagerDuty status, database health, and support handoff for checkout-api."
DEP-01961,2024-11-29,notification-service,stage,atlas-web,PR-9488,REL-2022.1.5,flag_notification_service_payment_retry,10,partial,Elena Petrova,error budget guard,ATLAS-1748,"Deployment note: verify feature flag, Grafana SLO, PagerDuty status, database health, and support handoff for notification-service."
DEP-01962,2024-11-30,search-recommendations,canary,atlas-web,PR-6764,REL-2018.4.12,flag_search_recommendations_rollback_guard,1,success,Ben Carter,support volume guard,ATLAS-1224,"Deployment note: verify feature flag, Grafana SLO, PagerDuty status, database health, and support handoff for search-recommendations."
DEP-01963,2024-11-30,auth-gateway,canary,atlas-mobile,PR-8520,REL-2025.06,flag_auth_gateway_dual_run,5,rolled back,Elena Petrova,support volume guard,ATLAS-4542,"Deployment note: verify feature flag, Grafana SLO, PagerDuty status, database health, and support handoff for auth-gateway."
DEP-01964,2024-12-04,checkout-api,stage,atlas-mobile,PR-7000,REL-2026.1.16,flag_checkout_api_rollback_guard,100,monitoring,Yara Haddad,support volume guard,ATLAS-4673,"Deployment note: verify feature flag, Grafana SLO, PagerDuty status, database health, and support handoff for checkout-api."
DEP-01965,2024-12-04,inventory-reservation,prod,atlas-orders,PR-9010,REL-2021.3.8,flag_inventory_reservation_new_write_path,1,paused,Luca Moretti,error budget guard,ATLAS-1772,"Deployment note: verify feature flag, Grafana SLO, PagerDuty status, database health, and support handoff for inventory-reservation."
DEP-01966,2024-12-06,order-ledger,canary,atlas-payments,PR-7277,REL-2019.2.0,flag_order_ledger_new_write_path,0,success,Sara Novak,latency guard,ATLAS-2697,"Deployment note: verify feature flag, Grafana SLO, PagerDuty status, database health, and support handoff for order-ledger."
DEP-01967,2024-12-06,payment-orchestrator,prod,atlas-orders,PR-5084,REL-2018.3.14,flag_payment_orchestrator_regional_launch,5,rolled back,Noah Evans,support volume guard,ATLAS-4464,"Deployment note: verify feature flag, Grafana SLO, PagerDuty status, database health, and support handoff for payment-orchestrator."
DEP-01968,2024-12-06,inventory-reservation,stage,atlas-payments,PR-8686,REL-2019.06,flag_inventory_reservation_regional_launch,25,paused,Samir Rao,database lag guard,ATLAS-5535,"Deployment note: verify feature flag, Grafana SLO, PagerDuty status, database health, and support handoff for inventory-reservation."
DEP-01969,2024-12-08,order-ledger,prod,atlas-orders,PR-5448,REL-2026.03,flag_order_ledger_dual_run,10,monitoring,Theo Martin,manual approval,ATLAS-5814,"Deployment note: verify feature flag, Grafana SLO, PagerDuty status, database health, and support handoff for order-ledger."
DEP-01970,2024-12-11,cart-service,canary,atlas-orders,PR-5001,REL-2021.3.3,flag_cart_service_dual_run,25,success,Fatima Noor,error budget guard,ATLAS-1413,"Deployment note: verify feature flag, Grafana SLO, PagerDuty status, database health, and support handoff for cart-service."
DEP-01971,2024-12-12,notification-service,stage,atlas-observability,PR-6257,REL-2018.4.5,flag_notification_service_new_write_path,10,rolled back,Ravi Patel,latency guard,ATLAS-4296,"Deployment note: verify feature flag, Grafana SLO, PagerDuty status, database health, and support handoff for notification-service."
DEP-01972,2024-12-11,checkout-api,stage,atlas-web,PR-5496,REL-2026.1.1,flag_checkout_api_payment_retry,0,rolled back,Luca Moretti,database lag guard,ATLAS-3572,"Deployment note: verify feature flag, Grafana SLO, PagerDuty status, database health, and support handoff for checkout-api."
DEP-01973,2024-12-13,pricing-engine,prod,atlas-checkout,PR-6936,REL-2023.03,flag_pricing_engine_rollback_guard,100,success,Mateo Garcia,error budget guard,ATLAS-1479,"Deployment note: verify feature flag, Grafana SLO, PagerDuty status, database health, and support handoff for pricing-engine."
DEP-01974,2024-12-15,search-recommendations,prod,atlas-orders,PR-8820,REL-2020.2.8,flag_search_recommendations_payment_retry,50,partial,Ben Carter,latency guard,ATLAS-2199,"Deployment note: verify feature flag, Grafana SLO, PagerDuty status, database health, and support handoff for search-recommendations."
DEP-01975,2024-12-16,tax-service,prod,atlas-infra,PR-12311,REL-2026.03,flag_tax_service_payment_retry,0,rolled back,Fatima Noor,latency guard,ATLAS-1846,"Deployment note: verify feature flag, Grafana SLO, PagerDuty status, database health, and support handoff for tax-service."
DEP-01976,2024-12-18,loyalty-service,stage,atlas-payments,PR-6325,REL-2025.1.6,flag_loyalty_service_payment_retry,10,monitoring,Elena Petrova,support volume guard,ATLAS-2772,"Deployment note: verify feature flag, Grafana SLO, PagerDuty status, database health, and support handoff for loyalty-service."
DEP-01977,2024-12-19,order-ledger,prod,atlas-orders,PR-11972,REL-2018.07,flag_order_ledger_payment_retry,10,rolled back,Owen Brooks,database lag guard,ATLAS-2208,"Deployment note: verify feature flag, Grafana SLO, PagerDuty status, database health, and support handoff for order-ledger."
DEP-01978,2024-12-18,cart-service,canary,atlas-mobile,PR-5436,REL-2024.1.3,flag_cart_service_mobile_session,1,monitoring,Maya Chen,latency guard,ATLAS-3510,"Deployment note: verify feature flag, Grafana SLO, PagerDuty status, database health, and support handoff for cart-service."
DEP-01979,2024-12-21,tax-service,prod,atlas-checkout,PR-8154,REL-2023.4.11,flag_tax_service_mobile_session,0,partial,Owen Brooks,database lag guard,ATLAS-3463,"Deployment note: verify feature flag, Grafana SLO, PagerDuty status, database health, and support handoff for tax-service."
DEP-01980,2024-12-22,loyalty-service,stage,atlas-checkout,PR-8744,REL-2024.4.14,flag_loyalty_service_new_write_path,10,paused,Theo Martin,support volume guard,ATLAS-2396,"Deployment note: verify feature flag, Grafana SLO, PagerDuty status, database health, and support handoff for loyalty-service."
DEP-01981,2024-12-23,pricing-engine,prod,atlas-orders,PR-5142,REL-2020.4.5,flag_pricing_engine_rollback_guard,75,partial,Elena Petrova,support volume guard,ATLAS-2121,"Deployment note: verify feature flag, Grafana SLO, PagerDuty status, database health, and support handoff for pricing-engine."
DEP-01982,2024-12-24,inventory-reservation,canary,atlas-mobile,PR-8720,REL-2026.1.11,flag_inventory_reservation_mobile_session,75,paused,Ben Carter,database lag guard,ATLAS-4155,"Deployment note: verify feature flag, Grafana SLO, PagerDuty status, database health, and support handoff for inventory-reservation."
DEP-01983,2024-12-26,pricing-engine,prod,atlas-web,PR-5850,REL-2021.1.16,flag_pricing_engine_dual_run,1,paused,Anika Sharma,error budget guard,ATLAS-3510,"Deployment note: verify feature flag, Grafana SLO, PagerDuty status, database health, and support handoff for pricing-engine."
DEP-01984,2024-12-26,tax-service,prod,atlas-checkout,PR-5535,REL-2019.11,flag_tax_service_payment_retry,50,monitoring,Samir Rao,latency guard,ATLAS-5029,"Deployment note: verify feature flag, Grafana SLO, PagerDuty status, database health, and support handoff for tax-service."
DEP-01985,2024-12-28,notification-service,prod,atlas-checkout,PR-6290,REL-2026.1.10,flag_notification_service_dual_run,25,success,Kim Tan,support volume guard,ATLAS-2212,"Deployment note: verify feature flag, Grafana SLO, PagerDuty status, database health, and support handoff for notification-service."
DEP-01986,2024-12-30,auth-gateway,stage,atlas-payments,PR-5711,REL-2020.4.5,flag_auth_gateway_dual_run,1,rolled back,Theo Martin,database lag guard,ATLAS-5511,"Deployment note: verify feature flag, Grafana SLO, PagerDuty status, database health, and support handoff for auth-gateway."
DEP-01987,2024-12-31,cart-service,prod,atlas-checkout,PR-9994,REL-2020.3.14,flag_cart_service_dual_run,25,partial,Owen Brooks,database lag guard,ATLAS-1240,"Deployment note: verify feature flag, Grafana SLO, PagerDuty status, database health, and support handoff for cart-service."
DEP-01988,2024-12-31,order-ledger,prod,atlas-mobile,PR-5270,REL-2018.3.5,flag_order_ledger_regional_launch,0,rolled back,Iris Wang,manual approval,ATLAS-1792,"Deployment note: verify feature flag, Grafana SLO, PagerDuty status, database health, and support handoff for order-ledger."
DEP-01989,2025-01-01,pricing-engine,stage,atlas-payments,PR-9566,REL-2026.1.10,flag_pricing_engine_new_write_path,50,paused,Owen Brooks,latency guard,ATLAS-4050,"Deployment note: verify feature flag, Grafana SLO, PagerDuty status, database health, and support handoff for pricing-engine."
DEP-01990,2025-01-03,checkout-api,prod,atlas-observability,PR-11046,REL-2019.3.13,flag_checkout_api_regional_launch,5,paused,Dmitri Volkov,support volume guard,ATLAS-5380,"Deployment note: verify feature flag, Grafana SLO, PagerDuty status, database health, and support handoff for checkout-api."
DEP-01991,2025-01-05,analytics-pipeline,canary,atlas-mobile,PR-5845,REL-2020.2.8,flag_analytics_pipeline_regional_launch,5,partial,Ben Carter,latency guard,ATLAS-4306,"Deployment note: verify feature flag, Grafana SLO, PagerDuty status, database health, and support handoff for analytics-pipeline."
DEP-01992,2025-01-04,analytics-pipeline,prod,atlas-data,PR-9663,REL-2026.03,flag_analytics_pipeline_payment_retry,25,rolled back,Grace Kim,error budget guard,ATLAS-4832,"Deployment note: verify feature flag, Grafana SLO, PagerDuty status, database health, and support handoff for analytics-pipeline."
DEP-01993,2025-01-07,pricing-engine,prod,atlas-observability,PR-9498,REL-2023.07,flag_pricing_engine_payment_retry,0,success,Theo Martin,error budget guard,ATLAS-2515,"Deployment note: verify feature flag, Grafana SLO, PagerDuty status, database health, and support handoff for pricing-engine."
DEP-01994,2025-01-09,analytics-pipeline,prod,atlas-web,PR-11458,REL-2022.1.19,flag_analytics_pipeline_payment_retry,75,rolled back,Anika Sharma,database lag guard,ATLAS-5936,"Deployment note: verify feature flag, Grafana SLO, PagerDuty status, database health, and support handoff for analytics-pipeline."
DEP-01995,2025-01-09,tax-service,canary,atlas-checkout,PR-5692,REL-2021.3.1,flag_tax_service_rollback_guard,25,success,Jon Bell,support volume guard,ATLAS-5842,"Deployment note: verify feature flag, Grafana SLO, PagerDuty status, database health, and support handoff for tax-service."
DEP-01996,2025-01-10,tax-service,stage,atlas-data,PR-6211,REL-2020.4.4,flag_tax_service_dual_run,50,paused,Ravi Patel,latency guard,ATLAS-5760,"Deployment note: verify feature flag, Grafana SLO, PagerDuty status, database health, and support handoff for tax-service."
DEP-01997,2025-01-12,pricing-engine,canary,atlas-mobile,PR-9251,REL-2021.12,flag_pricing_engine_dual_run,100,paused,Sara Novak,latency guard,ATLAS-5407,"Deployment note: verify feature flag, Grafana SLO, PagerDuty status, database health, and support handoff for pricing-engine."
DEP-01998,2025-01-14,notification-service,prod,atlas-payments,PR-7629,REL-2022.4.15,flag_notification_service_mobile_session,5,paused,Grace Kim,error budget guard,ATLAS-6032,"Deployment note: verify feature flag, Grafana SLO, PagerDuty status, database health, and support handoff for notification-service."
DEP-01999,2025-01-14,auth-gateway,canary,atlas-payments,PR-5688,REL-2024.2.15,flag_auth_gateway_dual_run,25,paused,Priya Nair,database lag guard,ATLAS-5006,"Deployment note: verify feature flag, Grafana SLO, PagerDuty status, database health, and support handoff for auth-gateway."
DEP-02000,2025-01-16,order-ledger,stage,atlas-observability,PR-5265,REL-2019.04,flag_order_ledger_dual_run,1,paused,Grace Kim,latency guard,ATLAS-6198,"Deployment note: verify feature flag, Grafana SLO, PagerDuty status, database health, and support handoff for order-ledger."
DEP-02001,2025-01-16,analytics-pipeline,stage,atlas-infra,PR-6816,REL-2023.10,flag_analytics_pipeline_payment_retry,10,rolled back,Aisha Khan,latency guard,ATLAS-4316,"Deployment note: verify feature flag, Grafana SLO, PagerDuty status, database health, and support handoff for analytics-pipeline."
DEP-02002,2025-01-17,order-ledger,stage,atlas-orders,PR-5083,REL-2021.2.2,flag_order_ledger_dual_run,25,partial,Elena Petrova,error budget guard,ATLAS-1764,"Deployment note: verify feature flag, Grafana SLO, PagerDuty status, database health, and support handoff for order-ledger."
DEP-02003,2025-01-18,checkout-api,prod,atlas-web,PR-11067,REL-2026.03,flag_checkout_api_rollback_guard,100,paused,Owen Brooks,support volume guard,ATLAS-4050,"Deployment note: verify feature flag, Grafana SLO, PagerDuty status, database health, and support handoff for checkout-api."
DEP-02004,2025-01-20,checkout-api,stage,atlas-payments,PR-6088,REL-2024.07,flag_checkout_api_rollback_guard,25,success,Samir Rao,latency guard,ATLAS-4654,"Deployment note: verify feature flag, Grafana SLO, PagerDuty status, database health, and support handoff for checkout-api."
DEP-02005,2025-01-21,inventory-reservation,stage,atlas-infra,PR-10604,REL-2025.4.16,flag_inventory_reservation_payment_retry,75,monitoring,Jon Bell,manual approval,ATLAS-5541,"Deployment note: verify feature flag, Grafana SLO, PagerDuty status, database health, and support handoff for inventory-reservation."
DEP-02006,2025-01-21,payment-orchestrator,prod,atlas-payments,PR-9248,REL-2018.09,flag_payment_orchestrator_regional_launch,50,rolled back,Sara Novak,latency guard,ATLAS-1032,"Deployment note: verify feature flag, Grafana SLO, PagerDuty status, database health, and support handoff for payment-orchestrator."
DEP-02007,2025-01-23,analytics-pipeline,stage,atlas-infra,PR-7100,REL-2024.02,flag_analytics_pipeline_regional_launch,100,monitoring,Nora Singh,manual approval,ATLAS-5656,"Deployment note: verify feature flag, Grafana SLO, PagerDuty status, database health, and support handoff for analytics-pipeline."
DEP-02008,2025-01-26,cart-service,prod,atlas-checkout,PR-6124,REL-2021.11,flag_cart_service_rollback_guard,10,success,Anika Sharma,latency guard,ATLAS-4607,"Deployment note: verify feature flag, Grafana SLO, PagerDuty status, database health, and support handoff for cart-service."
DEP-02009,2025-01-25,notification-service,stage,atlas-checkout,PR-7486,REL-2019.3.5,flag_notification_service_mobile_session,50,monitoring,Maya Chen,latency guard,ATLAS-3699,"Deployment note: verify feature flag, Grafana SLO, PagerDuty status, database health, and support handoff for notification-service."
DEP-02010,2025-01-27,search-recommendations,canary,atlas-infra,PR-12466,REL-2021.11,flag_search_recommendations_dual_run,10,partial,Grace Kim,manual approval,ATLAS-2591,"Deployment note: verify feature flag, Grafana SLO, PagerDuty status, database health, and support handoff for search-recommendations."
DEP-02011,2025-01-28,auth-gateway,canary,atlas-infra,PR-5171,REL-2025.4.8,flag_auth_gateway_payment_retry,100,success,Dmitri Volkov,manual approval,ATLAS-4245,"Deployment note: verify feature flag, Grafana SLO, PagerDuty status, database health, and support handoff for auth-gateway."
DEP-02012,2025-01-30,cart-service,stage,atlas-data,PR-6392,REL-2026.1.16,flag_cart_service_regional_launch,1,success,Noah Evans,database lag guard,ATLAS-6087,"Deployment note: verify feature flag, Grafana SLO, PagerDuty status, database health, and support handoff for cart-service."
DEP-02013,2025-01-31,cart-service,stage,atlas-web,PR-8576,REL-2022.4.10,flag_cart_service_regional_launch,75,rolled back,Iris Wang,latency guard,ATLAS-2409,"Deployment note: verify feature flag, Grafana SLO, PagerDuty status, database health, and support handoff for cart-service."
DEP-02014,2025-01-31,loyalty-service,prod,atlas-payments,PR-11680,REL-2024.2.2,flag_loyalty_service_payment_retry,1,monitoring,Sara Novak,error budget guard,ATLAS-2550,"Deployment note: verify feature flag, Grafana SLO, PagerDuty status, database health, and support handoff for loyalty-service."
DEP-02015,2025-02-02,cart-service,stage,atlas-observability,PR-5792,REL-2021.05,flag_cart_service_mobile_session,5,success,Noah Evans,database lag guard,ATLAS-5284,"Deployment note: verify feature flag, Grafana SLO, PagerDuty status, database health, and support handoff for cart-service."
DEP-02016,2025-02-03,inventory-reservation,stage,atlas-checkout,PR-6471,REL-2020.4.4,flag_inventory_reservation_regional_launch,75,rolled back,Fatima Noor,manual approval,ATLAS-5631,"Deployment note: verify feature flag, Grafana SLO, PagerDuty status, database health, and support handoff for inventory-reservation."
DEP-02017,2025-02-05,cart-service,canary,atlas-observability,PR-10155,REL-2023.1.15,flag_cart_service_new_write_path,0,monitoring,Elena Petrova,database lag guard,ATLAS-1498,"Deployment note: verify feature flag, Grafana SLO, PagerDuty status, database health, and support handoff for cart-service."
DEP-02018,2025-02-05,analytics-pipeline,canary,atlas-data,PR-7121,REL-2019.06,flag_analytics_pipeline_new_write_path,100,success,Victor Silva,latency guard,ATLAS-5760,"Deployment note: verify feature flag, Grafana SLO, PagerDuty status, database health, and support handoff for analytics-pipeline."
DEP-02019,2025-02-06,order-ledger,canary,atlas-payments,PR-11286,REL-2018.4.9,flag_order_ledger_payment_retry,1,success,Maya Chen,latency guard,ATLAS-2348,"Deployment note: verify feature flag, Grafana SLO, PagerDuty status, database health, and support handoff for order-ledger."
DEP-02020,2025-02-08,order-ledger,canary,atlas-web,PR-6027,REL-2023.12,flag_order_ledger_payment_retry,0,partial,Ravi Patel,error budget guard,ATLAS-3911,"Deployment note: verify feature flag, Grafana SLO, PagerDuty status, database health, and support handoff for order-ledger."
DEP-02021,2025-02-09,payment-orchestrator,prod,atlas-checkout,PR-6610,REL-2023.07,flag_payment_orchestrator_new_write_path,100,partial,Anika Sharma,manual approval,ATLAS-4820,"Deployment note: verify feature flag, Grafana SLO, PagerDuty status, database health, and support handoff for payment-orchestrator."
DEP-02022,2025-02-10,notification-service,stage,atlas-mobile,PR-9655,REL-2025.4.2,flag_notification_service_new_write_path,50,partial,Nora Singh,support volume guard,ATLAS-4678,"Deployment note: verify feature flag, Grafana SLO, PagerDuty status, database health, and support handoff for notification-service."
DEP-02023,2025-02-12,pricing-engine,prod,atlas-mobile,PR-5474,REL-2024.10,flag_pricing_engine_payment_retry,1,monitoring,Fatima Noor,support volume guard,ATLAS-5854,"Deployment note: verify feature flag, Grafana SLO, PagerDuty status, database health, and support handoff for pricing-engine."
DEP-02024,2025-02-14,inventory-reservation,prod,atlas-checkout,PR-5157,REL-2024.06,flag_inventory_reservation_rollback_guard,5,rolled back,Mateo Garcia,support volume guard,ATLAS-5594,"Deployment note: verify feature flag, Grafana SLO, PagerDuty status, database health, and support handoff for inventory-reservation."
DEP-02025,2025-02-14,search-recommendations,stage,atlas-observability,PR-7178,REL-2022.3.19,flag_search_recommendations_mobile_session,100,monitoring,Aisha Khan,support volume guard,ATLAS-2488,"Deployment note: verify feature flag, Grafana SLO, PagerDuty status, database health, and support handoff for search-recommendations."
DEP-02026,2025-02-16,payment-orchestrator,canary,atlas-data,PR-6703,REL-2023.12,flag_payment_orchestrator_regional_launch,1,rolled back,Kim Tan,support volume guard,ATLAS-3335,"Deployment note: verify feature flag, Grafana SLO, PagerDuty status, database health, and support handoff for payment-orchestrator."
DEP-02027,2025-02-18,payment-orchestrator,canary,atlas-checkout,PR-8062,REL-2025.08,flag_payment_orchestrator_new_write_path,75,partial,Owen Brooks,manual approval,ATLAS-3783,"Deployment note: verify feature flag, Grafana SLO, PagerDuty status, database health, and support handoff for payment-orchestrator."
DEP-02028,2025-02-18,payment-orchestrator,canary,atlas-data,PR-9637,REL-2021.01,flag_payment_orchestrator_mobile_session,100,rolled back,Victor Silva,latency guard,ATLAS-2393,"Deployment note: verify feature flag, Grafana SLO, PagerDuty status, database health, and support handoff for payment-orchestrator."
DEP-02029,2025-02-19,inventory-reservation,canary,atlas-web,PR-7810,REL-2025.2.17,flag_inventory_reservation_regional_launch,25,monitoring,Priya Nair,latency guard,ATLAS-1657,"Deployment note: verify feature flag, Grafana SLO, PagerDuty status, database health, and support handoff for inventory-reservation."
DEP-02030,2025-02-21,loyalty-service,canary,atlas-infra,PR-9213,REL-2024.3.4,flag_loyalty_service_mobile_session,5,partial,Sara Novak,support volume guard,ATLAS-5354,"Deployment note: verify feature flag, Grafana SLO, PagerDuty status, database health, and support handoff for loyalty-service."
DEP-02031,2025-02-23,inventory-reservation,prod,atlas-checkout,PR-10067,REL-2026.03,flag_inventory_reservation_dual_run,5,monitoring,Kim Tan,support volume guard,ATLAS-2504,"Deployment note: verify feature flag, Grafana SLO, PagerDuty status, database health, and support handoff for inventory-reservation."
DEP-02032,2025-02-23,cart-service,canary,atlas-web,PR-5476,REL-2023.3.14,flag_cart_service_dual_run,100,monitoring,Victor Silva,error budget guard,ATLAS-3589,"Deployment note: verify feature flag, Grafana SLO, PagerDuty status, database health, and support handoff for cart-service."
DEP-02033,2025-02-24,inventory-reservation,stage,atlas-web,PR-8030,REL-2024.02,flag_inventory_reservation_dual_run,5,monitoring,Grace Kim,error budget guard,ATLAS-3720,"Deployment note: verify feature flag, Grafana SLO, PagerDuty status, database health, and support handoff for inventory-reservation."
DEP-02034,2025-02-26,tax-service,prod,atlas-payments,PR-6843,REL-2020.4.9,flag_tax_service_regional_launch,25,paused,Yara Haddad,database lag guard,ATLAS-2513,"Deployment note: verify feature flag, Grafana SLO, PagerDuty status, database health, and support handoff for tax-service."
DEP-02035,2025-02-27,payment-orchestrator,canary,atlas-payments,PR-6861,REL-2022.1.17,flag_payment_orchestrator_dual_run,75,success,Yara Haddad,support volume guard,ATLAS-2153,"Deployment note: verify feature flag, Grafana SLO, PagerDuty status, database health, and support handoff for payment-orchestrator."
DEP-02036,2025-02-27,auth-gateway,prod,atlas-mobile,PR-7656,REL-2025.12,flag_auth_gateway_dual_run,10,rolled back,Luca Moretti,error budget guard,ATLAS-4112,"Deployment note: verify feature flag, Grafana SLO, PagerDuty status, database health, and support handoff for auth-gateway."
DEP-02037,2025-03-01,inventory-reservation,prod,atlas-infra,PR-9628,REL-2025.04,flag_inventory_reservation_new_write_path,75,partial,Iris Wang,support volume guard,ATLAS-4130,"Deployment note: verify feature flag, Grafana SLO, PagerDuty status, database health, and support handoff for inventory-reservation."
DEP-02038,2025-03-01,auth-gateway,prod,atlas-mobile,PR-6606,REL-2019.09,flag_auth_gateway_rollback_guard,100,success,Elena Petrova,manual approval,ATLAS-3827,"Deployment note: verify feature flag, Grafana SLO, PagerDuty status, database health, and support handoff for auth-gateway."
DEP-02039,2025-03-02,cart-service,stage,atlas-observability,PR-10005,REL-2019.1.6,flag_cart_service_new_write_path,75,monitoring,Samir Rao,latency guard,ATLAS-5507,"Deployment note: verify feature flag, Grafana SLO, PagerDuty status, database health, and support handoff for cart-service."
DEP-02040,2025-03-05,tax-service,prod,atlas-observability,PR-9780,REL-2025.07,flag_tax_service_new_write_path,50,monitoring,Elena Petrova,latency guard,ATLAS-2616,"Deployment note: verify feature flag, Grafana SLO, PagerDuty status, database health, and support handoff for tax-service."
DEP-02041,2025-03-05,tax-service,stage,atlas-payments,PR-9908,REL-2026.04,flag_tax_service_new_write_path,1,paused,Kim Tan,latency guard,ATLAS-1730,"Deployment note: verify feature flag, Grafana SLO, PagerDuty status, database health, and support handoff for tax-service."
DEP-02042,2025-03-06,tax-service,canary,atlas-checkout,PR-8354,REL-2023.2.17,flag_tax_service_dual_run,100,monitoring,Mateo Garcia,support volume guard,ATLAS-6172,"Deployment note: verify feature flag, Grafana SLO, PagerDuty status, database health, and support handoff for tax-service."
DEP-02043,2025-03-08,notification-service,prod,atlas-orders,PR-7341,REL-2024.05,flag_notification_service_regional_launch,50,success,Jon Bell,database lag guard,ATLAS-4182,"Deployment note: verify feature flag, Grafana SLO, PagerDuty status, database health, and support handoff for notification-service."
DEP-02044,2025-03-08,auth-gateway,canary,atlas-mobile,PR-7496,REL-2019.2.5,flag_auth_gateway_new_write_path,0,success,Owen Brooks,manual approval,ATLAS-2220,"Deployment note: verify feature flag, Grafana SLO, PagerDuty status, database health, and support handoff for auth-gateway."
DEP-02045,2025-03-12,search-recommendations,stage,atlas-mobile,PR-5683,REL-2019.2.0,flag_search_recommendations_mobile_session,75,rolled back,Victor Silva,error budget guard,ATLAS-1864,"Deployment note: verify feature flag, Grafana SLO, PagerDuty status, database health, and support handoff for search-recommendations."
DEP-02046,2025-03-12,search-recommendations,canary,atlas-payments,PR-6415,REL-2020.1.2,flag_search_recommendations_payment_retry,50,rolled back,Yara Haddad,latency guard,ATLAS-2333,"Deployment note: verify feature flag, Grafana SLO, PagerDuty status, database health, and support handoff for search-recommendations."
DEP-02047,2025-03-14,tax-service,canary,atlas-checkout,PR-8036,REL-2023.06,flag_tax_service_payment_retry,50,paused,Aisha Khan,error budget guard,ATLAS-5728,"Deployment note: verify feature flag, Grafana SLO, PagerDuty status, database health, and support handoff for tax-service."
DEP-02048,2025-03-13,tax-service,stage,atlas-mobile,PR-7227,REL-2019.01,flag_tax_service_mobile_session,1,partial,Priya Nair,manual approval,ATLAS-5435,"Deployment note: verify feature flag, Grafana SLO, PagerDuty status, database health, and support handoff for tax-service."
DEP-02049,2025-03-16,order-ledger,stage,atlas-data,PR-5504,REL-2020.4.9,flag_order_ledger_dual_run,1,paused,Ben Carter,error budget guard,ATLAS-1341,"Deployment note: verify feature flag, Grafana SLO, PagerDuty status, database health, and support handoff for order-ledger."
DEP-02050,2025-03-17,checkout-api,stage,atlas-infra,PR-10239,REL-2023.11,flag_checkout_api_dual_run,5,paused,Priya Nair,error budget guard,ATLAS-4100,"Deployment note: verify feature flag, Grafana SLO, PagerDuty status, database health, and support handoff for checkout-api."
DEP-02051,2025-03-17,search-recommendations,canary,atlas-payments,PR-5839,REL-2024.2.0,flag_search_recommendations_mobile_session,0,monitoring,Victor Silva,manual approval,ATLAS-3415,"Deployment note: verify feature flag, Grafana SLO, PagerDuty status, database health, and support handoff for search-recommendations."
DEP-02052,2025-03-18,notification-service,stage,atlas-orders,PR-7313,REL-2024.03,flag_notification_service_new_write_path,75,monitoring,Grace Kim,database lag guard,ATLAS-1540,"Deployment note: verify feature flag, Grafana SLO, PagerDuty status, database health, and support handoff for notification-service."
DEP-02053,2025-03-21,analytics-pipeline,canary,atlas-infra,PR-6956,REL-2024.3.18,flag_analytics_pipeline_mobile_session,50,success,Jon Bell,manual approval,ATLAS-3331,"Deployment note: verify feature flag, Grafana SLO, PagerDuty status, database health, and support handoff for analytics-pipeline."
DEP-02054,2025-03-21,notification-service,stage,atlas-infra,PR-7289,REL-2020.06,flag_notification_service_rollback_guard,1,monitoring,Dmitri Volkov,database lag guard,ATLAS-1111,"Deployment note: verify feature flag, Grafana SLO, PagerDuty status, database health, and support handoff for notification-service."
DEP-02055,2025-03-24,inventory-reservation,canary,atlas-infra,PR-9777,REL-2025.3.5,flag_inventory_reservation_dual_run,1,partial,Fatima Noor,support volume guard,ATLAS-1490,"Deployment note: verify feature flag, Grafana SLO, PagerDuty status, database health, and support handoff for inventory-reservation."
DEP-02056,2025-03-24,checkout-api,prod,atlas-web,PR-6744,REL-2018.4.16,flag_checkout_api_regional_launch,75,success,Iris Wang,database lag guard,ATLAS-5242,"Deployment note: verify feature flag, Grafana SLO, PagerDuty status, database health, and support handoff for checkout-api."
DEP-02057,2025-03-26,loyalty-service,canary,atlas-web,PR-11458,REL-2025.09,flag_loyalty_service_rollback_guard,100,rolled back,Maya Chen,error budget guard,ATLAS-4339,"Deployment note: verify feature flag, Grafana SLO, PagerDuty status, database health, and support handoff for loyalty-service."
DEP-02058,2025-03-27,search-recommendations,prod,atlas-mobile,PR-7294,REL-2023.2.17,flag_search_recommendations_regional_launch,25,rolled back,Noah Evans,error budget guard,ATLAS-5287,"Deployment note: verify feature flag, Grafana SLO, PagerDuty status, database health, and support handoff for search-recommendations."
DEP-02059,2025-03-29,search-recommendations,canary,atlas-checkout,PR-6701,REL-2022.10,flag_search_recommendations_payment_retry,5,monitoring,Theo Martin,error budget guard,ATLAS-2865,"Deployment note: verify feature flag, Grafana SLO, PagerDuty status, database health, and support handoff for search-recommendations."
DEP-02060,2025-03-29,notification-service,canary,atlas-orders,PR-7461,REL-2023.08,flag_notification_service_regional_launch,25,rolled back,Ben Carter,support volume guard,ATLAS-5044,"Deployment note: verify feature flag, Grafana SLO, PagerDuty status, database health, and support handoff for notification-service."
DEP-02061,2025-03-29,analytics-pipeline,stage,atlas-web,PR-5424,REL-2021.1.16,flag_analytics_pipeline_mobile_session,10,rolled back,Elena Petrova,support volume guard,ATLAS-2214,"Deployment note: verify feature flag, Grafana SLO, PagerDuty status, database health, and support handoff for analytics-pipeline."
DEP-02062,2025-03-30,tax-service,canary,atlas-data,PR-5668,REL-2022.3.4,flag_tax_service_mobile_session,100,rolled back,Sara Novak,latency guard,ATLAS-1944,"Deployment note: verify feature flag, Grafana SLO, PagerDuty status, database health, and support handoff for tax-service."
DEP-02063,2025-04-01,pricing-engine,prod,atlas-orders,PR-7892,REL-2021.4.19,flag_pricing_engine_payment_retry,50,rolled back,Dmitri Volkov,support volume guard,ATLAS-1320,"Deployment note: verify feature flag, Grafana SLO, PagerDuty status, database health, and support handoff for pricing-engine."
DEP-02064,2025-04-03,cart-service,canary,atlas-web,PR-5856,REL-2023.3.8,flag_cart_service_mobile_session,5,partial,Harper Lee,error budget guard,ATLAS-3670,"Deployment note: verify feature flag, Grafana SLO, PagerDuty status, database health, and support handoff for cart-service."
DEP-02065,2025-04-05,analytics-pipeline,canary,atlas-checkout,PR-7935,REL-2020.4.2,flag_analytics_pipeline_rollback_guard,1,success,Harper Lee,support volume guard,ATLAS-2498,"Deployment note: verify feature flag, Grafana SLO, PagerDuty status, database health, and support handoff for analytics-pipeline."
DEP-02066,2025-04-05,tax-service,canary,atlas-mobile,PR-9639,REL-2024.3.4,flag_tax_service_regional_launch,75,rolled back,Theo Martin,error budget guard,ATLAS-1495,"Deployment note: verify feature flag, Grafana SLO, PagerDuty status, database health, and support handoff for tax-service."
DEP-02067,2025-04-05,analytics-pipeline,prod,atlas-checkout,PR-8412,REL-2019.3.2,flag_analytics_pipeline_regional_launch,100,rolled back,Aisha Khan,database lag guard,ATLAS-4885,"Deployment note: verify feature flag, Grafana SLO, PagerDuty status, database health, and support handoff for analytics-pipeline."
DEP-02068,2025-04-06,search-recommendations,prod,atlas-infra,PR-8630,REL-2019.03,flag_search_recommendations_mobile_session,25,success,Priya Nair,manual approval,ATLAS-1515,"Deployment note: verify feature flag, Grafana SLO, PagerDuty status, database health, and support handoff for search-recommendations."
DEP-02069,2025-04-09,analytics-pipeline,prod,atlas-data,PR-5188,REL-2025.09,flag_analytics_pipeline_mobile_session,100,success,Theo Martin,latency guard,ATLAS-2083,"Deployment note: verify feature flag, Grafana SLO, PagerDuty status, database health, and support handoff for analytics-pipeline."
DEP-02070,2025-04-09,loyalty-service,canary,atlas-checkout,PR-10130,REL-2018.11,flag_loyalty_service_payment_retry,50,partial,Theo Martin,manual approval,ATLAS-4825,"Deployment note: verify feature flag, Grafana SLO, PagerDuty status, database health, and support handoff for loyalty-service."
DEP-02071,2025-04-11,search-recommendations,canary,atlas-checkout,PR-8424,REL-2021.06,flag_search_recommendations_new_write_path,75,paused,Aisha Khan,latency guard,ATLAS-4829,"Deployment note: verify feature flag, Grafana SLO, PagerDuty status, database health, and support handoff for search-recommendations."
DEP-02072,2025-04-11,notification-service,canary,atlas-orders,PR-7095,REL-2023.10,flag_notification_service_payment_retry,10,partial,Fatima Noor,error budget guard,ATLAS-5209,"Deployment note: verify feature flag, Grafana SLO, PagerDuty status, database health, and support handoff for notification-service."
DEP-02073,2025-04-13,cart-service,prod,atlas-observability,PR-7265,REL-2022.1.3,flag_cart_service_new_write_path,100,rolled back,Grace Kim,manual approval,ATLAS-2495,"Deployment note: verify feature flag, Grafana SLO, PagerDuty status, database health, and support handoff for cart-service."
DEP-02074,2025-04-14,inventory-reservation,canary,atlas-orders,PR-6442,REL-2021.08,flag_inventory_reservation_new_write_path,75,success,Ben Carter,latency guard,ATLAS-3120,"Deployment note: verify feature flag, Grafana SLO, PagerDuty status, database health, and support handoff for inventory-reservation."
DEP-02075,2025-04-16,cart-service,canary,atlas-payments,PR-12555,REL-2025.2.7,flag_cart_service_rollback_guard,75,success,Maya Chen,database lag guard,ATLAS-3190,"Deployment note: verify feature flag, Grafana SLO, PagerDuty status, database health, and support handoff for cart-service."
DEP-02076,2025-04-16,order-ledger,stage,atlas-infra,PR-7527,REL-2019.04,flag_order_ledger_rollback_guard,1,success,Ben Carter,database lag guard,ATLAS-5918,"Deployment note: verify feature flag, Grafana SLO, PagerDuty status, database health, and support handoff for order-ledger."
DEP-02077,2025-04-17,auth-gateway,canary,atlas-infra,PR-5069,REL-2022.3.12,flag_auth_gateway_regional_launch,25,rolled back,Theo Martin,database lag guard,ATLAS-2109,"Deployment note: verify feature flag, Grafana SLO, PagerDuty status, database health, and support handoff for auth-gateway."
DEP-02078,2025-04-19,tax-service,prod,atlas-observability,PR-7313,REL-2020.4.5,flag_tax_service_regional_launch,5,rolled back,Dmitri Volkov,error budget guard,ATLAS-1905,"Deployment note: verify feature flag, Grafana SLO, PagerDuty status, database health, and support handoff for tax-service."
DEP-02079,2025-04-22,checkout-api,canary,atlas-orders,PR-5383,REL-2020.4.10,flag_checkout_api_mobile_session,0,partial,Aisha Khan,support volume guard,ATLAS-2050,"Deployment note: verify feature flag, Grafana SLO, PagerDuty status, database health, and support handoff for checkout-api."
DEP-02080,2025-04-22,auth-gateway,stage,atlas-mobile,PR-8606,REL-2023.05,flag_auth_gateway_new_write_path,5,monitoring,Kim Tan,database lag guard,ATLAS-3020,"Deployment note: verify feature flag, Grafana SLO, PagerDuty status, database health, and support handoff for auth-gateway."
DEP-02081,2025-04-22,pricing-engine,stage,atlas-payments,PR-8080,REL-2023.10,flag_pricing_engine_rollback_guard,50,monitoring,Grace Kim,support volume guard,ATLAS-3298,"Deployment note: verify feature flag, Grafana SLO, PagerDuty status, database health, and support handoff for pricing-engine."
DEP-02082,2025-04-24,cart-service,stage,atlas-mobile,PR-7002,REL-2025.2.17,flag_cart_service_new_write_path,5,success,Dmitri Volkov,error budget guard,ATLAS-1750,"Deployment note: verify feature flag, Grafana SLO, PagerDuty status, database health, and support handoff for cart-service."
DEP-02083,2025-04-27,auth-gateway,canary,atlas-payments,PR-9496,REL-2024.01,flag_auth_gateway_payment_retry,75,partial,Iris Wang,latency guard,ATLAS-5312,"Deployment note: verify feature flag, Grafana SLO, PagerDuty status, database health, and support handoff for auth-gateway."
DEP-02084,2025-04-28,payment-orchestrator,stage,atlas-payments,PR-8803,REL-2022.2.14,flag_payment_orchestrator_new_write_path,100,paused,Jon Bell,support volume guard,ATLAS-5098,"Deployment note: verify feature flag, Grafana SLO, PagerDuty status, database health, and support handoff for payment-orchestrator."
DEP-02085,2025-04-29,payment-orchestrator,canary,atlas-checkout,PR-12353,REL-2024.4.9,flag_payment_orchestrator_mobile_session,50,paused,Fatima Noor,latency guard,ATLAS-2874,"Deployment note: verify feature flag, Grafana SLO, PagerDuty status, database health, and support handoff for payment-orchestrator."
DEP-02086,2025-04-29,payment-orchestrator,canary,atlas-mobile,PR-12206,REL-2025.1.9,flag_payment_orchestrator_regional_launch,25,paused,Elena Petrova,support volume guard,ATLAS-5905,"Deployment note: verify feature flag, Grafana SLO, PagerDuty status, database health, and support handoff for payment-orchestrator."
DEP-02087,2025-04-29,order-ledger,canary,atlas-infra,PR-6617,REL-2025.1.9,flag_order_ledger_mobile_session,0,success,Maya Chen,error budget guard,ATLAS-5480,"Deployment note: verify feature flag, Grafana SLO, PagerDuty status, database health, and support handoff for order-ledger."
DEP-02088,2025-05-01,auth-gateway,prod,atlas-payments,PR-8106,REL-2021.4.17,flag_auth_gateway_new_write_path,10,paused,Ben Carter,support volume guard,ATLAS-4070,"Deployment note: verify feature flag, Grafana SLO, PagerDuty status, database health, and support handoff for auth-gateway."
DEP-02089,2025-05-02,tax-service,canary,atlas-observability,PR-8183,REL-2022.3.11,flag_tax_service_payment_retry,10,rolled back,Sara Novak,database lag guard,ATLAS-2847,"Deployment note: verify feature flag, Grafana SLO, PagerDuty status, database health, and support handoff for tax-service."
DEP-02090,2025-05-05,order-ledger,prod,atlas-web,PR-10510,REL-2022.2.15,flag_order_ledger_new_write_path,50,monitoring,Victor Silva,latency guard,ATLAS-4620,"Deployment note: verify feature flag, Grafana SLO, PagerDuty status, database health, and support handoff for order-ledger."
DEP-02091,2025-05-06,analytics-pipeline,canary,atlas-mobile,PR-6815,REL-2021.3.15,flag_analytics_pipeline_new_write_path,10,paused,Ben Carter,latency guard,ATLAS-2926,"Deployment note: verify feature flag, Grafana SLO, PagerDuty status, database health, and support handoff for analytics-pipeline."
DEP-02092,2025-05-07,auth-gateway,canary,atlas-mobile,PR-7753,REL-2020.10,flag_auth_gateway_mobile_session,5,partial,Grace Kim,support volume guard,ATLAS-1650,"Deployment note: verify feature flag, Grafana SLO, PagerDuty status, database health, and support handoff for auth-gateway."
DEP-02093,2025-05-08,cart-service,canary,atlas-orders,PR-7560,REL-2024.3.17,flag_cart_service_regional_launch,75,paused,Luca Moretti,manual approval,ATLAS-2203,"Deployment note: verify feature flag, Grafana SLO, PagerDuty status, database health, and support handoff for cart-service."
DEP-02094,2025-05-10,tax-service,stage,atlas-infra,PR-5669,REL-2026.1.8,flag_tax_service_rollback_guard,0,partial,Yara Haddad,latency guard,ATLAS-2777,"Deployment note: verify feature flag, Grafana SLO, PagerDuty status, database health, and support handoff for tax-service."
DEP-02095,2025-05-11,tax-service,prod,atlas-payments,PR-6792,REL-2022.4.0,flag_tax_service_dual_run,5,monitoring,Victor Silva,support volume guard,ATLAS-2663,"Deployment note: verify feature flag, Grafana SLO, PagerDuty status, database health, and support handoff for tax-service."
DEP-02096,2025-05-12,notification-service,stage,atlas-orders,PR-7351,REL-2021.08,flag_notification_service_rollback_guard,50,success,Iris Wang,latency guard,ATLAS-1272,"Deployment note: verify feature flag, Grafana SLO, PagerDuty status, database health, and support handoff for notification-service."
DEP-02097,2025-05-14,tax-service,canary,atlas-mobile,PR-12251,REL-2026.1.16,flag_tax_service_new_write_path,0,success,Iris Wang,database lag guard,ATLAS-1396,"Deployment note: verify feature flag, Grafana SLO, PagerDuty status, database health, and support handoff for tax-service."
DEP-02098,2025-05-13,payment-orchestrator,prod,atlas-data,PR-8429,REL-2025.3.2,flag_payment_orchestrator_regional_launch,50,partial,Luca Moretti,database lag guard,ATLAS-2925,"Deployment note: verify feature flag, Grafana SLO, PagerDuty status, database health, and support handoff for payment-orchestrator."
DEP-02099,2025-05-15,notification-service,prod,atlas-infra,PR-5054,REL-2025.07,flag_notification_service_dual_run,10,paused,Grace Kim,latency guard,ATLAS-2978,"Deployment note: verify feature flag, Grafana SLO, PagerDuty status, database health, and support handoff for notification-service."
DEP-02100,2025-05-17,checkout-api,prod,atlas-observability,PR-10284,REL-2023.09,flag_checkout_api_new_write_path,10,paused,Mateo Garcia,latency guard,ATLAS-3684,"Deployment note: verify feature flag, Grafana SLO, PagerDuty status, database health, and support handoff for checkout-api."
DEP-02101,2025-05-16,auth-gateway,canary,atlas-data,PR-10842,REL-2020.11,flag_auth_gateway_rollback_guard,10,success,Iris Wang,database lag guard,ATLAS-2580,"Deployment note: verify feature flag, Grafana SLO, PagerDuty status, database health, and support handoff for auth-gateway."
DEP-02102,2025-05-18,payment-orchestrator,stage,atlas-orders,PR-12501,REL-2024.4.13,flag_payment_orchestrator_new_write_path,25,success,Jon Bell,manual approval,ATLAS-2264,"Deployment note: verify feature flag, Grafana SLO, PagerDuty status, database health, and support handoff for payment-orchestrator."
DEP-02103,2025-05-19,loyalty-service,stage,atlas-observability,PR-9647,REL-2022.08,flag_loyalty_service_mobile_session,50,success,Luca Moretti,error budget guard,ATLAS-3510,"Deployment note: verify feature flag, Grafana SLO, PagerDuty status, database health, and support handoff for loyalty-service."
DEP-02104,2025-05-22,checkout-api,canary,atlas-observability,PR-7547,REL-2023.3.2,flag_checkout_api_mobile_session,1,rolled back,Fatima Noor,manual approval,ATLAS-1379,"Deployment note: verify feature flag, Grafana SLO, PagerDuty status, database health, and support handoff for checkout-api."
DEP-02105,2025-05-23,notification-service,prod,atlas-mobile,PR-5419,REL-2020.1.5,flag_notification_service_regional_launch,25,success,Grace Kim,error budget guard,ATLAS-5682,"Deployment note: verify feature flag, Grafana SLO, PagerDuty status, database health, and support handoff for notification-service."
DEP-02106,2025-05-23,notification-service,prod,atlas-infra,PR-5009,REL-2023.01,flag_notification_service_rollback_guard,50,partial,Mateo Garcia,manual approval,ATLAS-5732,"Deployment note: verify feature flag, Grafana SLO, PagerDuty status, database health, and support handoff for notification-service."
DEP-02107,2025-05-26,analytics-pipeline,prod,atlas-mobile,PR-7053,REL-2019.1.14,flag_analytics_pipeline_payment_retry,0,paused,Grace Kim,latency guard,ATLAS-2710,"Deployment note: verify feature flag, Grafana SLO, PagerDuty status, database health, and support handoff for analytics-pipeline."
DEP-02108,2025-05-27,notification-service,canary,atlas-web,PR-6573,REL-2026.2.6,flag_notification_service_mobile_session,100,success,Luca Moretti,database lag guard,ATLAS-2941,"Deployment note: verify feature flag, Grafana SLO, PagerDuty status, database health, and support handoff for notification-service."
DEP-02109,2025-05-26,auth-gateway,stage,atlas-observability,PR-6985,REL-2023.4.13,flag_auth_gateway_new_write_path,100,success,Iris Wang,error budget guard,ATLAS-1600,"Deployment note: verify feature flag, Grafana SLO, PagerDuty status, database health, and support handoff for auth-gateway."
DEP-02110,2025-05-28,order-ledger,stage,atlas-infra,PR-10832,REL-2020.3.18,flag_order_ledger_new_write_path,1,rolled back,Fatima Noor,manual approval,ATLAS-5692,"Deployment note: verify feature flag, Grafana SLO, PagerDuty status, database health, and support handoff for order-ledger."
DEP-02111,2025-05-29,inventory-reservation,stage,atlas-data,PR-5631,REL-2019.2.16,flag_inventory_reservation_payment_retry,50,paused,Jon Bell,error budget guard,ATLAS-5064,"Deployment note: verify feature flag, Grafana SLO, PagerDuty status, database health, and support handoff for inventory-reservation."
DEP-02112,2025-05-30,checkout-api,canary,atlas-checkout,PR-5994,REL-2023.10,flag_checkout_api_rollback_guard,0,success,Samir Rao,latency guard,ATLAS-4965,"Deployment note: verify feature flag, Grafana SLO, PagerDuty status, database health, and support handoff for checkout-api."
DEP-02113,2025-06-02,cart-service,stage,atlas-mobile,PR-7832,REL-2020.4.1,flag_cart_service_regional_launch,0,paused,Harper Lee,manual approval,ATLAS-3825,"Deployment note: verify feature flag, Grafana SLO, PagerDuty status, database health, and support handoff for cart-service."
DEP-02114,2025-06-01,payment-orchestrator,prod,atlas-data,PR-7740,REL-2019.1.19,flag_payment_orchestrator_payment_retry,75,monitoring,Sara Novak,manual approval,ATLAS-5696,"Deployment note: verify feature flag, Grafana SLO, PagerDuty status, database health, and support handoff for payment-orchestrator."
DEP-02115,2025-06-02,inventory-reservation,prod,atlas-mobile,PR-5406,REL-2020.3.19,flag_inventory_reservation_mobile_session,1,monitoring,Fatima Noor,database lag guard,ATLAS-5483,"Deployment note: verify feature flag, Grafana SLO, PagerDuty status, database health, and support handoff for inventory-reservation."
DEP-02116,2025-06-04,tax-service,canary,atlas-data,PR-11873,REL-2022.1.19,flag_tax_service_payment_retry,10,partial,Ravi Patel,manual approval,ATLAS-1249,"Deployment note: verify feature flag, Grafana SLO, PagerDuty status, database health, and support handoff for tax-service."
DEP-02117,2025-06-05,order-ledger,prod,atlas-mobile,PR-5980,REL-2026.1.16,flag_order_ledger_dual_run,10,partial,Grace Kim,manual approval,ATLAS-2561,"Deployment note: verify feature flag, Grafana SLO, PagerDuty status, database health, and support handoff for order-ledger."
DEP-02118,2025-06-08,tax-service,stage,atlas-observability,PR-5830,REL-2025.02,flag_tax_service_payment_retry,1,monitoring,Luca Moretti,support volume guard,ATLAS-2830,"Deployment note: verify feature flag, Grafana SLO, PagerDuty status, database health, and support handoff for tax-service."
DEP-02119,2025-06-07,auth-gateway,canary,atlas-payments,PR-7894,REL-2019.08,flag_auth_gateway_payment_retry,75,success,Victor Silva,error budget guard,ATLAS-2554,"Deployment note: verify feature flag, Grafana SLO, PagerDuty status, database health, and support handoff for auth-gateway."
DEP-02120,2025-06-10,checkout-api,stage,atlas-infra,PR-7399,REL-2026.04,flag_checkout_api_mobile_session,100,rolled back,Aisha Khan,manual approval,ATLAS-4025,"Deployment note: verify feature flag, Grafana SLO, PagerDuty status, database health, and support handoff for checkout-api."
DEP-02121,2025-06-11,loyalty-service,canary,atlas-data,PR-9621,REL-2021.03,flag_loyalty_service_mobile_session,1,success,Nora Singh,latency guard,ATLAS-4565,"Deployment note: verify feature flag, Grafana SLO, PagerDuty status, database health, and support handoff for loyalty-service."
DEP-02122,2025-06-13,loyalty-service,canary,atlas-orders,PR-11159,REL-2021.4.19,flag_loyalty_service_dual_run,100,partial,Aisha Khan,support volume guard,ATLAS-2613,"Deployment note: verify feature flag, Grafana SLO, PagerDuty status, database health, and support handoff for loyalty-service."
DEP-02123,2025-06-13,pricing-engine,canary,atlas-checkout,PR-12396,REL-2020.4.18,flag_pricing_engine_new_write_path,75,rolled back,Fatima Noor,database lag guard,ATLAS-3204,"Deployment note: verify feature flag, Grafana SLO, PagerDuty status, database health, and support handoff for pricing-engine."
DEP-02124,2025-06-15,auth-gateway,prod,atlas-orders,PR-10848,REL-2024.3.10,flag_auth_gateway_dual_run,50,rolled back,Samir Rao,database lag guard,ATLAS-6043,"Deployment note: verify feature flag, Grafana SLO, PagerDuty status, database health, and support handoff for auth-gateway."
DEP-02125,2025-06-15,tax-service,canary,atlas-checkout,PR-8327,REL-2023.2.12,flag_tax_service_regional_launch,1,success,Nora Singh,latency guard,ATLAS-1117,"Deployment note: verify feature flag, Grafana SLO, PagerDuty status, database health, and support handoff for tax-service."
DEP-02126,2025-06-17,auth-gateway,prod,atlas-payments,PR-6512,REL-2021.3.2,flag_auth_gateway_new_write_path,1,paused,Harper Lee,latency guard,ATLAS-5031,"Deployment note: verify feature flag, Grafana SLO, PagerDuty status, database health, and support handoff for auth-gateway."
DEP-02127,2025-06-17,payment-orchestrator,prod,atlas-infra,PR-9339,REL-2020.4.15,flag_payment_orchestrator_payment_retry,5,rolled back,Ben Carter,support volume guard,ATLAS-1579,"Deployment note: verify feature flag, Grafana SLO, PagerDuty status, database health, and support handoff for payment-orchestrator."
DEP-02128,2025-06-19,search-recommendations,canary,atlas-web,PR-6731,REL-2021.07,flag_search_recommendations_mobile_session,10,monitoring,Nora Singh,database lag guard,ATLAS-3545,"Deployment note: verify feature flag, Grafana SLO, PagerDuty status, database health, and support handoff for search-recommendations."
DEP-02129,2025-06-21,pricing-engine,stage,atlas-orders,PR-6073,REL-2020.09,flag_pricing_engine_regional_launch,0,partial,Sara Novak,support volume guard,ATLAS-5409,"Deployment note: verify feature flag, Grafana SLO, PagerDuty status, database health, and support handoff for pricing-engine."
DEP-02130,2025-06-21,loyalty-service,stage,atlas-web,PR-10624,REL-2021.10,flag_loyalty_service_rollback_guard,10,partial,Iris Wang,database lag guard,ATLAS-5447,"Deployment note: verify feature flag, Grafana SLO, PagerDuty status, database health, and support handoff for loyalty-service."
DEP-02131,2025-06-22,loyalty-service,stage,atlas-observability,PR-6004,REL-2025.1.13,flag_loyalty_service_payment_retry,100,monitoring,Owen Brooks,database lag guard,ATLAS-5326,"Deployment note: verify feature flag, Grafana SLO, PagerDuty status, database health, and support handoff for loyalty-service."
DEP-02132,2025-06-23,inventory-reservation,canary,atlas-mobile,PR-5010,REL-2022.2.6,flag_inventory_reservation_rollback_guard,25,partial,Fatima Noor,latency guard,ATLAS-2933,"Deployment note: verify feature flag, Grafana SLO, PagerDuty status, database health, and support handoff for inventory-reservation."
DEP-02133,2025-06-25,cart-service,canary,atlas-infra,PR-7278,REL-2018.4.10,flag_cart_service_regional_launch,5,rolled back,Elena Petrova,database lag guard,ATLAS-3622,"Deployment note: verify feature flag, Grafana SLO, PagerDuty status, database health, and support handoff for cart-service."
DEP-02134,2025-06-27,cart-service,prod,atlas-observability,PR-6059,REL-2025.02,flag_cart_service_rollback_guard,10,monitoring,Theo Martin,database lag guard,ATLAS-1852,"Deployment note: verify feature flag, Grafana SLO, PagerDuty status, database health, and support handoff for cart-service."
DEP-02135,2025-06-29,checkout-api,stage,atlas-web,PR-7441,REL-2025.12,flag_checkout_api_new_write_path,1,paused,Victor Silva,database lag guard,ATLAS-3873,"Deployment note: verify feature flag, Grafana SLO, PagerDuty status, database health, and support handoff for checkout-api."
DEP-02136,2025-06-28,notification-service,canary,atlas-checkout,PR-6682,REL-2018.3.5,flag_notification_service_rollback_guard,50,partial,Victor Silva,manual approval,ATLAS-6004,"Deployment note: verify feature flag, Grafana SLO, PagerDuty status, database health, and support handoff for notification-service."
DEP-02137,2025-07-01,search-recommendations,prod,atlas-orders,PR-6055,REL-2020.06,flag_search_recommendations_new_write_path,50,rolled back,Samir Rao,error budget guard,ATLAS-2298,"Deployment note: verify feature flag, Grafana SLO, PagerDuty status, database health, and support handoff for search-recommendations."
DEP-02138,2025-07-01,cart-service,stage,atlas-observability,PR-8779,REL-2021.09,flag_cart_service_regional_launch,5,monitoring,Elena Petrova,support volume guard,ATLAS-3100,"Deployment note: verify feature flag, Grafana SLO, PagerDuty status, database health, and support handoff for cart-service."
DEP-02139,2025-07-02,order-ledger,prod,atlas-infra,PR-8049,REL-2021.3.1,flag_order_ledger_payment_retry,0,success,Sara Novak,latency guard,ATLAS-3344,"Deployment note: verify feature flag, Grafana SLO, PagerDuty status, database health, and support handoff for order-ledger."
DEP-02140,2025-07-04,payment-orchestrator,canary,atlas-checkout,PR-6260,REL-2024.05,flag_payment_orchestrator_dual_run,0,paused,Mateo Garcia,error budget guard,ATLAS-3934,"Deployment note: verify feature flag, Grafana SLO, PagerDuty status, database health, and support handoff for payment-orchestrator."
DEP-02141,2025-07-04,checkout-api,prod,atlas-observability,PR-8423,REL-2019.4.9,flag_checkout_api_new_write_path,1,monitoring,Harper Lee,database lag guard,ATLAS-2991,"Deployment note: verify feature flag, Grafana SLO, PagerDuty status, database health, and support handoff for checkout-api."
DEP-02142,2025-07-06,pricing-engine,prod,atlas-observability,PR-8985,REL-2024.4.6,flag_pricing_engine_regional_launch,25,rolled back,Victor Silva,latency guard,ATLAS-5732,"Deployment note: verify feature flag, Grafana SLO, PagerDuty status, database health, and support handoff for pricing-engine."
DEP-02143,2025-07-07,notification-service,prod,atlas-infra,PR-9212,REL-2025.04,flag_notification_service_payment_retry,0,success,Sara Novak,error budget guard,ATLAS-6095,"Deployment note: verify feature flag, Grafana SLO, PagerDuty status, database health, and support handoff for notification-service."
DEP-02144,2025-07-07,inventory-reservation,stage,atlas-web,PR-6661,REL-2018.4.18,flag_inventory_reservation_payment_retry,1,partial,Victor Silva,database lag guard,ATLAS-1514,"Deployment note: verify feature flag, Grafana SLO, PagerDuty status, database health, and support handoff for inventory-reservation."
DEP-02145,2025-07-10,auth-gateway,stage,atlas-checkout,PR-10017,REL-2021.4.16,flag_auth_gateway_regional_launch,25,paused,Victor Silva,latency guard,ATLAS-5695,"Deployment note: verify feature flag, Grafana SLO, PagerDuty status, database health, and support handoff for auth-gateway."
DEP-02146,2025-07-11,search-recommendations,stage,atlas-infra,PR-6855,REL-2022.4.16,flag_search_recommendations_payment_retry,10,paused,Victor Silva,database lag guard,ATLAS-5995,"Deployment note: verify feature flag, Grafana SLO, PagerDuty status, database health, and support handoff for search-recommendations."
DEP-02147,2025-07-13,checkout-api,prod,atlas-payments,PR-6701,REL-2024.03,flag_checkout_api_payment_retry,75,paused,Samir Rao,latency guard,ATLAS-4337,"Deployment note: verify feature flag, Grafana SLO, PagerDuty status, database health, and support handoff for checkout-api."
DEP-02148,2025-07-13,auth-gateway,stage,atlas-orders,PR-7187,REL-2023.1.5,flag_auth_gateway_rollback_guard,5,success,Iris Wang,support volume guard,ATLAS-2096,"Deployment note: verify feature flag, Grafana SLO, PagerDuty status, database health, and support handoff for auth-gateway."
DEP-02149,2025-07-13,payment-orchestrator,prod,atlas-orders,PR-7984,REL-2023.1.0,flag_payment_orchestrator_mobile_session,75,paused,Victor Silva,error budget guard,ATLAS-5011,"Deployment note: verify feature flag, Grafana SLO, PagerDuty status, database health, and support handoff for payment-orchestrator."
DEP-02150,2025-07-15,cart-service,prod,atlas-mobile,PR-5721,REL-2020.3.11,flag_cart_service_payment_retry,25,success,Owen Brooks,error budget guard,ATLAS-3854,"Deployment note: verify feature flag, Grafana SLO, PagerDuty status, database health, and support handoff for cart-service."
DEP-02151,2025-07-18,payment-orchestrator,prod,atlas-observability,PR-9479,REL-2021.2.4,flag_payment_orchestrator_rollback_guard,1,success,Elena Petrova,support volume guard,ATLAS-1674,"Deployment note: verify feature flag, Grafana SLO, PagerDuty status, database health, and support handoff for payment-orchestrator."
DEP-02152,2025-07-19,checkout-api,prod,atlas-orders,PR-9490,REL-2023.3.0,flag_checkout_api_new_write_path,5,partial,Kim Tan,latency guard,ATLAS-1582,"Deployment note: verify feature flag, Grafana SLO, PagerDuty status, database health, and support handoff for checkout-api."
DEP-02153,2025-07-20,analytics-pipeline,stage,atlas-orders,PR-7395,REL-2018.4.1,flag_analytics_pipeline_new_write_path,10,success,Maya Chen,manual approval,ATLAS-5853,"Deployment note: verify feature flag, Grafana SLO, PagerDuty status, database health, and support handoff for analytics-pipeline."
DEP-02154,2025-07-20,payment-orchestrator,canary,atlas-data,PR-5361,REL-2024.09,flag_payment_orchestrator_regional_launch,1,success,Jon Bell,error budget guard,ATLAS-2768,"Deployment note: verify feature flag, Grafana SLO, PagerDuty status, database health, and support handoff for payment-orchestrator."
DEP-02155,2025-07-21,order-ledger,prod,atlas-observability,PR-6628,REL-2021.4.9,flag_order_ledger_rollback_guard,0,paused,Elena Petrova,latency guard,ATLAS-2463,"Deployment note: verify feature flag, Grafana SLO, PagerDuty status, database health, and support handoff for order-ledger."
DEP-02156,2025-07-24,cart-service,stage,atlas-orders,PR-7363,REL-2021.04,flag_cart_service_new_write_path,75,paused,Luca Moretti,database lag guard,ATLAS-1613,"Deployment note: verify feature flag, Grafana SLO, PagerDuty status, database health, and support handoff for cart-service."
DEP-02157,2025-07-24,cart-service,prod,atlas-orders,PR-7356,REL-2018.07,flag_cart_service_payment_retry,10,monitoring,Theo Martin,latency guard,ATLAS-1599,"Deployment note: verify feature flag, Grafana SLO, PagerDuty status, database health, and support handoff for cart-service."
DEP-02158,2025-07-26,search-recommendations,canary,atlas-infra,PR-8387,REL-2022.09,flag_search_recommendations_payment_retry,1,partial,Harper Lee,latency guard,ATLAS-4823,"Deployment note: verify feature flag, Grafana SLO, PagerDuty status, database health, and support handoff for search-recommendations."
DEP-02159,2025-07-28,notification-service,stage,atlas-data,PR-10341,REL-2021.3.3,flag_notification_service_mobile_session,0,success,Samir Rao,latency guard,ATLAS-1686,"Deployment note: verify feature flag, Grafana SLO, PagerDuty status, database health, and support handoff for notification-service."
DEP-02160,2025-07-29,search-recommendations,canary,atlas-web,PR-10568,REL-2023.3.3,flag_search_recommendations_regional_launch,0,paused,Sara Novak,error budget guard,ATLAS-4257,"Deployment note: verify feature flag, Grafana SLO, PagerDuty status, database health, and support handoff for search-recommendations."
DEP-02161,2025-07-28,analytics-pipeline,stage,atlas-infra,PR-10926,REL-2019.2.17,flag_analytics_pipeline_regional_launch,1,monitoring,Anika Sharma,support volume guard,ATLAS-4956,"Deployment note: verify feature flag, Grafana SLO, PagerDuty status, database health, and support handoff for analytics-pipeline."
DEP-02162,2025-07-30,cart-service,canary,atlas-web,PR-8802,REL-2022.3.16,flag_cart_service_new_write_path,25,partial,Noah Evans,manual approval,ATLAS-2379,"Deployment note: verify feature flag, Grafana SLO, PagerDuty status, database health, and support handoff for cart-service."
DEP-02163,2025-07-31,loyalty-service,prod,atlas-data,PR-6806,REL-2026.05,flag_loyalty_service_dual_run,5,success,Kim Tan,manual approval,ATLAS-1508,"Deployment note: verify feature flag, Grafana SLO, PagerDuty status, database health, and support handoff for loyalty-service."
DEP-02164,2025-08-01,order-ledger,canary,atlas-observability,PR-9341,REL-2025.3.8,flag_order_ledger_payment_retry,75,paused,Owen Brooks,support volume guard,ATLAS-4783,"Deployment note: verify feature flag, Grafana SLO, PagerDuty status, database health, and support handoff for order-ledger."
DEP-02165,2025-08-02,cart-service,stage,atlas-infra,PR-11719,REL-2022.2.17,flag_cart_service_mobile_session,1,partial,Fatima Noor,manual approval,ATLAS-6051,"Deployment note: verify feature flag, Grafana SLO, PagerDuty status, database health, and support handoff for cart-service."
DEP-02166,2025-08-03,inventory-reservation,prod,atlas-mobile,PR-9127,REL-2019.1.14,flag_inventory_reservation_new_write_path,5,partial,Jon Bell,manual approval,ATLAS-2108,"Deployment note: verify feature flag, Grafana SLO, PagerDuty status, database health, and support handoff for inventory-reservation."
DEP-02167,2025-08-05,tax-service,canary,atlas-infra,PR-7458,REL-2024.2.15,flag_tax_service_rollback_guard,1,partial,Nora Singh,support volume guard,ATLAS-1104,"Deployment note: verify feature flag, Grafana SLO, PagerDuty status, database health, and support handoff for tax-service."
DEP-02168,2025-08-07,order-ledger,stage,atlas-observability,PR-5329,REL-2022.1.5,flag_order_ledger_payment_retry,5,success,Ravi Patel,error budget guard,ATLAS-2102,"Deployment note: verify feature flag, Grafana SLO, PagerDuty status, database health, and support handoff for order-ledger."
DEP-02169,2025-08-08,checkout-api,canary,atlas-payments,PR-7576,REL-2022.2.9,flag_checkout_api_payment_retry,10,partial,Luca Moretti,support volume guard,ATLAS-1322,"Deployment note: verify feature flag, Grafana SLO, PagerDuty status, database health, and support handoff for checkout-api."
DEP-02170,2025-08-09,order-ledger,prod,atlas-orders,PR-5927,REL-2022.3.0,flag_order_ledger_mobile_session,5,monitoring,Victor Silva,error budget guard,ATLAS-2769,"Deployment note: verify feature flag, Grafana SLO, PagerDuty status, database health, and support handoff for order-ledger."
DEP-02171,2025-08-09,search-recommendations,prod,atlas-checkout,PR-7353,REL-2021.3.3,flag_search_recommendations_payment_retry,25,success,Owen Brooks,manual approval,ATLAS-4638,"Deployment note: verify feature flag, Grafana SLO, PagerDuty status, database health, and support handoff for search-recommendations."
DEP-02172,2025-08-10,analytics-pipeline,stage,atlas-observability,PR-9935,REL-2019.2.15,flag_analytics_pipeline_regional_launch,1,success,Samir Rao,database lag guard,ATLAS-5119,"Deployment note: verify feature flag, Grafana SLO, PagerDuty status, database health, and support handoff for analytics-pipeline."
DEP-02173,2025-08-12,pricing-engine,prod,atlas-mobile,PR-8801,REL-2021.2.4,flag_pricing_engine_rollback_guard,1,monitoring,Yara Haddad,manual approval,ATLAS-5371,"Deployment note: verify feature flag, Grafana SLO, PagerDuty status, database health, and support handoff for pricing-engine."
DEP-02174,2025-08-13,inventory-reservation,canary,atlas-infra,PR-10849,REL-2020.10,flag_inventory_reservation_new_write_path,50,success,Elena Petrova,error budget guard,ATLAS-4625,"Deployment note: verify feature flag, Grafana SLO, PagerDuty status, database health, and support handoff for inventory-reservation."
DEP-02175,2025-08-14,pricing-engine,prod,atlas-web,PR-6617,REL-2022.01,flag_pricing_engine_dual_run,1,monitoring,Anika Sharma,error budget guard,ATLAS-1949,"Deployment note: verify feature flag, Grafana SLO, PagerDuty status, database health, and support handoff for pricing-engine."
DEP-02176,2025-08-16,inventory-reservation,canary,atlas-infra,PR-7686,REL-2020.3.5,flag_inventory_reservation_payment_retry,0,success,Maya Chen,support volume guard,ATLAS-2824,"Deployment note: verify feature flag, Grafana SLO, PagerDuty status, database health, and support handoff for inventory-reservation."
DEP-02177,2025-08-16,cart-service,prod,atlas-mobile,PR-9441,REL-2019.4.9,flag_cart_service_mobile_session,10,success,Ben Carter,manual approval,ATLAS-2117,"Deployment note: verify feature flag, Grafana SLO, PagerDuty status, database health, and support handoff for cart-service."
DEP-02178,2025-08-19,checkout-api,canary,atlas-checkout,PR-12115,REL-2026.02,flag_checkout_api_mobile_session,100,monitoring,Luca Moretti,support volume guard,ATLAS-4191,"Deployment note: verify feature flag, Grafana SLO, PagerDuty status, database health, and support handoff for checkout-api."
DEP-02179,2025-08-20,payment-orchestrator,prod,atlas-mobile,PR-6345,REL-2024.2.10,flag_payment_orchestrator_regional_launch,100,paused,Grace Kim,support volume guard,ATLAS-5938,"Deployment note: verify feature flag, Grafana SLO, PagerDuty status, database health, and support handoff for payment-orchestrator."
DEP-02180,2025-08-20,checkout-api,stage,atlas-orders,PR-9593,REL-2019.09,flag_checkout_api_mobile_session,5,monitoring,Nora Singh,error budget guard,ATLAS-2681,"Deployment note: verify feature flag, Grafana SLO, PagerDuty status, database health, and support handoff for checkout-api."
DEP-02181,2025-08-21,payment-orchestrator,canary,atlas-mobile,PR-5675,REL-2023.4.0,flag_payment_orchestrator_new_write_path,10,success,Mateo Garcia,database lag guard,ATLAS-3592,"Deployment note: verify feature flag, Grafana SLO, PagerDuty status, database health, and support handoff for payment-orchestrator."
DEP-02182,2025-08-24,cart-service,prod,atlas-data,PR-9036,REL-2018.3.14,flag_cart_service_payment_retry,1,monitoring,Theo Martin,support volume guard,ATLAS-5830,"Deployment note: verify feature flag, Grafana SLO, PagerDuty status, database health, and support handoff for cart-service."
DEP-02183,2025-08-25,inventory-reservation,canary,atlas-data,PR-6245,REL-2020.3.17,flag_inventory_reservation_rollback_guard,1,rolled back,Theo Martin,database lag guard,ATLAS-5666,"Deployment note: verify feature flag, Grafana SLO, PagerDuty status, database health, and support handoff for inventory-reservation."
DEP-02184,2025-08-27,notification-service,canary,atlas-web,PR-5265,REL-2019.2.16,flag_notification_service_payment_retry,50,success,Mateo Garcia,latency guard,ATLAS-2301,"Deployment note: verify feature flag, Grafana SLO, PagerDuty status, database health, and support handoff for notification-service."
DEP-02185,2025-08-27,auth-gateway,prod,atlas-infra,PR-5134,REL-2020.12,flag_auth_gateway_regional_launch,5,paused,Ravi Patel,manual approval,ATLAS-2977,"Deployment note: verify feature flag, Grafana SLO, PagerDuty status, database health, and support handoff for auth-gateway."
DEP-02186,2025-08-27,inventory-reservation,stage,atlas-data,PR-5078,REL-2024.3.2,flag_inventory_reservation_rollback_guard,50,monitoring,Yara Haddad,error budget guard,ATLAS-4143,"Deployment note: verify feature flag, Grafana SLO, PagerDuty status, database health, and support handoff for inventory-reservation."
DEP-02187,2025-08-28,auth-gateway,stage,atlas-mobile,PR-8698,REL-2020.3.0,flag_auth_gateway_mobile_session,1,partial,Ben Carter,support volume guard,ATLAS-3055,"Deployment note: verify feature flag, Grafana SLO, PagerDuty status, database health, and support handoff for auth-gateway."
DEP-02188,2025-09-01,tax-service,stage,atlas-orders,PR-5935,REL-2026.1.19,flag_tax_service_new_write_path,100,success,Priya Nair,database lag guard,ATLAS-1737,"Deployment note: verify feature flag, Grafana SLO, PagerDuty status, database health, and support handoff for tax-service."
DEP-02189,2025-09-01,tax-service,prod,atlas-observability,PR-7420,REL-2025.06,flag_tax_service_rollback_guard,1,paused,Anika Sharma,database lag guard,ATLAS-1209,"Deployment note: verify feature flag, Grafana SLO, PagerDuty status, database health, and support handoff for tax-service."
DEP-02190,2025-09-03,search-recommendations,canary,atlas-web,PR-11767,REL-2026.02,flag_search_recommendations_regional_launch,50,partial,Ravi Patel,support volume guard,ATLAS-5767,"Deployment note: verify feature flag, Grafana SLO, PagerDuty status, database health, and support handoff for search-recommendations."
DEP-02191,2025-09-04,cart-service,stage,atlas-mobile,PR-7235,REL-2025.2.19,flag_cart_service_payment_retry,75,partial,Sara Novak,support volume guard,ATLAS-4004,"Deployment note: verify feature flag, Grafana SLO, PagerDuty status, database health, and support handoff for cart-service."
DEP-02192,2025-09-05,analytics-pipeline,prod,atlas-orders,PR-9343,REL-2025.04,flag_analytics_pipeline_payment_retry,25,success,Mateo Garcia,database lag guard,ATLAS-3498,"Deployment note: verify feature flag, Grafana SLO, PagerDuty status, database health, and support handoff for analytics-pipeline."
DEP-02193,2025-09-05,cart-service,canary,atlas-mobile,PR-5850,REL-2023.3.12,flag_cart_service_mobile_session,100,paused,Priya Nair,latency guard,ATLAS-1614,"Deployment note: verify feature flag, Grafana SLO, PagerDuty status, database health, and support handoff for cart-service."
DEP-02194,2025-09-06,order-ledger,canary,atlas-infra,PR-12229,REL-2023.3.1,flag_order_ledger_regional_launch,10,partial,Anika Sharma,support volume guard,ATLAS-5137,"Deployment note: verify feature flag, Grafana SLO, PagerDuty status, database health, and support handoff for order-ledger."
DEP-02195,2025-09-09,notification-service,prod,atlas-orders,PR-10535,REL-2024.4.9,flag_notification_service_dual_run,50,rolled back,Mateo Garcia,latency guard,ATLAS-4233,"Deployment note: verify feature flag, Grafana SLO, PagerDuty status, database health, and support handoff for notification-service."
DEP-02196,2025-09-09,order-ledger,stage,atlas-infra,PR-12453,REL-2024.2.0,flag_order_ledger_dual_run,1,partial,Victor Silva,manual approval,ATLAS-1879,"Deployment note: verify feature flag, Grafana SLO, PagerDuty status, database health, and support handoff for order-ledger."
DEP-02197,2025-09-12,pricing-engine,canary,atlas-infra,PR-5276,REL-2019.3.2,flag_pricing_engine_mobile_session,75,partial,Ben Carter,manual approval,ATLAS-1724,"Deployment note: verify feature flag, Grafana SLO, PagerDuty status, database health, and support handoff for pricing-engine."
DEP-02198,2025-09-11,search-recommendations,prod,atlas-infra,PR-5473,REL-2025.09,flag_search_recommendations_mobile_session,75,success,Grace Kim,support volume guard,ATLAS-4318,"Deployment note: verify feature flag, Grafana SLO, PagerDuty status, database health, and support handoff for search-recommendations."
DEP-02199,2025-09-14,auth-gateway,prod,atlas-web,PR-10198,REL-2022.1.0,flag_auth_gateway_new_write_path,5,success,Yara Haddad,database lag guard,ATLAS-4629,"Deployment note: verify feature flag, Grafana SLO, PagerDuty status, database health, and support handoff for auth-gateway."
DEP-02200,2025-09-13,loyalty-service,stage,atlas-payments,PR-11916,REL-2018.3.10,flag_loyalty_service_rollback_guard,5,monitoring,Owen Brooks,latency guard,ATLAS-1281,"Deployment note: verify feature flag, Grafana SLO, PagerDuty status, database health, and support handoff for loyalty-service."
DEP-02201,2025-09-14,search-recommendations,prod,atlas-data,PR-6716,REL-2020.03,flag_search_recommendations_regional_launch,0,rolled back,Theo Martin,database lag guard,ATLAS-3006,"Deployment note: verify feature flag, Grafana SLO, PagerDuty status, database health, and support handoff for search-recommendations."
DEP-02202,2025-09-16,order-ledger,prod,atlas-mobile,PR-6385,REL-2020.1.0,flag_order_ledger_new_write_path,100,partial,Priya Nair,support volume guard,ATLAS-4547,"Deployment note: verify feature flag, Grafana SLO, PagerDuty status, database health, and support handoff for order-ledger."
DEP-02203,2025-09-17,tax-service,prod,atlas-data,PR-8045,REL-2022.2.19,flag_tax_service_mobile_session,5,success,Owen Brooks,manual approval,ATLAS-1219,"Deployment note: verify feature flag, Grafana SLO, PagerDuty status, database health, and support handoff for tax-service."
DEP-02204,2025-09-18,cart-service,prod,atlas-observability,PR-7511,REL-2020.3.17,flag_cart_service_payment_retry,25,rolled back,Maya Chen,error budget guard,ATLAS-3556,"Deployment note: verify feature flag, Grafana SLO, PagerDuty status, database health, and support handoff for cart-service."
DEP-02205,2025-09-21,analytics-pipeline,stage,atlas-mobile,PR-10528,REL-2019.3.5,flag_analytics_pipeline_mobile_session,25,success,Victor Silva,database lag guard,ATLAS-4488,"Deployment note: verify feature flag, Grafana SLO, PagerDuty status, database health, and support handoff for analytics-pipeline."
DEP-02206,2025-09-22,cart-service,canary,atlas-mobile,PR-8979,REL-2024.3.17,flag_cart_service_mobile_session,100,success,Dmitri Volkov,database lag guard,ATLAS-2545,"Deployment note: verify feature flag, Grafana SLO, PagerDuty status, database health, and support handoff for cart-service."
DEP-02207,2025-09-24,pricing-engine,stage,atlas-mobile,PR-8888,REL-2018.3.10,flag_pricing_engine_new_write_path,75,paused,Victor Silva,support volume guard,ATLAS-4059,"Deployment note: verify feature flag, Grafana SLO, PagerDuty status, database health, and support handoff for pricing-engine."
DEP-02208,2025-09-23,cart-service,stage,atlas-web,PR-6866,REL-2021.02,flag_cart_service_mobile_session,25,rolled back,Noah Evans,error budget guard,ATLAS-4941,"Deployment note: verify feature flag, Grafana SLO, PagerDuty status, database health, and support handoff for cart-service."
DEP-02209,2025-09-25,inventory-reservation,prod,atlas-web,PR-8437,REL-2023.1.15,flag_inventory_reservation_dual_run,75,monitoring,Harper Lee,database lag guard,ATLAS-1453,"Deployment note: verify feature flag, Grafana SLO, PagerDuty status, database health, and support handoff for inventory-reservation."
DEP-02210,2025-09-26,payment-orchestrator,canary,atlas-payments,PR-9729,REL-2024.4.3,flag_payment_orchestrator_regional_launch,0,partial,Priya Nair,support volume guard,ATLAS-1312,"Deployment note: verify feature flag, Grafana SLO, PagerDuty status, database health, and support handoff for payment-orchestrator."
DEP-02211,2025-09-28,tax-service,stage,atlas-infra,PR-6774,REL-2022.4.16,flag_tax_service_rollback_guard,100,monitoring,Yara Haddad,manual approval,ATLAS-4834,"Deployment note: verify feature flag, Grafana SLO, PagerDuty status, database health, and support handoff for tax-service."
DEP-02212,2025-09-28,payment-orchestrator,prod,atlas-web,PR-8342,REL-2022.2.7,flag_payment_orchestrator_rollback_guard,25,monitoring,Ravi Patel,manual approval,ATLAS-5852,"Deployment note: verify feature flag, Grafana SLO, PagerDuty status, database health, and support handoff for payment-orchestrator."
DEP-02213,2025-09-30,payment-orchestrator,canary,atlas-infra,PR-6528,REL-2020.11,flag_payment_orchestrator_mobile_session,50,success,Dmitri Volkov,latency guard,ATLAS-1415,"Deployment note: verify feature flag, Grafana SLO, PagerDuty status, database health, and support handoff for payment-orchestrator."
DEP-02214,2025-09-30,search-recommendations,canary,atlas-orders,PR-10196,REL-2020.07,flag_search_recommendations_mobile_session,25,partial,Dmitri Volkov,support volume guard,ATLAS-4421,"Deployment note: verify feature flag, Grafana SLO, PagerDuty status, database health, and support handoff for search-recommendations."
DEP-02215,2025-10-02,notification-service,stage,atlas-infra,PR-8383,REL-2019.2.18,flag_notification_service_rollback_guard,25,partial,Anika Sharma,latency guard,ATLAS-3253,"Deployment note: verify feature flag, Grafana SLO, PagerDuty status, database health, and support handoff for notification-service."
DEP-02216,2025-10-04,tax-service,prod,atlas-checkout,PR-11812,REL-2021.3.3,flag_tax_service_payment_retry,50,monitoring,Mateo Garcia,support volume guard,ATLAS-4613,"Deployment note: verify feature flag, Grafana SLO, PagerDuty status, database health, and support handoff for tax-service."
DEP-02217,2025-10-06,analytics-pipeline,canary,atlas-infra,PR-6912,REL-2022.04,flag_analytics_pipeline_regional_launch,1,monitoring,Elena Petrova,support volume guard,ATLAS-1700,"Deployment note: verify feature flag, Grafana SLO, PagerDuty status, database health, and support handoff for analytics-pipeline."
DEP-02218,2025-10-05,analytics-pipeline,canary,atlas-infra,PR-7100,REL-2021.08,flag_analytics_pipeline_new_write_path,25,rolled back,Kim Tan,support volume guard,ATLAS-2856,"Deployment note: verify feature flag, Grafana SLO, PagerDuty status, database health, and support handoff for analytics-pipeline."
DEP-02219,2025-10-08,notification-service,stage,atlas-observability,PR-9877,REL-2020.3.11,flag_notification_service_rollback_guard,1,rolled back,Owen Brooks,error budget guard,ATLAS-6086,"Deployment note: verify feature flag, Grafana SLO, PagerDuty status, database health, and support handoff for notification-service."
DEP-02220,2025-10-09,auth-gateway,prod,atlas-data,PR-10086,REL-2025.3.2,flag_auth_gateway_mobile_session,50,success,Aisha Khan,database lag guard,ATLAS-3520,"Deployment note: verify feature flag, Grafana SLO, PagerDuty status, database health, and support handoff for auth-gateway."
DEP-02221,2025-10-09,payment-orchestrator,canary,atlas-infra,PR-8788,REL-2024.4.14,flag_payment_orchestrator_payment_retry,75,monitoring,Kim Tan,support volume guard,ATLAS-3666,"Deployment note: verify feature flag, Grafana SLO, PagerDuty status, database health, and support handoff for payment-orchestrator."
DEP-02222,2025-10-12,pricing-engine,prod,atlas-checkout,PR-11771,REL-2021.12,flag_pricing_engine_regional_launch,50,success,Owen Brooks,manual approval,ATLAS-5156,"Deployment note: verify feature flag, Grafana SLO, PagerDuty status, database health, and support handoff for pricing-engine."
DEP-02223,2025-10-12,search-recommendations,prod,atlas-web,PR-7717,REL-2022.03,flag_search_recommendations_dual_run,5,rolled back,Samir Rao,database lag guard,ATLAS-3510,"Deployment note: verify feature flag, Grafana SLO, PagerDuty status, database health, and support handoff for search-recommendations."
DEP-02224,2025-10-14,inventory-reservation,canary,atlas-infra,PR-7263,REL-2023.2.9,flag_inventory_reservation_payment_retry,75,success,Sara Novak,latency guard,ATLAS-5434,"Deployment note: verify feature flag, Grafana SLO, PagerDuty status, database health, and support handoff for inventory-reservation."
DEP-02225,2025-10-13,checkout-api,prod,atlas-mobile,PR-6149,REL-2022.4.15,flag_checkout_api_payment_retry,100,paused,Elena Petrova,database lag guard,ATLAS-4263,"Deployment note: verify feature flag, Grafana SLO, PagerDuty status, database health, and support handoff for checkout-api."
DEP-02226,2025-10-16,analytics-pipeline,canary,atlas-infra,PR-8115,REL-2019.1.17,flag_analytics_pipeline_new_write_path,1,paused,Elena Petrova,database lag guard,ATLAS-1393,"Deployment note: verify feature flag, Grafana SLO, PagerDuty status, database health, and support handoff for analytics-pipeline."
DEP-02227,2025-10-16,inventory-reservation,stage,atlas-payments,PR-5799,REL-2021.3.15,flag_inventory_reservation_regional_launch,5,monitoring,Luca Moretti,latency guard,ATLAS-3847,"Deployment note: verify feature flag, Grafana SLO, PagerDuty status, database health, and support handoff for inventory-reservation."
DEP-02228,2025-10-19,checkout-api,prod,atlas-checkout,PR-11456,REL-2023.3.2,flag_checkout_api_regional_launch,0,monitoring,Luca Moretti,database lag guard,ATLAS-3516,"Deployment note: verify feature flag, Grafana SLO, PagerDuty status, database health, and support handoff for checkout-api."
DEP-02229,2025-10-18,search-recommendations,prod,atlas-infra,PR-10174,REL-2021.1.12,flag_search_recommendations_dual_run,10,partial,Owen Brooks,error budget guard,ATLAS-4851,"Deployment note: verify feature flag, Grafana SLO, PagerDuty status, database health, and support handoff for search-recommendations."
DEP-02230,2025-10-21,order-ledger,canary,atlas-data,PR-7462,REL-2022.4.10,flag_order_ledger_dual_run,25,monitoring,Sara Novak,support volume guard,ATLAS-1684,"Deployment note: verify feature flag, Grafana SLO, PagerDuty status, database health, and support handoff for order-ledger."
DEP-02231,2025-10-23,payment-orchestrator,canary,atlas-infra,PR-5639,REL-2024.4.8,flag_payment_orchestrator_dual_run,0,paused,Sara Novak,manual approval,ATLAS-4600,"Deployment note: verify feature flag, Grafana SLO, PagerDuty status, database health, and support handoff for payment-orchestrator."
DEP-02232,2025-10-22,search-recommendations,prod,atlas-checkout,PR-9657,REL-2025.2.3,flag_search_recommendations_regional_launch,75,success,Maya Chen,database lag guard,ATLAS-2408,"Deployment note: verify feature flag, Grafana SLO, PagerDuty status, database health, and support handoff for search-recommendations."
DEP-02233,2025-10-24,loyalty-service,prod,atlas-web,PR-7952,REL-2023.2.2,flag_loyalty_service_mobile_session,0,partial,Ben Carter,support volume guard,ATLAS-4238,"Deployment note: verify feature flag, Grafana SLO, PagerDuty status, database health, and support handoff for loyalty-service."
DEP-02234,2025-10-25,auth-gateway,prod,atlas-mobile,PR-8311,REL-2019.02,flag_auth_gateway_payment_retry,100,rolled back,Yara Haddad,database lag guard,ATLAS-4580,"Deployment note: verify feature flag, Grafana SLO, PagerDuty status, database health, and support handoff for auth-gateway."
DEP-02235,2025-10-27,cart-service,canary,atlas-infra,PR-5451,REL-2022.3.18,flag_cart_service_payment_retry,75,success,Elena Petrova,manual approval,ATLAS-3471,"Deployment note: verify feature flag, Grafana SLO, PagerDuty status, database health, and support handoff for cart-service."
DEP-02236,2025-10-29,order-ledger,prod,atlas-data,PR-5119,REL-2020.3.18,flag_order_ledger_dual_run,5,partial,Aisha Khan,manual approval,ATLAS-4653,"Deployment note: verify feature flag, Grafana SLO, PagerDuty status, database health, and support handoff for order-ledger."
DEP-02237,2025-10-28,pricing-engine,stage,atlas-observability,PR-6112,REL-2021.07,flag_pricing_engine_dual_run,5,success,Ravi Patel,support volume guard,ATLAS-2015,"Deployment note: verify feature flag, Grafana SLO, PagerDuty status, database health, and support handoff for pricing-engine."
DEP-02238,2025-10-31,loyalty-service,stage,atlas-infra,PR-9084,REL-2020.2.18,flag_loyalty_service_rollback_guard,10,partial,Nora Singh,database lag guard,ATLAS-2491,"Deployment note: verify feature flag, Grafana SLO, PagerDuty status, database health, and support handoff for loyalty-service."
DEP-02239,2025-11-01,search-recommendations,canary,atlas-data,PR-7362,REL-2019.2.0,flag_search_recommendations_dual_run,10,paused,Luca Moretti,manual approval,ATLAS-4155,"Deployment note: verify feature flag, Grafana SLO, PagerDuty status, database health, and support handoff for search-recommendations."
DEP-02240,2025-11-02,inventory-reservation,stage,atlas-web,PR-8949,REL-2021.1.12,flag_inventory_reservation_new_write_path,5,paused,Aisha Khan,error budget guard,ATLAS-3152,"Deployment note: verify feature flag, Grafana SLO, PagerDuty status, database health, and support handoff for inventory-reservation."
DEP-02241,2025-11-03,tax-service,canary,atlas-payments,PR-10120,REL-2018.10,flag_tax_service_rollback_guard,25,rolled back,Nora Singh,latency guard,ATLAS-3135,"Deployment note: verify feature flag, Grafana SLO, PagerDuty status, database health, and support handoff for tax-service."
DEP-02242,2025-11-03,checkout-api,canary,atlas-infra,PR-7618,REL-2019.2.5,flag_checkout_api_mobile_session,50,partial,Mateo Garcia,database lag guard,ATLAS-2540,"Deployment note: verify feature flag, Grafana SLO, PagerDuty status, database health, and support handoff for checkout-api."
DEP-02243,2025-11-05,notification-service,prod,atlas-mobile,PR-12053,REL-2025.2.3,flag_notification_service_rollback_guard,50,partial,Noah Evans,manual approval,ATLAS-4267,"Deployment note: verify feature flag, Grafana SLO, PagerDuty status, database health, and support handoff for notification-service."
DEP-02244,2025-11-05,loyalty-service,prod,atlas-observability,PR-7018,REL-2025.03,flag_loyalty_service_mobile_session,25,partial,Priya Nair,database lag guard,ATLAS-2477,"Deployment note: verify feature flag, Grafana SLO, PagerDuty status, database health, and support handoff for loyalty-service."
DEP-02245,2025-11-08,payment-orchestrator,stage,atlas-payments,PR-7253,REL-2021.1.19,flag_payment_orchestrator_rollback_guard,75,success,Anika Sharma,database lag guard,ATLAS-3843,"Deployment note: verify feature flag, Grafana SLO, PagerDuty status, database health, and support handoff for payment-orchestrator."
DEP-02246,2025-11-10,auth-gateway,canary,atlas-checkout,PR-9461,REL-2022.4.1,flag_auth_gateway_new_write_path,10,rolled back,Nora Singh,support volume guard,ATLAS-4449,"Deployment note: verify feature flag, Grafana SLO, PagerDuty status, database health, and support handoff for auth-gateway."
DEP-02247,2025-11-10,inventory-reservation,stage,atlas-web,PR-9729,REL-2022.02,flag_inventory_reservation_dual_run,100,success,Grace Kim,database lag guard,ATLAS-3319,"Deployment note: verify feature flag, Grafana SLO, PagerDuty status, database health, and support handoff for inventory-reservation."
DEP-02248,2025-11-12,order-ledger,stage,atlas-web,PR-5306,REL-2019.4.6,flag_order_ledger_dual_run,100,success,Luca Moretti,latency guard,ATLAS-2629,"Deployment note: verify feature flag, Grafana SLO, PagerDuty status, database health, and support handoff for order-ledger."
DEP-02249,2025-11-13,checkout-api,prod,atlas-orders,PR-11196,REL-2022.3.18,flag_checkout_api_rollback_guard,50,paused,Kim Tan,database lag guard,ATLAS-2173,"Deployment note: verify feature flag, Grafana SLO, PagerDuty status, database health, and support handoff for checkout-api."
DEP-02250,2025-11-15,notification-service,canary,atlas-checkout,PR-10007,REL-2022.11,flag_notification_service_mobile_session,10,rolled back,Samir Rao,latency guard,ATLAS-2843,"Deployment note: verify feature flag, Grafana SLO, PagerDuty status, database health, and support handoff for notification-service."
DEP-02251,2025-11-14,notification-service,prod,atlas-web,PR-7351,REL-2022.1.15,flag_notification_service_mobile_session,75,partial,Kim Tan,latency guard,ATLAS-4935,"Deployment note: verify feature flag, Grafana SLO, PagerDuty status, database health, and support handoff for notification-service."
DEP-02252,2025-11-17,cart-service,stage,atlas-data,PR-8185,REL-2022.2.9,flag_cart_service_mobile_session,75,rolled back,Mateo Garcia,error budget guard,ATLAS-5775,"Deployment note: verify feature flag, Grafana SLO, PagerDuty status, database health, and support handoff for cart-service."
DEP-02253,2025-11-17,tax-service,prod,atlas-orders,PR-10832,REL-2024.1.10,flag_tax_service_dual_run,25,paused,Samir Rao,latency guard,ATLAS-3777,"Deployment note: verify feature flag, Grafana SLO, PagerDuty status, database health, and support handoff for tax-service."
DEP-02254,2025-11-18,tax-service,canary,atlas-checkout,PR-11860,REL-2019.3.19,flag_tax_service_dual_run,5,paused,Noah Evans,error budget guard,ATLAS-1543,"Deployment note: verify feature flag, Grafana SLO, PagerDuty status, database health, and support handoff for tax-service."
DEP-02255,2025-11-20,payment-orchestrator,stage,atlas-observability,PR-5825,REL-2021.4.7,flag_payment_orchestrator_mobile_session,5,paused,Aisha Khan,latency guard,ATLAS-5501,"Deployment note: verify feature flag, Grafana SLO, PagerDuty status, database health, and support handoff for payment-orchestrator."
DEP-02256,2025-11-21,order-ledger,stage,atlas-checkout,PR-7827,REL-2022.4.3,flag_order_ledger_new_write_path,50,monitoring,Owen Brooks,manual approval,ATLAS-1905,"Deployment note: verify feature flag, Grafana SLO, PagerDuty status, database health, and support handoff for order-ledger."
DEP-02257,2025-11-22,inventory-reservation,canary,atlas-payments,PR-11971,REL-2024.2.15,flag_inventory_reservation_regional_launch,0,monitoring,Yara Haddad,latency guard,ATLAS-2158,"Deployment note: verify feature flag, Grafana SLO, PagerDuty status, database health, and support handoff for inventory-reservation."
DEP-02258,2025-11-24,loyalty-service,prod,atlas-mobile,PR-5513,REL-2019.2.5,flag_loyalty_service_regional_launch,1,partial,Jon Bell,error budget guard,ATLAS-5178,"Deployment note: verify feature flag, Grafana SLO, PagerDuty status, database health, and support handoff for loyalty-service."
DEP-02259,2025-11-26,pricing-engine,prod,atlas-mobile,PR-5992,REL-2021.3.15,flag_pricing_engine_mobile_session,75,partial,Sara Novak,error budget guard,ATLAS-2987,"Deployment note: verify feature flag, Grafana SLO, PagerDuty status, database health, and support handoff for pricing-engine."
DEP-02260,2025-11-25,analytics-pipeline,canary,atlas-infra,PR-7695,REL-2020.04,flag_analytics_pipeline_mobile_session,50,monitoring,Kim Tan,support volume guard,ATLAS-3090,"Deployment note: verify feature flag, Grafana SLO, PagerDuty status, database health, and support handoff for analytics-pipeline."
DEP-02261,2025-11-28,pricing-engine,stage,atlas-observability,PR-7288,REL-2019.1.10,flag_pricing_engine_regional_launch,5,partial,Grace Kim,support volume guard,ATLAS-2047,"Deployment note: verify feature flag, Grafana SLO, PagerDuty status, database health, and support handoff for pricing-engine."
DEP-02262,2025-11-29,order-ledger,prod,atlas-checkout,PR-10604,REL-2025.2.14,flag_order_ledger_mobile_session,0,success,Samir Rao,error budget guard,ATLAS-4963,"Deployment note: verify feature flag, Grafana SLO, PagerDuty status, database health, and support handoff for order-ledger."
DEP-02263,2025-11-29,order-ledger,prod,atlas-web,PR-12188,REL-2025.04,flag_order_ledger_regional_launch,50,rolled back,Priya Nair,database lag guard,ATLAS-5518,"Deployment note: verify feature flag, Grafana SLO, PagerDuty status, database health, and support handoff for order-ledger."
DEP-02264,2025-12-01,tax-service,prod,atlas-orders,PR-9962,REL-2020.1.5,flag_tax_service_payment_retry,75,success,Aisha Khan,database lag guard,ATLAS-1760,"Deployment note: verify feature flag, Grafana SLO, PagerDuty status, database health, and support handoff for tax-service."
DEP-02265,2025-12-01,inventory-reservation,stage,atlas-orders,PR-6426,REL-2021.1.16,flag_inventory_reservation_dual_run,75,rolled back,Samir Rao,database lag guard,ATLAS-4428,"Deployment note: verify feature flag, Grafana SLO, PagerDuty status, database health, and support handoff for inventory-reservation."
DEP-02266,2025-12-03,tax-service,canary,atlas-orders,PR-9414,REL-2021.4.12,flag_tax_service_regional_launch,5,monitoring,Priya Nair,latency guard,ATLAS-2995,"Deployment note: verify feature flag, Grafana SLO, PagerDuty status, database health, and support handoff for tax-service."
DEP-02267,2025-12-03,loyalty-service,stage,atlas-checkout,PR-11308,REL-2023.08,flag_loyalty_service_new_write_path,75,success,Kim Tan,support volume guard,ATLAS-1752,"Deployment note: verify feature flag, Grafana SLO, PagerDuty status, database health, and support handoff for loyalty-service."
DEP-02268,2025-12-06,notification-service,stage,atlas-checkout,PR-7233,REL-2018.4.16,flag_notification_service_payment_retry,100,partial,Yara Haddad,error budget guard,ATLAS-5122,"Deployment note: verify feature flag, Grafana SLO, PagerDuty status, database health, and support handoff for notification-service."
DEP-02269,2025-12-08,search-recommendations,stage,atlas-web,PR-10837,REL-2024.2.10,flag_search_recommendations_dual_run,100,partial,Aisha Khan,manual approval,ATLAS-5919,"Deployment note: verify feature flag, Grafana SLO, PagerDuty status, database health, and support handoff for search-recommendations."
DEP-02270,2025-12-09,analytics-pipeline,stage,atlas-web,PR-11896,REL-2024.2.15,flag_analytics_pipeline_rollback_guard,0,success,Aisha Khan,latency guard,ATLAS-2908,"Deployment note: verify feature flag, Grafana SLO, PagerDuty status, database health, and support handoff for analytics-pipeline."
DEP-02271,2025-12-10,notification-service,stage,atlas-payments,PR-6667,REL-2021.1.19,flag_notification_service_payment_retry,50,success,Priya Nair,latency guard,ATLAS-3171,"Deployment note: verify feature flag, Grafana SLO, PagerDuty status, database health, and support handoff for notification-service."
DEP-02272,2025-12-09,analytics-pipeline,prod,atlas-data,PR-11372,REL-2023.3.1,flag_analytics_pipeline_new_write_path,100,monitoring,Kim Tan,database lag guard,ATLAS-2437,"Deployment note: verify feature flag, Grafana SLO, PagerDuty status, database health, and support handoff for analytics-pipeline."
DEP-02273,2025-12-11,notification-service,prod,atlas-data,PR-9114,REL-2020.3.19,flag_notification_service_payment_retry,5,success,Harper Lee,manual approval,ATLAS-5829,"Deployment note: verify feature flag, Grafana SLO, PagerDuty status, database health, and support handoff for notification-service."
DEP-02274,2025-12-13,analytics-pipeline,canary,atlas-mobile,PR-7281,REL-2023.03,flag_analytics_pipeline_dual_run,10,monitoring,Theo Martin,support volume guard,ATLAS-5449,"Deployment note: verify feature flag, Grafana SLO, PagerDuty status, database health, and support handoff for analytics-pipeline."
DEP-02275,2025-12-13,auth-gateway,stage,atlas-checkout,PR-5440,REL-2023.2.5,flag_auth_gateway_mobile_session,10,rolled back,Jon Bell,database lag guard,ATLAS-1032,"Deployment note: verify feature flag, Grafana SLO, PagerDuty status, database health, and support handoff for auth-gateway."
DEP-02276,2025-12-14,payment-orchestrator,stage,atlas-web,PR-5880,REL-2024.2.19,flag_payment_orchestrator_new_write_path,100,monitoring,Victor Silva,manual approval,ATLAS-3312,"Deployment note: verify feature flag, Grafana SLO, PagerDuty status, database health, and support handoff for payment-orchestrator."
DEP-02277,2025-12-15,inventory-reservation,canary,atlas-mobile,PR-10501,REL-2022.12,flag_inventory_reservation_new_write_path,25,success,Ben Carter,manual approval,ATLAS-1363,"Deployment note: verify feature flag, Grafana SLO, PagerDuty status, database health, and support handoff for inventory-reservation."
DEP-02278,2025-12-17,pricing-engine,canary,atlas-checkout,PR-10803,REL-2022.02,flag_pricing_engine_rollback_guard,0,partial,Noah Evans,latency guard,ATLAS-3000,"Deployment note: verify feature flag, Grafana SLO, PagerDuty status, database health, and support handoff for pricing-engine."
DEP-02279,2025-12-20,search-recommendations,canary,atlas-data,PR-7735,REL-2025.4.2,flag_search_recommendations_payment_retry,1,monitoring,Aisha Khan,error budget guard,ATLAS-5962,"Deployment note: verify feature flag, Grafana SLO, PagerDuty status, database health, and support handoff for search-recommendations."
DEP-02280,2025-12-20,checkout-api,prod,atlas-mobile,PR-6729,REL-2018.07,flag_checkout_api_regional_launch,100,rolled back,Victor Silva,database lag guard,ATLAS-2400,"Deployment note: verify feature flag, Grafana SLO, PagerDuty status, database health, and support handoff for checkout-api."
DEP-02281,2025-12-22,cart-service,canary,atlas-infra,PR-6528,REL-2021.1.10,flag_cart_service_dual_run,100,success,Mateo Garcia,database lag guard,ATLAS-3783,"Deployment note: verify feature flag, Grafana SLO, PagerDuty status, database health, and support handoff for cart-service."
DEP-02282,2025-12-22,checkout-api,prod,atlas-web,PR-10954,REL-2023.3.0,flag_checkout_api_payment_retry,50,paused,Dmitri Volkov,database lag guard,ATLAS-5061,"Deployment note: verify feature flag, Grafana SLO, PagerDuty status, database health, and support handoff for checkout-api."
DEP-02283,2025-12-24,inventory-reservation,prod,atlas-infra,PR-5260,REL-2020.12,flag_inventory_reservation_payment_retry,10,monitoring,Harper Lee,latency guard,ATLAS-1297,"Deployment note: verify feature flag, Grafana SLO, PagerDuty status, database health, and support handoff for inventory-reservation."
DEP-02284,2025-12-26,search-recommendations,canary,atlas-mobile,PR-5031,REL-2020.1.12,flag_search_recommendations_payment_retry,1,paused,Nora Singh,database lag guard,ATLAS-2306,"Deployment note: verify feature flag, Grafana SLO, PagerDuty status, database health, and support handoff for search-recommendations."
DEP-02285,2025-12-25,notification-service,prod,atlas-infra,PR-9047,REL-2020.3.11,flag_notification_service_regional_launch,1,rolled back,Victor Silva,support volume guard,ATLAS-3720,"Deployment note: verify feature flag, Grafana SLO, PagerDuty status, database health, and support handoff for notification-service."
DEP-02286,2025-12-27,order-ledger,canary,atlas-payments,PR-7255,REL-2021.4.17,flag_order_ledger_mobile_session,25,rolled back,Owen Brooks,database lag guard,ATLAS-2830,"Deployment note: verify feature flag, Grafana SLO, PagerDuty status, database health, and support handoff for order-ledger."
DEP-02287,2025-12-30,loyalty-service,prod,atlas-observability,PR-9483,REL-2022.4.10,flag_loyalty_service_dual_run,100,monitoring,Jon Bell,support volume guard,ATLAS-3892,"Deployment note: verify feature flag, Grafana SLO, PagerDuty status, database health, and support handoff for loyalty-service."
DEP-02288,2025-12-29,order-ledger,canary,atlas-checkout,PR-6322,REL-2023.3.14,flag_order_ledger_rollback_guard,1,partial,Anika Sharma,latency guard,ATLAS-2870,"Deployment note: verify feature flag, Grafana SLO, PagerDuty status, database health, and support handoff for order-ledger."
DEP-02289,2025-12-31,inventory-reservation,stage,atlas-data,PR-8227,REL-2025.3.15,flag_inventory_reservation_payment_retry,0,partial,Sara Novak,manual approval,ATLAS-1931,"Deployment note: verify feature flag, Grafana SLO, PagerDuty status, database health, and support handoff for inventory-reservation."
DEP-02290,2025-12-31,cart-service,stage,atlas-data,PR-10855,REL-2023.4.5,flag_cart_service_payment_retry,100,success,Nora Singh,database lag guard,ATLAS-3281,"Deployment note: verify feature flag, Grafana SLO, PagerDuty status, database health, and support handoff for cart-service."
DEP-02291,2026-01-01,search-recommendations,canary,atlas-observability,PR-8182,REL-2019.4.3,flag_search_recommendations_rollback_guard,1,partial,Iris Wang,error budget guard,ATLAS-4190,"Deployment note: verify feature flag, Grafana SLO, PagerDuty status, database health, and support handoff for search-recommendations."
DEP-02292,2026-01-04,analytics-pipeline,stage,atlas-infra,PR-6048,REL-2020.08,flag_analytics_pipeline_dual_run,0,rolled back,Owen Brooks,database lag guard,ATLAS-4886,"Deployment note: verify feature flag, Grafana SLO, PagerDuty status, database health, and support handoff for analytics-pipeline."
DEP-02293,2026-01-04,payment-orchestrator,stage,atlas-payments,PR-8923,REL-2025.05,flag_payment_orchestrator_mobile_session,5,success,Dmitri Volkov,database lag guard,ATLAS-5720,"Deployment note: verify feature flag, Grafana SLO, PagerDuty status, database health, and support handoff for payment-orchestrator."
DEP-02294,2026-01-05,payment-orchestrator,canary,atlas-infra,PR-9617,REL-2019.3.0,flag_payment_orchestrator_dual_run,100,partial,Noah Evans,latency guard,ATLAS-3488,"Deployment note: verify feature flag, Grafana SLO, PagerDuty status, database health, and support handoff for payment-orchestrator."
DEP-02295,2026-01-06,tax-service,canary,atlas-web,PR-8090,REL-2026.1.10,flag_tax_service_dual_run,25,monitoring,Luca Moretti,support volume guard,ATLAS-3873,"Deployment note: verify feature flag, Grafana SLO, PagerDuty status, database health, and support handoff for tax-service."
DEP-02296,2026-01-07,inventory-reservation,prod,atlas-web,PR-7562,REL-2026.1.16,flag_inventory_reservation_new_write_path,75,partial,Ravi Patel,error budget guard,ATLAS-4047,"Deployment note: verify feature flag, Grafana SLO, PagerDuty status, database health, and support handoff for inventory-reservation."
DEP-02297,2026-01-10,auth-gateway,prod,atlas-data,PR-7277,REL-2024.3.10,flag_auth_gateway_mobile_session,75,partial,Aisha Khan,support volume guard,ATLAS-5528,"Deployment note: verify feature flag, Grafana SLO, PagerDuty status, database health, and support handoff for auth-gateway."
DEP-02298,2026-01-10,tax-service,canary,atlas-web,PR-9300,REL-2020.09,flag_tax_service_regional_launch,50,rolled back,Dmitri Volkov,support volume guard,ATLAS-3826,"Deployment note: verify feature flag, Grafana SLO, PagerDuty status, database health, and support handoff for tax-service."
DEP-02299,2026-01-12,notification-service,stage,atlas-data,PR-9639,REL-2026.1.11,flag_notification_service_regional_launch,0,success,Harper Lee,manual approval,ATLAS-4372,"Deployment note: verify feature flag, Grafana SLO, PagerDuty status, database health, and support handoff for notification-service."
DEP-02300,2026-01-12,search-recommendations,prod,atlas-payments,PR-7264,REL-2025.4.4,flag_search_recommendations_dual_run,10,partial,Owen Brooks,manual approval,ATLAS-1913,"Deployment note: verify feature flag, Grafana SLO, PagerDuty status, database health, and support handoff for search-recommendations."
DEP-02301,2026-01-13,loyalty-service,canary,atlas-mobile,PR-10908,REL-2025.3.2,flag_loyalty_service_new_write_path,100,partial,Elena Petrova,error budget guard,ATLAS-1118,"Deployment note: verify feature flag, Grafana SLO, PagerDuty status, database health, and support handoff for loyalty-service."
DEP-02302,2026-01-17,checkout-api,canary,atlas-infra,PR-9910,REL-2020.2.2,flag_checkout_api_rollback_guard,5,success,Jon Bell,manual approval,ATLAS-2206,"Deployment note: verify feature flag, Grafana SLO, PagerDuty status, database health, and support handoff for checkout-api."
DEP-02303,2026-01-17,payment-orchestrator,prod,atlas-data,PR-5950,REL-2020.3.17,flag_payment_orchestrator_rollback_guard,1,success,Priya Nair,error budget guard,ATLAS-3900,"Deployment note: verify feature flag, Grafana SLO, PagerDuty status, database health, and support handoff for payment-orchestrator."
DEP-02304,2026-01-17,payment-orchestrator,canary,atlas-checkout,PR-11018,REL-2018.4.16,flag_payment_orchestrator_dual_run,50,rolled back,Jon Bell,latency guard,ATLAS-3542,"Deployment note: verify feature flag, Grafana SLO, PagerDuty status, database health, and support handoff for payment-orchestrator."
DEP-02305,2026-01-19,tax-service,prod,atlas-infra,PR-9996,REL-2023.2.0,flag_tax_service_rollback_guard,25,rolled back,Victor Silva,support volume guard,ATLAS-2277,"Deployment note: verify feature flag, Grafana SLO, PagerDuty status, database health, and support handoff for tax-service."
DEP-02306,2026-01-21,inventory-reservation,canary,atlas-orders,PR-8246,REL-2021.3.6,flag_inventory_reservation_dual_run,100,monitoring,Harper Lee,latency guard,ATLAS-3053,"Deployment note: verify feature flag, Grafana SLO, PagerDuty status, database health, and support handoff for inventory-reservation."
DEP-02307,2026-01-22,pricing-engine,stage,atlas-observability,PR-6863,REL-2022.10,flag_pricing_engine_new_write_path,5,success,Mateo Garcia,latency guard,ATLAS-4370,"Deployment note: verify feature flag, Grafana SLO, PagerDuty status, database health, and support handoff for pricing-engine."
DEP-02308,2026-01-23,cart-service,canary,atlas-web,PR-12313,REL-2022.3.10,flag_cart_service_dual_run,100,paused,Theo Martin,support volume guard,ATLAS-1256,"Deployment note: verify feature flag, Grafana SLO, PagerDuty status, database health, and support handoff for cart-service."
DEP-02309,2026-01-25,cart-service,canary,atlas-infra,PR-11879,REL-2024.01,flag_cart_service_dual_run,100,partial,Noah Evans,error budget guard,ATLAS-3105,"Deployment note: verify feature flag, Grafana SLO, PagerDuty status, database health, and support handoff for cart-service."
DEP-02310,2026-01-26,checkout-api,canary,atlas-observability,PR-5302,REL-2025.2.5,flag_checkout_api_rollback_guard,25,partial,Harper Lee,support volume guard,ATLAS-3179,"Deployment note: verify feature flag, Grafana SLO, PagerDuty status, database health, and support handoff for checkout-api."
DEP-02311,2026-01-26,payment-orchestrator,prod,atlas-infra,PR-6315,REL-2022.4.10,flag_payment_orchestrator_rollback_guard,25,rolled back,Priya Nair,manual approval,ATLAS-3836,"Deployment note: verify feature flag, Grafana SLO, PagerDuty status, database health, and support handoff for payment-orchestrator."
DEP-02312,2026-01-29,notification-service,prod,atlas-checkout,PR-12082,REL-2023.4.3,flag_notification_service_dual_run,1,paused,Mateo Garcia,error budget guard,ATLAS-1330,"Deployment note: verify feature flag, Grafana SLO, PagerDuty status, database health, and support handoff for notification-service."
DEP-02313,2026-01-30,inventory-reservation,canary,atlas-checkout,PR-6796,REL-2024.05,flag_inventory_reservation_rollback_guard,75,success,Priya Nair,error budget guard,ATLAS-2158,"Deployment note: verify feature flag, Grafana SLO, PagerDuty status, database health, and support handoff for inventory-reservation."
DEP-02314,2026-01-29,loyalty-service,prod,atlas-infra,PR-8737,REL-2023.3.16,flag_loyalty_service_rollback_guard,0,paused,Noah Evans,error budget guard,ATLAS-5444,"Deployment note: verify feature flag, Grafana SLO, PagerDuty status, database health, and support handoff for loyalty-service."
DEP-02315,2026-01-31,analytics-pipeline,stage,atlas-payments,PR-10839,REL-2022.02,flag_analytics_pipeline_dual_run,100,paused,Aisha Khan,manual approval,ATLAS-1367,"Deployment note: verify feature flag, Grafana SLO, PagerDuty status, database health, and support handoff for analytics-pipeline."
DEP-02316,2026-02-01,order-ledger,prod,atlas-web,PR-11478,REL-2021.4.16,flag_order_ledger_new_write_path,10,paused,Kim Tan,latency guard,ATLAS-1510,"Deployment note: verify feature flag, Grafana SLO, PagerDuty status, database health, and support handoff for order-ledger."
DEP-02317,2026-02-02,inventory-reservation,prod,atlas-data,PR-6812,REL-2019.3.0,flag_inventory_reservation_mobile_session,0,rolled back,Anika Sharma,database lag guard,ATLAS-4645,"Deployment note: verify feature flag, Grafana SLO, PagerDuty status, database health, and support handoff for inventory-reservation."
DEP-02318,2026-02-04,loyalty-service,canary,atlas-checkout,PR-9308,REL-2020.3.17,flag_loyalty_service_regional_launch,1,rolled back,Fatima Noor,manual approval,ATLAS-4562,"Deployment note: verify feature flag, Grafana SLO, PagerDuty status, database health, and support handoff for loyalty-service."
DEP-02319,2026-02-05,tax-service,prod,atlas-checkout,PR-6012,REL-2021.4.15,flag_tax_service_mobile_session,10,paused,Theo Martin,latency guard,ATLAS-4307,"Deployment note: verify feature flag, Grafana SLO, PagerDuty status, database health, and support handoff for tax-service."
DEP-02320,2026-02-07,cart-service,prod,atlas-mobile,PR-11478,REL-2026.04,flag_cart_service_new_write_path,25,rolled back,Nora Singh,latency guard,ATLAS-3045,"Deployment note: verify feature flag, Grafana SLO, PagerDuty status, database health, and support handoff for cart-service."
DEP-02321,2026-02-09,search-recommendations,prod,atlas-checkout,PR-7045,REL-2025.03,flag_search_recommendations_payment_retry,50,paused,Noah Evans,latency guard,ATLAS-2554,"Deployment note: verify feature flag, Grafana SLO, PagerDuty status, database health, and support handoff for search-recommendations."
DEP-02322,2026-02-08,payment-orchestrator,prod,atlas-observability,PR-7111,REL-2023.11,flag_payment_orchestrator_dual_run,5,success,Victor Silva,database lag guard,ATLAS-2655,"Deployment note: verify feature flag, Grafana SLO, PagerDuty status, database health, and support handoff for payment-orchestrator."
DEP-02323,2026-02-10,search-recommendations,prod,atlas-web,PR-6749,REL-2022.4.16,flag_search_recommendations_regional_launch,1,monitoring,Grace Kim,latency guard,ATLAS-5520,"Deployment note: verify feature flag, Grafana SLO, PagerDuty status, database health, and support handoff for search-recommendations."
DEP-02324,2026-02-10,inventory-reservation,stage,atlas-observability,PR-7258,REL-2019.3.19,flag_inventory_reservation_mobile_session,25,partial,Aisha Khan,latency guard,ATLAS-3499,"Deployment note: verify feature flag, Grafana SLO, PagerDuty status, database health, and support handoff for inventory-reservation."
DEP-02325,2026-02-12,notification-service,stage,atlas-data,PR-6253,REL-2023.1.3,flag_notification_service_dual_run,0,success,Noah Evans,support volume guard,ATLAS-5056,"Deployment note: verify feature flag, Grafana SLO, PagerDuty status, database health, and support handoff for notification-service."
DEP-02326,2026-02-13,analytics-pipeline,canary,atlas-mobile,PR-12593,REL-2023.02,flag_analytics_pipeline_mobile_session,50,partial,Sara Novak,database lag guard,ATLAS-6082,"Deployment note: verify feature flag, Grafana SLO, PagerDuty status, database health, and support handoff for analytics-pipeline."
DEP-02327,2026-02-14,order-ledger,prod,atlas-checkout,PR-11487,REL-2022.05,flag_order_ledger_dual_run,10,monitoring,Harper Lee,support volume guard,ATLAS-5009,"Deployment note: verify feature flag, Grafana SLO, PagerDuty status, database health, and support handoff for order-ledger."
DEP-02328,2026-02-16,tax-service,canary,atlas-mobile,PR-11130,REL-2023.02,flag_tax_service_regional_launch,10,monitoring,Sara Novak,support volume guard,ATLAS-1714,"Deployment note: verify feature flag, Grafana SLO, PagerDuty status, database health, and support handoff for tax-service."
DEP-02329,2026-02-17,loyalty-service,canary,atlas-observability,PR-5415,REL-2023.1.0,flag_loyalty_service_new_write_path,0,success,Mateo Garcia,latency guard,ATLAS-5175,"Deployment note: verify feature flag, Grafana SLO, PagerDuty status, database health, and support handoff for loyalty-service."
DEP-02330,2026-02-20,checkout-api,stage,atlas-data,PR-11470,REL-2022.3.0,flag_checkout_api_mobile_session,50,monitoring,Sara Novak,error budget guard,ATLAS-5659,"Deployment note: verify feature flag, Grafana SLO, PagerDuty status, database health, and support handoff for checkout-api."
DEP-02331,2026-02-20,auth-gateway,prod,atlas-observability,PR-7632,REL-2019.1.4,flag_auth_gateway_rollback_guard,25,monitoring,Theo Martin,support volume guard,ATLAS-2519,"Deployment note: verify feature flag, Grafana SLO, PagerDuty status, database health, and support handoff for auth-gateway."
DEP-02332,2026-02-22,loyalty-service,prod,atlas-mobile,PR-12349,REL-2020.08,flag_loyalty_service_payment_retry,10,monitoring,Anika Sharma,latency guard,ATLAS-2550,"Deployment note: verify feature flag, Grafana SLO, PagerDuty status, database health, and support handoff for loyalty-service."
DEP-02333,2026-02-21,cart-service,prod,atlas-mobile,PR-7836,REL-2018.10,flag_cart_service_regional_launch,1,success,Theo Martin,manual approval,ATLAS-3510,"Deployment note: verify feature flag, Grafana SLO, PagerDuty status, database health, and support handoff for cart-service."
DEP-02334,2026-02-24,notification-service,prod,atlas-orders,PR-5738,REL-2022.01,flag_notification_service_dual_run,25,paused,Victor Silva,support volume guard,ATLAS-1039,"Deployment note: verify feature flag, Grafana SLO, PagerDuty status, database health, and support handoff for notification-service."
DEP-02335,2026-02-26,payment-orchestrator,prod,atlas-web,PR-6478,REL-2020.4.15,flag_payment_orchestrator_rollback_guard,75,success,Samir Rao,error budget guard,ATLAS-1696,"Deployment note: verify feature flag, Grafana SLO, PagerDuty status, database health, and support handoff for payment-orchestrator."
DEP-02336,2026-02-25,auth-gateway,stage,atlas-infra,PR-7360,REL-2021.3.8,flag_auth_gateway_rollback_guard,100,success,Samir Rao,support volume guard,ATLAS-3909,"Deployment note: verify feature flag, Grafana SLO, PagerDuty status, database health, and support handoff for auth-gateway."
DEP-02337,2026-02-28,search-recommendations,prod,atlas-web,PR-5738,REL-2025.1.6,flag_search_recommendations_mobile_session,50,paused,Samir Rao,database lag guard,ATLAS-1852,"Deployment note: verify feature flag, Grafana SLO, PagerDuty status, database health, and support handoff for search-recommendations."
DEP-02338,2026-03-01,order-ledger,prod,atlas-checkout,PR-5294,REL-2018.3.7,flag_order_ledger_dual_run,50,paused,Elena Petrova,latency guard,ATLAS-1537,"Deployment note: verify feature flag, Grafana SLO, PagerDuty status, database health, and support handoff for order-ledger."
DEP-02339,2026-03-02,notification-service,prod,atlas-checkout,PR-5738,REL-2019.1.9,flag_notification_service_mobile_session,1,partial,Ben Carter,error budget guard,ATLAS-3506,"Deployment note: verify feature flag, Grafana SLO, PagerDuty status, database health, and support handoff for notification-service."
DEP-02340,2026-03-03,auth-gateway,prod,atlas-payments,PR-12346,REL-2019.01,flag_auth_gateway_rollback_guard,5,rolled back,Fatima Noor,manual approval,ATLAS-2418,"Deployment note: verify feature flag, Grafana SLO, PagerDuty status, database health, and support handoff for auth-gateway."
DEP-02341,2026-03-04,inventory-reservation,canary,atlas-infra,PR-7120,REL-2019.01,flag_inventory_reservation_payment_retry,0,success,Yara Haddad,manual approval,ATLAS-4664,"Deployment note: verify feature flag, Grafana SLO, PagerDuty status, database health, and support handoff for inventory-reservation."
DEP-02342,2026-03-05,auth-gateway,stage,atlas-orders,PR-8582,REL-2024.1.10,flag_auth_gateway_rollback_guard,10,monitoring,Fatima Noor,error budget guard,ATLAS-2560,"Deployment note: verify feature flag, Grafana SLO, PagerDuty status, database health, and support handoff for auth-gateway."
DEP-02343,2026-03-05,tax-service,stage,atlas-orders,PR-5863,REL-2024.2.19,flag_tax_service_rollback_guard,1,paused,Ben Carter,error budget guard,ATLAS-6048,"Deployment note: verify feature flag, Grafana SLO, PagerDuty status, database health, and support handoff for tax-service."
DEP-02344,2026-03-09,inventory-reservation,prod,atlas-orders,PR-9807,REL-2025.2.3,flag_inventory_reservation_mobile_session,10,success,Luca Moretti,support volume guard,ATLAS-4750,"Deployment note: verify feature flag, Grafana SLO, PagerDuty status, database health, and support handoff for inventory-reservation."
DEP-02345,2026-03-08,order-ledger,stage,atlas-web,PR-12152,REL-2023.11,flag_order_ledger_dual_run,10,partial,Grace Kim,support volume guard,ATLAS-2392,"Deployment note: verify feature flag, Grafana SLO, PagerDuty status, database health, and support handoff for order-ledger."
DEP-02346,2026-03-11,pricing-engine,canary,atlas-observability,PR-7722,REL-2022.2.2,flag_pricing_engine_rollback_guard,10,partial,Anika Sharma,latency guard,ATLAS-4246,"Deployment note: verify feature flag, Grafana SLO, PagerDuty status, database health, and support handoff for pricing-engine."
DEP-02347,2026-03-10,analytics-pipeline,stage,atlas-orders,PR-9803,REL-2025.2.3,flag_analytics_pipeline_new_write_path,50,monitoring,Aisha Khan,support volume guard,ATLAS-4235,"Deployment note: verify feature flag, Grafana SLO, PagerDuty status, database health, and support handoff for analytics-pipeline."
DEP-02348,2026-03-13,tax-service,stage,atlas-checkout,PR-7935,REL-2021.3.8,flag_tax_service_dual_run,100,rolled back,Mateo Garcia,manual approval,ATLAS-3303,"Deployment note: verify feature flag, Grafana SLO, PagerDuty status, database health, and support handoff for tax-service."
DEP-02349,2026-03-15,analytics-pipeline,prod,atlas-payments,PR-10164,REL-2021.05,flag_analytics_pipeline_mobile_session,25,rolled back,Ben Carter,database lag guard,ATLAS-3675,"Deployment note: verify feature flag, Grafana SLO, PagerDuty status, database health, and support handoff for analytics-pipeline."
DEP-02350,2026-03-15,payment-orchestrator,canary,atlas-data,PR-7928,REL-2022.3.10,flag_payment_orchestrator_mobile_session,50,partial,Theo Martin,latency guard,ATLAS-4796,"Deployment note: verify feature flag, Grafana SLO, PagerDuty status, database health, and support handoff for payment-orchestrator."
DEP-02351,2026-03-16,loyalty-service,prod,atlas-web,PR-7203,REL-2022.12,flag_loyalty_service_regional_launch,75,monitoring,Yara Haddad,latency guard,ATLAS-5449,"Deployment note: verify feature flag, Grafana SLO, PagerDuty status, database health, and support handoff for loyalty-service."
DEP-02352,2026-03-16,notification-service,canary,atlas-infra,PR-12509,REL-2024.4.9,flag_notification_service_mobile_session,1,rolled back,Priya Nair,database lag guard,ATLAS-4946,"Deployment note: verify feature flag, Grafana SLO, PagerDuty status, database health, and support handoff for notification-service."
DEP-02353,2026-03-17,payment-orchestrator,canary,atlas-payments,PR-5494,REL-2021.08,flag_payment_orchestrator_payment_retry,100,rolled back,Sara Novak,latency guard,ATLAS-4152,"Deployment note: verify feature flag, Grafana SLO, PagerDuty status, database health, and support handoff for payment-orchestrator."
DEP-02354,2026-03-19,inventory-reservation,stage,atlas-web,PR-6733,REL-2022.1.0,flag_inventory_reservation_mobile_session,5,monitoring,Anika Sharma,support volume guard,ATLAS-6169,"Deployment note: verify feature flag, Grafana SLO, PagerDuty status, database health, and support handoff for inventory-reservation."
DEP-02355,2026-03-21,order-ledger,canary,atlas-observability,PR-6066,REL-2020.02,flag_order_ledger_mobile_session,0,success,Owen Brooks,latency guard,ATLAS-1677,"Deployment note: verify feature flag, Grafana SLO, PagerDuty status, database health, and support handoff for order-ledger."
DEP-02356,2026-03-23,payment-orchestrator,prod,atlas-web,PR-9743,REL-2024.2.19,flag_payment_orchestrator_mobile_session,25,partial,Theo Martin,support volume guard,ATLAS-4217,"Deployment note: verify feature flag, Grafana SLO, PagerDuty status, database health, and support handoff for payment-orchestrator."
DEP-02357,2026-03-22,checkout-api,canary,atlas-web,PR-7252,REL-2020.3.11,flag_checkout_api_dual_run,50,rolled back,Sara Novak,database lag guard,ATLAS-3360,"Deployment note: verify feature flag, Grafana SLO, PagerDuty status, database health, and support handoff for checkout-api."
DEP-02358,2026-03-25,analytics-pipeline,canary,atlas-payments,PR-7622,REL-2020.1.11,flag_analytics_pipeline_rollback_guard,25,monitoring,Theo Martin,support volume guard,ATLAS-1022,"Deployment note: verify feature flag, Grafana SLO, PagerDuty status, database health, and support handoff for analytics-pipeline."
DEP-02359,2026-03-27,cart-service,prod,atlas-infra,PR-10730,REL-2021.3.18,flag_cart_service_dual_run,25,success,Priya Nair,database lag guard,ATLAS-5451,"Deployment note: verify feature flag, Grafana SLO, PagerDuty status, database health, and support handoff for cart-service."
DEP-02360,2026-03-27,auth-gateway,canary,atlas-observability,PR-11684,REL-2020.1.0,flag_auth_gateway_rollback_guard,50,success,Victor Silva,support volume guard,ATLAS-2808,"Deployment note: verify feature flag, Grafana SLO, PagerDuty status, database health, and support handoff for auth-gateway."
DEP-02361,2026-03-28,inventory-reservation,prod,atlas-payments,PR-9172,REL-2018.09,flag_inventory_reservation_regional_launch,10,success,Maya Chen,latency guard,ATLAS-3826,"Deployment note: verify feature flag, Grafana SLO, PagerDuty status, database health, and support handoff for inventory-reservation."
DEP-02362,2026-03-30,inventory-reservation,canary,atlas-data,PR-6631,REL-2019.09,flag_inventory_reservation_mobile_session,25,paused,Theo Martin,database lag guard,ATLAS-4005,"Deployment note: verify feature flag, Grafana SLO, PagerDuty status, database health, and support handoff for inventory-reservation."
DEP-02363,2026-03-31,pricing-engine,stage,atlas-orders,PR-5612,REL-2021.10,flag_pricing_engine_payment_retry,50,rolled back,Dmitri Volkov,latency guard,ATLAS-5977,"Deployment note: verify feature flag, Grafana SLO, PagerDuty status, database health, and support handoff for pricing-engine."
DEP-02364,2026-03-31,payment-orchestrator,canary,atlas-data,PR-10821,REL-2024.02,flag_payment_orchestrator_rollback_guard,75,partial,Anika Sharma,database lag guard,ATLAS-3542,"Deployment note: verify feature flag, Grafana SLO, PagerDuty status, database health, and support handoff for payment-orchestrator."
DEP-02365,2026-04-03,payment-orchestrator,prod,atlas-mobile,PR-6389,REL-2022.1.5,flag_payment_orchestrator_dual_run,0,success,Sara Novak,database lag guard,ATLAS-5087,"Deployment note: verify feature flag, Grafana SLO, PagerDuty status, database health, and support handoff for payment-orchestrator."
DEP-02366,2026-04-02,tax-service,canary,atlas-data,PR-9677,REL-2020.3.11,flag_tax_service_mobile_session,100,monitoring,Sara Novak,support volume guard,ATLAS-2739,"Deployment note: verify feature flag, Grafana SLO, PagerDuty status, database health, and support handoff for tax-service."
DEP-02367,2026-04-03,notification-service,canary,atlas-mobile,PR-7440,REL-2023.02,flag_notification_service_payment_retry,5,success,Elena Petrova,database lag guard,ATLAS-4742,"Deployment note: verify feature flag, Grafana SLO, PagerDuty status, database health, and support handoff for notification-service."
DEP-02368,2026-04-06,analytics-pipeline,stage,atlas-web,PR-5270,REL-2023.2.5,flag_analytics_pipeline_new_write_path,10,partial,Elena Petrova,error budget guard,ATLAS-2590,"Deployment note: verify feature flag, Grafana SLO, PagerDuty status, database health, and support handoff for analytics-pipeline."
DEP-02369,2026-04-06,checkout-api,canary,atlas-checkout,PR-5961,REL-2025.01,flag_checkout_api_dual_run,25,partial,Victor Silva,support volume guard,ATLAS-2906,"Deployment note: verify feature flag, Grafana SLO, PagerDuty status, database health, and support handoff for checkout-api."
DEP-02370,2026-04-08,order-ledger,canary,atlas-web,PR-6361,REL-2024.2.7,flag_order_ledger_new_write_path,1,success,Grace Kim,database lag guard,ATLAS-4702,"Deployment note: verify feature flag, Grafana SLO, PagerDuty status, database health, and support handoff for order-ledger."
DEP-02371,2026-04-08,analytics-pipeline,stage,atlas-infra,PR-5497,REL-2023.1.19,flag_analytics_pipeline_dual_run,1,rolled back,Ben Carter,manual approval,ATLAS-2275,"Deployment note: verify feature flag, Grafana SLO, PagerDuty status, database health, and support handoff for analytics-pipeline."
DEP-02372,2026-04-11,inventory-reservation,prod,atlas-web,PR-7744,REL-2021.08,flag_inventory_reservation_mobile_session,10,success,Iris Wang,latency guard,ATLAS-2983,"Deployment note: verify feature flag, Grafana SLO, PagerDuty status, database health, and support handoff for inventory-reservation."
DEP-02373,2026-04-12,notification-service,canary,atlas-checkout,PR-9315,REL-2021.1.10,flag_notification_service_regional_launch,10,success,Iris Wang,support volume guard,ATLAS-5637,"Deployment note: verify feature flag, Grafana SLO, PagerDuty status, database health, and support handoff for notification-service."
DEP-02374,2026-04-14,notification-service,canary,atlas-checkout,PR-5638,REL-2022.4.16,flag_notification_service_new_write_path,0,rolled back,Noah Evans,database lag guard,ATLAS-3501,"Deployment note: verify feature flag, Grafana SLO, PagerDuty status, database health, and support handoff for notification-service."
DEP-02375,2026-04-13,cart-service,canary,atlas-orders,PR-5483,REL-2024.1.2,flag_cart_service_regional_launch,100,paused,Ravi Patel,database lag guard,ATLAS-1985,"Deployment note: verify feature flag, Grafana SLO, PagerDuty status, database health, and support handoff for cart-service."
DEP-02376,2026-04-14,pricing-engine,stage,atlas-infra,PR-10151,REL-2024.03,flag_pricing_engine_dual_run,10,rolled back,Mateo Garcia,manual approval,ATLAS-4181,"Deployment note: verify feature flag, Grafana SLO, PagerDuty status, database health, and support handoff for pricing-engine."
DEP-02377,2026-04-16,search-recommendations,stage,atlas-infra,PR-9477,REL-2022.4.3,flag_search_recommendations_payment_retry,5,paused,Noah Evans,database lag guard,ATLAS-3004,"Deployment note: verify feature flag, Grafana SLO, PagerDuty status, database health, and support handoff for search-recommendations."
DEP-02378,2026-04-18,order-ledger,stage,atlas-payments,PR-7119,REL-2021.2.4,flag_order_ledger_rollback_guard,0,paused,Nora Singh,error budget guard,ATLAS-4561,"Deployment note: verify feature flag, Grafana SLO, PagerDuty status, database health, and support handoff for order-ledger."
DEP-02379,2026-04-19,tax-service,prod,atlas-checkout,PR-12066,REL-2018.4.16,flag_tax_service_dual_run,25,paused,Owen Brooks,support volume guard,ATLAS-5355,"Deployment note: verify feature flag, Grafana SLO, PagerDuty status, database health, and support handoff for tax-service."
DEP-02380,2026-04-21,auth-gateway,prod,atlas-web,PR-9562,REL-2018.06,flag_auth_gateway_new_write_path,25,monitoring,Mateo Garcia,manual approval,ATLAS-4653,"Deployment note: verify feature flag, Grafana SLO, PagerDuty status, database health, and support handoff for auth-gateway."
DEP-02381,2026-04-22,order-ledger,stage,atlas-payments,PR-6598,REL-2025.07,flag_order_ledger_mobile_session,100,success,Dmitri Volkov,manual approval,ATLAS-5435,"Deployment note: verify feature flag, Grafana SLO, PagerDuty status, database health, and support handoff for order-ledger."
DEP-02382,2026-04-23,tax-service,prod,atlas-infra,PR-11525,REL-2023.08,flag_tax_service_new_write_path,75,paused,Mateo Garcia,manual approval,ATLAS-6090,"Deployment note: verify feature flag, Grafana SLO, PagerDuty status, database health, and support handoff for tax-service."
DEP-02383,2026-04-23,payment-orchestrator,canary,atlas-payments,PR-9652,REL-2025.3.10,flag_payment_orchestrator_new_write_path,100,monitoring,Samir Rao,manual approval,ATLAS-4589,"Deployment note: verify feature flag, Grafana SLO, PagerDuty status, database health, and support handoff for payment-orchestrator."
DEP-02384,2026-04-26,loyalty-service,canary,atlas-payments,PR-8217,REL-2020.1.18,flag_loyalty_service_mobile_session,100,monitoring,Noah Evans,error budget guard,ATLAS-2408,"Deployment note: verify feature flag, Grafana SLO, PagerDuty status, database health, and support handoff for loyalty-service."
DEP-02385,2026-04-25,checkout-api,prod,atlas-observability,PR-6249,REL-2020.3.18,flag_checkout_api_regional_launch,1,paused,Mateo Garcia,database lag guard,ATLAS-2647,"Deployment note: verify feature flag, Grafana SLO, PagerDuty status, database health, and support handoff for checkout-api."
DEP-02386,2026-04-28,inventory-reservation,canary,atlas-payments,PR-9364,REL-2021.2.4,flag_inventory_reservation_payment_retry,10,paused,Ben Carter,manual approval,ATLAS-1783,"Deployment note: verify feature flag, Grafana SLO, PagerDuty status, database health, and support handoff for inventory-reservation."
DEP-02387,2026-04-28,search-recommendations,prod,atlas-checkout,PR-5688,REL-2025.08,flag_search_recommendations_dual_run,50,monitoring,Aisha Khan,latency guard,ATLAS-4214,"Deployment note: verify feature flag, Grafana SLO, PagerDuty status, database health, and support handoff for search-recommendations."
DEP-02388,2026-04-29,payment-orchestrator,prod,atlas-data,PR-12042,REL-2020.06,flag_payment_orchestrator_payment_retry,25,monitoring,Ben Carter,database lag guard,ATLAS-4432,"Deployment note: verify feature flag, Grafana SLO, PagerDuty status, database health, and support handoff for payment-orchestrator."
DEP-02389,2026-05-01,order-ledger,stage,atlas-infra,PR-6688,REL-2023.2.12,flag_order_ledger_dual_run,5,monitoring,Noah Evans,manual approval,ATLAS-4349,"Deployment note: verify feature flag, Grafana SLO, PagerDuty status, database health, and support handoff for order-ledger."
DEP-02390,2026-05-03,notification-service,stage,atlas-web,PR-5897,REL-2023.2.15,flag_notification_service_new_write_path,25,partial,Yara Haddad,error budget guard,ATLAS-4396,"Deployment note: verify feature flag, Grafana SLO, PagerDuty status, database health, and support handoff for notification-service."
DEP-02391,2026-05-03,payment-orchestrator,stage,atlas-data,PR-9449,REL-2023.4.4,flag_payment_orchestrator_rollback_guard,50,monitoring,Iris Wang,support volume guard,ATLAS-5661,"Deployment note: verify feature flag, Grafana SLO, PagerDuty status, database health, and support handoff for payment-orchestrator."
DEP-02392,2026-05-06,cart-service,prod,atlas-checkout,PR-8288,REL-2025.05,flag_cart_service_payment_retry,100,success,Anika Sharma,error budget guard,ATLAS-1819,"Deployment note: verify feature flag, Grafana SLO, PagerDuty status, database health, and support handoff for cart-service."
DEP-02393,2026-05-05,loyalty-service,stage,atlas-web,PR-5093,REL-2019.01,flag_loyalty_service_rollback_guard,5,monitoring,Victor Silva,support volume guard,ATLAS-3640,"Deployment note: verify feature flag, Grafana SLO, PagerDuty status, database health, and support handoff for loyalty-service."
DEP-02394,2026-05-08,loyalty-service,prod,atlas-mobile,PR-9502,REL-2022.06,flag_loyalty_service_mobile_session,25,partial,Iris Wang,database lag guard,ATLAS-2475,"Deployment note: verify feature flag, Grafana SLO, PagerDuty status, database health, and support handoff for loyalty-service."
DEP-02395,2026-05-09,loyalty-service,stage,atlas-infra,PR-9177,REL-2023.4.0,flag_loyalty_service_rollback_guard,25,partial,Jon Bell,database lag guard,ATLAS-2484,"Deployment note: verify feature flag, Grafana SLO, PagerDuty status, database health, and support handoff for loyalty-service."
DEP-02396,2026-05-10,auth-gateway,canary,atlas-observability,PR-7187,REL-2022.1.5,flag_auth_gateway_rollback_guard,25,rolled back,Priya Nair,error budget guard,ATLAS-2023,"Deployment note: verify feature flag, Grafana SLO, PagerDuty status, database health, and support handoff for auth-gateway."
DEP-02397,2026-05-11,order-ledger,stage,atlas-mobile,PR-5365,REL-2024.4.13,flag_order_ledger_payment_retry,5,partial,Nora Singh,database lag guard,ATLAS-4918,"Deployment note: verify feature flag, Grafana SLO, PagerDuty status, database health, and support handoff for order-ledger."
DEP-02398,2026-05-11,payment-orchestrator,canary,atlas-mobile,PR-5002,REL-2021.1.12,flag_payment_orchestrator_rollback_guard,10,partial,Grace Kim,database lag guard,ATLAS-5285,"Deployment note: verify feature flag, Grafana SLO, PagerDuty status, database health, and support handoff for payment-orchestrator."
DEP-02399,2026-05-12,analytics-pipeline,canary,atlas-infra,PR-10685,REL-2022.3.4,flag_analytics_pipeline_payment_retry,75,monitoring,Elena Petrova,error budget guard,ATLAS-5748,"Deployment note: verify feature flag, Grafana SLO, PagerDuty status, database health, and support handoff for analytics-pipeline."
DEP-02400,2026-05-13,auth-gateway,prod,atlas-checkout,PR-9856,REL-2021.1.12,flag_auth_gateway_new_write_path,50,success,Fatima Noor,error budget guard,ATLAS-6140,"Deployment note: verify feature flag, Grafana SLO, PagerDuty status, database health, and support handoff for auth-gateway."
