trace_id,jira_key,pr_id,incident_id,release_id,service,evidence_type,source_system,traceability_note
TRACE-00001,ATLAS-3854,PR-5597,,REL-2020.04,checkout-api,db_health,teams,"Traceability note for checkout-api: links source evidence across tickets, PRs, incidents, metrics, and KT artifacts so Ask AI can cite the right context."
TRACE-00002,ATLAS-1915,PR-9808,,REL-2022.12,search-recommendations,runbook,database,"Traceability note for search-recommendations: links source evidence across tickets, PRs, incidents, metrics, and KT artifacts so Ask AI can cite the right context."
TRACE-00003,ATLAS-3197,PR-6390,,REL-2023.3.0,order-ledger,db_health,grafana,"Traceability note for order-ledger: links source evidence across tickets, PRs, incidents, metrics, and KT artifacts so Ask AI can cite the right context."
TRACE-00004,ATLAS-4953,PR-8411,,REL-2023.1.11,loyalty-service,business_requirement,jira,"Traceability note for loyalty-service: links source evidence across tickets, PRs, incidents, metrics, and KT artifacts so Ask AI can cite the right context."
TRACE-00005,ATLAS-2139,PR-7746,,REL-2022.2.15,auth-gateway,metric,jira,"Traceability note for auth-gateway: links source evidence across tickets, PRs, incidents, metrics, and KT artifacts so Ask AI can cite the right context."
TRACE-00006,ATLAS-4884,PR-5121,,REL-2020.2.18,analytics-pipeline,db_health,github,"Traceability note for analytics-pipeline: links source evidence across tickets, PRs, incidents, metrics, and KT artifacts so Ask AI can cite the right context."
TRACE-00007,ATLAS-1971,PR-9261,,REL-2024.4.2,order-ledger,support_case,grafana,"Traceability note for order-ledger: links source evidence across tickets, PRs, incidents, metrics, and KT artifacts so Ask AI can cite the right context."
TRACE-00008,ATLAS-3285,PR-5923,,REL-2021.12,notification-service,decision,email,"Traceability note for notification-service: links source evidence across tickets, PRs, incidents, metrics, and KT artifacts so Ask AI can cite the right context."
TRACE-00009,ATLAS-1397,PR-12023,PD-2194,REL-2022.4.10,loyalty-service,risk,grafana,"Traceability note for loyalty-service: links source evidence across tickets, PRs, incidents, metrics, and KT artifacts so Ask AI can cite the right context."
TRACE-00010,ATLAS-1670,PR-6319,,REL-2023.08,checkout-api,decision,teams,"Traceability note for checkout-api: links source evidence across tickets, PRs, incidents, metrics, and KT artifacts so Ask AI can cite the right context."
TRACE-00011,ATLAS-3888,PR-10687,,REL-2022.1.5,auth-gateway,risk,github,"Traceability note for auth-gateway: links source evidence across tickets, PRs, incidents, metrics, and KT artifacts so Ask AI can cite the right context."
TRACE-00012,ATLAS-2486,PR-7229,PD-2013,REL-2025.1.13,pricing-engine,runbook,github,"Traceability note for pricing-engine: links source evidence across tickets, PRs, incidents, metrics, and KT artifacts so Ask AI can cite the right context."
TRACE-00013,ATLAS-3363,PR-8999,,REL-2024.4.18,payment-orchestrator,risk,confluence,"Traceability note for payment-orchestrator: links source evidence across tickets, PRs, incidents, metrics, and KT artifacts so Ask AI can cite the right context."
TRACE-00014,ATLAS-1098,PR-6710,,REL-2025.4.13,pricing-engine,metric,database,"Traceability note for pricing-engine: links source evidence across tickets, PRs, incidents, metrics, and KT artifacts so Ask AI can cite the right context."
TRACE-00015,ATLAS-3097,PR-7548,,REL-2022.1.0,pricing-engine,deployment,support,"Traceability note for pricing-engine: links source evidence across tickets, PRs, incidents, metrics, and KT artifacts so Ask AI can cite the right context."
TRACE-00016,ATLAS-5720,PR-5571,,REL-2023.1.11,cart-service,support_case,database,"Traceability note for cart-service: links source evidence across tickets, PRs, incidents, metrics, and KT artifacts so Ask AI can cite the right context."
TRACE-00017,ATLAS-4023,PR-7938,,REL-2018.06,checkout-api,metric,pagerduty,"Traceability note for checkout-api: links source evidence across tickets, PRs, incidents, metrics, and KT artifacts so Ask AI can cite the right context."
TRACE-00018,ATLAS-4855,PR-6808,PD-2026,REL-2020.1.7,search-recommendations,business_requirement,jira,"Traceability note for search-recommendations: links source evidence across tickets, PRs, incidents, metrics, and KT artifacts so Ask AI can cite the right context."
TRACE-00019,ATLAS-4877,PR-8373,,REL-2025.3.8,tax-service,decision,confluence,"Traceability note for tax-service: links source evidence across tickets, PRs, incidents, metrics, and KT artifacts so Ask AI can cite the right context."
TRACE-00020,ATLAS-1887,PR-9591,PD-2227,REL-2023.2.2,checkout-api,db_health,confluence,"Traceability note for checkout-api: links source evidence across tickets, PRs, incidents, metrics, and KT artifacts so Ask AI can cite the right context."
TRACE-00021,ATLAS-6134,PR-9951,PD-2575,REL-2022.03,auth-gateway,deployment,support,"Traceability note for auth-gateway: links source evidence across tickets, PRs, incidents, metrics, and KT artifacts so Ask AI can cite the right context."
TRACE-00022,ATLAS-4321,PR-7117,,REL-2020.12,notification-service,metric,grafana,"Traceability note for notification-service: links source evidence across tickets, PRs, incidents, metrics, and KT artifacts so Ask AI can cite the right context."
TRACE-00023,ATLAS-4233,PR-5978,,REL-2020.1.5,analytics-pipeline,metric,jira,"Traceability note for analytics-pipeline: links source evidence across tickets, PRs, incidents, metrics, and KT artifacts so Ask AI can cite the right context."
TRACE-00024,ATLAS-5457,PR-5141,PD-2452,REL-2024.3.18,order-ledger,decision,jira,"Traceability note for order-ledger: links source evidence across tickets, PRs, incidents, metrics, and KT artifacts so Ask AI can cite the right context."
TRACE-00025,ATLAS-3934,PR-7063,,REL-2020.1.18,pricing-engine,metric,teams,"Traceability note for pricing-engine: links source evidence across tickets, PRs, incidents, metrics, and KT artifacts so Ask AI can cite the right context."
TRACE-00026,ATLAS-4475,PR-5124,,REL-2020.02,checkout-api,support_case,pagerduty,"Traceability note for checkout-api: links source evidence across tickets, PRs, incidents, metrics, and KT artifacts so Ask AI can cite the right context."
TRACE-00027,ATLAS-3068,PR-6751,,REL-2018.3.5,search-recommendations,metric,support,"Traceability note for search-recommendations: links source evidence across tickets, PRs, incidents, metrics, and KT artifacts so Ask AI can cite the right context."
TRACE-00028,ATLAS-1091,PR-7123,,REL-2024.3.6,analytics-pipeline,metric,grafana,"Traceability note for analytics-pipeline: links source evidence across tickets, PRs, incidents, metrics, and KT artifacts so Ask AI can cite the right context."
TRACE-00029,ATLAS-3049,PR-5697,PD-2759,REL-2019.09,tax-service,business_requirement,jira,"Traceability note for tax-service: links source evidence across tickets, PRs, incidents, metrics, and KT artifacts so Ask AI can cite the right context."
TRACE-00030,ATLAS-5628,PR-6650,,REL-2023.2.12,loyalty-service,db_health,teams,"Traceability note for loyalty-service: links source evidence across tickets, PRs, incidents, metrics, and KT artifacts so Ask AI can cite the right context."
TRACE-00031,ATLAS-2369,PR-8468,,REL-2025.3.8,analytics-pipeline,risk,confluence,"Traceability note for analytics-pipeline: links source evidence across tickets, PRs, incidents, metrics, and KT artifacts so Ask AI can cite the right context."
TRACE-00032,ATLAS-5620,PR-8907,,REL-2024.1.18,search-recommendations,risk,database,"Traceability note for search-recommendations: links source evidence across tickets, PRs, incidents, metrics, and KT artifacts so Ask AI can cite the right context."
TRACE-00033,ATLAS-5024,PR-8303,PD-2306,REL-2022.1.0,payment-orchestrator,business_requirement,support,"Traceability note for payment-orchestrator: links source evidence across tickets, PRs, incidents, metrics, and KT artifacts so Ask AI can cite the right context."
TRACE-00034,ATLAS-2748,PR-6805,PD-2152,REL-2018.09,checkout-api,support_case,jira,"Traceability note for checkout-api: links source evidence across tickets, PRs, incidents, metrics, and KT artifacts so Ask AI can cite the right context."
TRACE-00035,ATLAS-4760,PR-5963,PD-2777,REL-2020.11,notification-service,support_case,pagerduty,"Traceability note for notification-service: links source evidence across tickets, PRs, incidents, metrics, and KT artifacts so Ask AI can cite the right context."
TRACE-00036,ATLAS-2280,PR-8169,,REL-2019.1.4,pricing-engine,deployment,teams,"Traceability note for pricing-engine: links source evidence across tickets, PRs, incidents, metrics, and KT artifacts so Ask AI can cite the right context."
TRACE-00037,ATLAS-1136,PR-9448,PD-2658,REL-2022.3.11,checkout-api,business_requirement,database,"Traceability note for checkout-api: links source evidence across tickets, PRs, incidents, metrics, and KT artifacts so Ask AI can cite the right context."
TRACE-00038,ATLAS-4354,PR-12046,PD-2207,REL-2023.2.15,analytics-pipeline,decision,support,"Traceability note for analytics-pipeline: links source evidence across tickets, PRs, incidents, metrics, and KT artifacts so Ask AI can cite the right context."
TRACE-00039,ATLAS-2610,PR-11643,,REL-2023.03,analytics-pipeline,deployment,teams,"Traceability note for analytics-pipeline: links source evidence across tickets, PRs, incidents, metrics, and KT artifacts so Ask AI can cite the right context."
TRACE-00040,ATLAS-4800,PR-7775,,REL-2018.09,notification-service,db_health,support,"Traceability note for notification-service: links source evidence across tickets, PRs, incidents, metrics, and KT artifacts so Ask AI can cite the right context."
TRACE-00041,ATLAS-4828,PR-9255,PD-2758,REL-2026.02,pricing-engine,runbook,pagerduty,"Traceability note for pricing-engine: links source evidence across tickets, PRs, incidents, metrics, and KT artifacts so Ask AI can cite the right context."
TRACE-00042,ATLAS-5841,PR-8096,,REL-2021.4.17,payment-orchestrator,metric,github,"Traceability note for payment-orchestrator: links source evidence across tickets, PRs, incidents, metrics, and KT artifacts so Ask AI can cite the right context."
TRACE-00043,ATLAS-2476,PR-10031,PD-2462,REL-2019.3.2,checkout-api,metric,database,"Traceability note for checkout-api: links source evidence across tickets, PRs, incidents, metrics, and KT artifacts so Ask AI can cite the right context."
TRACE-00044,ATLAS-4072,PR-9038,PD-2307,REL-2022.2.7,auth-gateway,business_requirement,support,"Traceability note for auth-gateway: links source evidence across tickets, PRs, incidents, metrics, and KT artifacts so Ask AI can cite the right context."
TRACE-00045,ATLAS-4503,PR-7073,,REL-2021.1.15,tax-service,db_health,support,"Traceability note for tax-service: links source evidence across tickets, PRs, incidents, metrics, and KT artifacts so Ask AI can cite the right context."
TRACE-00046,ATLAS-4533,PR-6214,,REL-2026.05,payment-orchestrator,business_requirement,grafana,"Traceability note for payment-orchestrator: links source evidence across tickets, PRs, incidents, metrics, and KT artifacts so Ask AI can cite the right context."
TRACE-00047,ATLAS-1095,PR-5172,,REL-2019.01,inventory-reservation,db_health,pagerduty,"Traceability note for inventory-reservation: links source evidence across tickets, PRs, incidents, metrics, and KT artifacts so Ask AI can cite the right context."
TRACE-00048,ATLAS-1185,PR-11049,,REL-2025.08,pricing-engine,risk,teams,"Traceability note for pricing-engine: links source evidence across tickets, PRs, incidents, metrics, and KT artifacts so Ask AI can cite the right context."
TRACE-00049,ATLAS-3851,PR-8031,,REL-2021.1.4,order-ledger,db_health,database,"Traceability note for order-ledger: links source evidence across tickets, PRs, incidents, metrics, and KT artifacts so Ask AI can cite the right context."
TRACE-00050,ATLAS-4526,PR-12595,PD-2023,REL-2024.1.8,pricing-engine,support_case,teams,"Traceability note for pricing-engine: links source evidence across tickets, PRs, incidents, metrics, and KT artifacts so Ask AI can cite the right context."
TRACE-00051,ATLAS-2200,PR-5899,,REL-2024.09,search-recommendations,db_health,confluence,"Traceability note for search-recommendations: links source evidence across tickets, PRs, incidents, metrics, and KT artifacts so Ask AI can cite the right context."
TRACE-00052,ATLAS-1306,PR-10732,PD-2479,REL-2024.1.9,order-ledger,decision,teams,"Traceability note for order-ledger: links source evidence across tickets, PRs, incidents, metrics, and KT artifacts so Ask AI can cite the right context."
TRACE-00053,ATLAS-1596,PR-9423,PD-2114,REL-2018.11,order-ledger,support_case,github,"Traceability note for order-ledger: links source evidence across tickets, PRs, incidents, metrics, and KT artifacts so Ask AI can cite the right context."
TRACE-00054,ATLAS-2172,PR-8141,,REL-2025.1.12,auth-gateway,business_requirement,email,"Traceability note for auth-gateway: links source evidence across tickets, PRs, incidents, metrics, and KT artifacts so Ask AI can cite the right context."
TRACE-00055,ATLAS-4576,PR-8669,,REL-2026.1.16,cart-service,decision,database,"Traceability note for cart-service: links source evidence across tickets, PRs, incidents, metrics, and KT artifacts so Ask AI can cite the right context."
TRACE-00056,ATLAS-5389,PR-6478,,REL-2022.1.6,cart-service,deployment,database,"Traceability note for cart-service: links source evidence across tickets, PRs, incidents, metrics, and KT artifacts so Ask AI can cite the right context."
TRACE-00057,ATLAS-1797,PR-9314,PD-2766,REL-2024.07,inventory-reservation,support_case,teams,"Traceability note for inventory-reservation: links source evidence across tickets, PRs, incidents, metrics, and KT artifacts so Ask AI can cite the right context."
TRACE-00058,ATLAS-2794,PR-9691,PD-2192,REL-2022.4.0,cart-service,business_requirement,github,"Traceability note for cart-service: links source evidence across tickets, PRs, incidents, metrics, and KT artifacts so Ask AI can cite the right context."
TRACE-00059,ATLAS-1292,PR-9955,PD-2439,REL-2024.10,checkout-api,support_case,jira,"Traceability note for checkout-api: links source evidence across tickets, PRs, incidents, metrics, and KT artifacts so Ask AI can cite the right context."
TRACE-00060,ATLAS-2624,PR-10706,,REL-2024.3.4,search-recommendations,support_case,database,"Traceability note for search-recommendations: links source evidence across tickets, PRs, incidents, metrics, and KT artifacts so Ask AI can cite the right context."
TRACE-00061,ATLAS-4156,PR-6922,,REL-2026.2.0,notification-service,db_health,confluence,"Traceability note for notification-service: links source evidence across tickets, PRs, incidents, metrics, and KT artifacts so Ask AI can cite the right context."
TRACE-00062,ATLAS-2517,PR-11923,,REL-2024.04,order-ledger,runbook,jira,"Traceability note for order-ledger: links source evidence across tickets, PRs, incidents, metrics, and KT artifacts so Ask AI can cite the right context."
TRACE-00063,ATLAS-4173,PR-7146,,REL-2019.2.5,inventory-reservation,support_case,github,"Traceability note for inventory-reservation: links source evidence across tickets, PRs, incidents, metrics, and KT artifacts so Ask AI can cite the right context."
TRACE-00064,ATLAS-4910,PR-9424,,REL-2020.3.5,tax-service,risk,email,"Traceability note for tax-service: links source evidence across tickets, PRs, incidents, metrics, and KT artifacts so Ask AI can cite the right context."
TRACE-00065,ATLAS-5606,PR-8565,PD-2419,REL-2026.1.6,cart-service,metric,teams,"Traceability note for cart-service: links source evidence across tickets, PRs, incidents, metrics, and KT artifacts so Ask AI can cite the right context."
TRACE-00066,ATLAS-4082,PR-5275,,REL-2025.4.4,cart-service,db_health,jira,"Traceability note for cart-service: links source evidence across tickets, PRs, incidents, metrics, and KT artifacts so Ask AI can cite the right context."
TRACE-00067,ATLAS-1429,PR-7520,,REL-2019.2.18,search-recommendations,deployment,grafana,"Traceability note for search-recommendations: links source evidence across tickets, PRs, incidents, metrics, and KT artifacts so Ask AI can cite the right context."
TRACE-00068,ATLAS-4973,PR-5701,PD-2344,REL-2021.04,pricing-engine,risk,email,"Traceability note for pricing-engine: links source evidence across tickets, PRs, incidents, metrics, and KT artifacts so Ask AI can cite the right context."
TRACE-00069,ATLAS-5898,PR-6369,PD-2671,REL-2025.2.17,notification-service,runbook,confluence,"Traceability note for notification-service: links source evidence across tickets, PRs, incidents, metrics, and KT artifacts so Ask AI can cite the right context."
TRACE-00070,ATLAS-3079,PR-10548,,REL-2022.1.6,checkout-api,business_requirement,teams,"Traceability note for checkout-api: links source evidence across tickets, PRs, incidents, metrics, and KT artifacts so Ask AI can cite the right context."
TRACE-00071,ATLAS-5889,PR-7010,,REL-2021.1.7,loyalty-service,db_health,support,"Traceability note for loyalty-service: links source evidence across tickets, PRs, incidents, metrics, and KT artifacts so Ask AI can cite the right context."
TRACE-00072,ATLAS-5593,PR-12386,,REL-2024.4.8,auth-gateway,business_requirement,pagerduty,"Traceability note for auth-gateway: links source evidence across tickets, PRs, incidents, metrics, and KT artifacts so Ask AI can cite the right context."
TRACE-00073,ATLAS-4079,PR-11979,PD-2357,REL-2023.05,payment-orchestrator,db_health,confluence,"Traceability note for payment-orchestrator: links source evidence across tickets, PRs, incidents, metrics, and KT artifacts so Ask AI can cite the right context."
TRACE-00074,ATLAS-5998,PR-10638,,REL-2020.4.15,pricing-engine,metric,support,"Traceability note for pricing-engine: links source evidence across tickets, PRs, incidents, metrics, and KT artifacts so Ask AI can cite the right context."
TRACE-00075,ATLAS-2180,PR-7200,,REL-2022.4.14,notification-service,business_requirement,support,"Traceability note for notification-service: links source evidence across tickets, PRs, incidents, metrics, and KT artifacts so Ask AI can cite the right context."
TRACE-00076,ATLAS-3535,PR-7504,PD-2572,REL-2022.1.19,search-recommendations,runbook,jira,"Traceability note for search-recommendations: links source evidence across tickets, PRs, incidents, metrics, and KT artifacts so Ask AI can cite the right context."
TRACE-00077,ATLAS-2001,PR-9296,,REL-2021.2.5,checkout-api,db_health,teams,"Traceability note for checkout-api: links source evidence across tickets, PRs, incidents, metrics, and KT artifacts so Ask AI can cite the right context."
TRACE-00078,ATLAS-1912,PR-8688,,REL-2023.2.0,inventory-reservation,risk,database,"Traceability note for inventory-reservation: links source evidence across tickets, PRs, incidents, metrics, and KT artifacts so Ask AI can cite the right context."
TRACE-00079,ATLAS-3012,PR-9917,,REL-2019.1.4,pricing-engine,db_health,pagerduty,"Traceability note for pricing-engine: links source evidence across tickets, PRs, incidents, metrics, and KT artifacts so Ask AI can cite the right context."
TRACE-00080,ATLAS-3931,PR-7094,PD-2649,REL-2018.4.7,pricing-engine,deployment,email,"Traceability note for pricing-engine: links source evidence across tickets, PRs, incidents, metrics, and KT artifacts so Ask AI can cite the right context."
TRACE-00081,ATLAS-5694,PR-9387,,REL-2021.2.4,notification-service,business_requirement,teams,"Traceability note for notification-service: links source evidence across tickets, PRs, incidents, metrics, and KT artifacts so Ask AI can cite the right context."
TRACE-00082,ATLAS-6074,PR-5039,,REL-2022.08,analytics-pipeline,business_requirement,teams,"Traceability note for analytics-pipeline: links source evidence across tickets, PRs, incidents, metrics, and KT artifacts so Ask AI can cite the right context."
TRACE-00083,ATLAS-1118,PR-8221,PD-2747,REL-2025.4.11,inventory-reservation,risk,email,"Traceability note for inventory-reservation: links source evidence across tickets, PRs, incidents, metrics, and KT artifacts so Ask AI can cite the right context."
TRACE-00084,ATLAS-5718,PR-5479,,REL-2022.4.10,cart-service,runbook,confluence,"Traceability note for cart-service: links source evidence across tickets, PRs, incidents, metrics, and KT artifacts so Ask AI can cite the right context."
TRACE-00085,ATLAS-1235,PR-6475,,REL-2024.4.9,notification-service,decision,email,"Traceability note for notification-service: links source evidence across tickets, PRs, incidents, metrics, and KT artifacts so Ask AI can cite the right context."
TRACE-00086,ATLAS-3967,PR-5334,PD-2776,REL-2020.12,pricing-engine,business_requirement,confluence,"Traceability note for pricing-engine: links source evidence across tickets, PRs, incidents, metrics, and KT artifacts so Ask AI can cite the right context."
TRACE-00087,ATLAS-6111,PR-10146,,REL-2020.1.11,inventory-reservation,risk,github,"Traceability note for inventory-reservation: links source evidence across tickets, PRs, incidents, metrics, and KT artifacts so Ask AI can cite the right context."
TRACE-00088,ATLAS-5630,PR-6667,,REL-2025.02,inventory-reservation,support_case,confluence,"Traceability note for inventory-reservation: links source evidence across tickets, PRs, incidents, metrics, and KT artifacts so Ask AI can cite the right context."
TRACE-00089,ATLAS-2798,PR-12576,,REL-2020.2.8,cart-service,deployment,email,"Traceability note for cart-service: links source evidence across tickets, PRs, incidents, metrics, and KT artifacts so Ask AI can cite the right context."
TRACE-00090,ATLAS-6009,PR-6442,,REL-2025.10,inventory-reservation,business_requirement,email,"Traceability note for inventory-reservation: links source evidence across tickets, PRs, incidents, metrics, and KT artifacts so Ask AI can cite the right context."
TRACE-00091,ATLAS-2050,PR-8491,,REL-2020.4.2,notification-service,support_case,support,"Traceability note for notification-service: links source evidence across tickets, PRs, incidents, metrics, and KT artifacts so Ask AI can cite the right context."
TRACE-00092,ATLAS-5835,PR-9177,PD-2765,REL-2025.1.9,checkout-api,business_requirement,confluence,"Traceability note for checkout-api: links source evidence across tickets, PRs, incidents, metrics, and KT artifacts so Ask AI can cite the right context."
TRACE-00093,ATLAS-2594,PR-11088,,REL-2025.3.2,auth-gateway,business_requirement,teams,"Traceability note for auth-gateway: links source evidence across tickets, PRs, incidents, metrics, and KT artifacts so Ask AI can cite the right context."
TRACE-00094,ATLAS-3736,PR-12133,,REL-2024.3.17,cart-service,business_requirement,github,"Traceability note for cart-service: links source evidence across tickets, PRs, incidents, metrics, and KT artifacts so Ask AI can cite the right context."
TRACE-00095,ATLAS-5149,PR-8632,,REL-2022.03,inventory-reservation,support_case,github,"Traceability note for inventory-reservation: links source evidence across tickets, PRs, incidents, metrics, and KT artifacts so Ask AI can cite the right context."
TRACE-00096,ATLAS-3854,PR-10673,,REL-2024.05,order-ledger,runbook,database,"Traceability note for order-ledger: links source evidence across tickets, PRs, incidents, metrics, and KT artifacts so Ask AI can cite the right context."
TRACE-00097,ATLAS-5802,PR-5846,,REL-2025.3.8,tax-service,decision,pagerduty,"Traceability note for tax-service: links source evidence across tickets, PRs, incidents, metrics, and KT artifacts so Ask AI can cite the right context."
TRACE-00098,ATLAS-4774,PR-10881,PD-2433,REL-2019.1.19,checkout-api,decision,support,"Traceability note for checkout-api: links source evidence across tickets, PRs, incidents, metrics, and KT artifacts so Ask AI can cite the right context."
TRACE-00099,ATLAS-5796,PR-6160,PD-2627,REL-2025.2.7,tax-service,business_requirement,database,"Traceability note for tax-service: links source evidence across tickets, PRs, incidents, metrics, and KT artifacts so Ask AI can cite the right context."
TRACE-00100,ATLAS-5987,PR-7303,,REL-2020.1.4,pricing-engine,deployment,grafana,"Traceability note for pricing-engine: links source evidence across tickets, PRs, incidents, metrics, and KT artifacts so Ask AI can cite the right context."
TRACE-00101,ATLAS-4886,PR-9533,PD-2765,REL-2019.2.8,notification-service,support_case,support,"Traceability note for notification-service: links source evidence across tickets, PRs, incidents, metrics, and KT artifacts so Ask AI can cite the right context."
TRACE-00102,ATLAS-1031,PR-8462,PD-2102,REL-2018.4.5,loyalty-service,metric,email,"Traceability note for loyalty-service: links source evidence across tickets, PRs, incidents, metrics, and KT artifacts so Ask AI can cite the right context."
TRACE-00103,ATLAS-1331,PR-8447,PD-2052,REL-2023.2.2,pricing-engine,risk,github,"Traceability note for pricing-engine: links source evidence across tickets, PRs, incidents, metrics, and KT artifacts so Ask AI can cite the right context."
TRACE-00104,ATLAS-4450,PR-8090,,REL-2025.3.2,cart-service,db_health,jira,"Traceability note for cart-service: links source evidence across tickets, PRs, incidents, metrics, and KT artifacts so Ask AI can cite the right context."
TRACE-00105,ATLAS-4505,PR-9313,PD-2548,REL-2025.2.18,tax-service,support_case,teams,"Traceability note for tax-service: links source evidence across tickets, PRs, incidents, metrics, and KT artifacts so Ask AI can cite the right context."
TRACE-00106,ATLAS-6074,PR-11033,,REL-2025.2.5,search-recommendations,decision,database,"Traceability note for search-recommendations: links source evidence across tickets, PRs, incidents, metrics, and KT artifacts so Ask AI can cite the right context."
TRACE-00107,ATLAS-4204,PR-5124,,REL-2021.04,auth-gateway,risk,support,"Traceability note for auth-gateway: links source evidence across tickets, PRs, incidents, metrics, and KT artifacts so Ask AI can cite the right context."
TRACE-00108,ATLAS-4178,PR-5939,PD-2829,REL-2024.4.2,auth-gateway,metric,jira,"Traceability note for auth-gateway: links source evidence across tickets, PRs, incidents, metrics, and KT artifacts so Ask AI can cite the right context."
TRACE-00109,ATLAS-5016,PR-6216,,REL-2023.01,loyalty-service,deployment,database,"Traceability note for loyalty-service: links source evidence across tickets, PRs, incidents, metrics, and KT artifacts so Ask AI can cite the right context."
TRACE-00110,ATLAS-1340,PR-9583,PD-2500,REL-2024.2.10,payment-orchestrator,decision,pagerduty,"Traceability note for payment-orchestrator: links source evidence across tickets, PRs, incidents, metrics, and KT artifacts so Ask AI can cite the right context."
TRACE-00111,ATLAS-2935,PR-9193,PD-2699,REL-2025.09,search-recommendations,decision,github,"Traceability note for search-recommendations: links source evidence across tickets, PRs, incidents, metrics, and KT artifacts so Ask AI can cite the right context."
TRACE-00112,ATLAS-4657,PR-5275,,REL-2024.06,checkout-api,risk,email,"Traceability note for checkout-api: links source evidence across tickets, PRs, incidents, metrics, and KT artifacts so Ask AI can cite the right context."
TRACE-00113,ATLAS-1095,PR-6601,PD-2336,REL-2023.3.16,payment-orchestrator,runbook,pagerduty,"Traceability note for payment-orchestrator: links source evidence across tickets, PRs, incidents, metrics, and KT artifacts so Ask AI can cite the right context."
TRACE-00114,ATLAS-3909,PR-7753,,REL-2024.07,auth-gateway,metric,pagerduty,"Traceability note for auth-gateway: links source evidence across tickets, PRs, incidents, metrics, and KT artifacts so Ask AI can cite the right context."
TRACE-00115,ATLAS-3645,PR-6683,PD-2307,REL-2018.06,notification-service,runbook,teams,"Traceability note for notification-service: links source evidence across tickets, PRs, incidents, metrics, and KT artifacts so Ask AI can cite the right context."
TRACE-00116,ATLAS-2202,PR-5837,PD-2846,REL-2019.3.2,pricing-engine,decision,pagerduty,"Traceability note for pricing-engine: links source evidence across tickets, PRs, incidents, metrics, and KT artifacts so Ask AI can cite the right context."
TRACE-00117,ATLAS-1530,PR-7138,,REL-2021.3.10,pricing-engine,metric,github,"Traceability note for pricing-engine: links source evidence across tickets, PRs, incidents, metrics, and KT artifacts so Ask AI can cite the right context."
TRACE-00118,ATLAS-2416,PR-5239,PD-2096,REL-2022.2.8,tax-service,support_case,jira,"Traceability note for tax-service: links source evidence across tickets, PRs, incidents, metrics, and KT artifacts so Ask AI can cite the right context."
TRACE-00119,ATLAS-3610,PR-9819,PD-2595,REL-2023.2.4,checkout-api,risk,jira,"Traceability note for checkout-api: links source evidence across tickets, PRs, incidents, metrics, and KT artifacts so Ask AI can cite the right context."
TRACE-00120,ATLAS-4190,PR-12094,,REL-2024.4.18,search-recommendations,business_requirement,grafana,"Traceability note for search-recommendations: links source evidence across tickets, PRs, incidents, metrics, and KT artifacts so Ask AI can cite the right context."
TRACE-00121,ATLAS-5958,PR-8033,,REL-2025.1.9,inventory-reservation,decision,confluence,"Traceability note for inventory-reservation: links source evidence across tickets, PRs, incidents, metrics, and KT artifacts so Ask AI can cite the right context."
TRACE-00122,ATLAS-3185,PR-5116,,REL-2021.1.12,search-recommendations,risk,database,"Traceability note for search-recommendations: links source evidence across tickets, PRs, incidents, metrics, and KT artifacts so Ask AI can cite the right context."
TRACE-00123,ATLAS-1144,PR-11411,,REL-2025.3.2,loyalty-service,decision,email,"Traceability note for loyalty-service: links source evidence across tickets, PRs, incidents, metrics, and KT artifacts so Ask AI can cite the right context."
TRACE-00124,ATLAS-2290,PR-9763,PD-2404,REL-2020.4.8,search-recommendations,business_requirement,github,"Traceability note for search-recommendations: links source evidence across tickets, PRs, incidents, metrics, and KT artifacts so Ask AI can cite the right context."
TRACE-00125,ATLAS-2133,PR-6612,,REL-2023.2.15,inventory-reservation,db_health,pagerduty,"Traceability note for inventory-reservation: links source evidence across tickets, PRs, incidents, metrics, and KT artifacts so Ask AI can cite the right context."
TRACE-00126,ATLAS-5282,PR-5984,PD-2631,REL-2021.09,checkout-api,decision,email,"Traceability note for checkout-api: links source evidence across tickets, PRs, incidents, metrics, and KT artifacts so Ask AI can cite the right context."
TRACE-00127,ATLAS-4105,PR-10553,,REL-2024.4.9,inventory-reservation,risk,support,"Traceability note for inventory-reservation: links source evidence across tickets, PRs, incidents, metrics, and KT artifacts so Ask AI can cite the right context."
TRACE-00128,ATLAS-1111,PR-9633,PD-2343,REL-2022.08,notification-service,support_case,github,"Traceability note for notification-service: links source evidence across tickets, PRs, incidents, metrics, and KT artifacts so Ask AI can cite the right context."
TRACE-00129,ATLAS-3737,PR-8820,PD-2374,REL-2023.1.3,cart-service,metric,jira,"Traceability note for cart-service: links source evidence across tickets, PRs, incidents, metrics, and KT artifacts so Ask AI can cite the right context."
TRACE-00130,ATLAS-2921,PR-5731,,REL-2023.3.1,search-recommendations,business_requirement,confluence,"Traceability note for search-recommendations: links source evidence across tickets, PRs, incidents, metrics, and KT artifacts so Ask AI can cite the right context."
TRACE-00131,ATLAS-4461,PR-11729,PD-2891,REL-2021.01,tax-service,runbook,email,"Traceability note for tax-service: links source evidence across tickets, PRs, incidents, metrics, and KT artifacts so Ask AI can cite the right context."
TRACE-00132,ATLAS-1087,PR-5121,,REL-2018.07,checkout-api,runbook,confluence,"Traceability note for checkout-api: links source evidence across tickets, PRs, incidents, metrics, and KT artifacts so Ask AI can cite the right context."
TRACE-00133,ATLAS-5463,PR-6380,,REL-2019.4.15,checkout-api,business_requirement,support,"Traceability note for checkout-api: links source evidence across tickets, PRs, incidents, metrics, and KT artifacts so Ask AI can cite the right context."
TRACE-00134,ATLAS-6128,PR-11804,,REL-2024.1.5,analytics-pipeline,risk,database,"Traceability note for analytics-pipeline: links source evidence across tickets, PRs, incidents, metrics, and KT artifacts so Ask AI can cite the right context."
TRACE-00135,ATLAS-4804,PR-9525,PD-2475,REL-2018.08,cart-service,support_case,database,"Traceability note for cart-service: links source evidence across tickets, PRs, incidents, metrics, and KT artifacts so Ask AI can cite the right context."
TRACE-00136,ATLAS-3981,PR-11260,PD-2151,REL-2024.11,search-recommendations,business_requirement,database,"Traceability note for search-recommendations: links source evidence across tickets, PRs, incidents, metrics, and KT artifacts so Ask AI can cite the right context."
TRACE-00137,ATLAS-4012,PR-8358,,REL-2025.3.11,loyalty-service,support_case,github,"Traceability note for loyalty-service: links source evidence across tickets, PRs, incidents, metrics, and KT artifacts so Ask AI can cite the right context."
TRACE-00138,ATLAS-4160,PR-6913,,REL-2023.3.16,notification-service,decision,pagerduty,"Traceability note for notification-service: links source evidence across tickets, PRs, incidents, metrics, and KT artifacts so Ask AI can cite the right context."
TRACE-00139,ATLAS-1989,PR-8489,,REL-2022.3.4,notification-service,deployment,jira,"Traceability note for notification-service: links source evidence across tickets, PRs, incidents, metrics, and KT artifacts so Ask AI can cite the right context."
TRACE-00140,ATLAS-3604,PR-9367,,REL-2024.1.2,payment-orchestrator,business_requirement,email,"Traceability note for payment-orchestrator: links source evidence across tickets, PRs, incidents, metrics, and KT artifacts so Ask AI can cite the right context."
TRACE-00141,ATLAS-4857,PR-5870,PD-2695,REL-2018.3.14,inventory-reservation,decision,pagerduty,"Traceability note for inventory-reservation: links source evidence across tickets, PRs, incidents, metrics, and KT artifacts so Ask AI can cite the right context."
TRACE-00142,ATLAS-1681,PR-7743,,REL-2024.07,search-recommendations,metric,github,"Traceability note for search-recommendations: links source evidence across tickets, PRs, incidents, metrics, and KT artifacts so Ask AI can cite the right context."
TRACE-00143,ATLAS-1475,PR-8731,PD-2670,REL-2021.4.16,notification-service,runbook,grafana,"Traceability note for notification-service: links source evidence across tickets, PRs, incidents, metrics, and KT artifacts so Ask AI can cite the right context."
TRACE-00144,ATLAS-1531,PR-12142,,REL-2020.02,pricing-engine,db_health,email,"Traceability note for pricing-engine: links source evidence across tickets, PRs, incidents, metrics, and KT artifacts so Ask AI can cite the right context."
TRACE-00145,ATLAS-5921,PR-8518,,REL-2023.3.12,pricing-engine,decision,teams,"Traceability note for pricing-engine: links source evidence across tickets, PRs, incidents, metrics, and KT artifacts so Ask AI can cite the right context."
TRACE-00146,ATLAS-1094,PR-7957,,REL-2020.3.10,tax-service,runbook,teams,"Traceability note for tax-service: links source evidence across tickets, PRs, incidents, metrics, and KT artifacts so Ask AI can cite the right context."
TRACE-00147,ATLAS-2307,PR-9430,PD-2411,REL-2022.12,cart-service,risk,grafana,"Traceability note for cart-service: links source evidence across tickets, PRs, incidents, metrics, and KT artifacts so Ask AI can cite the right context."
TRACE-00148,ATLAS-4557,PR-6508,,REL-2018.4.6,checkout-api,business_requirement,jira,"Traceability note for checkout-api: links source evidence across tickets, PRs, incidents, metrics, and KT artifacts so Ask AI can cite the right context."
TRACE-00149,ATLAS-1004,PR-6206,,REL-2026.05,payment-orchestrator,support_case,pagerduty,"Traceability note for payment-orchestrator: links source evidence across tickets, PRs, incidents, metrics, and KT artifacts so Ask AI can cite the right context."
TRACE-00150,ATLAS-2130,PR-10842,,REL-2022.4.2,order-ledger,runbook,teams,"Traceability note for order-ledger: links source evidence across tickets, PRs, incidents, metrics, and KT artifacts so Ask AI can cite the right context."
TRACE-00151,ATLAS-1059,PR-9067,,REL-2019.2.15,checkout-api,support_case,jira,"Traceability note for checkout-api: links source evidence across tickets, PRs, incidents, metrics, and KT artifacts so Ask AI can cite the right context."
TRACE-00152,ATLAS-2872,PR-8155,PD-2813,REL-2025.08,notification-service,db_health,jira,"Traceability note for notification-service: links source evidence across tickets, PRs, incidents, metrics, and KT artifacts so Ask AI can cite the right context."
TRACE-00153,ATLAS-6163,PR-8447,PD-2173,REL-2021.09,cart-service,runbook,email,"Traceability note for cart-service: links source evidence across tickets, PRs, incidents, metrics, and KT artifacts so Ask AI can cite the right context."
TRACE-00154,ATLAS-3752,PR-6055,,REL-2025.1.16,order-ledger,decision,teams,"Traceability note for order-ledger: links source evidence across tickets, PRs, incidents, metrics, and KT artifacts so Ask AI can cite the right context."
TRACE-00155,ATLAS-1896,PR-9483,PD-2559,REL-2021.10,checkout-api,support_case,support,"Traceability note for checkout-api: links source evidence across tickets, PRs, incidents, metrics, and KT artifacts so Ask AI can cite the right context."
TRACE-00156,ATLAS-5658,PR-10367,PD-2496,REL-2018.3.17,order-ledger,business_requirement,pagerduty,"Traceability note for order-ledger: links source evidence across tickets, PRs, incidents, metrics, and KT artifacts so Ask AI can cite the right context."
TRACE-00157,ATLAS-3641,PR-12407,,REL-2025.4.2,loyalty-service,runbook,database,"Traceability note for loyalty-service: links source evidence across tickets, PRs, incidents, metrics, and KT artifacts so Ask AI can cite the right context."
TRACE-00158,ATLAS-4182,PR-8560,PD-2269,REL-2019.2.19,tax-service,support_case,github,"Traceability note for tax-service: links source evidence across tickets, PRs, incidents, metrics, and KT artifacts so Ask AI can cite the right context."
TRACE-00159,ATLAS-1234,PR-6650,PD-2490,REL-2021.1.7,order-ledger,business_requirement,teams,"Traceability note for order-ledger: links source evidence across tickets, PRs, incidents, metrics, and KT artifacts so Ask AI can cite the right context."
TRACE-00160,ATLAS-3164,PR-7490,PD-2500,REL-2023.1.19,checkout-api,decision,grafana,"Traceability note for checkout-api: links source evidence across tickets, PRs, incidents, metrics, and KT artifacts so Ask AI can cite the right context."
TRACE-00161,ATLAS-5047,PR-6973,PD-2810,REL-2026.1.9,payment-orchestrator,deployment,pagerduty,"Traceability note for payment-orchestrator: links source evidence across tickets, PRs, incidents, metrics, and KT artifacts so Ask AI can cite the right context."
TRACE-00162,ATLAS-2020,PR-10748,PD-2202,REL-2021.4.9,order-ledger,business_requirement,teams,"Traceability note for order-ledger: links source evidence across tickets, PRs, incidents, metrics, and KT artifacts so Ask AI can cite the right context."
TRACE-00163,ATLAS-3576,PR-6100,,REL-2024.4.8,notification-service,runbook,pagerduty,"Traceability note for notification-service: links source evidence across tickets, PRs, incidents, metrics, and KT artifacts so Ask AI can cite the right context."
TRACE-00164,ATLAS-5080,PR-11919,,REL-2019.07,loyalty-service,runbook,grafana,"Traceability note for loyalty-service: links source evidence across tickets, PRs, incidents, metrics, and KT artifacts so Ask AI can cite the right context."
TRACE-00165,ATLAS-4379,PR-5889,PD-2674,REL-2022.07,analytics-pipeline,decision,jira,"Traceability note for analytics-pipeline: links source evidence across tickets, PRs, incidents, metrics, and KT artifacts so Ask AI can cite the right context."
TRACE-00166,ATLAS-6090,PR-8215,,REL-2022.1.5,pricing-engine,business_requirement,support,"Traceability note for pricing-engine: links source evidence across tickets, PRs, incidents, metrics, and KT artifacts so Ask AI can cite the right context."
TRACE-00167,ATLAS-5112,PR-9210,,REL-2021.02,auth-gateway,runbook,email,"Traceability note for auth-gateway: links source evidence across tickets, PRs, incidents, metrics, and KT artifacts so Ask AI can cite the right context."
TRACE-00168,ATLAS-4645,PR-8767,PD-2280,REL-2020.3.19,inventory-reservation,db_health,grafana,"Traceability note for inventory-reservation: links source evidence across tickets, PRs, incidents, metrics, and KT artifacts so Ask AI can cite the right context."
TRACE-00169,ATLAS-4971,PR-12549,,REL-2019.09,auth-gateway,support_case,support,"Traceability note for auth-gateway: links source evidence across tickets, PRs, incidents, metrics, and KT artifacts so Ask AI can cite the right context."
TRACE-00170,ATLAS-2753,PR-10861,,REL-2022.1.15,search-recommendations,runbook,teams,"Traceability note for search-recommendations: links source evidence across tickets, PRs, incidents, metrics, and KT artifacts so Ask AI can cite the right context."
TRACE-00171,ATLAS-2683,PR-6654,,REL-2026.1.6,inventory-reservation,runbook,grafana,"Traceability note for inventory-reservation: links source evidence across tickets, PRs, incidents, metrics, and KT artifacts so Ask AI can cite the right context."
TRACE-00172,ATLAS-2895,PR-8265,,REL-2022.1.6,analytics-pipeline,runbook,jira,"Traceability note for analytics-pipeline: links source evidence across tickets, PRs, incidents, metrics, and KT artifacts so Ask AI can cite the right context."
TRACE-00173,ATLAS-2146,PR-7458,,REL-2025.12,payment-orchestrator,db_health,database,"Traceability note for payment-orchestrator: links source evidence across tickets, PRs, incidents, metrics, and KT artifacts so Ask AI can cite the right context."
TRACE-00174,ATLAS-4056,PR-8115,PD-2876,REL-2019.3.9,loyalty-service,metric,database,"Traceability note for loyalty-service: links source evidence across tickets, PRs, incidents, metrics, and KT artifacts so Ask AI can cite the right context."
TRACE-00175,ATLAS-2263,PR-5402,PD-2583,REL-2022.4.10,checkout-api,business_requirement,github,"Traceability note for checkout-api: links source evidence across tickets, PRs, incidents, metrics, and KT artifacts so Ask AI can cite the right context."
TRACE-00176,ATLAS-1377,PR-8572,,REL-2024.09,analytics-pipeline,risk,email,"Traceability note for analytics-pipeline: links source evidence across tickets, PRs, incidents, metrics, and KT artifacts so Ask AI can cite the right context."
TRACE-00177,ATLAS-3390,PR-9883,PD-2772,REL-2020.12,checkout-api,risk,github,"Traceability note for checkout-api: links source evidence across tickets, PRs, incidents, metrics, and KT artifacts so Ask AI can cite the right context."
TRACE-00178,ATLAS-5683,PR-5467,,REL-2026.2.0,tax-service,decision,email,"Traceability note for tax-service: links source evidence across tickets, PRs, incidents, metrics, and KT artifacts so Ask AI can cite the right context."
TRACE-00179,ATLAS-1351,PR-11234,,REL-2019.10,inventory-reservation,db_health,email,"Traceability note for inventory-reservation: links source evidence across tickets, PRs, incidents, metrics, and KT artifacts so Ask AI can cite the right context."
TRACE-00180,ATLAS-5148,PR-6076,,REL-2019.1.6,loyalty-service,runbook,pagerduty,"Traceability note for loyalty-service: links source evidence across tickets, PRs, incidents, metrics, and KT artifacts so Ask AI can cite the right context."
TRACE-00181,ATLAS-5444,PR-7031,PD-2257,REL-2021.4.19,checkout-api,support_case,email,"Traceability note for checkout-api: links source evidence across tickets, PRs, incidents, metrics, and KT artifacts so Ask AI can cite the right context."
TRACE-00182,ATLAS-5705,PR-9635,,REL-2021.4.12,cart-service,db_health,jira,"Traceability note for cart-service: links source evidence across tickets, PRs, incidents, metrics, and KT artifacts so Ask AI can cite the right context."
TRACE-00183,ATLAS-2914,PR-9153,,REL-2020.3.14,analytics-pipeline,runbook,support,"Traceability note for analytics-pipeline: links source evidence across tickets, PRs, incidents, metrics, and KT artifacts so Ask AI can cite the right context."
TRACE-00184,ATLAS-5295,PR-5815,,REL-2021.01,payment-orchestrator,metric,pagerduty,"Traceability note for payment-orchestrator: links source evidence across tickets, PRs, incidents, metrics, and KT artifacts so Ask AI can cite the right context."
TRACE-00185,ATLAS-3350,PR-8100,,REL-2020.11,notification-service,metric,pagerduty,"Traceability note for notification-service: links source evidence across tickets, PRs, incidents, metrics, and KT artifacts so Ask AI can cite the right context."
TRACE-00186,ATLAS-1732,PR-7772,PD-2640,REL-2018.09,cart-service,db_health,email,"Traceability note for cart-service: links source evidence across tickets, PRs, incidents, metrics, and KT artifacts so Ask AI can cite the right context."
TRACE-00187,ATLAS-2981,PR-11435,,REL-2020.08,pricing-engine,metric,confluence,"Traceability note for pricing-engine: links source evidence across tickets, PRs, incidents, metrics, and KT artifacts so Ask AI can cite the right context."
TRACE-00188,ATLAS-2270,PR-8525,,REL-2025.09,search-recommendations,decision,database,"Traceability note for search-recommendations: links source evidence across tickets, PRs, incidents, metrics, and KT artifacts so Ask AI can cite the right context."
TRACE-00189,ATLAS-3661,PR-8686,,REL-2019.3.0,cart-service,deployment,github,"Traceability note for cart-service: links source evidence across tickets, PRs, incidents, metrics, and KT artifacts so Ask AI can cite the right context."
TRACE-00190,ATLAS-3552,PR-5239,,REL-2018.09,tax-service,runbook,database,"Traceability note for tax-service: links source evidence across tickets, PRs, incidents, metrics, and KT artifacts so Ask AI can cite the right context."
TRACE-00191,ATLAS-2624,PR-12497,,REL-2022.1.0,notification-service,decision,confluence,"Traceability note for notification-service: links source evidence across tickets, PRs, incidents, metrics, and KT artifacts so Ask AI can cite the right context."
TRACE-00192,ATLAS-5619,PR-9755,PD-2705,REL-2023.2.2,loyalty-service,db_health,support,"Traceability note for loyalty-service: links source evidence across tickets, PRs, incidents, metrics, and KT artifacts so Ask AI can cite the right context."
TRACE-00193,ATLAS-4806,PR-9835,,REL-2024.4.7,inventory-reservation,runbook,database,"Traceability note for inventory-reservation: links source evidence across tickets, PRs, incidents, metrics, and KT artifacts so Ask AI can cite the right context."
TRACE-00194,ATLAS-4370,PR-6369,,REL-2021.1.10,auth-gateway,db_health,confluence,"Traceability note for auth-gateway: links source evidence across tickets, PRs, incidents, metrics, and KT artifacts so Ask AI can cite the right context."
TRACE-00195,ATLAS-2163,PR-5780,PD-2640,REL-2024.1.8,loyalty-service,deployment,database,"Traceability note for loyalty-service: links source evidence across tickets, PRs, incidents, metrics, and KT artifacts so Ask AI can cite the right context."
TRACE-00196,ATLAS-5883,PR-8763,PD-2658,REL-2024.1.8,pricing-engine,business_requirement,confluence,"Traceability note for pricing-engine: links source evidence across tickets, PRs, incidents, metrics, and KT artifacts so Ask AI can cite the right context."
TRACE-00197,ATLAS-2732,PR-5811,,REL-2023.2.17,checkout-api,metric,pagerduty,"Traceability note for checkout-api: links source evidence across tickets, PRs, incidents, metrics, and KT artifacts so Ask AI can cite the right context."
TRACE-00198,ATLAS-3569,PR-8891,PD-2598,REL-2019.2.19,loyalty-service,decision,email,"Traceability note for loyalty-service: links source evidence across tickets, PRs, incidents, metrics, and KT artifacts so Ask AI can cite the right context."
TRACE-00199,ATLAS-4112,PR-7858,,REL-2018.3.11,analytics-pipeline,business_requirement,grafana,"Traceability note for analytics-pipeline: links source evidence across tickets, PRs, incidents, metrics, and KT artifacts so Ask AI can cite the right context."
TRACE-00200,ATLAS-6050,PR-6946,,REL-2019.06,auth-gateway,metric,jira,"Traceability note for auth-gateway: links source evidence across tickets, PRs, incidents, metrics, and KT artifacts so Ask AI can cite the right context."
TRACE-00201,ATLAS-3294,PR-9770,,REL-2022.3.10,checkout-api,runbook,github,"Traceability note for checkout-api: links source evidence across tickets, PRs, incidents, metrics, and KT artifacts so Ask AI can cite the right context."
TRACE-00202,ATLAS-2450,PR-5136,,REL-2019.11,loyalty-service,support_case,confluence,"Traceability note for loyalty-service: links source evidence across tickets, PRs, incidents, metrics, and KT artifacts so Ask AI can cite the right context."
TRACE-00203,ATLAS-3714,PR-5604,,REL-2018.12,notification-service,metric,database,"Traceability note for notification-service: links source evidence across tickets, PRs, incidents, metrics, and KT artifacts so Ask AI can cite the right context."
TRACE-00204,ATLAS-3425,PR-7306,PD-2061,REL-2019.2.17,checkout-api,support_case,support,"Traceability note for checkout-api: links source evidence across tickets, PRs, incidents, metrics, and KT artifacts so Ask AI can cite the right context."
TRACE-00205,ATLAS-1214,PR-9992,,REL-2021.12,auth-gateway,business_requirement,pagerduty,"Traceability note for auth-gateway: links source evidence across tickets, PRs, incidents, metrics, and KT artifacts so Ask AI can cite the right context."
TRACE-00206,ATLAS-3255,PR-9913,,REL-2021.2.1,notification-service,runbook,jira,"Traceability note for notification-service: links source evidence across tickets, PRs, incidents, metrics, and KT artifacts so Ask AI can cite the right context."
TRACE-00207,ATLAS-4360,PR-6562,PD-2470,REL-2019.2.9,loyalty-service,business_requirement,pagerduty,"Traceability note for loyalty-service: links source evidence across tickets, PRs, incidents, metrics, and KT artifacts so Ask AI can cite the right context."
TRACE-00208,ATLAS-3445,PR-11057,,REL-2019.1.14,loyalty-service,decision,jira,"Traceability note for loyalty-service: links source evidence across tickets, PRs, incidents, metrics, and KT artifacts so Ask AI can cite the right context."
TRACE-00209,ATLAS-4216,PR-6640,,REL-2025.01,notification-service,metric,jira,"Traceability note for notification-service: links source evidence across tickets, PRs, incidents, metrics, and KT artifacts so Ask AI can cite the right context."
TRACE-00210,ATLAS-1675,PR-5386,,REL-2022.4.19,cart-service,deployment,confluence,"Traceability note for cart-service: links source evidence across tickets, PRs, incidents, metrics, and KT artifacts so Ask AI can cite the right context."
TRACE-00211,ATLAS-4296,PR-6463,,REL-2024.03,order-ledger,business_requirement,email,"Traceability note for order-ledger: links source evidence across tickets, PRs, incidents, metrics, and KT artifacts so Ask AI can cite the right context."
TRACE-00212,ATLAS-2696,PR-5080,,REL-2023.12,payment-orchestrator,deployment,pagerduty,"Traceability note for payment-orchestrator: links source evidence across tickets, PRs, incidents, metrics, and KT artifacts so Ask AI can cite the right context."
TRACE-00213,ATLAS-1452,PR-6672,,REL-2025.1.8,inventory-reservation,support_case,grafana,"Traceability note for inventory-reservation: links source evidence across tickets, PRs, incidents, metrics, and KT artifacts so Ask AI can cite the right context."
TRACE-00214,ATLAS-1270,PR-5518,PD-2469,REL-2020.10,pricing-engine,risk,grafana,"Traceability note for pricing-engine: links source evidence across tickets, PRs, incidents, metrics, and KT artifacts so Ask AI can cite the right context."
TRACE-00215,ATLAS-2998,PR-9714,PD-2079,REL-2024.4.18,order-ledger,business_requirement,jira,"Traceability note for order-ledger: links source evidence across tickets, PRs, incidents, metrics, and KT artifacts so Ask AI can cite the right context."
TRACE-00216,ATLAS-4182,PR-5255,PD-2395,REL-2022.1.17,order-ledger,runbook,support,"Traceability note for order-ledger: links source evidence across tickets, PRs, incidents, metrics, and KT artifacts so Ask AI can cite the right context."
TRACE-00217,ATLAS-3435,PR-10183,,REL-2023.06,inventory-reservation,business_requirement,grafana,"Traceability note for inventory-reservation: links source evidence across tickets, PRs, incidents, metrics, and KT artifacts so Ask AI can cite the right context."
TRACE-00218,ATLAS-2841,PR-5699,,REL-2025.07,pricing-engine,db_health,teams,"Traceability note for pricing-engine: links source evidence across tickets, PRs, incidents, metrics, and KT artifacts so Ask AI can cite the right context."
TRACE-00219,ATLAS-4292,PR-8444,,REL-2023.10,order-ledger,metric,jira,"Traceability note for order-ledger: links source evidence across tickets, PRs, incidents, metrics, and KT artifacts so Ask AI can cite the right context."
TRACE-00220,ATLAS-5835,PR-7290,PD-2321,REL-2019.05,analytics-pipeline,deployment,database,"Traceability note for analytics-pipeline: links source evidence across tickets, PRs, incidents, metrics, and KT artifacts so Ask AI can cite the right context."
TRACE-00221,ATLAS-4332,PR-5134,PD-2149,REL-2018.3.14,cart-service,support_case,pagerduty,"Traceability note for cart-service: links source evidence across tickets, PRs, incidents, metrics, and KT artifacts so Ask AI can cite the right context."
TRACE-00222,ATLAS-2098,PR-8319,PD-2844,REL-2025.3.2,cart-service,metric,grafana,"Traceability note for cart-service: links source evidence across tickets, PRs, incidents, metrics, and KT artifacts so Ask AI can cite the right context."
TRACE-00223,ATLAS-3119,PR-6175,,REL-2024.10,tax-service,business_requirement,database,"Traceability note for tax-service: links source evidence across tickets, PRs, incidents, metrics, and KT artifacts so Ask AI can cite the right context."
TRACE-00224,ATLAS-1713,PR-10117,,REL-2019.2.0,auth-gateway,metric,jira,"Traceability note for auth-gateway: links source evidence across tickets, PRs, incidents, metrics, and KT artifacts so Ask AI can cite the right context."
TRACE-00225,ATLAS-2270,PR-6306,,REL-2025.02,payment-orchestrator,runbook,confluence,"Traceability note for payment-orchestrator: links source evidence across tickets, PRs, incidents, metrics, and KT artifacts so Ask AI can cite the right context."
TRACE-00226,ATLAS-3546,PR-6975,PD-2195,REL-2021.2.5,pricing-engine,deployment,support,"Traceability note for pricing-engine: links source evidence across tickets, PRs, incidents, metrics, and KT artifacts so Ask AI can cite the right context."
TRACE-00227,ATLAS-4650,PR-8315,,REL-2023.2.12,tax-service,risk,grafana,"Traceability note for tax-service: links source evidence across tickets, PRs, incidents, metrics, and KT artifacts so Ask AI can cite the right context."
TRACE-00228,ATLAS-5441,PR-6377,,REL-2022.1.15,checkout-api,support_case,confluence,"Traceability note for checkout-api: links source evidence across tickets, PRs, incidents, metrics, and KT artifacts so Ask AI can cite the right context."
TRACE-00229,ATLAS-1920,PR-7156,,REL-2020.2.18,pricing-engine,db_health,jira,"Traceability note for pricing-engine: links source evidence across tickets, PRs, incidents, metrics, and KT artifacts so Ask AI can cite the right context."
TRACE-00230,ATLAS-1897,PR-5363,PD-2177,REL-2023.1.7,order-ledger,business_requirement,teams,"Traceability note for order-ledger: links source evidence across tickets, PRs, incidents, metrics, and KT artifacts so Ask AI can cite the right context."
TRACE-00231,ATLAS-3058,PR-6319,PD-2836,REL-2022.02,auth-gateway,support_case,confluence,"Traceability note for auth-gateway: links source evidence across tickets, PRs, incidents, metrics, and KT artifacts so Ask AI can cite the right context."
TRACE-00232,ATLAS-3743,PR-6331,,REL-2024.08,tax-service,deployment,confluence,"Traceability note for tax-service: links source evidence across tickets, PRs, incidents, metrics, and KT artifacts so Ask AI can cite the right context."
TRACE-00233,ATLAS-4788,PR-8617,PD-2351,REL-2019.1.9,tax-service,db_health,github,"Traceability note for tax-service: links source evidence across tickets, PRs, incidents, metrics, and KT artifacts so Ask AI can cite the right context."
TRACE-00234,ATLAS-1067,PR-8762,,REL-2020.3.10,pricing-engine,decision,support,"Traceability note for pricing-engine: links source evidence across tickets, PRs, incidents, metrics, and KT artifacts so Ask AI can cite the right context."
TRACE-00235,ATLAS-2003,PR-7331,,REL-2023.3.2,payment-orchestrator,metric,database,"Traceability note for payment-orchestrator: links source evidence across tickets, PRs, incidents, metrics, and KT artifacts so Ask AI can cite the right context."
TRACE-00236,ATLAS-2469,PR-8230,,REL-2020.3.0,cart-service,decision,confluence,"Traceability note for cart-service: links source evidence across tickets, PRs, incidents, metrics, and KT artifacts so Ask AI can cite the right context."
TRACE-00237,ATLAS-1070,PR-6022,,REL-2021.3.18,order-ledger,runbook,github,"Traceability note for order-ledger: links source evidence across tickets, PRs, incidents, metrics, and KT artifacts so Ask AI can cite the right context."
TRACE-00238,ATLAS-3898,PR-10190,PD-2087,REL-2023.07,cart-service,decision,confluence,"Traceability note for cart-service: links source evidence across tickets, PRs, incidents, metrics, and KT artifacts so Ask AI can cite the right context."
TRACE-00239,ATLAS-6023,PR-8459,PD-2899,REL-2019.4.9,auth-gateway,support_case,jira,"Traceability note for auth-gateway: links source evidence across tickets, PRs, incidents, metrics, and KT artifacts so Ask AI can cite the right context."
TRACE-00240,ATLAS-4862,PR-5227,,REL-2020.3.18,checkout-api,metric,email,"Traceability note for checkout-api: links source evidence across tickets, PRs, incidents, metrics, and KT artifacts so Ask AI can cite the right context."
TRACE-00241,ATLAS-4467,PR-11643,PD-2283,REL-2024.4.14,checkout-api,db_health,pagerduty,"Traceability note for checkout-api: links source evidence across tickets, PRs, incidents, metrics, and KT artifacts so Ask AI can cite the right context."
TRACE-00242,ATLAS-3406,PR-10456,PD-2012,REL-2019.2.16,search-recommendations,decision,teams,"Traceability note for search-recommendations: links source evidence across tickets, PRs, incidents, metrics, and KT artifacts so Ask AI can cite the right context."
TRACE-00243,ATLAS-2106,PR-5026,,REL-2026.1.4,analytics-pipeline,business_requirement,database,"Traceability note for analytics-pipeline: links source evidence across tickets, PRs, incidents, metrics, and KT artifacts so Ask AI can cite the right context."
TRACE-00244,ATLAS-2406,PR-11088,PD-2230,REL-2018.4.10,cart-service,business_requirement,email,"Traceability note for cart-service: links source evidence across tickets, PRs, incidents, metrics, and KT artifacts so Ask AI can cite the right context."
TRACE-00245,ATLAS-6112,PR-8186,,REL-2026.1.19,tax-service,metric,support,"Traceability note for tax-service: links source evidence across tickets, PRs, incidents, metrics, and KT artifacts so Ask AI can cite the right context."
TRACE-00246,ATLAS-4083,PR-5080,,REL-2022.4.2,loyalty-service,deployment,jira,"Traceability note for loyalty-service: links source evidence across tickets, PRs, incidents, metrics, and KT artifacts so Ask AI can cite the right context."
TRACE-00247,ATLAS-4285,PR-9319,PD-2633,REL-2018.3.14,payment-orchestrator,decision,database,"Traceability note for payment-orchestrator: links source evidence across tickets, PRs, incidents, metrics, and KT artifacts so Ask AI can cite the right context."
TRACE-00248,ATLAS-2274,PR-6894,PD-2017,REL-2025.2.14,analytics-pipeline,db_health,email,"Traceability note for analytics-pipeline: links source evidence across tickets, PRs, incidents, metrics, and KT artifacts so Ask AI can cite the right context."
TRACE-00249,ATLAS-3215,PR-6609,,REL-2022.4.10,search-recommendations,runbook,support,"Traceability note for search-recommendations: links source evidence across tickets, PRs, incidents, metrics, and KT artifacts so Ask AI can cite the right context."
TRACE-00250,ATLAS-4052,PR-10743,PD-2655,REL-2024.2.19,order-ledger,support_case,pagerduty,"Traceability note for order-ledger: links source evidence across tickets, PRs, incidents, metrics, and KT artifacts so Ask AI can cite the right context."
TRACE-00251,ATLAS-3434,PR-8760,PD-2536,REL-2019.1.10,analytics-pipeline,support_case,confluence,"Traceability note for analytics-pipeline: links source evidence across tickets, PRs, incidents, metrics, and KT artifacts so Ask AI can cite the right context."
TRACE-00252,ATLAS-1251,PR-9091,PD-2268,REL-2019.3.9,analytics-pipeline,decision,jira,"Traceability note for analytics-pipeline: links source evidence across tickets, PRs, incidents, metrics, and KT artifacts so Ask AI can cite the right context."
TRACE-00253,ATLAS-1150,PR-7156,,REL-2019.01,cart-service,db_health,confluence,"Traceability note for cart-service: links source evidence across tickets, PRs, incidents, metrics, and KT artifacts so Ask AI can cite the right context."
TRACE-00254,ATLAS-3625,PR-11939,,REL-2022.4.10,analytics-pipeline,risk,email,"Traceability note for analytics-pipeline: links source evidence across tickets, PRs, incidents, metrics, and KT artifacts so Ask AI can cite the right context."
TRACE-00255,ATLAS-1337,PR-8324,,REL-2023.2.12,cart-service,support_case,email,"Traceability note for cart-service: links source evidence across tickets, PRs, incidents, metrics, and KT artifacts so Ask AI can cite the right context."
TRACE-00256,ATLAS-1555,PR-10477,,REL-2019.11,auth-gateway,support_case,github,"Traceability note for auth-gateway: links source evidence across tickets, PRs, incidents, metrics, and KT artifacts so Ask AI can cite the right context."
TRACE-00257,ATLAS-5865,PR-9314,,REL-2024.4.8,auth-gateway,risk,database,"Traceability note for auth-gateway: links source evidence across tickets, PRs, incidents, metrics, and KT artifacts so Ask AI can cite the right context."
TRACE-00258,ATLAS-5604,PR-7364,PD-2725,REL-2025.09,inventory-reservation,risk,support,"Traceability note for inventory-reservation: links source evidence across tickets, PRs, incidents, metrics, and KT artifacts so Ask AI can cite the right context."
TRACE-00259,ATLAS-1130,PR-9211,,REL-2018.4.18,auth-gateway,risk,database,"Traceability note for auth-gateway: links source evidence across tickets, PRs, incidents, metrics, and KT artifacts so Ask AI can cite the right context."
TRACE-00260,ATLAS-1951,PR-9351,,REL-2025.2.3,auth-gateway,risk,pagerduty,"Traceability note for auth-gateway: links source evidence across tickets, PRs, incidents, metrics, and KT artifacts so Ask AI can cite the right context."
TRACE-00261,ATLAS-3889,PR-5885,PD-2438,REL-2023.1.6,loyalty-service,runbook,support,"Traceability note for loyalty-service: links source evidence across tickets, PRs, incidents, metrics, and KT artifacts so Ask AI can cite the right context."
TRACE-00262,ATLAS-2627,PR-8322,,REL-2026.02,notification-service,metric,teams,"Traceability note for notification-service: links source evidence across tickets, PRs, incidents, metrics, and KT artifacts so Ask AI can cite the right context."
TRACE-00263,ATLAS-1224,PR-8589,,REL-2026.05,pricing-engine,support_case,support,"Traceability note for pricing-engine: links source evidence across tickets, PRs, incidents, metrics, and KT artifacts so Ask AI can cite the right context."
TRACE-00264,ATLAS-2208,PR-5149,,REL-2026.2.19,payment-orchestrator,decision,pagerduty,"Traceability note for payment-orchestrator: links source evidence across tickets, PRs, incidents, metrics, and KT artifacts so Ask AI can cite the right context."
TRACE-00265,ATLAS-2460,PR-10026,,REL-2020.04,order-ledger,decision,pagerduty,"Traceability note for order-ledger: links source evidence across tickets, PRs, incidents, metrics, and KT artifacts so Ask AI can cite the right context."
TRACE-00266,ATLAS-1808,PR-9105,PD-2540,REL-2019.12,order-ledger,risk,grafana,"Traceability note for order-ledger: links source evidence across tickets, PRs, incidents, metrics, and KT artifacts so Ask AI can cite the right context."
TRACE-00267,ATLAS-4281,PR-9015,,REL-2022.2.12,pricing-engine,db_health,email,"Traceability note for pricing-engine: links source evidence across tickets, PRs, incidents, metrics, and KT artifacts so Ask AI can cite the right context."
TRACE-00268,ATLAS-1828,PR-8448,,REL-2021.1.12,pricing-engine,risk,jira,"Traceability note for pricing-engine: links source evidence across tickets, PRs, incidents, metrics, and KT artifacts so Ask AI can cite the right context."
TRACE-00269,ATLAS-4099,PR-9286,,REL-2020.3.11,analytics-pipeline,deployment,email,"Traceability note for analytics-pipeline: links source evidence across tickets, PRs, incidents, metrics, and KT artifacts so Ask AI can cite the right context."
TRACE-00270,ATLAS-2125,PR-7955,,REL-2023.05,checkout-api,deployment,github,"Traceability note for checkout-api: links source evidence across tickets, PRs, incidents, metrics, and KT artifacts so Ask AI can cite the right context."
TRACE-00271,ATLAS-1107,PR-9431,,REL-2019.1.14,auth-gateway,business_requirement,github,"Traceability note for auth-gateway: links source evidence across tickets, PRs, incidents, metrics, and KT artifacts so Ask AI can cite the right context."
TRACE-00272,ATLAS-2096,PR-10016,PD-2596,REL-2019.1.6,notification-service,deployment,support,"Traceability note for notification-service: links source evidence across tickets, PRs, incidents, metrics, and KT artifacts so Ask AI can cite the right context."
TRACE-00273,ATLAS-4142,PR-12550,PD-2439,REL-2023.1.3,search-recommendations,risk,support,"Traceability note for search-recommendations: links source evidence across tickets, PRs, incidents, metrics, and KT artifacts so Ask AI can cite the right context."
TRACE-00274,ATLAS-3255,PR-7310,PD-2438,REL-2026.1.5,tax-service,risk,teams,"Traceability note for tax-service: links source evidence across tickets, PRs, incidents, metrics, and KT artifacts so Ask AI can cite the right context."
TRACE-00275,ATLAS-3097,PR-6082,PD-2105,REL-2023.1.3,auth-gateway,support_case,jira,"Traceability note for auth-gateway: links source evidence across tickets, PRs, incidents, metrics, and KT artifacts so Ask AI can cite the right context."
TRACE-00276,ATLAS-1809,PR-9920,PD-2567,REL-2019.2.0,pricing-engine,db_health,confluence,"Traceability note for pricing-engine: links source evidence across tickets, PRs, incidents, metrics, and KT artifacts so Ask AI can cite the right context."
TRACE-00277,ATLAS-2886,PR-5351,,REL-2025.10,inventory-reservation,risk,pagerduty,"Traceability note for inventory-reservation: links source evidence across tickets, PRs, incidents, metrics, and KT artifacts so Ask AI can cite the right context."
TRACE-00278,ATLAS-6155,PR-6263,,REL-2019.2.6,loyalty-service,metric,github,"Traceability note for loyalty-service: links source evidence across tickets, PRs, incidents, metrics, and KT artifacts so Ask AI can cite the right context."
TRACE-00279,ATLAS-4826,PR-9044,,REL-2018.09,order-ledger,metric,pagerduty,"Traceability note for order-ledger: links source evidence across tickets, PRs, incidents, metrics, and KT artifacts so Ask AI can cite the right context."
TRACE-00280,ATLAS-1915,PR-11120,,REL-2020.2.8,pricing-engine,runbook,github,"Traceability note for pricing-engine: links source evidence across tickets, PRs, incidents, metrics, and KT artifacts so Ask AI can cite the right context."
TRACE-00281,ATLAS-2853,PR-9267,,REL-2019.01,inventory-reservation,db_health,email,"Traceability note for inventory-reservation: links source evidence across tickets, PRs, incidents, metrics, and KT artifacts so Ask AI can cite the right context."
TRACE-00282,ATLAS-4829,PR-5252,,REL-2026.1.8,tax-service,risk,jira,"Traceability note for tax-service: links source evidence across tickets, PRs, incidents, metrics, and KT artifacts so Ask AI can cite the right context."
TRACE-00283,ATLAS-2497,PR-7503,,REL-2026.1.9,cart-service,risk,jira,"Traceability note for cart-service: links source evidence across tickets, PRs, incidents, metrics, and KT artifacts so Ask AI can cite the right context."
TRACE-00284,ATLAS-4613,PR-10495,PD-2478,REL-2024.3.4,cart-service,support_case,email,"Traceability note for cart-service: links source evidence across tickets, PRs, incidents, metrics, and KT artifacts so Ask AI can cite the right context."
TRACE-00285,ATLAS-4071,PR-7115,,REL-2021.08,tax-service,deployment,github,"Traceability note for tax-service: links source evidence across tickets, PRs, incidents, metrics, and KT artifacts so Ask AI can cite the right context."
TRACE-00286,ATLAS-3222,PR-6448,,REL-2021.4.5,pricing-engine,metric,confluence,"Traceability note for pricing-engine: links source evidence across tickets, PRs, incidents, metrics, and KT artifacts so Ask AI can cite the right context."
TRACE-00287,ATLAS-4178,PR-5291,,REL-2020.3.10,order-ledger,runbook,grafana,"Traceability note for order-ledger: links source evidence across tickets, PRs, incidents, metrics, and KT artifacts so Ask AI can cite the right context."
TRACE-00288,ATLAS-1480,PR-7055,,REL-2019.4.9,tax-service,risk,teams,"Traceability note for tax-service: links source evidence across tickets, PRs, incidents, metrics, and KT artifacts so Ask AI can cite the right context."
TRACE-00289,ATLAS-4817,PR-8331,PD-2092,REL-2024.4.13,payment-orchestrator,deployment,teams,"Traceability note for payment-orchestrator: links source evidence across tickets, PRs, incidents, metrics, and KT artifacts so Ask AI can cite the right context."
TRACE-00290,ATLAS-6138,PR-8832,,REL-2023.4.5,pricing-engine,runbook,support,"Traceability note for pricing-engine: links source evidence across tickets, PRs, incidents, metrics, and KT artifacts so Ask AI can cite the right context."
TRACE-00291,ATLAS-5650,PR-9576,,REL-2021.3.9,checkout-api,db_health,grafana,"Traceability note for checkout-api: links source evidence across tickets, PRs, incidents, metrics, and KT artifacts so Ask AI can cite the right context."
TRACE-00292,ATLAS-3559,PR-9168,PD-2720,REL-2021.2.2,checkout-api,business_requirement,database,"Traceability note for checkout-api: links source evidence across tickets, PRs, incidents, metrics, and KT artifacts so Ask AI can cite the right context."
TRACE-00293,ATLAS-2160,PR-7055,PD-2025,REL-2024.3.18,inventory-reservation,risk,database,"Traceability note for inventory-reservation: links source evidence across tickets, PRs, incidents, metrics, and KT artifacts so Ask AI can cite the right context."
TRACE-00294,ATLAS-4027,PR-9091,,REL-2022.1.5,checkout-api,support_case,pagerduty,"Traceability note for checkout-api: links source evidence across tickets, PRs, incidents, metrics, and KT artifacts so Ask AI can cite the right context."
TRACE-00295,ATLAS-3606,PR-9031,,REL-2021.06,notification-service,metric,email,"Traceability note for notification-service: links source evidence across tickets, PRs, incidents, metrics, and KT artifacts so Ask AI can cite the right context."
TRACE-00296,ATLAS-3527,PR-8485,,REL-2023.4.13,pricing-engine,decision,email,"Traceability note for pricing-engine: links source evidence across tickets, PRs, incidents, metrics, and KT artifacts so Ask AI can cite the right context."
TRACE-00297,ATLAS-1072,PR-7427,PD-2765,REL-2022.3.19,cart-service,support_case,email,"Traceability note for cart-service: links source evidence across tickets, PRs, incidents, metrics, and KT artifacts so Ask AI can cite the right context."
TRACE-00298,ATLAS-2220,PR-10130,,REL-2021.1.16,checkout-api,runbook,email,"Traceability note for checkout-api: links source evidence across tickets, PRs, incidents, metrics, and KT artifacts so Ask AI can cite the right context."
TRACE-00299,ATLAS-2121,PR-10031,,REL-2021.2.11,inventory-reservation,risk,email,"Traceability note for inventory-reservation: links source evidence across tickets, PRs, incidents, metrics, and KT artifacts so Ask AI can cite the right context."
TRACE-00300,ATLAS-3289,PR-5225,,REL-2024.04,pricing-engine,decision,support,"Traceability note for pricing-engine: links source evidence across tickets, PRs, incidents, metrics, and KT artifacts so Ask AI can cite the right context."
TRACE-00301,ATLAS-1130,PR-7978,,REL-2025.07,auth-gateway,support_case,jira,"Traceability note for auth-gateway: links source evidence across tickets, PRs, incidents, metrics, and KT artifacts so Ask AI can cite the right context."
TRACE-00302,ATLAS-2064,PR-10683,,REL-2022.1.0,inventory-reservation,support_case,github,"Traceability note for inventory-reservation: links source evidence across tickets, PRs, incidents, metrics, and KT artifacts so Ask AI can cite the right context."
TRACE-00303,ATLAS-4586,PR-9652,PD-2444,REL-2020.1.18,inventory-reservation,deployment,database,"Traceability note for inventory-reservation: links source evidence across tickets, PRs, incidents, metrics, and KT artifacts so Ask AI can cite the right context."
TRACE-00304,ATLAS-2305,PR-9522,,REL-2020.4.14,notification-service,runbook,github,"Traceability note for notification-service: links source evidence across tickets, PRs, incidents, metrics, and KT artifacts so Ask AI can cite the right context."
TRACE-00305,ATLAS-2782,PR-9687,,REL-2021.03,notification-service,metric,confluence,"Traceability note for notification-service: links source evidence across tickets, PRs, incidents, metrics, and KT artifacts so Ask AI can cite the right context."
TRACE-00306,ATLAS-4880,PR-12331,,REL-2021.05,inventory-reservation,decision,database,"Traceability note for inventory-reservation: links source evidence across tickets, PRs, incidents, metrics, and KT artifacts so Ask AI can cite the right context."
TRACE-00307,ATLAS-1382,PR-6670,,REL-2025.3.2,auth-gateway,db_health,grafana,"Traceability note for auth-gateway: links source evidence across tickets, PRs, incidents, metrics, and KT artifacts so Ask AI can cite the right context."
TRACE-00308,ATLAS-5660,PR-6278,,REL-2019.3.0,loyalty-service,deployment,support,"Traceability note for loyalty-service: links source evidence across tickets, PRs, incidents, metrics, and KT artifacts so Ask AI can cite the right context."
TRACE-00309,ATLAS-4416,PR-6126,,REL-2025.4.18,tax-service,db_health,support,"Traceability note for tax-service: links source evidence across tickets, PRs, incidents, metrics, and KT artifacts so Ask AI can cite the right context."
TRACE-00310,ATLAS-1336,PR-5686,,REL-2020.10,notification-service,deployment,github,"Traceability note for notification-service: links source evidence across tickets, PRs, incidents, metrics, and KT artifacts so Ask AI can cite the right context."
TRACE-00311,ATLAS-4962,PR-12552,,REL-2025.3.8,checkout-api,runbook,github,"Traceability note for checkout-api: links source evidence across tickets, PRs, incidents, metrics, and KT artifacts so Ask AI can cite the right context."
TRACE-00312,ATLAS-3961,PR-7722,,REL-2025.1.19,cart-service,decision,jira,"Traceability note for cart-service: links source evidence across tickets, PRs, incidents, metrics, and KT artifacts so Ask AI can cite the right context."
TRACE-00313,ATLAS-5072,PR-7068,,REL-2021.11,notification-service,metric,database,"Traceability note for notification-service: links source evidence across tickets, PRs, incidents, metrics, and KT artifacts so Ask AI can cite the right context."
TRACE-00314,ATLAS-6039,PR-5023,PD-2694,REL-2023.1.5,payment-orchestrator,support_case,support,"Traceability note for payment-orchestrator: links source evidence across tickets, PRs, incidents, metrics, and KT artifacts so Ask AI can cite the right context."
TRACE-00315,ATLAS-2134,PR-5843,PD-2239,REL-2021.2.17,cart-service,decision,confluence,"Traceability note for cart-service: links source evidence across tickets, PRs, incidents, metrics, and KT artifacts so Ask AI can cite the right context."
TRACE-00316,ATLAS-4258,PR-6977,,REL-2022.2.9,payment-orchestrator,runbook,github,"Traceability note for payment-orchestrator: links source evidence across tickets, PRs, incidents, metrics, and KT artifacts so Ask AI can cite the right context."
TRACE-00317,ATLAS-6124,PR-6333,,REL-2022.01,tax-service,runbook,teams,"Traceability note for tax-service: links source evidence across tickets, PRs, incidents, metrics, and KT artifacts so Ask AI can cite the right context."
TRACE-00318,ATLAS-3324,PR-8661,,REL-2018.4.7,cart-service,decision,github,"Traceability note for cart-service: links source evidence across tickets, PRs, incidents, metrics, and KT artifacts so Ask AI can cite the right context."
TRACE-00319,ATLAS-5760,PR-7777,,REL-2024.2.10,auth-gateway,business_requirement,teams,"Traceability note for auth-gateway: links source evidence across tickets, PRs, incidents, metrics, and KT artifacts so Ask AI can cite the right context."
TRACE-00320,ATLAS-2801,PR-6890,PD-2539,REL-2025.3.2,tax-service,business_requirement,github,"Traceability note for tax-service: links source evidence across tickets, PRs, incidents, metrics, and KT artifacts so Ask AI can cite the right context."
TRACE-00321,ATLAS-3014,PR-6054,PD-2269,REL-2021.03,order-ledger,metric,grafana,"Traceability note for order-ledger: links source evidence across tickets, PRs, incidents, metrics, and KT artifacts so Ask AI can cite the right context."
TRACE-00322,ATLAS-1628,PR-9775,,REL-2020.2.13,auth-gateway,deployment,github,"Traceability note for auth-gateway: links source evidence across tickets, PRs, incidents, metrics, and KT artifacts so Ask AI can cite the right context."
TRACE-00323,ATLAS-5358,PR-5196,PD-2315,REL-2021.4.7,notification-service,runbook,teams,"Traceability note for notification-service: links source evidence across tickets, PRs, incidents, metrics, and KT artifacts so Ask AI can cite the right context."
TRACE-00324,ATLAS-6074,PR-8411,,REL-2024.09,inventory-reservation,runbook,grafana,"Traceability note for inventory-reservation: links source evidence across tickets, PRs, incidents, metrics, and KT artifacts so Ask AI can cite the right context."
TRACE-00325,ATLAS-2701,PR-8470,,REL-2021.02,checkout-api,db_health,pagerduty,"Traceability note for checkout-api: links source evidence across tickets, PRs, incidents, metrics, and KT artifacts so Ask AI can cite the right context."
TRACE-00326,ATLAS-5630,PR-6977,PD-2562,REL-2020.4.10,notification-service,metric,teams,"Traceability note for notification-service: links source evidence across tickets, PRs, incidents, metrics, and KT artifacts so Ask AI can cite the right context."
TRACE-00327,ATLAS-3949,PR-7183,,REL-2019.02,tax-service,runbook,teams,"Traceability note for tax-service: links source evidence across tickets, PRs, incidents, metrics, and KT artifacts so Ask AI can cite the right context."
TRACE-00328,ATLAS-5303,PR-10107,,REL-2022.4.16,payment-orchestrator,risk,pagerduty,"Traceability note for payment-orchestrator: links source evidence across tickets, PRs, incidents, metrics, and KT artifacts so Ask AI can cite the right context."
TRACE-00329,ATLAS-3476,PR-10916,,REL-2022.4.10,loyalty-service,business_requirement,support,"Traceability note for loyalty-service: links source evidence across tickets, PRs, incidents, metrics, and KT artifacts so Ask AI can cite the right context."
TRACE-00330,ATLAS-3956,PR-10239,,REL-2018.07,notification-service,risk,support,"Traceability note for notification-service: links source evidence across tickets, PRs, incidents, metrics, and KT artifacts so Ask AI can cite the right context."
TRACE-00331,ATLAS-3640,PR-10701,,REL-2022.3.8,analytics-pipeline,db_health,jira,"Traceability note for analytics-pipeline: links source evidence across tickets, PRs, incidents, metrics, and KT artifacts so Ask AI can cite the right context."
TRACE-00332,ATLAS-1988,PR-6641,,REL-2024.4.9,loyalty-service,business_requirement,confluence,"Traceability note for loyalty-service: links source evidence across tickets, PRs, incidents, metrics, and KT artifacts so Ask AI can cite the right context."
TRACE-00333,ATLAS-1840,PR-5749,,REL-2025.03,cart-service,support_case,jira,"Traceability note for cart-service: links source evidence across tickets, PRs, incidents, metrics, and KT artifacts so Ask AI can cite the right context."
TRACE-00334,ATLAS-6182,PR-5976,,REL-2026.2.12,tax-service,decision,teams,"Traceability note for tax-service: links source evidence across tickets, PRs, incidents, metrics, and KT artifacts so Ask AI can cite the right context."
TRACE-00335,ATLAS-5648,PR-7292,PD-2321,REL-2018.3.17,checkout-api,risk,jira,"Traceability note for checkout-api: links source evidence across tickets, PRs, incidents, metrics, and KT artifacts so Ask AI can cite the right context."
TRACE-00336,ATLAS-4855,PR-8823,,REL-2022.03,search-recommendations,db_health,github,"Traceability note for search-recommendations: links source evidence across tickets, PRs, incidents, metrics, and KT artifacts so Ask AI can cite the right context."
TRACE-00337,ATLAS-5931,PR-12020,PD-2035,REL-2018.4.5,loyalty-service,db_health,jira,"Traceability note for loyalty-service: links source evidence across tickets, PRs, incidents, metrics, and KT artifacts so Ask AI can cite the right context."
TRACE-00338,ATLAS-4684,PR-11790,,REL-2020.04,analytics-pipeline,decision,grafana,"Traceability note for analytics-pipeline: links source evidence across tickets, PRs, incidents, metrics, and KT artifacts so Ask AI can cite the right context."
TRACE-00339,ATLAS-1689,PR-5229,PD-2050,REL-2024.1.11,checkout-api,support_case,teams,"Traceability note for checkout-api: links source evidence across tickets, PRs, incidents, metrics, and KT artifacts so Ask AI can cite the right context."
TRACE-00340,ATLAS-4753,PR-8749,,REL-2024.3.0,loyalty-service,deployment,jira,"Traceability note for loyalty-service: links source evidence across tickets, PRs, incidents, metrics, and KT artifacts so Ask AI can cite the right context."
TRACE-00341,ATLAS-4048,PR-5697,,REL-2021.07,loyalty-service,db_health,email,"Traceability note for loyalty-service: links source evidence across tickets, PRs, incidents, metrics, and KT artifacts so Ask AI can cite the right context."
TRACE-00342,ATLAS-1717,PR-5540,PD-2738,REL-2025.09,analytics-pipeline,business_requirement,jira,"Traceability note for analytics-pipeline: links source evidence across tickets, PRs, incidents, metrics, and KT artifacts so Ask AI can cite the right context."
TRACE-00343,ATLAS-4585,PR-5368,PD-2436,REL-2025.2.5,cart-service,deployment,grafana,"Traceability note for cart-service: links source evidence across tickets, PRs, incidents, metrics, and KT artifacts so Ask AI can cite the right context."
TRACE-00344,ATLAS-2204,PR-10844,PD-2442,REL-2026.1.16,checkout-api,db_health,email,"Traceability note for checkout-api: links source evidence across tickets, PRs, incidents, metrics, and KT artifacts so Ask AI can cite the right context."
TRACE-00345,ATLAS-1481,PR-9152,,REL-2021.3.1,tax-service,metric,confluence,"Traceability note for tax-service: links source evidence across tickets, PRs, incidents, metrics, and KT artifacts so Ask AI can cite the right context."
TRACE-00346,ATLAS-4880,PR-6693,,REL-2020.4.15,payment-orchestrator,metric,pagerduty,"Traceability note for payment-orchestrator: links source evidence across tickets, PRs, incidents, metrics, and KT artifacts so Ask AI can cite the right context."
TRACE-00347,ATLAS-1534,PR-7912,PD-2087,REL-2025.01,checkout-api,runbook,support,"Traceability note for checkout-api: links source evidence across tickets, PRs, incidents, metrics, and KT artifacts so Ask AI can cite the right context."
TRACE-00348,ATLAS-5958,PR-5379,PD-2442,REL-2020.2.2,notification-service,deployment,pagerduty,"Traceability note for notification-service: links source evidence across tickets, PRs, incidents, metrics, and KT artifacts so Ask AI can cite the right context."
TRACE-00349,ATLAS-4003,PR-9980,,REL-2019.1.14,notification-service,runbook,pagerduty,"Traceability note for notification-service: links source evidence across tickets, PRs, incidents, metrics, and KT artifacts so Ask AI can cite the right context."
TRACE-00350,ATLAS-4903,PR-7719,,REL-2020.3.19,search-recommendations,runbook,teams,"Traceability note for search-recommendations: links source evidence across tickets, PRs, incidents, metrics, and KT artifacts so Ask AI can cite the right context."
TRACE-00351,ATLAS-1732,PR-9591,PD-2360,REL-2021.1.10,cart-service,business_requirement,teams,"Traceability note for cart-service: links source evidence across tickets, PRs, incidents, metrics, and KT artifacts so Ask AI can cite the right context."
TRACE-00352,ATLAS-5172,PR-7865,PD-2773,REL-2019.05,order-ledger,runbook,teams,"Traceability note for order-ledger: links source evidence across tickets, PRs, incidents, metrics, and KT artifacts so Ask AI can cite the right context."
TRACE-00353,ATLAS-5589,PR-10411,,REL-2025.10,inventory-reservation,risk,database,"Traceability note for inventory-reservation: links source evidence across tickets, PRs, incidents, metrics, and KT artifacts so Ask AI can cite the right context."
TRACE-00354,ATLAS-3466,PR-5332,,REL-2024.3.17,notification-service,business_requirement,teams,"Traceability note for notification-service: links source evidence across tickets, PRs, incidents, metrics, and KT artifacts so Ask AI can cite the right context."
TRACE-00355,ATLAS-4288,PR-8400,,REL-2018.4.9,search-recommendations,runbook,jira,"Traceability note for search-recommendations: links source evidence across tickets, PRs, incidents, metrics, and KT artifacts so Ask AI can cite the right context."
TRACE-00356,ATLAS-3663,PR-9425,,REL-2023.2.2,analytics-pipeline,runbook,grafana,"Traceability note for analytics-pipeline: links source evidence across tickets, PRs, incidents, metrics, and KT artifacts so Ask AI can cite the right context."
TRACE-00357,ATLAS-3682,PR-6925,PD-2420,REL-2020.01,inventory-reservation,db_health,support,"Traceability note for inventory-reservation: links source evidence across tickets, PRs, incidents, metrics, and KT artifacts so Ask AI can cite the right context."
TRACE-00358,ATLAS-3242,PR-9650,,REL-2024.1.8,auth-gateway,metric,email,"Traceability note for auth-gateway: links source evidence across tickets, PRs, incidents, metrics, and KT artifacts so Ask AI can cite the right context."
TRACE-00359,ATLAS-3763,PR-6417,,REL-2025.4.16,search-recommendations,business_requirement,github,"Traceability note for search-recommendations: links source evidence across tickets, PRs, incidents, metrics, and KT artifacts so Ask AI can cite the right context."
TRACE-00360,ATLAS-5776,PR-7895,,REL-2025.07,pricing-engine,deployment,confluence,"Traceability note for pricing-engine: links source evidence across tickets, PRs, incidents, metrics, and KT artifacts so Ask AI can cite the right context."
TRACE-00361,ATLAS-1615,PR-11364,,REL-2025.4.2,payment-orchestrator,db_health,confluence,"Traceability note for payment-orchestrator: links source evidence across tickets, PRs, incidents, metrics, and KT artifacts so Ask AI can cite the right context."
TRACE-00362,ATLAS-1806,PR-10072,PD-2228,REL-2021.3.6,cart-service,business_requirement,teams,"Traceability note for cart-service: links source evidence across tickets, PRs, incidents, metrics, and KT artifacts so Ask AI can cite the right context."
TRACE-00363,ATLAS-4162,PR-7665,PD-2050,REL-2018.4.1,order-ledger,business_requirement,support,"Traceability note for order-ledger: links source evidence across tickets, PRs, incidents, metrics, and KT artifacts so Ask AI can cite the right context."
TRACE-00364,ATLAS-6177,PR-5078,,REL-2024.1.8,inventory-reservation,business_requirement,grafana,"Traceability note for inventory-reservation: links source evidence across tickets, PRs, incidents, metrics, and KT artifacts so Ask AI can cite the right context."
TRACE-00365,ATLAS-2983,PR-5202,,REL-2019.4.6,loyalty-service,runbook,support,"Traceability note for loyalty-service: links source evidence across tickets, PRs, incidents, metrics, and KT artifacts so Ask AI can cite the right context."
TRACE-00366,ATLAS-3826,PR-9941,PD-2814,REL-2019.10,tax-service,support_case,support,"Traceability note for tax-service: links source evidence across tickets, PRs, incidents, metrics, and KT artifacts so Ask AI can cite the right context."
TRACE-00367,ATLAS-6062,PR-5846,PD-2792,REL-2024.2.0,tax-service,db_health,grafana,"Traceability note for tax-service: links source evidence across tickets, PRs, incidents, metrics, and KT artifacts so Ask AI can cite the right context."
TRACE-00368,ATLAS-4514,PR-9132,,REL-2018.3.7,search-recommendations,runbook,github,"Traceability note for search-recommendations: links source evidence across tickets, PRs, incidents, metrics, and KT artifacts so Ask AI can cite the right context."
TRACE-00369,ATLAS-5894,PR-7661,PD-2622,REL-2020.3.0,cart-service,business_requirement,pagerduty,"Traceability note for cart-service: links source evidence across tickets, PRs, incidents, metrics, and KT artifacts so Ask AI can cite the right context."
TRACE-00370,ATLAS-4242,PR-10065,,REL-2026.02,pricing-engine,decision,grafana,"Traceability note for pricing-engine: links source evidence across tickets, PRs, incidents, metrics, and KT artifacts so Ask AI can cite the right context."
TRACE-00371,ATLAS-4095,PR-7738,,REL-2024.02,pricing-engine,risk,database,"Traceability note for pricing-engine: links source evidence across tickets, PRs, incidents, metrics, and KT artifacts so Ask AI can cite the right context."
TRACE-00372,ATLAS-3869,PR-11053,,REL-2023.2.2,auth-gateway,runbook,jira,"Traceability note for auth-gateway: links source evidence across tickets, PRs, incidents, metrics, and KT artifacts so Ask AI can cite the right context."
TRACE-00373,ATLAS-4928,PR-9560,PD-2734,REL-2023.10,payment-orchestrator,runbook,grafana,"Traceability note for payment-orchestrator: links source evidence across tickets, PRs, incidents, metrics, and KT artifacts so Ask AI can cite the right context."
TRACE-00374,ATLAS-1046,PR-5500,PD-2311,REL-2023.1.18,analytics-pipeline,metric,pagerduty,"Traceability note for analytics-pipeline: links source evidence across tickets, PRs, incidents, metrics, and KT artifacts so Ask AI can cite the right context."
TRACE-00375,ATLAS-6094,PR-7104,PD-2711,REL-2025.2.3,auth-gateway,risk,pagerduty,"Traceability note for auth-gateway: links source evidence across tickets, PRs, incidents, metrics, and KT artifacts so Ask AI can cite the right context."
TRACE-00376,ATLAS-5965,PR-12545,PD-2453,REL-2021.3.1,tax-service,decision,grafana,"Traceability note for tax-service: links source evidence across tickets, PRs, incidents, metrics, and KT artifacts so Ask AI can cite the right context."
TRACE-00377,ATLAS-4307,PR-7005,PD-2334,REL-2026.04,inventory-reservation,business_requirement,github,"Traceability note for inventory-reservation: links source evidence across tickets, PRs, incidents, metrics, and KT artifacts so Ask AI can cite the right context."
TRACE-00378,ATLAS-5427,PR-8446,,REL-2022.12,order-ledger,risk,database,"Traceability note for order-ledger: links source evidence across tickets, PRs, incidents, metrics, and KT artifacts so Ask AI can cite the right context."
TRACE-00379,ATLAS-2249,PR-6476,,REL-2021.02,search-recommendations,risk,email,"Traceability note for search-recommendations: links source evidence across tickets, PRs, incidents, metrics, and KT artifacts so Ask AI can cite the right context."
TRACE-00380,ATLAS-1938,PR-8957,,REL-2024.3.11,analytics-pipeline,metric,database,"Traceability note for analytics-pipeline: links source evidence across tickets, PRs, incidents, metrics, and KT artifacts so Ask AI can cite the right context."
TRACE-00381,ATLAS-4842,PR-5044,PD-2737,REL-2020.1.4,cart-service,decision,confluence,"Traceability note for cart-service: links source evidence across tickets, PRs, incidents, metrics, and KT artifacts so Ask AI can cite the right context."
TRACE-00382,ATLAS-1546,PR-5366,,REL-2026.2.6,loyalty-service,business_requirement,teams,"Traceability note for loyalty-service: links source evidence across tickets, PRs, incidents, metrics, and KT artifacts so Ask AI can cite the right context."
TRACE-00383,ATLAS-5193,PR-8246,,REL-2021.1.15,cart-service,decision,grafana,"Traceability note for cart-service: links source evidence across tickets, PRs, incidents, metrics, and KT artifacts so Ask AI can cite the right context."
TRACE-00384,ATLAS-1661,PR-7963,,REL-2019.2.2,inventory-reservation,business_requirement,teams,"Traceability note for inventory-reservation: links source evidence across tickets, PRs, incidents, metrics, and KT artifacts so Ask AI can cite the right context."
TRACE-00385,ATLAS-2460,PR-5449,,REL-2024.02,order-ledger,metric,email,"Traceability note for order-ledger: links source evidence across tickets, PRs, incidents, metrics, and KT artifacts so Ask AI can cite the right context."
TRACE-00386,ATLAS-5437,PR-7939,PD-2305,REL-2024.4.13,auth-gateway,runbook,email,"Traceability note for auth-gateway: links source evidence across tickets, PRs, incidents, metrics, and KT artifacts so Ask AI can cite the right context."
TRACE-00387,ATLAS-5319,PR-8010,PD-2470,REL-2022.2.7,loyalty-service,db_health,jira,"Traceability note for loyalty-service: links source evidence across tickets, PRs, incidents, metrics, and KT artifacts so Ask AI can cite the right context."
TRACE-00388,ATLAS-3731,PR-8755,,REL-2019.3.5,order-ledger,metric,confluence,"Traceability note for order-ledger: links source evidence across tickets, PRs, incidents, metrics, and KT artifacts so Ask AI can cite the right context."
TRACE-00389,ATLAS-1890,PR-8575,,REL-2019.2.11,auth-gateway,metric,grafana,"Traceability note for auth-gateway: links source evidence across tickets, PRs, incidents, metrics, and KT artifacts so Ask AI can cite the right context."
TRACE-00390,ATLAS-3413,PR-5389,PD-2590,REL-2019.4.3,tax-service,decision,confluence,"Traceability note for tax-service: links source evidence across tickets, PRs, incidents, metrics, and KT artifacts so Ask AI can cite the right context."
TRACE-00391,ATLAS-4767,PR-6236,,REL-2019.1.19,order-ledger,deployment,grafana,"Traceability note for order-ledger: links source evidence across tickets, PRs, incidents, metrics, and KT artifacts so Ask AI can cite the right context."
TRACE-00392,ATLAS-3248,PR-6229,,REL-2024.2.0,order-ledger,db_health,jira,"Traceability note for order-ledger: links source evidence across tickets, PRs, incidents, metrics, and KT artifacts so Ask AI can cite the right context."
TRACE-00393,ATLAS-6131,PR-7650,PD-2660,REL-2019.1.17,cart-service,support_case,github,"Traceability note for cart-service: links source evidence across tickets, PRs, incidents, metrics, and KT artifacts so Ask AI can cite the right context."
TRACE-00394,ATLAS-1096,PR-5490,PD-2876,REL-2023.2.9,search-recommendations,business_requirement,github,"Traceability note for search-recommendations: links source evidence across tickets, PRs, incidents, metrics, and KT artifacts so Ask AI can cite the right context."
TRACE-00395,ATLAS-6112,PR-5540,PD-2735,REL-2021.1.16,notification-service,business_requirement,pagerduty,"Traceability note for notification-service: links source evidence across tickets, PRs, incidents, metrics, and KT artifacts so Ask AI can cite the right context."
TRACE-00396,ATLAS-5582,PR-11576,,REL-2020.05,auth-gateway,business_requirement,grafana,"Traceability note for auth-gateway: links source evidence across tickets, PRs, incidents, metrics, and KT artifacts so Ask AI can cite the right context."
TRACE-00397,ATLAS-5418,PR-10008,,REL-2022.07,payment-orchestrator,runbook,github,"Traceability note for payment-orchestrator: links source evidence across tickets, PRs, incidents, metrics, and KT artifacts so Ask AI can cite the right context."
TRACE-00398,ATLAS-4118,PR-12035,,REL-2018.06,cart-service,decision,grafana,"Traceability note for cart-service: links source evidence across tickets, PRs, incidents, metrics, and KT artifacts so Ask AI can cite the right context."
TRACE-00399,ATLAS-2377,PR-7112,,REL-2018.09,auth-gateway,decision,jira,"Traceability note for auth-gateway: links source evidence across tickets, PRs, incidents, metrics, and KT artifacts so Ask AI can cite the right context."
TRACE-00400,ATLAS-3991,PR-8953,PD-2632,REL-2025.10,payment-orchestrator,decision,confluence,"Traceability note for payment-orchestrator: links source evidence across tickets, PRs, incidents, metrics, and KT artifacts so Ask AI can cite the right context."
TRACE-00401,ATLAS-4779,PR-8713,PD-2064,REL-2023.2.2,payment-orchestrator,metric,support,"Traceability note for payment-orchestrator: links source evidence across tickets, PRs, incidents, metrics, and KT artifacts so Ask AI can cite the right context."
TRACE-00402,ATLAS-5731,PR-7423,,REL-2023.3.12,order-ledger,metric,github,"Traceability note for order-ledger: links source evidence across tickets, PRs, incidents, metrics, and KT artifacts so Ask AI can cite the right context."
TRACE-00403,ATLAS-3532,PR-10963,PD-2796,REL-2019.1.19,payment-orchestrator,support_case,email,"Traceability note for payment-orchestrator: links source evidence across tickets, PRs, incidents, metrics, and KT artifacts so Ask AI can cite the right context."
TRACE-00404,ATLAS-3991,PR-6940,,REL-2023.3.7,checkout-api,risk,teams,"Traceability note for checkout-api: links source evidence across tickets, PRs, incidents, metrics, and KT artifacts so Ask AI can cite the right context."
TRACE-00405,ATLAS-4981,PR-8419,,REL-2024.11,inventory-reservation,deployment,grafana,"Traceability note for inventory-reservation: links source evidence across tickets, PRs, incidents, metrics, and KT artifacts so Ask AI can cite the right context."
TRACE-00406,ATLAS-6047,PR-5632,PD-2290,REL-2022.03,notification-service,deployment,database,"Traceability note for notification-service: links source evidence across tickets, PRs, incidents, metrics, and KT artifacts so Ask AI can cite the right context."
TRACE-00407,ATLAS-2286,PR-7376,PD-2712,REL-2018.2.3,loyalty-service,risk,support,"Traceability note for loyalty-service: links source evidence across tickets, PRs, incidents, metrics, and KT artifacts so Ask AI can cite the right context."
TRACE-00408,ATLAS-5155,PR-6821,PD-2864,REL-2023.09,cart-service,decision,teams,"Traceability note for cart-service: links source evidence across tickets, PRs, incidents, metrics, and KT artifacts so Ask AI can cite the right context."
TRACE-00409,ATLAS-6065,PR-6387,,REL-2022.2.6,auth-gateway,db_health,confluence,"Traceability note for auth-gateway: links source evidence across tickets, PRs, incidents, metrics, and KT artifacts so Ask AI can cite the right context."
TRACE-00410,ATLAS-3248,PR-9234,,REL-2024.3.17,cart-service,business_requirement,github,"Traceability note for cart-service: links source evidence across tickets, PRs, incidents, metrics, and KT artifacts so Ask AI can cite the right context."
TRACE-00411,ATLAS-5392,PR-7633,,REL-2023.1.5,auth-gateway,db_health,teams,"Traceability note for auth-gateway: links source evidence across tickets, PRs, incidents, metrics, and KT artifacts so Ask AI can cite the right context."
TRACE-00412,ATLAS-2816,PR-9249,PD-2767,REL-2023.08,auth-gateway,metric,pagerduty,"Traceability note for auth-gateway: links source evidence across tickets, PRs, incidents, metrics, and KT artifacts so Ask AI can cite the right context."
TRACE-00413,ATLAS-1284,PR-9540,,REL-2020.3.5,auth-gateway,risk,github,"Traceability note for auth-gateway: links source evidence across tickets, PRs, incidents, metrics, and KT artifacts so Ask AI can cite the right context."
TRACE-00414,ATLAS-4387,PR-8384,,REL-2021.3.10,analytics-pipeline,risk,grafana,"Traceability note for analytics-pipeline: links source evidence across tickets, PRs, incidents, metrics, and KT artifacts so Ask AI can cite the right context."
TRACE-00415,ATLAS-2468,PR-9303,,REL-2018.12,order-ledger,db_health,confluence,"Traceability note for order-ledger: links source evidence across tickets, PRs, incidents, metrics, and KT artifacts so Ask AI can cite the right context."
TRACE-00416,ATLAS-1430,PR-10626,PD-2176,REL-2025.4.2,pricing-engine,business_requirement,email,"Traceability note for pricing-engine: links source evidence across tickets, PRs, incidents, metrics, and KT artifacts so Ask AI can cite the right context."
TRACE-00417,ATLAS-3597,PR-11139,,REL-2023.07,auth-gateway,deployment,database,"Traceability note for auth-gateway: links source evidence across tickets, PRs, incidents, metrics, and KT artifacts so Ask AI can cite the right context."
TRACE-00418,ATLAS-1035,PR-9492,PD-2793,REL-2018.4.18,checkout-api,runbook,grafana,"Traceability note for checkout-api: links source evidence across tickets, PRs, incidents, metrics, and KT artifacts so Ask AI can cite the right context."
TRACE-00419,ATLAS-6087,PR-7651,PD-2397,REL-2020.4.1,cart-service,runbook,support,"Traceability note for cart-service: links source evidence across tickets, PRs, incidents, metrics, and KT artifacts so Ask AI can cite the right context."
TRACE-00420,ATLAS-5283,PR-7520,PD-2559,REL-2018.10,cart-service,business_requirement,grafana,"Traceability note for cart-service: links source evidence across tickets, PRs, incidents, metrics, and KT artifacts so Ask AI can cite the right context."
TRACE-00421,ATLAS-6190,PR-6141,,REL-2024.1.9,auth-gateway,decision,pagerduty,"Traceability note for auth-gateway: links source evidence across tickets, PRs, incidents, metrics, and KT artifacts so Ask AI can cite the right context."
TRACE-00422,ATLAS-2154,PR-5264,PD-2683,REL-2022.2.19,pricing-engine,business_requirement,grafana,"Traceability note for pricing-engine: links source evidence across tickets, PRs, incidents, metrics, and KT artifacts so Ask AI can cite the right context."
TRACE-00423,ATLAS-5535,PR-6910,PD-2029,REL-2023.2.4,payment-orchestrator,support_case,jira,"Traceability note for payment-orchestrator: links source evidence across tickets, PRs, incidents, metrics, and KT artifacts so Ask AI can cite the right context."
TRACE-00424,ATLAS-2708,PR-6099,,REL-2019.2.2,search-recommendations,risk,pagerduty,"Traceability note for search-recommendations: links source evidence across tickets, PRs, incidents, metrics, and KT artifacts so Ask AI can cite the right context."
TRACE-00425,ATLAS-1671,PR-5065,,REL-2023.2.2,inventory-reservation,support_case,email,"Traceability note for inventory-reservation: links source evidence across tickets, PRs, incidents, metrics, and KT artifacts so Ask AI can cite the right context."
TRACE-00426,ATLAS-6131,PR-6711,PD-2284,REL-2021.06,cart-service,decision,email,"Traceability note for cart-service: links source evidence across tickets, PRs, incidents, metrics, and KT artifacts so Ask AI can cite the right context."
TRACE-00427,ATLAS-3531,PR-6976,,REL-2024.2.10,inventory-reservation,metric,jira,"Traceability note for inventory-reservation: links source evidence across tickets, PRs, incidents, metrics, and KT artifacts so Ask AI can cite the right context."
TRACE-00428,ATLAS-5222,PR-7213,PD-2086,REL-2026.01,order-ledger,deployment,database,"Traceability note for order-ledger: links source evidence across tickets, PRs, incidents, metrics, and KT artifacts so Ask AI can cite the right context."
TRACE-00429,ATLAS-1276,PR-7086,,REL-2023.1.11,checkout-api,business_requirement,teams,"Traceability note for checkout-api: links source evidence across tickets, PRs, incidents, metrics, and KT artifacts so Ask AI can cite the right context."
TRACE-00430,ATLAS-5865,PR-12275,,REL-2019.2.16,notification-service,db_health,pagerduty,"Traceability note for notification-service: links source evidence across tickets, PRs, incidents, metrics, and KT artifacts so Ask AI can cite the right context."
TRACE-00431,ATLAS-2115,PR-6340,PD-2033,REL-2019.3.10,payment-orchestrator,db_health,confluence,"Traceability note for payment-orchestrator: links source evidence across tickets, PRs, incidents, metrics, and KT artifacts so Ask AI can cite the right context."
TRACE-00432,ATLAS-4719,PR-10012,PD-2879,REL-2026.1.19,analytics-pipeline,business_requirement,confluence,"Traceability note for analytics-pipeline: links source evidence across tickets, PRs, incidents, metrics, and KT artifacts so Ask AI can cite the right context."
TRACE-00433,ATLAS-2096,PR-12266,,REL-2019.2.8,auth-gateway,support_case,database,"Traceability note for auth-gateway: links source evidence across tickets, PRs, incidents, metrics, and KT artifacts so Ask AI can cite the right context."
TRACE-00434,ATLAS-4731,PR-9980,,REL-2019.1.6,order-ledger,metric,grafana,"Traceability note for order-ledger: links source evidence across tickets, PRs, incidents, metrics, and KT artifacts so Ask AI can cite the right context."
TRACE-00435,ATLAS-2029,PR-11575,,REL-2019.05,notification-service,runbook,jira,"Traceability note for notification-service: links source evidence across tickets, PRs, incidents, metrics, and KT artifacts so Ask AI can cite the right context."
TRACE-00436,ATLAS-4368,PR-6544,,REL-2024.3.4,analytics-pipeline,metric,pagerduty,"Traceability note for analytics-pipeline: links source evidence across tickets, PRs, incidents, metrics, and KT artifacts so Ask AI can cite the right context."
TRACE-00437,ATLAS-4936,PR-5298,PD-2416,REL-2024.1.5,inventory-reservation,business_requirement,confluence,"Traceability note for inventory-reservation: links source evidence across tickets, PRs, incidents, metrics, and KT artifacts so Ask AI can cite the right context."
TRACE-00438,ATLAS-4218,PR-6736,,REL-2019.2.16,tax-service,support_case,jira,"Traceability note for tax-service: links source evidence across tickets, PRs, incidents, metrics, and KT artifacts so Ask AI can cite the right context."
TRACE-00439,ATLAS-1047,PR-9093,,REL-2019.2.17,notification-service,risk,jira,"Traceability note for notification-service: links source evidence across tickets, PRs, incidents, metrics, and KT artifacts so Ask AI can cite the right context."
TRACE-00440,ATLAS-4426,PR-9512,,REL-2024.08,order-ledger,metric,teams,"Traceability note for order-ledger: links source evidence across tickets, PRs, incidents, metrics, and KT artifacts so Ask AI can cite the right context."
TRACE-00441,ATLAS-4336,PR-8332,,REL-2022.02,analytics-pipeline,runbook,github,"Traceability note for analytics-pipeline: links source evidence across tickets, PRs, incidents, metrics, and KT artifacts so Ask AI can cite the right context."
TRACE-00442,ATLAS-4467,PR-9617,PD-2894,REL-2024.08,auth-gateway,support_case,jira,"Traceability note for auth-gateway: links source evidence across tickets, PRs, incidents, metrics, and KT artifacts so Ask AI can cite the right context."
TRACE-00443,ATLAS-3659,PR-9662,,REL-2023.4.4,pricing-engine,db_health,teams,"Traceability note for pricing-engine: links source evidence across tickets, PRs, incidents, metrics, and KT artifacts so Ask AI can cite the right context."
TRACE-00444,ATLAS-1178,PR-8547,PD-2774,REL-2023.07,notification-service,risk,email,"Traceability note for notification-service: links source evidence across tickets, PRs, incidents, metrics, and KT artifacts so Ask AI can cite the right context."
TRACE-00445,ATLAS-5687,PR-9992,PD-2217,REL-2022.06,pricing-engine,db_health,jira,"Traceability note for pricing-engine: links source evidence across tickets, PRs, incidents, metrics, and KT artifacts so Ask AI can cite the right context."
TRACE-00446,ATLAS-3609,PR-9359,,REL-2023.2.2,notification-service,deployment,teams,"Traceability note for notification-service: links source evidence across tickets, PRs, incidents, metrics, and KT artifacts so Ask AI can cite the right context."
TRACE-00447,ATLAS-3800,PR-9313,,REL-2026.1.16,checkout-api,metric,grafana,"Traceability note for checkout-api: links source evidence across tickets, PRs, incidents, metrics, and KT artifacts so Ask AI can cite the right context."
TRACE-00448,ATLAS-4028,PR-9923,,REL-2026.04,auth-gateway,decision,database,"Traceability note for auth-gateway: links source evidence across tickets, PRs, incidents, metrics, and KT artifacts so Ask AI can cite the right context."
TRACE-00449,ATLAS-4837,PR-11814,,REL-2022.02,auth-gateway,risk,jira,"Traceability note for auth-gateway: links source evidence across tickets, PRs, incidents, metrics, and KT artifacts so Ask AI can cite the right context."
TRACE-00450,ATLAS-4783,PR-5834,,REL-2024.4.2,inventory-reservation,decision,email,"Traceability note for inventory-reservation: links source evidence across tickets, PRs, incidents, metrics, and KT artifacts so Ask AI can cite the right context."
TRACE-00451,ATLAS-1462,PR-6727,,REL-2025.2.7,pricing-engine,deployment,jira,"Traceability note for pricing-engine: links source evidence across tickets, PRs, incidents, metrics, and KT artifacts so Ask AI can cite the right context."
TRACE-00452,ATLAS-5174,PR-6255,,REL-2020.05,loyalty-service,risk,github,"Traceability note for loyalty-service: links source evidence across tickets, PRs, incidents, metrics, and KT artifacts so Ask AI can cite the right context."
TRACE-00453,ATLAS-5050,PR-7233,,REL-2020.4.15,auth-gateway,runbook,github,"Traceability note for auth-gateway: links source evidence across tickets, PRs, incidents, metrics, and KT artifacts so Ask AI can cite the right context."
TRACE-00454,ATLAS-4022,PR-10216,PD-2490,REL-2025.08,order-ledger,support_case,jira,"Traceability note for order-ledger: links source evidence across tickets, PRs, incidents, metrics, and KT artifacts so Ask AI can cite the right context."
TRACE-00455,ATLAS-3001,PR-12466,PD-2052,REL-2021.3.3,cart-service,support_case,confluence,"Traceability note for cart-service: links source evidence across tickets, PRs, incidents, metrics, and KT artifacts so Ask AI can cite the right context."
TRACE-00456,ATLAS-3756,PR-6548,,REL-2024.06,analytics-pipeline,decision,support,"Traceability note for analytics-pipeline: links source evidence across tickets, PRs, incidents, metrics, and KT artifacts so Ask AI can cite the right context."
TRACE-00457,ATLAS-1593,PR-7854,,REL-2022.04,inventory-reservation,db_health,pagerduty,"Traceability note for inventory-reservation: links source evidence across tickets, PRs, incidents, metrics, and KT artifacts so Ask AI can cite the right context."
TRACE-00458,ATLAS-2741,PR-9155,,REL-2024.1.8,cart-service,business_requirement,grafana,"Traceability note for cart-service: links source evidence across tickets, PRs, incidents, metrics, and KT artifacts so Ask AI can cite the right context."
TRACE-00459,ATLAS-3157,PR-8926,,REL-2026.1.16,analytics-pipeline,risk,pagerduty,"Traceability note for analytics-pipeline: links source evidence across tickets, PRs, incidents, metrics, and KT artifacts so Ask AI can cite the right context."
TRACE-00460,ATLAS-4966,PR-10215,PD-2588,REL-2021.2.3,search-recommendations,support_case,email,"Traceability note for search-recommendations: links source evidence across tickets, PRs, incidents, metrics, and KT artifacts so Ask AI can cite the right context."
TRACE-00461,ATLAS-1142,PR-6211,,REL-2018.3.16,payment-orchestrator,runbook,jira,"Traceability note for payment-orchestrator: links source evidence across tickets, PRs, incidents, metrics, and KT artifacts so Ask AI can cite the right context."
TRACE-00462,ATLAS-1891,PR-5007,PD-2519,REL-2021.4.15,search-recommendations,metric,confluence,"Traceability note for search-recommendations: links source evidence across tickets, PRs, incidents, metrics, and KT artifacts so Ask AI can cite the right context."
TRACE-00463,ATLAS-1270,PR-9797,,REL-2024.4.18,analytics-pipeline,business_requirement,email,"Traceability note for analytics-pipeline: links source evidence across tickets, PRs, incidents, metrics, and KT artifacts so Ask AI can cite the right context."
TRACE-00464,ATLAS-4449,PR-7384,,REL-2022.1.6,loyalty-service,business_requirement,github,"Traceability note for loyalty-service: links source evidence across tickets, PRs, incidents, metrics, and KT artifacts so Ask AI can cite the right context."
TRACE-00465,ATLAS-5847,PR-10643,,REL-2024.3.11,cart-service,db_health,database,"Traceability note for cart-service: links source evidence across tickets, PRs, incidents, metrics, and KT artifacts so Ask AI can cite the right context."
TRACE-00466,ATLAS-2690,PR-12308,PD-2419,REL-2023.1.6,pricing-engine,deployment,jira,"Traceability note for pricing-engine: links source evidence across tickets, PRs, incidents, metrics, and KT artifacts so Ask AI can cite the right context."
TRACE-00467,ATLAS-1886,PR-8341,PD-2180,REL-2019.2.17,payment-orchestrator,decision,support,"Traceability note for payment-orchestrator: links source evidence across tickets, PRs, incidents, metrics, and KT artifacts so Ask AI can cite the right context."
TRACE-00468,ATLAS-3453,PR-7427,PD-2044,REL-2018.3.11,loyalty-service,metric,confluence,"Traceability note for loyalty-service: links source evidence across tickets, PRs, incidents, metrics, and KT artifacts so Ask AI can cite the right context."
TRACE-00469,ATLAS-5601,PR-7947,,REL-2024.4.18,checkout-api,business_requirement,pagerduty,"Traceability note for checkout-api: links source evidence across tickets, PRs, incidents, metrics, and KT artifacts so Ask AI can cite the right context."
TRACE-00470,ATLAS-4319,PR-9804,PD-2584,REL-2020.01,auth-gateway,db_health,confluence,"Traceability note for auth-gateway: links source evidence across tickets, PRs, incidents, metrics, and KT artifacts so Ask AI can cite the right context."
TRACE-00471,ATLAS-5409,PR-6941,,REL-2019.09,notification-service,metric,pagerduty,"Traceability note for notification-service: links source evidence across tickets, PRs, incidents, metrics, and KT artifacts so Ask AI can cite the right context."
TRACE-00472,ATLAS-4712,PR-6626,PD-2094,REL-2023.3.7,payment-orchestrator,runbook,pagerduty,"Traceability note for payment-orchestrator: links source evidence across tickets, PRs, incidents, metrics, and KT artifacts so Ask AI can cite the right context."
TRACE-00473,ATLAS-4698,PR-8160,PD-2314,REL-2018.12,payment-orchestrator,business_requirement,email,"Traceability note for payment-orchestrator: links source evidence across tickets, PRs, incidents, metrics, and KT artifacts so Ask AI can cite the right context."
TRACE-00474,ATLAS-5025,PR-10379,,REL-2021.4.16,cart-service,db_health,database,"Traceability note for cart-service: links source evidence across tickets, PRs, incidents, metrics, and KT artifacts so Ask AI can cite the right context."
TRACE-00475,ATLAS-3784,PR-11082,,REL-2018.3.14,payment-orchestrator,db_health,grafana,"Traceability note for payment-orchestrator: links source evidence across tickets, PRs, incidents, metrics, and KT artifacts so Ask AI can cite the right context."
TRACE-00476,ATLAS-1918,PR-10192,PD-2614,REL-2019.12,tax-service,support_case,email,"Traceability note for tax-service: links source evidence across tickets, PRs, incidents, metrics, and KT artifacts so Ask AI can cite the right context."
TRACE-00477,ATLAS-3888,PR-8060,PD-2690,REL-2018.4.6,auth-gateway,runbook,github,"Traceability note for auth-gateway: links source evidence across tickets, PRs, incidents, metrics, and KT artifacts so Ask AI can cite the right context."
TRACE-00478,ATLAS-1792,PR-8141,,REL-2025.1.16,notification-service,business_requirement,grafana,"Traceability note for notification-service: links source evidence across tickets, PRs, incidents, metrics, and KT artifacts so Ask AI can cite the right context."
TRACE-00479,ATLAS-3148,PR-5691,PD-2781,REL-2019.3.19,analytics-pipeline,metric,github,"Traceability note for analytics-pipeline: links source evidence across tickets, PRs, incidents, metrics, and KT artifacts so Ask AI can cite the right context."
TRACE-00480,ATLAS-3116,PR-12145,PD-2637,REL-2018.4.14,checkout-api,business_requirement,support,"Traceability note for checkout-api: links source evidence across tickets, PRs, incidents, metrics, and KT artifacts so Ask AI can cite the right context."
TRACE-00481,ATLAS-1669,PR-8062,,REL-2021.4.7,auth-gateway,runbook,teams,"Traceability note for auth-gateway: links source evidence across tickets, PRs, incidents, metrics, and KT artifacts so Ask AI can cite the right context."
TRACE-00482,ATLAS-1334,PR-7680,,REL-2021.1.19,auth-gateway,deployment,jira,"Traceability note for auth-gateway: links source evidence across tickets, PRs, incidents, metrics, and KT artifacts so Ask AI can cite the right context."
TRACE-00483,ATLAS-1490,PR-10017,,REL-2020.10,analytics-pipeline,decision,confluence,"Traceability note for analytics-pipeline: links source evidence across tickets, PRs, incidents, metrics, and KT artifacts so Ask AI can cite the right context."
TRACE-00484,ATLAS-5774,PR-5256,PD-2560,REL-2021.06,notification-service,risk,grafana,"Traceability note for notification-service: links source evidence across tickets, PRs, incidents, metrics, and KT artifacts so Ask AI can cite the right context."
TRACE-00485,ATLAS-4397,PR-5961,,REL-2022.11,pricing-engine,runbook,grafana,"Traceability note for pricing-engine: links source evidence across tickets, PRs, incidents, metrics, and KT artifacts so Ask AI can cite the right context."
TRACE-00486,ATLAS-5950,PR-10060,,REL-2020.08,notification-service,support_case,database,"Traceability note for notification-service: links source evidence across tickets, PRs, incidents, metrics, and KT artifacts so Ask AI can cite the right context."
TRACE-00487,ATLAS-2072,PR-5616,PD-2190,REL-2025.3.10,analytics-pipeline,db_health,github,"Traceability note for analytics-pipeline: links source evidence across tickets, PRs, incidents, metrics, and KT artifacts so Ask AI can cite the right context."
TRACE-00488,ATLAS-1303,PR-5338,,REL-2019.1.6,tax-service,risk,email,"Traceability note for tax-service: links source evidence across tickets, PRs, incidents, metrics, and KT artifacts so Ask AI can cite the right context."
TRACE-00489,ATLAS-2745,PR-7167,PD-2210,REL-2022.3.8,analytics-pipeline,support_case,jira,"Traceability note for analytics-pipeline: links source evidence across tickets, PRs, incidents, metrics, and KT artifacts so Ask AI can cite the right context."
TRACE-00490,ATLAS-5974,PR-8826,PD-2768,REL-2021.07,order-ledger,decision,database,"Traceability note for order-ledger: links source evidence across tickets, PRs, incidents, metrics, and KT artifacts so Ask AI can cite the right context."
TRACE-00491,ATLAS-1608,PR-7066,,REL-2023.11,analytics-pipeline,decision,grafana,"Traceability note for analytics-pipeline: links source evidence across tickets, PRs, incidents, metrics, and KT artifacts so Ask AI can cite the right context."
TRACE-00492,ATLAS-5297,PR-10849,PD-2744,REL-2023.1.0,inventory-reservation,db_health,github,"Traceability note for inventory-reservation: links source evidence across tickets, PRs, incidents, metrics, and KT artifacts so Ask AI can cite the right context."
TRACE-00493,ATLAS-5688,PR-6732,,REL-2022.10,search-recommendations,db_health,email,"Traceability note for search-recommendations: links source evidence across tickets, PRs, incidents, metrics, and KT artifacts so Ask AI can cite the right context."
TRACE-00494,ATLAS-2981,PR-5510,,REL-2020.1.3,analytics-pipeline,risk,pagerduty,"Traceability note for analytics-pipeline: links source evidence across tickets, PRs, incidents, metrics, and KT artifacts so Ask AI can cite the right context."
TRACE-00495,ATLAS-5007,PR-5599,PD-2818,REL-2023.12,loyalty-service,decision,confluence,"Traceability note for loyalty-service: links source evidence across tickets, PRs, incidents, metrics, and KT artifacts so Ask AI can cite the right context."
TRACE-00496,ATLAS-2412,PR-8446,PD-2742,REL-2023.02,auth-gateway,runbook,database,"Traceability note for auth-gateway: links source evidence across tickets, PRs, incidents, metrics, and KT artifacts so Ask AI can cite the right context."
TRACE-00497,ATLAS-5434,PR-11135,,REL-2021.4.19,cart-service,runbook,teams,"Traceability note for cart-service: links source evidence across tickets, PRs, incidents, metrics, and KT artifacts so Ask AI can cite the right context."
TRACE-00498,ATLAS-3152,PR-11185,,REL-2020.1.5,auth-gateway,deployment,github,"Traceability note for auth-gateway: links source evidence across tickets, PRs, incidents, metrics, and KT artifacts so Ask AI can cite the right context."
TRACE-00499,ATLAS-3154,PR-10186,,REL-2019.3.2,loyalty-service,metric,jira,"Traceability note for loyalty-service: links source evidence across tickets, PRs, incidents, metrics, and KT artifacts so Ask AI can cite the right context."
TRACE-00500,ATLAS-3455,PR-10469,PD-2877,REL-2018.2.19,inventory-reservation,support_case,confluence,"Traceability note for inventory-reservation: links source evidence across tickets, PRs, incidents, metrics, and KT artifacts so Ask AI can cite the right context."
TRACE-00501,ATLAS-2736,PR-11970,,REL-2019.03,inventory-reservation,support_case,pagerduty,"Traceability note for inventory-reservation: links source evidence across tickets, PRs, incidents, metrics, and KT artifacts so Ask AI can cite the right context."
TRACE-00502,ATLAS-1582,PR-9172,,REL-2020.05,checkout-api,runbook,github,"Traceability note for checkout-api: links source evidence across tickets, PRs, incidents, metrics, and KT artifacts so Ask AI can cite the right context."
TRACE-00503,ATLAS-5281,PR-10215,,REL-2020.4.17,pricing-engine,db_health,database,"Traceability note for pricing-engine: links source evidence across tickets, PRs, incidents, metrics, and KT artifacts so Ask AI can cite the right context."
TRACE-00504,ATLAS-5851,PR-6968,,REL-2019.4.2,checkout-api,deployment,teams,"Traceability note for checkout-api: links source evidence across tickets, PRs, incidents, metrics, and KT artifacts so Ask AI can cite the right context."
TRACE-00505,ATLAS-3184,PR-8033,,REL-2019.05,analytics-pipeline,deployment,jira,"Traceability note for analytics-pipeline: links source evidence across tickets, PRs, incidents, metrics, and KT artifacts so Ask AI can cite the right context."
TRACE-00506,ATLAS-1197,PR-7218,,REL-2019.09,loyalty-service,runbook,database,"Traceability note for loyalty-service: links source evidence across tickets, PRs, incidents, metrics, and KT artifacts so Ask AI can cite the right context."
TRACE-00507,ATLAS-5846,PR-7443,,REL-2025.4.4,cart-service,risk,grafana,"Traceability note for cart-service: links source evidence across tickets, PRs, incidents, metrics, and KT artifacts so Ask AI can cite the right context."
TRACE-00508,ATLAS-4922,PR-6012,PD-2291,REL-2023.4.0,pricing-engine,business_requirement,support,"Traceability note for pricing-engine: links source evidence across tickets, PRs, incidents, metrics, and KT artifacts so Ask AI can cite the right context."
TRACE-00509,ATLAS-4485,PR-12132,,REL-2022.4.14,loyalty-service,decision,database,"Traceability note for loyalty-service: links source evidence across tickets, PRs, incidents, metrics, and KT artifacts so Ask AI can cite the right context."
TRACE-00510,ATLAS-4807,PR-9107,PD-2475,REL-2020.2.8,inventory-reservation,runbook,database,"Traceability note for inventory-reservation: links source evidence across tickets, PRs, incidents, metrics, and KT artifacts so Ask AI can cite the right context."
TRACE-00511,ATLAS-4563,PR-5286,,REL-2020.06,payment-orchestrator,deployment,database,"Traceability note for payment-orchestrator: links source evidence across tickets, PRs, incidents, metrics, and KT artifacts so Ask AI can cite the right context."
TRACE-00512,ATLAS-2843,PR-7606,,REL-2021.2.3,tax-service,risk,database,"Traceability note for tax-service: links source evidence across tickets, PRs, incidents, metrics, and KT artifacts so Ask AI can cite the right context."
TRACE-00513,ATLAS-5701,PR-5474,,REL-2023.3.7,checkout-api,decision,jira,"Traceability note for checkout-api: links source evidence across tickets, PRs, incidents, metrics, and KT artifacts so Ask AI can cite the right context."
TRACE-00514,ATLAS-1668,PR-7898,,REL-2025.07,auth-gateway,db_health,support,"Traceability note for auth-gateway: links source evidence across tickets, PRs, incidents, metrics, and KT artifacts so Ask AI can cite the right context."
TRACE-00515,ATLAS-4756,PR-6248,PD-2559,REL-2025.4.2,inventory-reservation,db_health,support,"Traceability note for inventory-reservation: links source evidence across tickets, PRs, incidents, metrics, and KT artifacts so Ask AI can cite the right context."
TRACE-00516,ATLAS-1475,PR-8581,,REL-2025.1.11,inventory-reservation,business_requirement,github,"Traceability note for inventory-reservation: links source evidence across tickets, PRs, incidents, metrics, and KT artifacts so Ask AI can cite the right context."
TRACE-00517,ATLAS-5966,PR-10695,,REL-2020.3.0,search-recommendations,support_case,teams,"Traceability note for search-recommendations: links source evidence across tickets, PRs, incidents, metrics, and KT artifacts so Ask AI can cite the right context."
TRACE-00518,ATLAS-3693,PR-9454,PD-2018,REL-2024.3.4,pricing-engine,deployment,database,"Traceability note for pricing-engine: links source evidence across tickets, PRs, incidents, metrics, and KT artifacts so Ask AI can cite the right context."
TRACE-00519,ATLAS-2375,PR-12323,,REL-2020.3.11,tax-service,deployment,support,"Traceability note for tax-service: links source evidence across tickets, PRs, incidents, metrics, and KT artifacts so Ask AI can cite the right context."
TRACE-00520,ATLAS-3059,PR-8316,,REL-2020.1.15,inventory-reservation,decision,grafana,"Traceability note for inventory-reservation: links source evidence across tickets, PRs, incidents, metrics, and KT artifacts so Ask AI can cite the right context."
TRACE-00521,ATLAS-3411,PR-10204,,REL-2019.11,search-recommendations,db_health,teams,"Traceability note for search-recommendations: links source evidence across tickets, PRs, incidents, metrics, and KT artifacts so Ask AI can cite the right context."
TRACE-00522,ATLAS-2335,PR-9932,,REL-2022.02,inventory-reservation,decision,jira,"Traceability note for inventory-reservation: links source evidence across tickets, PRs, incidents, metrics, and KT artifacts so Ask AI can cite the right context."
TRACE-00523,ATLAS-1717,PR-11328,PD-2691,REL-2025.03,search-recommendations,business_requirement,jira,"Traceability note for search-recommendations: links source evidence across tickets, PRs, incidents, metrics, and KT artifacts so Ask AI can cite the right context."
TRACE-00524,ATLAS-2775,PR-6647,PD-2671,REL-2024.3.6,tax-service,db_health,teams,"Traceability note for tax-service: links source evidence across tickets, PRs, incidents, metrics, and KT artifacts so Ask AI can cite the right context."
TRACE-00525,ATLAS-2074,PR-6787,,REL-2024.09,notification-service,runbook,pagerduty,"Traceability note for notification-service: links source evidence across tickets, PRs, incidents, metrics, and KT artifacts so Ask AI can cite the right context."
TRACE-00526,ATLAS-4715,PR-7473,,REL-2018.3.14,analytics-pipeline,runbook,jira,"Traceability note for analytics-pipeline: links source evidence across tickets, PRs, incidents, metrics, and KT artifacts so Ask AI can cite the right context."
TRACE-00527,ATLAS-2237,PR-6843,,REL-2021.04,cart-service,decision,support,"Traceability note for cart-service: links source evidence across tickets, PRs, incidents, metrics, and KT artifacts so Ask AI can cite the right context."
TRACE-00528,ATLAS-2236,PR-11447,,REL-2026.02,notification-service,deployment,database,"Traceability note for notification-service: links source evidence across tickets, PRs, incidents, metrics, and KT artifacts so Ask AI can cite the right context."
TRACE-00529,ATLAS-2373,PR-10041,,REL-2020.4.2,cart-service,decision,email,"Traceability note for cart-service: links source evidence across tickets, PRs, incidents, metrics, and KT artifacts so Ask AI can cite the right context."
TRACE-00530,ATLAS-2630,PR-12045,PD-2806,REL-2025.11,tax-service,deployment,email,"Traceability note for tax-service: links source evidence across tickets, PRs, incidents, metrics, and KT artifacts so Ask AI can cite the right context."
TRACE-00531,ATLAS-1866,PR-7830,PD-2844,REL-2023.11,checkout-api,metric,github,"Traceability note for checkout-api: links source evidence across tickets, PRs, incidents, metrics, and KT artifacts so Ask AI can cite the right context."
TRACE-00532,ATLAS-2360,PR-11570,,REL-2022.2.15,payment-orchestrator,runbook,support,"Traceability note for payment-orchestrator: links source evidence across tickets, PRs, incidents, metrics, and KT artifacts so Ask AI can cite the right context."
TRACE-00533,ATLAS-5762,PR-5967,,REL-2019.1.14,auth-gateway,deployment,confluence,"Traceability note for auth-gateway: links source evidence across tickets, PRs, incidents, metrics, and KT artifacts so Ask AI can cite the right context."
TRACE-00534,ATLAS-5439,PR-5208,,REL-2025.4.8,loyalty-service,risk,database,"Traceability note for loyalty-service: links source evidence across tickets, PRs, incidents, metrics, and KT artifacts so Ask AI can cite the right context."
TRACE-00535,ATLAS-3174,PR-12359,PD-2082,REL-2022.2.19,notification-service,support_case,jira,"Traceability note for notification-service: links source evidence across tickets, PRs, incidents, metrics, and KT artifacts so Ask AI can cite the right context."
TRACE-00536,ATLAS-5253,PR-11569,PD-2246,REL-2025.2.3,tax-service,decision,support,"Traceability note for tax-service: links source evidence across tickets, PRs, incidents, metrics, and KT artifacts so Ask AI can cite the right context."
TRACE-00537,ATLAS-2047,PR-7832,,REL-2023.2.12,loyalty-service,deployment,jira,"Traceability note for loyalty-service: links source evidence across tickets, PRs, incidents, metrics, and KT artifacts so Ask AI can cite the right context."
TRACE-00538,ATLAS-2341,PR-12035,,REL-2023.05,loyalty-service,business_requirement,github,"Traceability note for loyalty-service: links source evidence across tickets, PRs, incidents, metrics, and KT artifacts so Ask AI can cite the right context."
TRACE-00539,ATLAS-2651,PR-10694,,REL-2021.3.3,pricing-engine,db_health,teams,"Traceability note for pricing-engine: links source evidence across tickets, PRs, incidents, metrics, and KT artifacts so Ask AI can cite the right context."
TRACE-00540,ATLAS-5830,PR-5808,,REL-2023.07,payment-orchestrator,metric,pagerduty,"Traceability note for payment-orchestrator: links source evidence across tickets, PRs, incidents, metrics, and KT artifacts so Ask AI can cite the right context."
TRACE-00541,ATLAS-4773,PR-5845,,REL-2025.3.2,checkout-api,risk,email,"Traceability note for checkout-api: links source evidence across tickets, PRs, incidents, metrics, and KT artifacts so Ask AI can cite the right context."
TRACE-00542,ATLAS-2501,PR-6477,,REL-2021.08,loyalty-service,decision,teams,"Traceability note for loyalty-service: links source evidence across tickets, PRs, incidents, metrics, and KT artifacts so Ask AI can cite the right context."
TRACE-00543,ATLAS-4700,PR-9974,,REL-2025.03,notification-service,risk,confluence,"Traceability note for notification-service: links source evidence across tickets, PRs, incidents, metrics, and KT artifacts so Ask AI can cite the right context."
TRACE-00544,ATLAS-5110,PR-9190,,REL-2019.06,payment-orchestrator,db_health,teams,"Traceability note for payment-orchestrator: links source evidence across tickets, PRs, incidents, metrics, and KT artifacts so Ask AI can cite the right context."
TRACE-00545,ATLAS-6045,PR-6563,,REL-2023.12,notification-service,db_health,confluence,"Traceability note for notification-service: links source evidence across tickets, PRs, incidents, metrics, and KT artifacts so Ask AI can cite the right context."
TRACE-00546,ATLAS-4088,PR-10528,PD-2489,REL-2020.1.12,pricing-engine,metric,pagerduty,"Traceability note for pricing-engine: links source evidence across tickets, PRs, incidents, metrics, and KT artifacts so Ask AI can cite the right context."
TRACE-00547,ATLAS-2616,PR-5719,PD-2754,REL-2024.04,tax-service,decision,github,"Traceability note for tax-service: links source evidence across tickets, PRs, incidents, metrics, and KT artifacts so Ask AI can cite the right context."
TRACE-00548,ATLAS-2747,PR-6161,PD-2572,REL-2024.08,notification-service,deployment,grafana,"Traceability note for notification-service: links source evidence across tickets, PRs, incidents, metrics, and KT artifacts so Ask AI can cite the right context."
TRACE-00549,ATLAS-1986,PR-11712,,REL-2023.2.12,auth-gateway,deployment,jira,"Traceability note for auth-gateway: links source evidence across tickets, PRs, incidents, metrics, and KT artifacts so Ask AI can cite the right context."
TRACE-00550,ATLAS-1036,PR-5699,PD-2257,REL-2024.3.4,notification-service,business_requirement,email,"Traceability note for notification-service: links source evidence across tickets, PRs, incidents, metrics, and KT artifacts so Ask AI can cite the right context."
TRACE-00551,ATLAS-3907,PR-11958,,REL-2024.3.10,inventory-reservation,db_health,github,"Traceability note for inventory-reservation: links source evidence across tickets, PRs, incidents, metrics, and KT artifacts so Ask AI can cite the right context."
TRACE-00552,ATLAS-3311,PR-10561,,REL-2022.1.3,cart-service,metric,grafana,"Traceability note for cart-service: links source evidence across tickets, PRs, incidents, metrics, and KT artifacts so Ask AI can cite the right context."
TRACE-00553,ATLAS-4632,PR-7618,,REL-2020.02,loyalty-service,runbook,teams,"Traceability note for loyalty-service: links source evidence across tickets, PRs, incidents, metrics, and KT artifacts so Ask AI can cite the right context."
TRACE-00554,ATLAS-5557,PR-8476,PD-2747,REL-2022.3.4,analytics-pipeline,business_requirement,pagerduty,"Traceability note for analytics-pipeline: links source evidence across tickets, PRs, incidents, metrics, and KT artifacts so Ask AI can cite the right context."
TRACE-00555,ATLAS-1583,PR-9797,,REL-2025.3.2,search-recommendations,db_health,confluence,"Traceability note for search-recommendations: links source evidence across tickets, PRs, incidents, metrics, and KT artifacts so Ask AI can cite the right context."
TRACE-00556,ATLAS-3291,PR-9228,PD-2076,REL-2019.12,analytics-pipeline,risk,database,"Traceability note for analytics-pipeline: links source evidence across tickets, PRs, incidents, metrics, and KT artifacts so Ask AI can cite the right context."
TRACE-00557,ATLAS-1502,PR-9671,,REL-2022.2.9,checkout-api,risk,jira,"Traceability note for checkout-api: links source evidence across tickets, PRs, incidents, metrics, and KT artifacts so Ask AI can cite the right context."
TRACE-00558,ATLAS-5500,PR-5884,,REL-2021.03,search-recommendations,runbook,teams,"Traceability note for search-recommendations: links source evidence across tickets, PRs, incidents, metrics, and KT artifacts so Ask AI can cite the right context."
TRACE-00559,ATLAS-4529,PR-5521,,REL-2023.11,cart-service,deployment,teams,"Traceability note for cart-service: links source evidence across tickets, PRs, incidents, metrics, and KT artifacts so Ask AI can cite the right context."
TRACE-00560,ATLAS-5146,PR-5240,,REL-2025.4.11,notification-service,db_health,github,"Traceability note for notification-service: links source evidence across tickets, PRs, incidents, metrics, and KT artifacts so Ask AI can cite the right context."
TRACE-00561,ATLAS-4239,PR-10142,,REL-2023.2.0,auth-gateway,metric,github,"Traceability note for auth-gateway: links source evidence across tickets, PRs, incidents, metrics, and KT artifacts so Ask AI can cite the right context."
TRACE-00562,ATLAS-1425,PR-12110,,REL-2018.3.14,analytics-pipeline,risk,database,"Traceability note for analytics-pipeline: links source evidence across tickets, PRs, incidents, metrics, and KT artifacts so Ask AI can cite the right context."
TRACE-00563,ATLAS-5015,PR-9496,,REL-2025.3.2,tax-service,runbook,jira,"Traceability note for tax-service: links source evidence across tickets, PRs, incidents, metrics, and KT artifacts so Ask AI can cite the right context."
TRACE-00564,ATLAS-3710,PR-8485,,REL-2025.08,search-recommendations,decision,database,"Traceability note for search-recommendations: links source evidence across tickets, PRs, incidents, metrics, and KT artifacts so Ask AI can cite the right context."
TRACE-00565,ATLAS-5758,PR-12405,,REL-2019.3.14,notification-service,metric,grafana,"Traceability note for notification-service: links source evidence across tickets, PRs, incidents, metrics, and KT artifacts so Ask AI can cite the right context."
TRACE-00566,ATLAS-2103,PR-7191,PD-2666,REL-2022.01,checkout-api,metric,teams,"Traceability note for checkout-api: links source evidence across tickets, PRs, incidents, metrics, and KT artifacts so Ask AI can cite the right context."
TRACE-00567,ATLAS-3429,PR-7850,,REL-2026.1.16,loyalty-service,deployment,teams,"Traceability note for loyalty-service: links source evidence across tickets, PRs, incidents, metrics, and KT artifacts so Ask AI can cite the right context."
TRACE-00568,ATLAS-1522,PR-12221,,REL-2020.2.2,checkout-api,db_health,support,"Traceability note for checkout-api: links source evidence across tickets, PRs, incidents, metrics, and KT artifacts so Ask AI can cite the right context."
TRACE-00569,ATLAS-2257,PR-5167,,REL-2024.02,search-recommendations,deployment,grafana,"Traceability note for search-recommendations: links source evidence across tickets, PRs, incidents, metrics, and KT artifacts so Ask AI can cite the right context."
TRACE-00570,ATLAS-1031,PR-5382,PD-2580,REL-2022.3.11,pricing-engine,risk,jira,"Traceability note for pricing-engine: links source evidence across tickets, PRs, incidents, metrics, and KT artifacts so Ask AI can cite the right context."
TRACE-00571,ATLAS-5958,PR-12128,,REL-2018.4.16,search-recommendations,support_case,support,"Traceability note for search-recommendations: links source evidence across tickets, PRs, incidents, metrics, and KT artifacts so Ask AI can cite the right context."
TRACE-00572,ATLAS-5369,PR-7511,PD-2329,REL-2024.4.9,auth-gateway,risk,confluence,"Traceability note for auth-gateway: links source evidence across tickets, PRs, incidents, metrics, and KT artifacts so Ask AI can cite the right context."
TRACE-00573,ATLAS-1406,PR-12362,PD-2479,REL-2020.06,inventory-reservation,business_requirement,github,"Traceability note for inventory-reservation: links source evidence across tickets, PRs, incidents, metrics, and KT artifacts so Ask AI can cite the right context."
TRACE-00574,ATLAS-2362,PR-12094,PD-2168,REL-2021.09,auth-gateway,decision,teams,"Traceability note for auth-gateway: links source evidence across tickets, PRs, incidents, metrics, and KT artifacts so Ask AI can cite the right context."
TRACE-00575,ATLAS-6111,PR-7814,,REL-2020.4.2,order-ledger,metric,jira,"Traceability note for order-ledger: links source evidence across tickets, PRs, incidents, metrics, and KT artifacts so Ask AI can cite the right context."
TRACE-00576,ATLAS-1791,PR-5267,PD-2036,REL-2020.1.0,payment-orchestrator,db_health,grafana,"Traceability note for payment-orchestrator: links source evidence across tickets, PRs, incidents, metrics, and KT artifacts so Ask AI can cite the right context."
TRACE-00577,ATLAS-2981,PR-8982,PD-2038,REL-2024.3.4,checkout-api,risk,jira,"Traceability note for checkout-api: links source evidence across tickets, PRs, incidents, metrics, and KT artifacts so Ask AI can cite the right context."
TRACE-00578,ATLAS-5608,PR-11139,PD-2162,REL-2026.2.0,analytics-pipeline,db_health,jira,"Traceability note for analytics-pipeline: links source evidence across tickets, PRs, incidents, metrics, and KT artifacts so Ask AI can cite the right context."
TRACE-00579,ATLAS-2613,PR-5483,,REL-2024.05,analytics-pipeline,db_health,teams,"Traceability note for analytics-pipeline: links source evidence across tickets, PRs, incidents, metrics, and KT artifacts so Ask AI can cite the right context."
TRACE-00580,ATLAS-2927,PR-5842,,REL-2019.2.9,search-recommendations,db_health,email,"Traceability note for search-recommendations: links source evidence across tickets, PRs, incidents, metrics, and KT artifacts so Ask AI can cite the right context."
TRACE-00581,ATLAS-1263,PR-9123,,REL-2018.4.16,loyalty-service,business_requirement,jira,"Traceability note for loyalty-service: links source evidence across tickets, PRs, incidents, metrics, and KT artifacts so Ask AI can cite the right context."
TRACE-00582,ATLAS-4374,PR-5078,PD-2684,REL-2020.01,pricing-engine,risk,grafana,"Traceability note for pricing-engine: links source evidence across tickets, PRs, incidents, metrics, and KT artifacts so Ask AI can cite the right context."
TRACE-00583,ATLAS-4381,PR-8780,PD-2098,REL-2024.11,order-ledger,support_case,pagerduty,"Traceability note for order-ledger: links source evidence across tickets, PRs, incidents, metrics, and KT artifacts so Ask AI can cite the right context."
TRACE-00584,ATLAS-4784,PR-5125,,REL-2019.02,order-ledger,deployment,github,"Traceability note for order-ledger: links source evidence across tickets, PRs, incidents, metrics, and KT artifacts so Ask AI can cite the right context."
TRACE-00585,ATLAS-4758,PR-5618,,REL-2019.2.17,search-recommendations,risk,email,"Traceability note for search-recommendations: links source evidence across tickets, PRs, incidents, metrics, and KT artifacts so Ask AI can cite the right context."
TRACE-00586,ATLAS-2289,PR-12159,PD-2512,REL-2022.1.6,payment-orchestrator,risk,database,"Traceability note for payment-orchestrator: links source evidence across tickets, PRs, incidents, metrics, and KT artifacts so Ask AI can cite the right context."
TRACE-00587,ATLAS-6114,PR-6572,,REL-2022.1.19,inventory-reservation,db_health,teams,"Traceability note for inventory-reservation: links source evidence across tickets, PRs, incidents, metrics, and KT artifacts so Ask AI can cite the right context."
TRACE-00588,ATLAS-3109,PR-8399,PD-2288,REL-2023.1.14,loyalty-service,risk,grafana,"Traceability note for loyalty-service: links source evidence across tickets, PRs, incidents, metrics, and KT artifacts so Ask AI can cite the right context."
TRACE-00589,ATLAS-4640,PR-11762,,REL-2021.1.10,loyalty-service,decision,github,"Traceability note for loyalty-service: links source evidence across tickets, PRs, incidents, metrics, and KT artifacts so Ask AI can cite the right context."
TRACE-00590,ATLAS-3230,PR-7753,PD-2447,REL-2020.1.18,auth-gateway,metric,teams,"Traceability note for auth-gateway: links source evidence across tickets, PRs, incidents, metrics, and KT artifacts so Ask AI can cite the right context."
TRACE-00591,ATLAS-2938,PR-8050,,REL-2019.3.14,inventory-reservation,decision,github,"Traceability note for inventory-reservation: links source evidence across tickets, PRs, incidents, metrics, and KT artifacts so Ask AI can cite the right context."
TRACE-00592,ATLAS-5409,PR-9641,PD-2344,REL-2019.12,loyalty-service,deployment,database,"Traceability note for loyalty-service: links source evidence across tickets, PRs, incidents, metrics, and KT artifacts so Ask AI can cite the right context."
TRACE-00593,ATLAS-4193,PR-6968,PD-2636,REL-2019.10,loyalty-service,decision,database,"Traceability note for loyalty-service: links source evidence across tickets, PRs, incidents, metrics, and KT artifacts so Ask AI can cite the right context."
TRACE-00594,ATLAS-3221,PR-11273,,REL-2023.4.3,tax-service,db_health,github,"Traceability note for tax-service: links source evidence across tickets, PRs, incidents, metrics, and KT artifacts so Ask AI can cite the right context."
TRACE-00595,ATLAS-4671,PR-5849,,REL-2018.3.16,tax-service,deployment,github,"Traceability note for tax-service: links source evidence across tickets, PRs, incidents, metrics, and KT artifacts so Ask AI can cite the right context."
TRACE-00596,ATLAS-3198,PR-5483,,REL-2023.12,tax-service,risk,email,"Traceability note for tax-service: links source evidence across tickets, PRs, incidents, metrics, and KT artifacts so Ask AI can cite the right context."
TRACE-00597,ATLAS-1967,PR-7117,,REL-2019.2.11,loyalty-service,support_case,database,"Traceability note for loyalty-service: links source evidence across tickets, PRs, incidents, metrics, and KT artifacts so Ask AI can cite the right context."
TRACE-00598,ATLAS-1373,PR-5401,,REL-2020.1.0,search-recommendations,db_health,database,"Traceability note for search-recommendations: links source evidence across tickets, PRs, incidents, metrics, and KT artifacts so Ask AI can cite the right context."
TRACE-00599,ATLAS-2396,PR-5807,PD-2710,REL-2021.2.4,inventory-reservation,decision,support,"Traceability note for inventory-reservation: links source evidence across tickets, PRs, incidents, metrics, and KT artifacts so Ask AI can cite the right context."
TRACE-00600,ATLAS-2251,PR-9730,PD-2591,REL-2018.3.17,analytics-pipeline,metric,support,"Traceability note for analytics-pipeline: links source evidence across tickets, PRs, incidents, metrics, and KT artifacts so Ask AI can cite the right context."
TRACE-00601,ATLAS-2829,PR-9709,,REL-2024.10,auth-gateway,support_case,pagerduty,"Traceability note for auth-gateway: links source evidence across tickets, PRs, incidents, metrics, and KT artifacts so Ask AI can cite the right context."
TRACE-00602,ATLAS-5836,PR-7846,,REL-2019.02,inventory-reservation,db_health,grafana,"Traceability note for inventory-reservation: links source evidence across tickets, PRs, incidents, metrics, and KT artifacts so Ask AI can cite the right context."
TRACE-00603,ATLAS-1841,PR-7853,PD-2090,REL-2023.02,pricing-engine,decision,teams,"Traceability note for pricing-engine: links source evidence across tickets, PRs, incidents, metrics, and KT artifacts so Ask AI can cite the right context."
TRACE-00604,ATLAS-4322,PR-10326,PD-2312,REL-2024.4.6,cart-service,support_case,jira,"Traceability note for cart-service: links source evidence across tickets, PRs, incidents, metrics, and KT artifacts so Ask AI can cite the right context."
TRACE-00605,ATLAS-5383,PR-8418,,REL-2024.3.11,analytics-pipeline,decision,database,"Traceability note for analytics-pipeline: links source evidence across tickets, PRs, incidents, metrics, and KT artifacts so Ask AI can cite the right context."
TRACE-00606,ATLAS-4328,PR-9636,,REL-2020.1.5,notification-service,metric,teams,"Traceability note for notification-service: links source evidence across tickets, PRs, incidents, metrics, and KT artifacts so Ask AI can cite the right context."
TRACE-00607,ATLAS-4309,PR-12020,,REL-2020.3.10,checkout-api,support_case,confluence,"Traceability note for checkout-api: links source evidence across tickets, PRs, incidents, metrics, and KT artifacts so Ask AI can cite the right context."
TRACE-00608,ATLAS-4441,PR-6249,,REL-2020.1.5,pricing-engine,decision,support,"Traceability note for pricing-engine: links source evidence across tickets, PRs, incidents, metrics, and KT artifacts so Ask AI can cite the right context."
TRACE-00609,ATLAS-3535,PR-6870,PD-2036,REL-2018.3.10,cart-service,metric,database,"Traceability note for cart-service: links source evidence across tickets, PRs, incidents, metrics, and KT artifacts so Ask AI can cite the right context."
TRACE-00610,ATLAS-3897,PR-8555,PD-2882,REL-2019.3.19,order-ledger,deployment,email,"Traceability note for order-ledger: links source evidence across tickets, PRs, incidents, metrics, and KT artifacts so Ask AI can cite the right context."
TRACE-00611,ATLAS-4789,PR-11859,,REL-2023.08,order-ledger,decision,email,"Traceability note for order-ledger: links source evidence across tickets, PRs, incidents, metrics, and KT artifacts so Ask AI can cite the right context."
TRACE-00612,ATLAS-1417,PR-9099,,REL-2018.4.12,notification-service,metric,confluence,"Traceability note for notification-service: links source evidence across tickets, PRs, incidents, metrics, and KT artifacts so Ask AI can cite the right context."
TRACE-00613,ATLAS-3129,PR-8378,PD-2354,REL-2024.2.7,order-ledger,metric,grafana,"Traceability note for order-ledger: links source evidence across tickets, PRs, incidents, metrics, and KT artifacts so Ask AI can cite the right context."
TRACE-00614,ATLAS-1350,PR-9209,PD-2319,REL-2022.02,payment-orchestrator,db_health,database,"Traceability note for payment-orchestrator: links source evidence across tickets, PRs, incidents, metrics, and KT artifacts so Ask AI can cite the right context."
TRACE-00615,ATLAS-3894,PR-9363,,REL-2026.05,payment-orchestrator,business_requirement,pagerduty,"Traceability note for payment-orchestrator: links source evidence across tickets, PRs, incidents, metrics, and KT artifacts so Ask AI can cite the right context."
TRACE-00616,ATLAS-3002,PR-9569,,REL-2023.1.6,auth-gateway,support_case,email,"Traceability note for auth-gateway: links source evidence across tickets, PRs, incidents, metrics, and KT artifacts so Ask AI can cite the right context."
TRACE-00617,ATLAS-3350,PR-6205,PD-2383,REL-2023.4.17,inventory-reservation,db_health,grafana,"Traceability note for inventory-reservation: links source evidence across tickets, PRs, incidents, metrics, and KT artifacts so Ask AI can cite the right context."
TRACE-00618,ATLAS-4587,PR-7803,,REL-2024.12,loyalty-service,runbook,github,"Traceability note for loyalty-service: links source evidence across tickets, PRs, incidents, metrics, and KT artifacts so Ask AI can cite the right context."
TRACE-00619,ATLAS-3211,PR-7225,,REL-2025.03,checkout-api,business_requirement,github,"Traceability note for checkout-api: links source evidence across tickets, PRs, incidents, metrics, and KT artifacts so Ask AI can cite the right context."
TRACE-00620,ATLAS-4161,PR-9464,,REL-2021.06,payment-orchestrator,deployment,email,"Traceability note for payment-orchestrator: links source evidence across tickets, PRs, incidents, metrics, and KT artifacts so Ask AI can cite the right context."
TRACE-00621,ATLAS-4799,PR-9340,PD-2775,REL-2023.02,search-recommendations,db_health,grafana,"Traceability note for search-recommendations: links source evidence across tickets, PRs, incidents, metrics, and KT artifacts so Ask AI can cite the right context."
TRACE-00622,ATLAS-1312,PR-9780,,REL-2025.1.9,auth-gateway,support_case,teams,"Traceability note for auth-gateway: links source evidence across tickets, PRs, incidents, metrics, and KT artifacts so Ask AI can cite the right context."
TRACE-00623,ATLAS-1215,PR-7816,,REL-2019.1.6,cart-service,deployment,email,"Traceability note for cart-service: links source evidence across tickets, PRs, incidents, metrics, and KT artifacts so Ask AI can cite the right context."
TRACE-00624,ATLAS-2233,PR-8069,,REL-2024.07,auth-gateway,risk,pagerduty,"Traceability note for auth-gateway: links source evidence across tickets, PRs, incidents, metrics, and KT artifacts so Ask AI can cite the right context."
TRACE-00625,ATLAS-5641,PR-5107,PD-2471,REL-2025.1.6,loyalty-service,risk,github,"Traceability note for loyalty-service: links source evidence across tickets, PRs, incidents, metrics, and KT artifacts so Ask AI can cite the right context."
TRACE-00626,ATLAS-6086,PR-6158,PD-2251,REL-2025.09,analytics-pipeline,support_case,database,"Traceability note for analytics-pipeline: links source evidence across tickets, PRs, incidents, metrics, and KT artifacts so Ask AI can cite the right context."
TRACE-00627,ATLAS-1087,PR-5991,PD-2346,REL-2022.2.15,tax-service,deployment,pagerduty,"Traceability note for tax-service: links source evidence across tickets, PRs, incidents, metrics, and KT artifacts so Ask AI can cite the right context."
TRACE-00628,ATLAS-4205,PR-5357,,REL-2024.3.2,order-ledger,runbook,jira,"Traceability note for order-ledger: links source evidence across tickets, PRs, incidents, metrics, and KT artifacts so Ask AI can cite the right context."
TRACE-00629,ATLAS-5579,PR-5507,,REL-2022.2.15,order-ledger,business_requirement,github,"Traceability note for order-ledger: links source evidence across tickets, PRs, incidents, metrics, and KT artifacts so Ask AI can cite the right context."
TRACE-00630,ATLAS-3136,PR-10437,PD-2173,REL-2025.3.10,checkout-api,runbook,email,"Traceability note for checkout-api: links source evidence across tickets, PRs, incidents, metrics, and KT artifacts so Ask AI can cite the right context."
TRACE-00631,ATLAS-5826,PR-10008,,REL-2023.3.1,loyalty-service,runbook,confluence,"Traceability note for loyalty-service: links source evidence across tickets, PRs, incidents, metrics, and KT artifacts so Ask AI can cite the right context."
TRACE-00632,ATLAS-5421,PR-11658,,REL-2022.4.10,cart-service,support_case,support,"Traceability note for cart-service: links source evidence across tickets, PRs, incidents, metrics, and KT artifacts so Ask AI can cite the right context."
TRACE-00633,ATLAS-3440,PR-5692,,REL-2021.4.16,checkout-api,risk,email,"Traceability note for checkout-api: links source evidence across tickets, PRs, incidents, metrics, and KT artifacts so Ask AI can cite the right context."
TRACE-00634,ATLAS-3297,PR-8888,PD-2264,REL-2023.09,inventory-reservation,db_health,grafana,"Traceability note for inventory-reservation: links source evidence across tickets, PRs, incidents, metrics, and KT artifacts so Ask AI can cite the right context."
TRACE-00635,ATLAS-4097,PR-7787,PD-2363,REL-2020.08,search-recommendations,risk,support,"Traceability note for search-recommendations: links source evidence across tickets, PRs, incidents, metrics, and KT artifacts so Ask AI can cite the right context."
TRACE-00636,ATLAS-4547,PR-6812,,REL-2025.1.9,analytics-pipeline,deployment,grafana,"Traceability note for analytics-pipeline: links source evidence across tickets, PRs, incidents, metrics, and KT artifacts so Ask AI can cite the right context."
TRACE-00637,ATLAS-1162,PR-10860,,REL-2020.2.8,loyalty-service,risk,email,"Traceability note for loyalty-service: links source evidence across tickets, PRs, incidents, metrics, and KT artifacts so Ask AI can cite the right context."
TRACE-00638,ATLAS-2496,PR-6047,PD-2874,REL-2020.3.5,pricing-engine,runbook,grafana,"Traceability note for pricing-engine: links source evidence across tickets, PRs, incidents, metrics, and KT artifacts so Ask AI can cite the right context."
TRACE-00639,ATLAS-2103,PR-10143,PD-2720,REL-2024.03,payment-orchestrator,metric,grafana,"Traceability note for payment-orchestrator: links source evidence across tickets, PRs, incidents, metrics, and KT artifacts so Ask AI can cite the right context."
TRACE-00640,ATLAS-3559,PR-12391,,REL-2024.3.4,notification-service,db_health,jira,"Traceability note for notification-service: links source evidence across tickets, PRs, incidents, metrics, and KT artifacts so Ask AI can cite the right context."
TRACE-00641,ATLAS-4852,PR-5382,,REL-2025.06,notification-service,decision,database,"Traceability note for notification-service: links source evidence across tickets, PRs, incidents, metrics, and KT artifacts so Ask AI can cite the right context."
TRACE-00642,ATLAS-1152,PR-7623,,REL-2021.3.9,payment-orchestrator,business_requirement,pagerduty,"Traceability note for payment-orchestrator: links source evidence across tickets, PRs, incidents, metrics, and KT artifacts so Ask AI can cite the right context."
TRACE-00643,ATLAS-3764,PR-5642,PD-2834,REL-2024.3.5,pricing-engine,db_health,pagerduty,"Traceability note for pricing-engine: links source evidence across tickets, PRs, incidents, metrics, and KT artifacts so Ask AI can cite the right context."
TRACE-00644,ATLAS-2489,PR-6100,PD-2134,REL-2024.4.14,pricing-engine,support_case,confluence,"Traceability note for pricing-engine: links source evidence across tickets, PRs, incidents, metrics, and KT artifacts so Ask AI can cite the right context."
TRACE-00645,ATLAS-1483,PR-11856,,REL-2019.3.9,payment-orchestrator,risk,database,"Traceability note for payment-orchestrator: links source evidence across tickets, PRs, incidents, metrics, and KT artifacts so Ask AI can cite the right context."
TRACE-00646,ATLAS-5710,PR-7428,,REL-2019.05,tax-service,decision,database,"Traceability note for tax-service: links source evidence across tickets, PRs, incidents, metrics, and KT artifacts so Ask AI can cite the right context."
TRACE-00647,ATLAS-5540,PR-11278,,REL-2020.4.2,checkout-api,runbook,jira,"Traceability note for checkout-api: links source evidence across tickets, PRs, incidents, metrics, and KT artifacts so Ask AI can cite the right context."
TRACE-00648,ATLAS-5186,PR-5391,PD-2124,REL-2019.1.6,order-ledger,runbook,github,"Traceability note for order-ledger: links source evidence across tickets, PRs, incidents, metrics, and KT artifacts so Ask AI can cite the right context."
TRACE-00649,ATLAS-2312,PR-8330,,REL-2022.4.10,auth-gateway,decision,confluence,"Traceability note for auth-gateway: links source evidence across tickets, PRs, incidents, metrics, and KT artifacts so Ask AI can cite the right context."
TRACE-00650,ATLAS-3600,PR-5458,,REL-2024.4.10,loyalty-service,risk,github,"Traceability note for loyalty-service: links source evidence across tickets, PRs, incidents, metrics, and KT artifacts so Ask AI can cite the right context."
TRACE-00651,ATLAS-1911,PR-5316,PD-2100,REL-2022.05,search-recommendations,business_requirement,email,"Traceability note for search-recommendations: links source evidence across tickets, PRs, incidents, metrics, and KT artifacts so Ask AI can cite the right context."
TRACE-00652,ATLAS-4963,PR-6709,,REL-2021.2.5,order-ledger,metric,github,"Traceability note for order-ledger: links source evidence across tickets, PRs, incidents, metrics, and KT artifacts so Ask AI can cite the right context."
TRACE-00653,ATLAS-3354,PR-7117,,REL-2021.4.7,payment-orchestrator,metric,teams,"Traceability note for payment-orchestrator: links source evidence across tickets, PRs, incidents, metrics, and KT artifacts so Ask AI can cite the right context."
TRACE-00654,ATLAS-5625,PR-6284,,REL-2024.4.9,analytics-pipeline,decision,grafana,"Traceability note for analytics-pipeline: links source evidence across tickets, PRs, incidents, metrics, and KT artifacts so Ask AI can cite the right context."
TRACE-00655,ATLAS-3097,PR-11097,PD-2087,REL-2023.1.11,loyalty-service,decision,support,"Traceability note for loyalty-service: links source evidence across tickets, PRs, incidents, metrics, and KT artifacts so Ask AI can cite the right context."
TRACE-00656,ATLAS-2600,PR-8397,,REL-2026.1.1,checkout-api,business_requirement,pagerduty,"Traceability note for checkout-api: links source evidence across tickets, PRs, incidents, metrics, and KT artifacts so Ask AI can cite the right context."
TRACE-00657,ATLAS-4636,PR-8667,,REL-2023.2.17,inventory-reservation,risk,github,"Traceability note for inventory-reservation: links source evidence across tickets, PRs, incidents, metrics, and KT artifacts so Ask AI can cite the right context."
TRACE-00658,ATLAS-4480,PR-6667,,REL-2022.02,notification-service,runbook,teams,"Traceability note for notification-service: links source evidence across tickets, PRs, incidents, metrics, and KT artifacts so Ask AI can cite the right context."
TRACE-00659,ATLAS-3781,PR-5890,,REL-2022.1.0,loyalty-service,db_health,jira,"Traceability note for loyalty-service: links source evidence across tickets, PRs, incidents, metrics, and KT artifacts so Ask AI can cite the right context."
TRACE-00660,ATLAS-4128,PR-8305,,REL-2022.2.2,order-ledger,business_requirement,email,"Traceability note for order-ledger: links source evidence across tickets, PRs, incidents, metrics, and KT artifacts so Ask AI can cite the right context."
TRACE-00661,ATLAS-3871,PR-7335,PD-2041,REL-2025.2.18,checkout-api,deployment,support,"Traceability note for checkout-api: links source evidence across tickets, PRs, incidents, metrics, and KT artifacts so Ask AI can cite the right context."
TRACE-00662,ATLAS-5369,PR-8437,PD-2004,REL-2026.1.11,inventory-reservation,decision,grafana,"Traceability note for inventory-reservation: links source evidence across tickets, PRs, incidents, metrics, and KT artifacts so Ask AI can cite the right context."
TRACE-00663,ATLAS-4601,PR-6305,,REL-2018.3.3,cart-service,support_case,grafana,"Traceability note for cart-service: links source evidence across tickets, PRs, incidents, metrics, and KT artifacts so Ask AI can cite the right context."
TRACE-00664,ATLAS-2385,PR-8519,,REL-2024.4.3,loyalty-service,deployment,support,"Traceability note for loyalty-service: links source evidence across tickets, PRs, incidents, metrics, and KT artifacts so Ask AI can cite the right context."
TRACE-00665,ATLAS-5504,PR-8712,,REL-2024.3.17,order-ledger,support_case,pagerduty,"Traceability note for order-ledger: links source evidence across tickets, PRs, incidents, metrics, and KT artifacts so Ask AI can cite the right context."
TRACE-00666,ATLAS-5325,PR-6270,,REL-2026.1.16,analytics-pipeline,db_health,database,"Traceability note for analytics-pipeline: links source evidence across tickets, PRs, incidents, metrics, and KT artifacts so Ask AI can cite the right context."
TRACE-00667,ATLAS-1112,PR-8398,PD-2682,REL-2024.3.10,order-ledger,risk,grafana,"Traceability note for order-ledger: links source evidence across tickets, PRs, incidents, metrics, and KT artifacts so Ask AI can cite the right context."
TRACE-00668,ATLAS-4362,PR-8498,PD-2326,REL-2020.3.0,auth-gateway,deployment,confluence,"Traceability note for auth-gateway: links source evidence across tickets, PRs, incidents, metrics, and KT artifacts so Ask AI can cite the right context."
TRACE-00669,ATLAS-1905,PR-5146,PD-2004,REL-2020.2.2,payment-orchestrator,risk,email,"Traceability note for payment-orchestrator: links source evidence across tickets, PRs, incidents, metrics, and KT artifacts so Ask AI can cite the right context."
TRACE-00670,ATLAS-1863,PR-8134,,REL-2026.1.18,cart-service,risk,teams,"Traceability note for cart-service: links source evidence across tickets, PRs, incidents, metrics, and KT artifacts so Ask AI can cite the right context."
TRACE-00671,ATLAS-4187,PR-10492,,REL-2019.3.5,cart-service,business_requirement,teams,"Traceability note for cart-service: links source evidence across tickets, PRs, incidents, metrics, and KT artifacts so Ask AI can cite the right context."
TRACE-00672,ATLAS-3822,PR-9522,,REL-2025.10,checkout-api,risk,teams,"Traceability note for checkout-api: links source evidence across tickets, PRs, incidents, metrics, and KT artifacts so Ask AI can cite the right context."
TRACE-00673,ATLAS-1681,PR-8124,,REL-2019.2.18,search-recommendations,runbook,teams,"Traceability note for search-recommendations: links source evidence across tickets, PRs, incidents, metrics, and KT artifacts so Ask AI can cite the right context."
TRACE-00674,ATLAS-2450,PR-8536,,REL-2025.4.3,loyalty-service,business_requirement,support,"Traceability note for loyalty-service: links source evidence across tickets, PRs, incidents, metrics, and KT artifacts so Ask AI can cite the right context."
TRACE-00675,ATLAS-1780,PR-9286,,REL-2021.1.19,loyalty-service,support_case,grafana,"Traceability note for loyalty-service: links source evidence across tickets, PRs, incidents, metrics, and KT artifacts so Ask AI can cite the right context."
TRACE-00676,ATLAS-2738,PR-5342,PD-2884,REL-2020.1.19,inventory-reservation,decision,grafana,"Traceability note for inventory-reservation: links source evidence across tickets, PRs, incidents, metrics, and KT artifacts so Ask AI can cite the right context."
TRACE-00677,ATLAS-2196,PR-8514,,REL-2020.1.11,cart-service,risk,pagerduty,"Traceability note for cart-service: links source evidence across tickets, PRs, incidents, metrics, and KT artifacts so Ask AI can cite the right context."
TRACE-00678,ATLAS-1717,PR-9794,,REL-2019.01,analytics-pipeline,db_health,grafana,"Traceability note for analytics-pipeline: links source evidence across tickets, PRs, incidents, metrics, and KT artifacts so Ask AI can cite the right context."
TRACE-00679,ATLAS-5448,PR-11193,PD-2113,REL-2023.3.7,loyalty-service,decision,jira,"Traceability note for loyalty-service: links source evidence across tickets, PRs, incidents, metrics, and KT artifacts so Ask AI can cite the right context."
TRACE-00680,ATLAS-4545,PR-10457,,REL-2020.03,auth-gateway,metric,teams,"Traceability note for auth-gateway: links source evidence across tickets, PRs, incidents, metrics, and KT artifacts so Ask AI can cite the right context."
TRACE-00681,ATLAS-2062,PR-10834,,REL-2026.2.11,cart-service,db_health,email,"Traceability note for cart-service: links source evidence across tickets, PRs, incidents, metrics, and KT artifacts so Ask AI can cite the right context."
TRACE-00682,ATLAS-3877,PR-7523,PD-2297,REL-2026.1.16,tax-service,runbook,teams,"Traceability note for tax-service: links source evidence across tickets, PRs, incidents, metrics, and KT artifacts so Ask AI can cite the right context."
TRACE-00683,ATLAS-5603,PR-8351,,REL-2022.4.14,notification-service,risk,grafana,"Traceability note for notification-service: links source evidence across tickets, PRs, incidents, metrics, and KT artifacts so Ask AI can cite the right context."
TRACE-00684,ATLAS-4887,PR-8202,,REL-2018.3.3,loyalty-service,db_health,github,"Traceability note for loyalty-service: links source evidence across tickets, PRs, incidents, metrics, and KT artifacts so Ask AI can cite the right context."
TRACE-00685,ATLAS-2818,PR-11936,,REL-2022.2.9,tax-service,decision,support,"Traceability note for tax-service: links source evidence across tickets, PRs, incidents, metrics, and KT artifacts so Ask AI can cite the right context."
TRACE-00686,ATLAS-6046,PR-9217,,REL-2021.1.4,notification-service,runbook,database,"Traceability note for notification-service: links source evidence across tickets, PRs, incidents, metrics, and KT artifacts so Ask AI can cite the right context."
TRACE-00687,ATLAS-1275,PR-8172,,REL-2022.3.19,auth-gateway,db_health,github,"Traceability note for auth-gateway: links source evidence across tickets, PRs, incidents, metrics, and KT artifacts so Ask AI can cite the right context."
TRACE-00688,ATLAS-5302,PR-6503,PD-2034,REL-2025.4.11,tax-service,business_requirement,email,"Traceability note for tax-service: links source evidence across tickets, PRs, incidents, metrics, and KT artifacts so Ask AI can cite the right context."
TRACE-00689,ATLAS-3908,PR-5420,,REL-2025.2.1,auth-gateway,db_health,confluence,"Traceability note for auth-gateway: links source evidence across tickets, PRs, incidents, metrics, and KT artifacts so Ask AI can cite the right context."
TRACE-00690,ATLAS-2988,PR-8904,,REL-2019.11,inventory-reservation,risk,github,"Traceability note for inventory-reservation: links source evidence across tickets, PRs, incidents, metrics, and KT artifacts so Ask AI can cite the right context."
TRACE-00691,ATLAS-2575,PR-11766,PD-2235,REL-2021.05,search-recommendations,support_case,email,"Traceability note for search-recommendations: links source evidence across tickets, PRs, incidents, metrics, and KT artifacts so Ask AI can cite the right context."
TRACE-00692,ATLAS-5356,PR-8307,PD-2826,REL-2025.05,order-ledger,business_requirement,confluence,"Traceability note for order-ledger: links source evidence across tickets, PRs, incidents, metrics, and KT artifacts so Ask AI can cite the right context."
TRACE-00693,ATLAS-2093,PR-8340,,REL-2021.2.3,search-recommendations,db_health,database,"Traceability note for search-recommendations: links source evidence across tickets, PRs, incidents, metrics, and KT artifacts so Ask AI can cite the right context."
TRACE-00694,ATLAS-5490,PR-11208,,REL-2025.06,notification-service,metric,grafana,"Traceability note for notification-service: links source evidence across tickets, PRs, incidents, metrics, and KT artifacts so Ask AI can cite the right context."
TRACE-00695,ATLAS-3103,PR-8712,,REL-2023.4.13,notification-service,support_case,github,"Traceability note for notification-service: links source evidence across tickets, PRs, incidents, metrics, and KT artifacts so Ask AI can cite the right context."
TRACE-00696,ATLAS-1558,PR-5291,,REL-2025.3.2,notification-service,db_health,support,"Traceability note for notification-service: links source evidence across tickets, PRs, incidents, metrics, and KT artifacts so Ask AI can cite the right context."
TRACE-00697,ATLAS-1753,PR-7508,,REL-2025.05,pricing-engine,db_health,teams,"Traceability note for pricing-engine: links source evidence across tickets, PRs, incidents, metrics, and KT artifacts so Ask AI can cite the right context."
TRACE-00698,ATLAS-3017,PR-5934,PD-2177,REL-2024.11,tax-service,runbook,pagerduty,"Traceability note for tax-service: links source evidence across tickets, PRs, incidents, metrics, and KT artifacts so Ask AI can cite the right context."
TRACE-00699,ATLAS-5147,PR-5926,,REL-2022.3.10,pricing-engine,business_requirement,database,"Traceability note for pricing-engine: links source evidence across tickets, PRs, incidents, metrics, and KT artifacts so Ask AI can cite the right context."
TRACE-00700,ATLAS-4604,PR-5235,PD-2436,REL-2021.03,loyalty-service,db_health,jira,"Traceability note for loyalty-service: links source evidence across tickets, PRs, incidents, metrics, and KT artifacts so Ask AI can cite the right context."
TRACE-00701,ATLAS-4064,PR-5209,,REL-2022.12,search-recommendations,runbook,grafana,"Traceability note for search-recommendations: links source evidence across tickets, PRs, incidents, metrics, and KT artifacts so Ask AI can cite the right context."
TRACE-00702,ATLAS-1448,PR-7138,,REL-2024.04,auth-gateway,decision,github,"Traceability note for auth-gateway: links source evidence across tickets, PRs, incidents, metrics, and KT artifacts so Ask AI can cite the right context."
TRACE-00703,ATLAS-5147,PR-8574,,REL-2018.3.14,inventory-reservation,risk,email,"Traceability note for inventory-reservation: links source evidence across tickets, PRs, incidents, metrics, and KT artifacts so Ask AI can cite the right context."
TRACE-00704,ATLAS-5965,PR-9434,PD-2807,REL-2025.09,payment-orchestrator,runbook,confluence,"Traceability note for payment-orchestrator: links source evidence across tickets, PRs, incidents, metrics, and KT artifacts so Ask AI can cite the right context."
TRACE-00705,ATLAS-3575,PR-6645,PD-2102,REL-2025.1.11,inventory-reservation,deployment,grafana,"Traceability note for inventory-reservation: links source evidence across tickets, PRs, incidents, metrics, and KT artifacts so Ask AI can cite the right context."
TRACE-00706,ATLAS-3131,PR-5536,PD-2846,REL-2018.06,pricing-engine,db_health,support,"Traceability note for pricing-engine: links source evidence across tickets, PRs, incidents, metrics, and KT artifacts so Ask AI can cite the right context."
TRACE-00707,ATLAS-5712,PR-8541,PD-2363,REL-2020.03,auth-gateway,db_health,github,"Traceability note for auth-gateway: links source evidence across tickets, PRs, incidents, metrics, and KT artifacts so Ask AI can cite the right context."
TRACE-00708,ATLAS-5749,PR-11624,,REL-2024.1.3,inventory-reservation,support_case,grafana,"Traceability note for inventory-reservation: links source evidence across tickets, PRs, incidents, metrics, and KT artifacts so Ask AI can cite the right context."
TRACE-00709,ATLAS-2035,PR-5316,PD-2116,REL-2019.3.8,search-recommendations,decision,confluence,"Traceability note for search-recommendations: links source evidence across tickets, PRs, incidents, metrics, and KT artifacts so Ask AI can cite the right context."
TRACE-00710,ATLAS-5800,PR-6207,,REL-2026.1.9,cart-service,metric,pagerduty,"Traceability note for cart-service: links source evidence across tickets, PRs, incidents, metrics, and KT artifacts so Ask AI can cite the right context."
TRACE-00711,ATLAS-4045,PR-7971,,REL-2019.04,loyalty-service,decision,support,"Traceability note for loyalty-service: links source evidence across tickets, PRs, incidents, metrics, and KT artifacts so Ask AI can cite the right context."
TRACE-00712,ATLAS-3076,PR-9284,,REL-2019.4.15,payment-orchestrator,business_requirement,grafana,"Traceability note for payment-orchestrator: links source evidence across tickets, PRs, incidents, metrics, and KT artifacts so Ask AI can cite the right context."
TRACE-00713,ATLAS-1748,PR-10922,,REL-2018.11,inventory-reservation,runbook,database,"Traceability note for inventory-reservation: links source evidence across tickets, PRs, incidents, metrics, and KT artifacts so Ask AI can cite the right context."
TRACE-00714,ATLAS-4644,PR-8046,,REL-2018.07,notification-service,support_case,jira,"Traceability note for notification-service: links source evidence across tickets, PRs, incidents, metrics, and KT artifacts so Ask AI can cite the right context."
TRACE-00715,ATLAS-2777,PR-5616,,REL-2022.4.10,auth-gateway,business_requirement,github,"Traceability note for auth-gateway: links source evidence across tickets, PRs, incidents, metrics, and KT artifacts so Ask AI can cite the right context."
TRACE-00716,ATLAS-5859,PR-9619,,REL-2020.1.18,order-ledger,db_health,database,"Traceability note for order-ledger: links source evidence across tickets, PRs, incidents, metrics, and KT artifacts so Ask AI can cite the right context."
TRACE-00717,ATLAS-2185,PR-6679,,REL-2021.01,inventory-reservation,runbook,grafana,"Traceability note for inventory-reservation: links source evidence across tickets, PRs, incidents, metrics, and KT artifacts so Ask AI can cite the right context."
TRACE-00718,ATLAS-5459,PR-5897,,REL-2023.4.0,loyalty-service,risk,support,"Traceability note for loyalty-service: links source evidence across tickets, PRs, incidents, metrics, and KT artifacts so Ask AI can cite the right context."
TRACE-00719,ATLAS-3320,PR-11051,PD-2856,REL-2023.3.0,notification-service,db_health,database,"Traceability note for notification-service: links source evidence across tickets, PRs, incidents, metrics, and KT artifacts so Ask AI can cite the right context."
TRACE-00720,ATLAS-1644,PR-7331,PD-2827,REL-2021.3.6,cart-service,metric,support,"Traceability note for cart-service: links source evidence across tickets, PRs, incidents, metrics, and KT artifacts so Ask AI can cite the right context."
TRACE-00721,ATLAS-3820,PR-8917,PD-2168,REL-2025.3.14,analytics-pipeline,decision,teams,"Traceability note for analytics-pipeline: links source evidence across tickets, PRs, incidents, metrics, and KT artifacts so Ask AI can cite the right context."
TRACE-00722,ATLAS-4208,PR-6821,,REL-2025.1.11,search-recommendations,support_case,teams,"Traceability note for search-recommendations: links source evidence across tickets, PRs, incidents, metrics, and KT artifacts so Ask AI can cite the right context."
TRACE-00723,ATLAS-1298,PR-8382,,REL-2025.08,loyalty-service,business_requirement,grafana,"Traceability note for loyalty-service: links source evidence across tickets, PRs, incidents, metrics, and KT artifacts so Ask AI can cite the right context."
TRACE-00724,ATLAS-2271,PR-8345,,REL-2024.3.17,auth-gateway,decision,pagerduty,"Traceability note for auth-gateway: links source evidence across tickets, PRs, incidents, metrics, and KT artifacts so Ask AI can cite the right context."
TRACE-00725,ATLAS-3198,PR-6794,PD-2189,REL-2024.2.7,loyalty-service,deployment,github,"Traceability note for loyalty-service: links source evidence across tickets, PRs, incidents, metrics, and KT artifacts so Ask AI can cite the right context."
TRACE-00726,ATLAS-4443,PR-6845,,REL-2020.01,order-ledger,runbook,pagerduty,"Traceability note for order-ledger: links source evidence across tickets, PRs, incidents, metrics, and KT artifacts so Ask AI can cite the right context."
TRACE-00727,ATLAS-5951,PR-9228,,REL-2024.03,analytics-pipeline,support_case,grafana,"Traceability note for analytics-pipeline: links source evidence across tickets, PRs, incidents, metrics, and KT artifacts so Ask AI can cite the right context."
TRACE-00728,ATLAS-2860,PR-5378,,REL-2019.03,notification-service,decision,teams,"Traceability note for notification-service: links source evidence across tickets, PRs, incidents, metrics, and KT artifacts so Ask AI can cite the right context."
TRACE-00729,ATLAS-4622,PR-8667,,REL-2022.4.16,auth-gateway,decision,database,"Traceability note for auth-gateway: links source evidence across tickets, PRs, incidents, metrics, and KT artifacts so Ask AI can cite the right context."
TRACE-00730,ATLAS-4718,PR-7249,,REL-2026.1.9,cart-service,runbook,database,"Traceability note for cart-service: links source evidence across tickets, PRs, incidents, metrics, and KT artifacts so Ask AI can cite the right context."
TRACE-00731,ATLAS-2940,PR-8895,,REL-2020.08,cart-service,business_requirement,grafana,"Traceability note for cart-service: links source evidence across tickets, PRs, incidents, metrics, and KT artifacts so Ask AI can cite the right context."
TRACE-00732,ATLAS-1501,PR-5844,,REL-2019.1.9,analytics-pipeline,runbook,grafana,"Traceability note for analytics-pipeline: links source evidence across tickets, PRs, incidents, metrics, and KT artifacts so Ask AI can cite the right context."
TRACE-00733,ATLAS-5487,PR-9233,,REL-2019.2.13,pricing-engine,metric,grafana,"Traceability note for pricing-engine: links source evidence across tickets, PRs, incidents, metrics, and KT artifacts so Ask AI can cite the right context."
TRACE-00734,ATLAS-1447,PR-11494,,REL-2020.08,tax-service,db_health,jira,"Traceability note for tax-service: links source evidence across tickets, PRs, incidents, metrics, and KT artifacts so Ask AI can cite the right context."
TRACE-00735,ATLAS-5415,PR-12460,,REL-2019.1.4,payment-orchestrator,support_case,pagerduty,"Traceability note for payment-orchestrator: links source evidence across tickets, PRs, incidents, metrics, and KT artifacts so Ask AI can cite the right context."
TRACE-00736,ATLAS-5097,PR-7986,,REL-2022.3.4,cart-service,risk,grafana,"Traceability note for cart-service: links source evidence across tickets, PRs, incidents, metrics, and KT artifacts so Ask AI can cite the right context."
TRACE-00737,ATLAS-1483,PR-10595,PD-2400,REL-2025.4.4,loyalty-service,support_case,support,"Traceability note for loyalty-service: links source evidence across tickets, PRs, incidents, metrics, and KT artifacts so Ask AI can cite the right context."
TRACE-00738,ATLAS-2200,PR-11856,,REL-2018.11,order-ledger,decision,support,"Traceability note for order-ledger: links source evidence across tickets, PRs, incidents, metrics, and KT artifacts so Ask AI can cite the right context."
TRACE-00739,ATLAS-4620,PR-8028,PD-2362,REL-2020.01,inventory-reservation,business_requirement,github,"Traceability note for inventory-reservation: links source evidence across tickets, PRs, incidents, metrics, and KT artifacts so Ask AI can cite the right context."
TRACE-00740,ATLAS-5517,PR-9078,PD-2515,REL-2025.02,tax-service,db_health,grafana,"Traceability note for tax-service: links source evidence across tickets, PRs, incidents, metrics, and KT artifacts so Ask AI can cite the right context."
TRACE-00741,ATLAS-3967,PR-8607,PD-2274,REL-2023.10,search-recommendations,db_health,grafana,"Traceability note for search-recommendations: links source evidence across tickets, PRs, incidents, metrics, and KT artifacts so Ask AI can cite the right context."
TRACE-00742,ATLAS-3305,PR-11080,,REL-2018.4.15,auth-gateway,metric,database,"Traceability note for auth-gateway: links source evidence across tickets, PRs, incidents, metrics, and KT artifacts so Ask AI can cite the right context."
TRACE-00743,ATLAS-5167,PR-9951,,REL-2019.12,checkout-api,decision,grafana,"Traceability note for checkout-api: links source evidence across tickets, PRs, incidents, metrics, and KT artifacts so Ask AI can cite the right context."
TRACE-00744,ATLAS-3075,PR-6774,,REL-2025.1.7,inventory-reservation,deployment,support,"Traceability note for inventory-reservation: links source evidence across tickets, PRs, incidents, metrics, and KT artifacts so Ask AI can cite the right context."
TRACE-00745,ATLAS-4256,PR-5493,PD-2184,REL-2020.06,checkout-api,support_case,support,"Traceability note for checkout-api: links source evidence across tickets, PRs, incidents, metrics, and KT artifacts so Ask AI can cite the right context."
TRACE-00746,ATLAS-1361,PR-6953,PD-2025,REL-2019.4.15,pricing-engine,db_health,confluence,"Traceability note for pricing-engine: links source evidence across tickets, PRs, incidents, metrics, and KT artifacts so Ask AI can cite the right context."
TRACE-00747,ATLAS-5530,PR-7899,PD-2464,REL-2022.02,search-recommendations,risk,confluence,"Traceability note for search-recommendations: links source evidence across tickets, PRs, incidents, metrics, and KT artifacts so Ask AI can cite the right context."
TRACE-00748,ATLAS-5857,PR-8776,PD-2093,REL-2025.10,loyalty-service,deployment,email,"Traceability note for loyalty-service: links source evidence across tickets, PRs, incidents, metrics, and KT artifacts so Ask AI can cite the right context."
TRACE-00749,ATLAS-2383,PR-8288,,REL-2021.4.19,order-ledger,business_requirement,confluence,"Traceability note for order-ledger: links source evidence across tickets, PRs, incidents, metrics, and KT artifacts so Ask AI can cite the right context."
TRACE-00750,ATLAS-3782,PR-5084,,REL-2026.02,inventory-reservation,metric,email,"Traceability note for inventory-reservation: links source evidence across tickets, PRs, incidents, metrics, and KT artifacts so Ask AI can cite the right context."
TRACE-00751,ATLAS-5905,PR-9168,,REL-2023.4.4,notification-service,risk,support,"Traceability note for notification-service: links source evidence across tickets, PRs, incidents, metrics, and KT artifacts so Ask AI can cite the right context."
TRACE-00752,ATLAS-2464,PR-6814,,REL-2023.4.17,pricing-engine,db_health,github,"Traceability note for pricing-engine: links source evidence across tickets, PRs, incidents, metrics, and KT artifacts so Ask AI can cite the right context."
TRACE-00753,ATLAS-5572,PR-9946,,REL-2024.2.19,cart-service,db_health,grafana,"Traceability note for cart-service: links source evidence across tickets, PRs, incidents, metrics, and KT artifacts so Ask AI can cite the right context."
TRACE-00754,ATLAS-5510,PR-5066,PD-2143,REL-2019.2.15,payment-orchestrator,runbook,github,"Traceability note for payment-orchestrator: links source evidence across tickets, PRs, incidents, metrics, and KT artifacts so Ask AI can cite the right context."
TRACE-00755,ATLAS-5597,PR-5586,PD-2573,REL-2022.4.10,loyalty-service,db_health,support,"Traceability note for loyalty-service: links source evidence across tickets, PRs, incidents, metrics, and KT artifacts so Ask AI can cite the right context."
TRACE-00756,ATLAS-1824,PR-9727,,REL-2018.11,tax-service,deployment,email,"Traceability note for tax-service: links source evidence across tickets, PRs, incidents, metrics, and KT artifacts so Ask AI can cite the right context."
TRACE-00757,ATLAS-3371,PR-7235,,REL-2021.04,checkout-api,metric,database,"Traceability note for checkout-api: links source evidence across tickets, PRs, incidents, metrics, and KT artifacts so Ask AI can cite the right context."
TRACE-00758,ATLAS-2756,PR-7490,,REL-2021.10,auth-gateway,deployment,database,"Traceability note for auth-gateway: links source evidence across tickets, PRs, incidents, metrics, and KT artifacts so Ask AI can cite the right context."
TRACE-00759,ATLAS-5960,PR-12593,,REL-2022.4.3,cart-service,decision,github,"Traceability note for cart-service: links source evidence across tickets, PRs, incidents, metrics, and KT artifacts so Ask AI can cite the right context."
TRACE-00760,ATLAS-1500,PR-9004,,REL-2020.3.2,loyalty-service,deployment,support,"Traceability note for loyalty-service: links source evidence across tickets, PRs, incidents, metrics, and KT artifacts so Ask AI can cite the right context."
TRACE-00761,ATLAS-2414,PR-6984,,REL-2018.2.13,auth-gateway,support_case,confluence,"Traceability note for auth-gateway: links source evidence across tickets, PRs, incidents, metrics, and KT artifacts so Ask AI can cite the right context."
TRACE-00762,ATLAS-5330,PR-7454,,REL-2024.2.18,analytics-pipeline,metric,grafana,"Traceability note for analytics-pipeline: links source evidence across tickets, PRs, incidents, metrics, and KT artifacts so Ask AI can cite the right context."
TRACE-00763,ATLAS-2845,PR-9803,,REL-2019.1.10,auth-gateway,decision,github,"Traceability note for auth-gateway: links source evidence across tickets, PRs, incidents, metrics, and KT artifacts so Ask AI can cite the right context."
TRACE-00764,ATLAS-2645,PR-5159,PD-2555,REL-2026.1.8,auth-gateway,db_health,github,"Traceability note for auth-gateway: links source evidence across tickets, PRs, incidents, metrics, and KT artifacts so Ask AI can cite the right context."
TRACE-00765,ATLAS-4588,PR-6292,,REL-2020.12,pricing-engine,support_case,grafana,"Traceability note for pricing-engine: links source evidence across tickets, PRs, incidents, metrics, and KT artifacts so Ask AI can cite the right context."
TRACE-00766,ATLAS-3671,PR-6324,,REL-2019.3.14,loyalty-service,decision,support,"Traceability note for loyalty-service: links source evidence across tickets, PRs, incidents, metrics, and KT artifacts so Ask AI can cite the right context."
TRACE-00767,ATLAS-6004,PR-9887,,REL-2019.06,order-ledger,risk,email,"Traceability note for order-ledger: links source evidence across tickets, PRs, incidents, metrics, and KT artifacts so Ask AI can cite the right context."
TRACE-00768,ATLAS-5691,PR-11066,,REL-2020.1.18,checkout-api,deployment,confluence,"Traceability note for checkout-api: links source evidence across tickets, PRs, incidents, metrics, and KT artifacts so Ask AI can cite the right context."
TRACE-00769,ATLAS-1841,PR-12011,,REL-2025.2.14,payment-orchestrator,decision,grafana,"Traceability note for payment-orchestrator: links source evidence across tickets, PRs, incidents, metrics, and KT artifacts so Ask AI can cite the right context."
TRACE-00770,ATLAS-4256,PR-10836,,REL-2024.4.2,inventory-reservation,risk,grafana,"Traceability note for inventory-reservation: links source evidence across tickets, PRs, incidents, metrics, and KT artifacts so Ask AI can cite the right context."
TRACE-00771,ATLAS-2335,PR-6492,PD-2390,REL-2019.3.5,notification-service,metric,github,"Traceability note for notification-service: links source evidence across tickets, PRs, incidents, metrics, and KT artifacts so Ask AI can cite the right context."
TRACE-00772,ATLAS-3510,PR-10256,PD-2360,REL-2026.1.18,order-ledger,deployment,email,"Traceability note for order-ledger: links source evidence across tickets, PRs, incidents, metrics, and KT artifacts so Ask AI can cite the right context."
TRACE-00773,ATLAS-1985,PR-8711,PD-2220,REL-2026.1.1,cart-service,business_requirement,jira,"Traceability note for cart-service: links source evidence across tickets, PRs, incidents, metrics, and KT artifacts so Ask AI can cite the right context."
TRACE-00774,ATLAS-1108,PR-6446,,REL-2020.1.0,auth-gateway,db_health,teams,"Traceability note for auth-gateway: links source evidence across tickets, PRs, incidents, metrics, and KT artifacts so Ask AI can cite the right context."
TRACE-00775,ATLAS-2287,PR-6368,,REL-2024.3.11,pricing-engine,runbook,teams,"Traceability note for pricing-engine: links source evidence across tickets, PRs, incidents, metrics, and KT artifacts so Ask AI can cite the right context."
TRACE-00776,ATLAS-1033,PR-5333,PD-2808,REL-2021.1.12,notification-service,decision,jira,"Traceability note for notification-service: links source evidence across tickets, PRs, incidents, metrics, and KT artifacts so Ask AI can cite the right context."
TRACE-00777,ATLAS-2909,PR-5894,,REL-2020.1.11,payment-orchestrator,runbook,pagerduty,"Traceability note for payment-orchestrator: links source evidence across tickets, PRs, incidents, metrics, and KT artifacts so Ask AI can cite the right context."
TRACE-00778,ATLAS-3072,PR-10999,PD-2109,REL-2024.07,tax-service,support_case,grafana,"Traceability note for tax-service: links source evidence across tickets, PRs, incidents, metrics, and KT artifacts so Ask AI can cite the right context."
TRACE-00779,ATLAS-1221,PR-9785,PD-2272,REL-2025.1.9,cart-service,business_requirement,pagerduty,"Traceability note for cart-service: links source evidence across tickets, PRs, incidents, metrics, and KT artifacts so Ask AI can cite the right context."
TRACE-00780,ATLAS-3849,PR-10129,,REL-2024.4.8,cart-service,metric,grafana,"Traceability note for cart-service: links source evidence across tickets, PRs, incidents, metrics, and KT artifacts so Ask AI can cite the right context."
TRACE-00781,ATLAS-3885,PR-6036,,REL-2020.4.17,analytics-pipeline,business_requirement,pagerduty,"Traceability note for analytics-pipeline: links source evidence across tickets, PRs, incidents, metrics, and KT artifacts so Ask AI can cite the right context."
TRACE-00782,ATLAS-5235,PR-5888,,REL-2020.04,pricing-engine,metric,support,"Traceability note for pricing-engine: links source evidence across tickets, PRs, incidents, metrics, and KT artifacts so Ask AI can cite the right context."
TRACE-00783,ATLAS-3845,PR-8325,PD-2652,REL-2020.4.15,checkout-api,decision,database,"Traceability note for checkout-api: links source evidence across tickets, PRs, incidents, metrics, and KT artifacts so Ask AI can cite the right context."
TRACE-00784,ATLAS-2254,PR-12439,PD-2316,REL-2023.4.5,checkout-api,risk,support,"Traceability note for checkout-api: links source evidence across tickets, PRs, incidents, metrics, and KT artifacts so Ask AI can cite the right context."
TRACE-00785,ATLAS-4053,PR-10257,,REL-2019.2.0,checkout-api,deployment,database,"Traceability note for checkout-api: links source evidence across tickets, PRs, incidents, metrics, and KT artifacts so Ask AI can cite the right context."
TRACE-00786,ATLAS-3428,PR-11127,,REL-2019.2.18,inventory-reservation,runbook,support,"Traceability note for inventory-reservation: links source evidence across tickets, PRs, incidents, metrics, and KT artifacts so Ask AI can cite the right context."
TRACE-00787,ATLAS-5762,PR-6320,,REL-2023.4.13,order-ledger,business_requirement,github,"Traceability note for order-ledger: links source evidence across tickets, PRs, incidents, metrics, and KT artifacts so Ask AI can cite the right context."
TRACE-00788,ATLAS-3632,PR-6874,,REL-2022.3.12,inventory-reservation,metric,github,"Traceability note for inventory-reservation: links source evidence across tickets, PRs, incidents, metrics, and KT artifacts so Ask AI can cite the right context."
TRACE-00789,ATLAS-4721,PR-7888,,REL-2021.1.12,tax-service,runbook,grafana,"Traceability note for tax-service: links source evidence across tickets, PRs, incidents, metrics, and KT artifacts so Ask AI can cite the right context."
TRACE-00790,ATLAS-1121,PR-8664,PD-2322,REL-2024.4.2,payment-orchestrator,business_requirement,grafana,"Traceability note for payment-orchestrator: links source evidence across tickets, PRs, incidents, metrics, and KT artifacts so Ask AI can cite the right context."
TRACE-00791,ATLAS-5583,PR-9348,,REL-2022.2.15,payment-orchestrator,support_case,github,"Traceability note for payment-orchestrator: links source evidence across tickets, PRs, incidents, metrics, and KT artifacts so Ask AI can cite the right context."
TRACE-00792,ATLAS-1691,PR-5762,PD-2597,REL-2021.11,analytics-pipeline,db_health,jira,"Traceability note for analytics-pipeline: links source evidence across tickets, PRs, incidents, metrics, and KT artifacts so Ask AI can cite the right context."
TRACE-00793,ATLAS-1036,PR-5942,,REL-2024.3.18,tax-service,risk,jira,"Traceability note for tax-service: links source evidence across tickets, PRs, incidents, metrics, and KT artifacts so Ask AI can cite the right context."
TRACE-00794,ATLAS-2285,PR-10694,PD-2167,REL-2023.4.0,analytics-pipeline,business_requirement,confluence,"Traceability note for analytics-pipeline: links source evidence across tickets, PRs, incidents, metrics, and KT artifacts so Ask AI can cite the right context."
TRACE-00795,ATLAS-1126,PR-6556,PD-2324,REL-2024.11,pricing-engine,db_health,teams,"Traceability note for pricing-engine: links source evidence across tickets, PRs, incidents, metrics, and KT artifacts so Ask AI can cite the right context."
TRACE-00796,ATLAS-1158,PR-8107,,REL-2022.3.4,auth-gateway,db_health,confluence,"Traceability note for auth-gateway: links source evidence across tickets, PRs, incidents, metrics, and KT artifacts so Ask AI can cite the right context."
TRACE-00797,ATLAS-3250,PR-11757,,REL-2023.2.15,auth-gateway,business_requirement,github,"Traceability note for auth-gateway: links source evidence across tickets, PRs, incidents, metrics, and KT artifacts so Ask AI can cite the right context."
TRACE-00798,ATLAS-4489,PR-9308,PD-2512,REL-2022.1.0,analytics-pipeline,deployment,database,"Traceability note for analytics-pipeline: links source evidence across tickets, PRs, incidents, metrics, and KT artifacts so Ask AI can cite the right context."
TRACE-00799,ATLAS-1854,PR-8890,PD-2838,REL-2019.09,search-recommendations,deployment,grafana,"Traceability note for search-recommendations: links source evidence across tickets, PRs, incidents, metrics, and KT artifacts so Ask AI can cite the right context."
TRACE-00800,ATLAS-4258,PR-10992,PD-2215,REL-2022.2.8,search-recommendations,deployment,github,"Traceability note for search-recommendations: links source evidence across tickets, PRs, incidents, metrics, and KT artifacts so Ask AI can cite the right context."
TRACE-00801,ATLAS-1990,PR-8506,PD-2699,REL-2025.07,auth-gateway,support_case,github,"Traceability note for auth-gateway: links source evidence across tickets, PRs, incidents, metrics, and KT artifacts so Ask AI can cite the right context."
TRACE-00802,ATLAS-1009,PR-7354,PD-2880,REL-2026.05,checkout-api,business_requirement,pagerduty,"Traceability note for checkout-api: links source evidence across tickets, PRs, incidents, metrics, and KT artifacts so Ask AI can cite the right context."
TRACE-00803,ATLAS-1371,PR-8731,PD-2216,REL-2019.11,analytics-pipeline,decision,pagerduty,"Traceability note for analytics-pipeline: links source evidence across tickets, PRs, incidents, metrics, and KT artifacts so Ask AI can cite the right context."
TRACE-00804,ATLAS-2271,PR-12453,,REL-2024.3.0,checkout-api,db_health,github,"Traceability note for checkout-api: links source evidence across tickets, PRs, incidents, metrics, and KT artifacts so Ask AI can cite the right context."
TRACE-00805,ATLAS-3445,PR-9986,,REL-2026.02,pricing-engine,support_case,github,"Traceability note for pricing-engine: links source evidence across tickets, PRs, incidents, metrics, and KT artifacts so Ask AI can cite the right context."
TRACE-00806,ATLAS-2810,PR-5823,,REL-2019.2.6,analytics-pipeline,business_requirement,database,"Traceability note for analytics-pipeline: links source evidence across tickets, PRs, incidents, metrics, and KT artifacts so Ask AI can cite the right context."
TRACE-00807,ATLAS-5358,PR-9154,,REL-2025.01,notification-service,risk,pagerduty,"Traceability note for notification-service: links source evidence across tickets, PRs, incidents, metrics, and KT artifacts so Ask AI can cite the right context."
TRACE-00808,ATLAS-1181,PR-11538,,REL-2022.2.7,tax-service,support_case,jira,"Traceability note for tax-service: links source evidence across tickets, PRs, incidents, metrics, and KT artifacts so Ask AI can cite the right context."
TRACE-00809,ATLAS-5052,PR-8767,PD-2761,REL-2020.4.14,loyalty-service,db_health,confluence,"Traceability note for loyalty-service: links source evidence across tickets, PRs, incidents, metrics, and KT artifacts so Ask AI can cite the right context."
TRACE-00810,ATLAS-1717,PR-11346,,REL-2024.3.2,pricing-engine,db_health,email,"Traceability note for pricing-engine: links source evidence across tickets, PRs, incidents, metrics, and KT artifacts so Ask AI can cite the right context."
TRACE-00811,ATLAS-3312,PR-7075,PD-2186,REL-2019.12,order-ledger,support_case,github,"Traceability note for order-ledger: links source evidence across tickets, PRs, incidents, metrics, and KT artifacts so Ask AI can cite the right context."
TRACE-00812,ATLAS-1853,PR-8084,PD-2247,REL-2019.3.5,analytics-pipeline,db_health,database,"Traceability note for analytics-pipeline: links source evidence across tickets, PRs, incidents, metrics, and KT artifacts so Ask AI can cite the right context."
TRACE-00813,ATLAS-5189,PR-8094,,REL-2022.4.10,order-ledger,decision,teams,"Traceability note for order-ledger: links source evidence across tickets, PRs, incidents, metrics, and KT artifacts so Ask AI can cite the right context."
TRACE-00814,ATLAS-1497,PR-8044,,REL-2021.4.19,search-recommendations,support_case,database,"Traceability note for search-recommendations: links source evidence across tickets, PRs, incidents, metrics, and KT artifacts so Ask AI can cite the right context."
TRACE-00815,ATLAS-3066,PR-10282,PD-2461,REL-2024.1.10,checkout-api,support_case,database,"Traceability note for checkout-api: links source evidence across tickets, PRs, incidents, metrics, and KT artifacts so Ask AI can cite the right context."
TRACE-00816,ATLAS-1805,PR-11136,,REL-2025.1.12,tax-service,metric,confluence,"Traceability note for tax-service: links source evidence across tickets, PRs, incidents, metrics, and KT artifacts so Ask AI can cite the right context."
TRACE-00817,ATLAS-2282,PR-5152,,REL-2022.03,checkout-api,business_requirement,support,"Traceability note for checkout-api: links source evidence across tickets, PRs, incidents, metrics, and KT artifacts so Ask AI can cite the right context."
TRACE-00818,ATLAS-3423,PR-8634,,REL-2021.3.8,payment-orchestrator,decision,jira,"Traceability note for payment-orchestrator: links source evidence across tickets, PRs, incidents, metrics, and KT artifacts so Ask AI can cite the right context."
TRACE-00819,ATLAS-3666,PR-7995,,REL-2024.4.8,cart-service,runbook,confluence,"Traceability note for cart-service: links source evidence across tickets, PRs, incidents, metrics, and KT artifacts so Ask AI can cite the right context."
TRACE-00820,ATLAS-6017,PR-7978,PD-2117,REL-2018.10,checkout-api,risk,jira,"Traceability note for checkout-api: links source evidence across tickets, PRs, incidents, metrics, and KT artifacts so Ask AI can cite the right context."
TRACE-00821,ATLAS-1387,PR-7839,PD-2593,REL-2021.09,order-ledger,runbook,support,"Traceability note for order-ledger: links source evidence across tickets, PRs, incidents, metrics, and KT artifacts so Ask AI can cite the right context."
TRACE-00822,ATLAS-5337,PR-11553,PD-2243,REL-2026.05,loyalty-service,business_requirement,teams,"Traceability note for loyalty-service: links source evidence across tickets, PRs, incidents, metrics, and KT artifacts so Ask AI can cite the right context."
TRACE-00823,ATLAS-5457,PR-10975,,REL-2025.4.11,analytics-pipeline,support_case,support,"Traceability note for analytics-pipeline: links source evidence across tickets, PRs, incidents, metrics, and KT artifacts so Ask AI can cite the right context."
TRACE-00824,ATLAS-4497,PR-9342,PD-2003,REL-2025.07,auth-gateway,business_requirement,database,"Traceability note for auth-gateway: links source evidence across tickets, PRs, incidents, metrics, and KT artifacts so Ask AI can cite the right context."
TRACE-00825,ATLAS-1941,PR-5751,,REL-2024.11,notification-service,deployment,github,"Traceability note for notification-service: links source evidence across tickets, PRs, incidents, metrics, and KT artifacts so Ask AI can cite the right context."
TRACE-00826,ATLAS-4257,PR-11277,,REL-2026.1.13,payment-orchestrator,support_case,github,"Traceability note for payment-orchestrator: links source evidence across tickets, PRs, incidents, metrics, and KT artifacts so Ask AI can cite the right context."
TRACE-00827,ATLAS-3401,PR-6559,,REL-2023.09,payment-orchestrator,metric,grafana,"Traceability note for payment-orchestrator: links source evidence across tickets, PRs, incidents, metrics, and KT artifacts so Ask AI can cite the right context."
TRACE-00828,ATLAS-3093,PR-5006,,REL-2022.3.0,checkout-api,db_health,database,"Traceability note for checkout-api: links source evidence across tickets, PRs, incidents, metrics, and KT artifacts so Ask AI can cite the right context."
TRACE-00829,ATLAS-4422,PR-6057,PD-2586,REL-2020.1.11,payment-orchestrator,metric,grafana,"Traceability note for payment-orchestrator: links source evidence across tickets, PRs, incidents, metrics, and KT artifacts so Ask AI can cite the right context."
TRACE-00830,ATLAS-3723,PR-9946,PD-2384,REL-2021.2.11,tax-service,business_requirement,email,"Traceability note for tax-service: links source evidence across tickets, PRs, incidents, metrics, and KT artifacts so Ask AI can cite the right context."
TRACE-00831,ATLAS-1219,PR-10490,,REL-2019.2.2,payment-orchestrator,runbook,database,"Traceability note for payment-orchestrator: links source evidence across tickets, PRs, incidents, metrics, and KT artifacts so Ask AI can cite the right context."
TRACE-00832,ATLAS-3555,PR-8995,PD-2095,REL-2023.4.5,tax-service,support_case,grafana,"Traceability note for tax-service: links source evidence across tickets, PRs, incidents, metrics, and KT artifacts so Ask AI can cite the right context."
TRACE-00833,ATLAS-4656,PR-7029,,REL-2018.3.17,checkout-api,metric,support,"Traceability note for checkout-api: links source evidence across tickets, PRs, incidents, metrics, and KT artifacts so Ask AI can cite the right context."
TRACE-00834,ATLAS-6094,PR-10134,,REL-2020.4.4,notification-service,business_requirement,jira,"Traceability note for notification-service: links source evidence across tickets, PRs, incidents, metrics, and KT artifacts so Ask AI can cite the right context."
TRACE-00835,ATLAS-2792,PR-8169,PD-2046,REL-2019.03,tax-service,deployment,github,"Traceability note for tax-service: links source evidence across tickets, PRs, incidents, metrics, and KT artifacts so Ask AI can cite the right context."
TRACE-00836,ATLAS-1772,PR-9781,,REL-2022.06,analytics-pipeline,metric,github,"Traceability note for analytics-pipeline: links source evidence across tickets, PRs, incidents, metrics, and KT artifacts so Ask AI can cite the right context."
TRACE-00837,ATLAS-3043,PR-7303,,REL-2021.4.15,analytics-pipeline,decision,github,"Traceability note for analytics-pipeline: links source evidence across tickets, PRs, incidents, metrics, and KT artifacts so Ask AI can cite the right context."
TRACE-00838,ATLAS-3450,PR-9781,PD-2873,REL-2024.2.9,loyalty-service,db_health,confluence,"Traceability note for loyalty-service: links source evidence across tickets, PRs, incidents, metrics, and KT artifacts so Ask AI can cite the right context."
TRACE-00839,ATLAS-4599,PR-7633,PD-2034,REL-2024.3.6,loyalty-service,business_requirement,database,"Traceability note for loyalty-service: links source evidence across tickets, PRs, incidents, metrics, and KT artifacts so Ask AI can cite the right context."
TRACE-00840,ATLAS-4517,PR-8561,,REL-2020.1.14,analytics-pipeline,runbook,email,"Traceability note for analytics-pipeline: links source evidence across tickets, PRs, incidents, metrics, and KT artifacts so Ask AI can cite the right context."
TRACE-00841,ATLAS-1108,PR-10609,,REL-2019.2.8,auth-gateway,risk,email,"Traceability note for auth-gateway: links source evidence across tickets, PRs, incidents, metrics, and KT artifacts so Ask AI can cite the right context."
TRACE-00842,ATLAS-2279,PR-7546,,REL-2025.3.15,pricing-engine,decision,jira,"Traceability note for pricing-engine: links source evidence across tickets, PRs, incidents, metrics, and KT artifacts so Ask AI can cite the right context."
TRACE-00843,ATLAS-3353,PR-10193,,REL-2026.02,analytics-pipeline,runbook,database,"Traceability note for analytics-pipeline: links source evidence across tickets, PRs, incidents, metrics, and KT artifacts so Ask AI can cite the right context."
TRACE-00844,ATLAS-4137,PR-10766,PD-2621,REL-2023.12,search-recommendations,runbook,teams,"Traceability note for search-recommendations: links source evidence across tickets, PRs, incidents, metrics, and KT artifacts so Ask AI can cite the right context."
TRACE-00845,ATLAS-5817,PR-7620,,REL-2019.3.19,inventory-reservation,decision,email,"Traceability note for inventory-reservation: links source evidence across tickets, PRs, incidents, metrics, and KT artifacts so Ask AI can cite the right context."
TRACE-00846,ATLAS-5539,PR-6859,PD-2302,REL-2024.4.8,analytics-pipeline,db_health,jira,"Traceability note for analytics-pipeline: links source evidence across tickets, PRs, incidents, metrics, and KT artifacts so Ask AI can cite the right context."
TRACE-00847,ATLAS-4547,PR-9627,PD-2106,REL-2024.1.10,analytics-pipeline,support_case,grafana,"Traceability note for analytics-pipeline: links source evidence across tickets, PRs, incidents, metrics, and KT artifacts so Ask AI can cite the right context."
TRACE-00848,ATLAS-6101,PR-8033,,REL-2021.1.10,search-recommendations,business_requirement,database,"Traceability note for search-recommendations: links source evidence across tickets, PRs, incidents, metrics, and KT artifacts so Ask AI can cite the right context."
TRACE-00849,ATLAS-4284,PR-9683,PD-2726,REL-2023.09,inventory-reservation,db_health,pagerduty,"Traceability note for inventory-reservation: links source evidence across tickets, PRs, incidents, metrics, and KT artifacts so Ask AI can cite the right context."
TRACE-00850,ATLAS-3107,PR-6446,,REL-2019.2.9,auth-gateway,metric,database,"Traceability note for auth-gateway: links source evidence across tickets, PRs, incidents, metrics, and KT artifacts so Ask AI can cite the right context."
TRACE-00851,ATLAS-3535,PR-12433,,REL-2024.4.9,checkout-api,support_case,jira,"Traceability note for checkout-api: links source evidence across tickets, PRs, incidents, metrics, and KT artifacts so Ask AI can cite the right context."
TRACE-00852,ATLAS-3929,PR-5492,,REL-2024.3.11,auth-gateway,decision,email,"Traceability note for auth-gateway: links source evidence across tickets, PRs, incidents, metrics, and KT artifacts so Ask AI can cite the right context."
TRACE-00853,ATLAS-3853,PR-6282,PD-2454,REL-2019.2.8,loyalty-service,risk,grafana,"Traceability note for loyalty-service: links source evidence across tickets, PRs, incidents, metrics, and KT artifacts so Ask AI can cite the right context."
TRACE-00854,ATLAS-4331,PR-9929,,REL-2022.4.0,analytics-pipeline,db_health,github,"Traceability note for analytics-pipeline: links source evidence across tickets, PRs, incidents, metrics, and KT artifacts so Ask AI can cite the right context."
TRACE-00855,ATLAS-5597,PR-7396,PD-2108,REL-2023.06,payment-orchestrator,db_health,support,"Traceability note for payment-orchestrator: links source evidence across tickets, PRs, incidents, metrics, and KT artifacts so Ask AI can cite the right context."
TRACE-00856,ATLAS-4574,PR-10190,,REL-2021.2.3,notification-service,runbook,support,"Traceability note for notification-service: links source evidence across tickets, PRs, incidents, metrics, and KT artifacts so Ask AI can cite the right context."
TRACE-00857,ATLAS-2894,PR-12381,,REL-2025.01,tax-service,support_case,pagerduty,"Traceability note for tax-service: links source evidence across tickets, PRs, incidents, metrics, and KT artifacts so Ask AI can cite the right context."
TRACE-00858,ATLAS-4007,PR-9124,,REL-2021.2.5,order-ledger,decision,pagerduty,"Traceability note for order-ledger: links source evidence across tickets, PRs, incidents, metrics, and KT artifacts so Ask AI can cite the right context."
TRACE-00859,ATLAS-6153,PR-8069,PD-2774,REL-2022.11,order-ledger,business_requirement,pagerduty,"Traceability note for order-ledger: links source evidence across tickets, PRs, incidents, metrics, and KT artifacts so Ask AI can cite the right context."
TRACE-00860,ATLAS-4970,PR-8923,,REL-2020.06,search-recommendations,support_case,jira,"Traceability note for search-recommendations: links source evidence across tickets, PRs, incidents, metrics, and KT artifacts so Ask AI can cite the right context."
TRACE-00861,ATLAS-2817,PR-6771,PD-2360,REL-2020.3.19,checkout-api,business_requirement,confluence,"Traceability note for checkout-api: links source evidence across tickets, PRs, incidents, metrics, and KT artifacts so Ask AI can cite the right context."
TRACE-00862,ATLAS-2689,PR-7461,,REL-2023.1.3,order-ledger,runbook,pagerduty,"Traceability note for order-ledger: links source evidence across tickets, PRs, incidents, metrics, and KT artifacts so Ask AI can cite the right context."
TRACE-00863,ATLAS-3009,PR-5521,PD-2471,REL-2019.04,analytics-pipeline,db_health,email,"Traceability note for analytics-pipeline: links source evidence across tickets, PRs, incidents, metrics, and KT artifacts so Ask AI can cite the right context."
TRACE-00864,ATLAS-2137,PR-11313,,REL-2022.02,cart-service,metric,github,"Traceability note for cart-service: links source evidence across tickets, PRs, incidents, metrics, and KT artifacts so Ask AI can cite the right context."
TRACE-00865,ATLAS-1369,PR-9076,PD-2180,REL-2019.2.18,notification-service,business_requirement,database,"Traceability note for notification-service: links source evidence across tickets, PRs, incidents, metrics, and KT artifacts so Ask AI can cite the right context."
TRACE-00866,ATLAS-5158,PR-7328,,REL-2020.3.5,notification-service,db_health,teams,"Traceability note for notification-service: links source evidence across tickets, PRs, incidents, metrics, and KT artifacts so Ask AI can cite the right context."
TRACE-00867,ATLAS-4726,PR-6513,PD-2625,REL-2022.07,order-ledger,support_case,confluence,"Traceability note for order-ledger: links source evidence across tickets, PRs, incidents, metrics, and KT artifacts so Ask AI can cite the right context."
TRACE-00868,ATLAS-5529,PR-5748,PD-2889,REL-2019.3.5,cart-service,deployment,confluence,"Traceability note for cart-service: links source evidence across tickets, PRs, incidents, metrics, and KT artifacts so Ask AI can cite the right context."
TRACE-00869,ATLAS-2408,PR-8571,,REL-2020.1.14,checkout-api,db_health,support,"Traceability note for checkout-api: links source evidence across tickets, PRs, incidents, metrics, and KT artifacts so Ask AI can cite the right context."
TRACE-00870,ATLAS-5080,PR-11553,PD-2212,REL-2025.07,auth-gateway,runbook,teams,"Traceability note for auth-gateway: links source evidence across tickets, PRs, incidents, metrics, and KT artifacts so Ask AI can cite the right context."
TRACE-00871,ATLAS-3774,PR-6975,PD-2561,REL-2023.09,search-recommendations,business_requirement,github,"Traceability note for search-recommendations: links source evidence across tickets, PRs, incidents, metrics, and KT artifacts so Ask AI can cite the right context."
TRACE-00872,ATLAS-4062,PR-8970,,REL-2021.05,checkout-api,db_health,support,"Traceability note for checkout-api: links source evidence across tickets, PRs, incidents, metrics, and KT artifacts so Ask AI can cite the right context."
TRACE-00873,ATLAS-4005,PR-5282,,REL-2024.1.5,tax-service,business_requirement,grafana,"Traceability note for tax-service: links source evidence across tickets, PRs, incidents, metrics, and KT artifacts so Ask AI can cite the right context."
TRACE-00874,ATLAS-5345,PR-10050,PD-2225,REL-2022.2.19,search-recommendations,business_requirement,teams,"Traceability note for search-recommendations: links source evidence across tickets, PRs, incidents, metrics, and KT artifacts so Ask AI can cite the right context."
TRACE-00875,ATLAS-4310,PR-12561,,REL-2026.05,notification-service,decision,confluence,"Traceability note for notification-service: links source evidence across tickets, PRs, incidents, metrics, and KT artifacts so Ask AI can cite the right context."
TRACE-00876,ATLAS-5645,PR-7573,,REL-2019.4.19,tax-service,business_requirement,jira,"Traceability note for tax-service: links source evidence across tickets, PRs, incidents, metrics, and KT artifacts so Ask AI can cite the right context."
TRACE-00877,ATLAS-2665,PR-5288,,REL-2025.3.2,checkout-api,support_case,github,"Traceability note for checkout-api: links source evidence across tickets, PRs, incidents, metrics, and KT artifacts so Ask AI can cite the right context."
TRACE-00878,ATLAS-2684,PR-7871,PD-2531,REL-2026.2.1,order-ledger,business_requirement,jira,"Traceability note for order-ledger: links source evidence across tickets, PRs, incidents, metrics, and KT artifacts so Ask AI can cite the right context."
TRACE-00879,ATLAS-1952,PR-6786,,REL-2022.08,inventory-reservation,decision,support,"Traceability note for inventory-reservation: links source evidence across tickets, PRs, incidents, metrics, and KT artifacts so Ask AI can cite the right context."
TRACE-00880,ATLAS-1666,PR-11179,PD-2612,REL-2021.06,loyalty-service,decision,teams,"Traceability note for loyalty-service: links source evidence across tickets, PRs, incidents, metrics, and KT artifacts so Ask AI can cite the right context."
TRACE-00881,ATLAS-5520,PR-9302,PD-2442,REL-2019.4.3,search-recommendations,db_health,confluence,"Traceability note for search-recommendations: links source evidence across tickets, PRs, incidents, metrics, and KT artifacts so Ask AI can cite the right context."
TRACE-00882,ATLAS-4813,PR-10667,,REL-2019.2.19,cart-service,decision,jira,"Traceability note for cart-service: links source evidence across tickets, PRs, incidents, metrics, and KT artifacts so Ask AI can cite the right context."
TRACE-00883,ATLAS-4825,PR-5043,,REL-2024.4.9,payment-orchestrator,db_health,grafana,"Traceability note for payment-orchestrator: links source evidence across tickets, PRs, incidents, metrics, and KT artifacts so Ask AI can cite the right context."
TRACE-00884,ATLAS-5101,PR-7503,,REL-2024.3.6,notification-service,decision,email,"Traceability note for notification-service: links source evidence across tickets, PRs, incidents, metrics, and KT artifacts so Ask AI can cite the right context."
TRACE-00885,ATLAS-2195,PR-7579,PD-2426,REL-2020.05,search-recommendations,metric,grafana,"Traceability note for search-recommendations: links source evidence across tickets, PRs, incidents, metrics, and KT artifacts so Ask AI can cite the right context."
TRACE-00886,ATLAS-4879,PR-6066,,REL-2022.2.17,auth-gateway,db_health,support,"Traceability note for auth-gateway: links source evidence across tickets, PRs, incidents, metrics, and KT artifacts so Ask AI can cite the right context."
TRACE-00887,ATLAS-2245,PR-6267,PD-2862,REL-2025.4.2,loyalty-service,runbook,teams,"Traceability note for loyalty-service: links source evidence across tickets, PRs, incidents, metrics, and KT artifacts so Ask AI can cite the right context."
TRACE-00888,ATLAS-4958,PR-9394,,REL-2025.4.8,checkout-api,db_health,grafana,"Traceability note for checkout-api: links source evidence across tickets, PRs, incidents, metrics, and KT artifacts so Ask AI can cite the right context."
TRACE-00889,ATLAS-3961,PR-7988,PD-2180,REL-2023.4.11,inventory-reservation,deployment,email,"Traceability note for inventory-reservation: links source evidence across tickets, PRs, incidents, metrics, and KT artifacts so Ask AI can cite the right context."
TRACE-00890,ATLAS-5569,PR-6096,,REL-2023.4.0,inventory-reservation,business_requirement,pagerduty,"Traceability note for inventory-reservation: links source evidence across tickets, PRs, incidents, metrics, and KT artifacts so Ask AI can cite the right context."
TRACE-00891,ATLAS-3453,PR-10544,,REL-2019.3.5,checkout-api,risk,jira,"Traceability note for checkout-api: links source evidence across tickets, PRs, incidents, metrics, and KT artifacts so Ask AI can cite the right context."
TRACE-00892,ATLAS-4076,PR-5131,PD-2504,REL-2021.3.3,auth-gateway,db_health,grafana,"Traceability note for auth-gateway: links source evidence across tickets, PRs, incidents, metrics, and KT artifacts so Ask AI can cite the right context."
TRACE-00893,ATLAS-1425,PR-9143,,REL-2020.4.5,checkout-api,deployment,confluence,"Traceability note for checkout-api: links source evidence across tickets, PRs, incidents, metrics, and KT artifacts so Ask AI can cite the right context."
TRACE-00894,ATLAS-4094,PR-12025,,REL-2025.07,analytics-pipeline,support_case,confluence,"Traceability note for analytics-pipeline: links source evidence across tickets, PRs, incidents, metrics, and KT artifacts so Ask AI can cite the right context."
TRACE-00895,ATLAS-3192,PR-6394,PD-2410,REL-2023.10,analytics-pipeline,business_requirement,jira,"Traceability note for analytics-pipeline: links source evidence across tickets, PRs, incidents, metrics, and KT artifacts so Ask AI can cite the right context."
TRACE-00896,ATLAS-6102,PR-5304,PD-2533,REL-2022.4.3,payment-orchestrator,decision,confluence,"Traceability note for payment-orchestrator: links source evidence across tickets, PRs, incidents, metrics, and KT artifacts so Ask AI can cite the right context."
TRACE-00897,ATLAS-1027,PR-5615,PD-2838,REL-2023.3.2,notification-service,db_health,grafana,"Traceability note for notification-service: links source evidence across tickets, PRs, incidents, metrics, and KT artifacts so Ask AI can cite the right context."
TRACE-00898,ATLAS-3752,PR-5159,PD-2028,REL-2021.3.1,payment-orchestrator,runbook,support,"Traceability note for payment-orchestrator: links source evidence across tickets, PRs, incidents, metrics, and KT artifacts so Ask AI can cite the right context."
TRACE-00899,ATLAS-1319,PR-6465,,REL-2022.1.0,notification-service,business_requirement,grafana,"Traceability note for notification-service: links source evidence across tickets, PRs, incidents, metrics, and KT artifacts so Ask AI can cite the right context."
TRACE-00900,ATLAS-2083,PR-6206,,REL-2020.2.13,auth-gateway,risk,support,"Traceability note for auth-gateway: links source evidence across tickets, PRs, incidents, metrics, and KT artifacts so Ask AI can cite the right context."
TRACE-00901,ATLAS-4267,PR-10847,,REL-2025.2.14,cart-service,deployment,support,"Traceability note for cart-service: links source evidence across tickets, PRs, incidents, metrics, and KT artifacts so Ask AI can cite the right context."
TRACE-00902,ATLAS-1063,PR-5811,,REL-2026.1.13,inventory-reservation,decision,github,"Traceability note for inventory-reservation: links source evidence across tickets, PRs, incidents, metrics, and KT artifacts so Ask AI can cite the right context."
TRACE-00903,ATLAS-1582,PR-6157,PD-2811,REL-2021.02,tax-service,deployment,teams,"Traceability note for tax-service: links source evidence across tickets, PRs, incidents, metrics, and KT artifacts so Ask AI can cite the right context."
TRACE-00904,ATLAS-1881,PR-6520,PD-2692,REL-2021.4.0,analytics-pipeline,metric,teams,"Traceability note for analytics-pipeline: links source evidence across tickets, PRs, incidents, metrics, and KT artifacts so Ask AI can cite the right context."
TRACE-00905,ATLAS-4020,PR-5123,,REL-2019.2.5,pricing-engine,risk,email,"Traceability note for pricing-engine: links source evidence across tickets, PRs, incidents, metrics, and KT artifacts so Ask AI can cite the right context."
TRACE-00906,ATLAS-5006,PR-5062,PD-2451,REL-2020.3.12,cart-service,runbook,support,"Traceability note for cart-service: links source evidence across tickets, PRs, incidents, metrics, and KT artifacts so Ask AI can cite the right context."
TRACE-00907,ATLAS-2450,PR-9132,,REL-2019.4.5,payment-orchestrator,db_health,database,"Traceability note for payment-orchestrator: links source evidence across tickets, PRs, incidents, metrics, and KT artifacts so Ask AI can cite the right context."
TRACE-00908,ATLAS-2944,PR-9767,,REL-2019.1.17,checkout-api,runbook,teams,"Traceability note for checkout-api: links source evidence across tickets, PRs, incidents, metrics, and KT artifacts so Ask AI can cite the right context."
TRACE-00909,ATLAS-2190,PR-9464,,REL-2021.3.3,tax-service,deployment,teams,"Traceability note for tax-service: links source evidence across tickets, PRs, incidents, metrics, and KT artifacts so Ask AI can cite the right context."
TRACE-00910,ATLAS-3137,PR-6847,,REL-2023.4.5,cart-service,runbook,confluence,"Traceability note for cart-service: links source evidence across tickets, PRs, incidents, metrics, and KT artifacts so Ask AI can cite the right context."
TRACE-00911,ATLAS-3205,PR-5980,,REL-2024.4.10,order-ledger,db_health,confluence,"Traceability note for order-ledger: links source evidence across tickets, PRs, incidents, metrics, and KT artifacts so Ask AI can cite the right context."
TRACE-00912,ATLAS-5774,PR-7505,,REL-2024.3.11,tax-service,deployment,grafana,"Traceability note for tax-service: links source evidence across tickets, PRs, incidents, metrics, and KT artifacts so Ask AI can cite the right context."
TRACE-00913,ATLAS-2440,PR-9183,PD-2803,REL-2020.3.19,search-recommendations,decision,email,"Traceability note for search-recommendations: links source evidence across tickets, PRs, incidents, metrics, and KT artifacts so Ask AI can cite the right context."
TRACE-00914,ATLAS-2129,PR-7339,PD-2558,REL-2019.4.19,cart-service,runbook,teams,"Traceability note for cart-service: links source evidence across tickets, PRs, incidents, metrics, and KT artifacts so Ask AI can cite the right context."
TRACE-00915,ATLAS-1205,PR-7383,,REL-2022.4.3,payment-orchestrator,support_case,support,"Traceability note for payment-orchestrator: links source evidence across tickets, PRs, incidents, metrics, and KT artifacts so Ask AI can cite the right context."
TRACE-00916,ATLAS-3322,PR-8221,PD-2692,REL-2020.1.19,search-recommendations,metric,support,"Traceability note for search-recommendations: links source evidence across tickets, PRs, incidents, metrics, and KT artifacts so Ask AI can cite the right context."
TRACE-00917,ATLAS-2833,PR-11781,PD-2860,REL-2020.3.0,auth-gateway,risk,github,"Traceability note for auth-gateway: links source evidence across tickets, PRs, incidents, metrics, and KT artifacts so Ask AI can cite the right context."
TRACE-00918,ATLAS-1267,PR-9599,,REL-2025.3.10,pricing-engine,decision,teams,"Traceability note for pricing-engine: links source evidence across tickets, PRs, incidents, metrics, and KT artifacts so Ask AI can cite the right context."
TRACE-00919,ATLAS-4073,PR-8513,,REL-2019.12,analytics-pipeline,decision,grafana,"Traceability note for analytics-pipeline: links source evidence across tickets, PRs, incidents, metrics, and KT artifacts so Ask AI can cite the right context."
TRACE-00920,ATLAS-4621,PR-9732,,REL-2024.3.10,cart-service,db_health,teams,"Traceability note for cart-service: links source evidence across tickets, PRs, incidents, metrics, and KT artifacts so Ask AI can cite the right context."
TRACE-00921,ATLAS-3959,PR-8144,,REL-2022.07,order-ledger,decision,jira,"Traceability note for order-ledger: links source evidence across tickets, PRs, incidents, metrics, and KT artifacts so Ask AI can cite the right context."
TRACE-00922,ATLAS-4858,PR-7383,,REL-2024.1.2,notification-service,risk,jira,"Traceability note for notification-service: links source evidence across tickets, PRs, incidents, metrics, and KT artifacts so Ask AI can cite the right context."
TRACE-00923,ATLAS-5092,PR-8053,,REL-2023.1.6,search-recommendations,deployment,grafana,"Traceability note for search-recommendations: links source evidence across tickets, PRs, incidents, metrics, and KT artifacts so Ask AI can cite the right context."
TRACE-00924,ATLAS-4603,PR-5228,,REL-2020.4.17,payment-orchestrator,support_case,jira,"Traceability note for payment-orchestrator: links source evidence across tickets, PRs, incidents, metrics, and KT artifacts so Ask AI can cite the right context."
TRACE-00925,ATLAS-5324,PR-9166,PD-2205,REL-2025.3.15,order-ledger,risk,jira,"Traceability note for order-ledger: links source evidence across tickets, PRs, incidents, metrics, and KT artifacts so Ask AI can cite the right context."
TRACE-00926,ATLAS-2024,PR-5423,,REL-2025.4.18,order-ledger,metric,teams,"Traceability note for order-ledger: links source evidence across tickets, PRs, incidents, metrics, and KT artifacts so Ask AI can cite the right context."
TRACE-00927,ATLAS-4118,PR-5026,,REL-2020.05,order-ledger,runbook,pagerduty,"Traceability note for order-ledger: links source evidence across tickets, PRs, incidents, metrics, and KT artifacts so Ask AI can cite the right context."
TRACE-00928,ATLAS-3913,PR-6259,PD-2297,REL-2024.3.5,pricing-engine,support_case,support,"Traceability note for pricing-engine: links source evidence across tickets, PRs, incidents, metrics, and KT artifacts so Ask AI can cite the right context."
TRACE-00929,ATLAS-1479,PR-9767,PD-2315,REL-2026.1.16,notification-service,decision,confluence,"Traceability note for notification-service: links source evidence across tickets, PRs, incidents, metrics, and KT artifacts so Ask AI can cite the right context."
TRACE-00930,ATLAS-3326,PR-5644,PD-2109,REL-2022.4.16,search-recommendations,business_requirement,grafana,"Traceability note for search-recommendations: links source evidence across tickets, PRs, incidents, metrics, and KT artifacts so Ask AI can cite the right context."
TRACE-00931,ATLAS-1810,PR-6545,PD-2103,REL-2020.2.0,tax-service,support_case,grafana,"Traceability note for tax-service: links source evidence across tickets, PRs, incidents, metrics, and KT artifacts so Ask AI can cite the right context."
TRACE-00932,ATLAS-6107,PR-11804,PD-2375,REL-2019.4.15,checkout-api,risk,jira,"Traceability note for checkout-api: links source evidence across tickets, PRs, incidents, metrics, and KT artifacts so Ask AI can cite the right context."
TRACE-00933,ATLAS-1821,PR-5297,PD-2127,REL-2021.1.16,inventory-reservation,decision,confluence,"Traceability note for inventory-reservation: links source evidence across tickets, PRs, incidents, metrics, and KT artifacts so Ask AI can cite the right context."
TRACE-00934,ATLAS-4494,PR-11709,,REL-2022.12,payment-orchestrator,deployment,confluence,"Traceability note for payment-orchestrator: links source evidence across tickets, PRs, incidents, metrics, and KT artifacts so Ask AI can cite the right context."
TRACE-00935,ATLAS-1750,PR-9632,,REL-2019.01,order-ledger,runbook,github,"Traceability note for order-ledger: links source evidence across tickets, PRs, incidents, metrics, and KT artifacts so Ask AI can cite the right context."
TRACE-00936,ATLAS-6086,PR-9991,,REL-2022.05,search-recommendations,business_requirement,database,"Traceability note for search-recommendations: links source evidence across tickets, PRs, incidents, metrics, and KT artifacts so Ask AI can cite the right context."
TRACE-00937,ATLAS-3777,PR-10058,,REL-2021.09,analytics-pipeline,decision,support,"Traceability note for analytics-pipeline: links source evidence across tickets, PRs, incidents, metrics, and KT artifacts so Ask AI can cite the right context."
TRACE-00938,ATLAS-3275,PR-7215,,REL-2019.2.13,analytics-pipeline,deployment,teams,"Traceability note for analytics-pipeline: links source evidence across tickets, PRs, incidents, metrics, and KT artifacts so Ask AI can cite the right context."
TRACE-00939,ATLAS-2886,PR-6611,,REL-2024.12,inventory-reservation,decision,support,"Traceability note for inventory-reservation: links source evidence across tickets, PRs, incidents, metrics, and KT artifacts so Ask AI can cite the right context."
TRACE-00940,ATLAS-5561,PR-6389,PD-2882,REL-2019.2.13,cart-service,db_health,support,"Traceability note for cart-service: links source evidence across tickets, PRs, incidents, metrics, and KT artifacts so Ask AI can cite the right context."
TRACE-00941,ATLAS-5142,PR-8571,,REL-2018.4.10,auth-gateway,metric,teams,"Traceability note for auth-gateway: links source evidence across tickets, PRs, incidents, metrics, and KT artifacts so Ask AI can cite the right context."
TRACE-00942,ATLAS-4138,PR-6717,,REL-2022.3.8,notification-service,metric,pagerduty,"Traceability note for notification-service: links source evidence across tickets, PRs, incidents, metrics, and KT artifacts so Ask AI can cite the right context."
TRACE-00943,ATLAS-4337,PR-11586,,REL-2025.3.7,search-recommendations,runbook,confluence,"Traceability note for search-recommendations: links source evidence across tickets, PRs, incidents, metrics, and KT artifacts so Ask AI can cite the right context."
TRACE-00944,ATLAS-3635,PR-10145,,REL-2026.1.16,payment-orchestrator,risk,teams,"Traceability note for payment-orchestrator: links source evidence across tickets, PRs, incidents, metrics, and KT artifacts so Ask AI can cite the right context."
TRACE-00945,ATLAS-2320,PR-10593,,REL-2019.01,payment-orchestrator,business_requirement,database,"Traceability note for payment-orchestrator: links source evidence across tickets, PRs, incidents, metrics, and KT artifacts so Ask AI can cite the right context."
TRACE-00946,ATLAS-5781,PR-12154,,REL-2019.1.17,checkout-api,deployment,email,"Traceability note for checkout-api: links source evidence across tickets, PRs, incidents, metrics, and KT artifacts so Ask AI can cite the right context."
TRACE-00947,ATLAS-2198,PR-5872,PD-2615,REL-2019.08,tax-service,risk,database,"Traceability note for tax-service: links source evidence across tickets, PRs, incidents, metrics, and KT artifacts so Ask AI can cite the right context."
TRACE-00948,ATLAS-6064,PR-8129,,REL-2025.3.8,payment-orchestrator,runbook,grafana,"Traceability note for payment-orchestrator: links source evidence across tickets, PRs, incidents, metrics, and KT artifacts so Ask AI can cite the right context."
TRACE-00949,ATLAS-4494,PR-11305,,REL-2022.4.10,notification-service,db_health,grafana,"Traceability note for notification-service: links source evidence across tickets, PRs, incidents, metrics, and KT artifacts so Ask AI can cite the right context."
TRACE-00950,ATLAS-5547,PR-8690,PD-2465,REL-2022.4.10,tax-service,business_requirement,database,"Traceability note for tax-service: links source evidence across tickets, PRs, incidents, metrics, and KT artifacts so Ask AI can cite the right context."
TRACE-00951,ATLAS-3146,PR-10574,PD-2505,REL-2018.11,notification-service,runbook,jira,"Traceability note for notification-service: links source evidence across tickets, PRs, incidents, metrics, and KT artifacts so Ask AI can cite the right context."
TRACE-00952,ATLAS-4299,PR-7523,PD-2476,REL-2024.06,pricing-engine,deployment,grafana,"Traceability note for pricing-engine: links source evidence across tickets, PRs, incidents, metrics, and KT artifacts so Ask AI can cite the right context."
TRACE-00953,ATLAS-3347,PR-7971,,REL-2026.2.14,pricing-engine,deployment,pagerduty,"Traceability note for pricing-engine: links source evidence across tickets, PRs, incidents, metrics, and KT artifacts so Ask AI can cite the right context."
TRACE-00954,ATLAS-4063,PR-10540,PD-2517,REL-2019.02,inventory-reservation,db_health,confluence,"Traceability note for inventory-reservation: links source evidence across tickets, PRs, incidents, metrics, and KT artifacts so Ask AI can cite the right context."
TRACE-00955,ATLAS-2321,PR-6929,PD-2760,REL-2021.4.12,inventory-reservation,business_requirement,email,"Traceability note for inventory-reservation: links source evidence across tickets, PRs, incidents, metrics, and KT artifacts so Ask AI can cite the right context."
TRACE-00956,ATLAS-2592,PR-9435,PD-2279,REL-2020.3.10,cart-service,deployment,jira,"Traceability note for cart-service: links source evidence across tickets, PRs, incidents, metrics, and KT artifacts so Ask AI can cite the right context."
TRACE-00957,ATLAS-4924,PR-8520,,REL-2019.2.17,analytics-pipeline,business_requirement,confluence,"Traceability note for analytics-pipeline: links source evidence across tickets, PRs, incidents, metrics, and KT artifacts so Ask AI can cite the right context."
TRACE-00958,ATLAS-1090,PR-6701,PD-2614,REL-2022.11,notification-service,deployment,email,"Traceability note for notification-service: links source evidence across tickets, PRs, incidents, metrics, and KT artifacts so Ask AI can cite the right context."
TRACE-00959,ATLAS-5205,PR-9255,,REL-2026.1.16,loyalty-service,runbook,teams,"Traceability note for loyalty-service: links source evidence across tickets, PRs, incidents, metrics, and KT artifacts so Ask AI can cite the right context."
TRACE-00960,ATLAS-1369,PR-5228,PD-2591,REL-2019.3.10,tax-service,business_requirement,confluence,"Traceability note for tax-service: links source evidence across tickets, PRs, incidents, metrics, and KT artifacts so Ask AI can cite the right context."
TRACE-00961,ATLAS-5405,PR-5728,,REL-2024.06,analytics-pipeline,runbook,database,"Traceability note for analytics-pipeline: links source evidence across tickets, PRs, incidents, metrics, and KT artifacts so Ask AI can cite the right context."
TRACE-00962,ATLAS-3472,PR-6195,,REL-2020.4.17,payment-orchestrator,runbook,confluence,"Traceability note for payment-orchestrator: links source evidence across tickets, PRs, incidents, metrics, and KT artifacts so Ask AI can cite the right context."
TRACE-00963,ATLAS-1694,PR-8944,PD-2143,REL-2018.11,auth-gateway,metric,pagerduty,"Traceability note for auth-gateway: links source evidence across tickets, PRs, incidents, metrics, and KT artifacts so Ask AI can cite the right context."
TRACE-00964,ATLAS-5899,PR-6670,,REL-2023.07,auth-gateway,risk,support,"Traceability note for auth-gateway: links source evidence across tickets, PRs, incidents, metrics, and KT artifacts so Ask AI can cite the right context."
TRACE-00965,ATLAS-1793,PR-5496,,REL-2024.07,pricing-engine,business_requirement,pagerduty,"Traceability note for pricing-engine: links source evidence across tickets, PRs, incidents, metrics, and KT artifacts so Ask AI can cite the right context."
TRACE-00966,ATLAS-4719,PR-5876,,REL-2021.2.11,inventory-reservation,decision,jira,"Traceability note for inventory-reservation: links source evidence across tickets, PRs, incidents, metrics, and KT artifacts so Ask AI can cite the right context."
TRACE-00967,ATLAS-1121,PR-6979,,REL-2024.3.17,analytics-pipeline,risk,github,"Traceability note for analytics-pipeline: links source evidence across tickets, PRs, incidents, metrics, and KT artifacts so Ask AI can cite the right context."
TRACE-00968,ATLAS-5690,PR-9441,,REL-2020.03,order-ledger,business_requirement,database,"Traceability note for order-ledger: links source evidence across tickets, PRs, incidents, metrics, and KT artifacts so Ask AI can cite the right context."
TRACE-00969,ATLAS-5098,PR-6360,,REL-2022.12,tax-service,deployment,database,"Traceability note for tax-service: links source evidence across tickets, PRs, incidents, metrics, and KT artifacts so Ask AI can cite the right context."
TRACE-00970,ATLAS-1887,PR-6947,PD-2015,REL-2025.1.8,tax-service,business_requirement,jira,"Traceability note for tax-service: links source evidence across tickets, PRs, incidents, metrics, and KT artifacts so Ask AI can cite the right context."
TRACE-00971,ATLAS-5433,PR-9411,,REL-2026.1.1,notification-service,metric,github,"Traceability note for notification-service: links source evidence across tickets, PRs, incidents, metrics, and KT artifacts so Ask AI can cite the right context."
TRACE-00972,ATLAS-4451,PR-5725,,REL-2018.4.18,auth-gateway,decision,support,"Traceability note for auth-gateway: links source evidence across tickets, PRs, incidents, metrics, and KT artifacts so Ask AI can cite the right context."
TRACE-00973,ATLAS-3517,PR-8854,PD-2235,REL-2021.3.3,auth-gateway,metric,support,"Traceability note for auth-gateway: links source evidence across tickets, PRs, incidents, metrics, and KT artifacts so Ask AI can cite the right context."
TRACE-00974,ATLAS-3099,PR-5150,PD-2111,REL-2025.01,payment-orchestrator,decision,grafana,"Traceability note for payment-orchestrator: links source evidence across tickets, PRs, incidents, metrics, and KT artifacts so Ask AI can cite the right context."
TRACE-00975,ATLAS-6141,PR-7475,PD-2156,REL-2020.09,pricing-engine,deployment,github,"Traceability note for pricing-engine: links source evidence across tickets, PRs, incidents, metrics, and KT artifacts so Ask AI can cite the right context."
TRACE-00976,ATLAS-5695,PR-10540,,REL-2021.1.10,inventory-reservation,business_requirement,github,"Traceability note for inventory-reservation: links source evidence across tickets, PRs, incidents, metrics, and KT artifacts so Ask AI can cite the right context."
TRACE-00977,ATLAS-4982,PR-5624,,REL-2025.3.2,auth-gateway,runbook,email,"Traceability note for auth-gateway: links source evidence across tickets, PRs, incidents, metrics, and KT artifacts so Ask AI can cite the right context."
TRACE-00978,ATLAS-2781,PR-8594,,REL-2022.10,order-ledger,db_health,email,"Traceability note for order-ledger: links source evidence across tickets, PRs, incidents, metrics, and KT artifacts so Ask AI can cite the right context."
TRACE-00979,ATLAS-3360,PR-6576,,REL-2024.1.10,loyalty-service,metric,confluence,"Traceability note for loyalty-service: links source evidence across tickets, PRs, incidents, metrics, and KT artifacts so Ask AI can cite the right context."
TRACE-00980,ATLAS-2650,PR-8915,PD-2223,REL-2019.01,inventory-reservation,support_case,confluence,"Traceability note for inventory-reservation: links source evidence across tickets, PRs, incidents, metrics, and KT artifacts so Ask AI can cite the right context."
TRACE-00981,ATLAS-3405,PR-6205,,REL-2019.10,loyalty-service,business_requirement,confluence,"Traceability note for loyalty-service: links source evidence across tickets, PRs, incidents, metrics, and KT artifacts so Ask AI can cite the right context."
TRACE-00982,ATLAS-4455,PR-9011,,REL-2025.12,payment-orchestrator,risk,github,"Traceability note for payment-orchestrator: links source evidence across tickets, PRs, incidents, metrics, and KT artifacts so Ask AI can cite the right context."
TRACE-00983,ATLAS-6125,PR-6391,,REL-2024.03,pricing-engine,db_health,jira,"Traceability note for pricing-engine: links source evidence across tickets, PRs, incidents, metrics, and KT artifacts so Ask AI can cite the right context."
TRACE-00984,ATLAS-2126,PR-11922,,REL-2024.3.2,order-ledger,db_health,teams,"Traceability note for order-ledger: links source evidence across tickets, PRs, incidents, metrics, and KT artifacts so Ask AI can cite the right context."
TRACE-00985,ATLAS-3400,PR-8201,,REL-2023.04,inventory-reservation,db_health,confluence,"Traceability note for inventory-reservation: links source evidence across tickets, PRs, incidents, metrics, and KT artifacts so Ask AI can cite the right context."
TRACE-00986,ATLAS-5285,PR-9471,,REL-2020.3.19,auth-gateway,risk,confluence,"Traceability note for auth-gateway: links source evidence across tickets, PRs, incidents, metrics, and KT artifacts so Ask AI can cite the right context."
TRACE-00987,ATLAS-3402,PR-10131,,REL-2021.1.12,pricing-engine,risk,jira,"Traceability note for pricing-engine: links source evidence across tickets, PRs, incidents, metrics, and KT artifacts so Ask AI can cite the right context."
TRACE-00988,ATLAS-4505,PR-8167,,REL-2021.3.8,tax-service,deployment,jira,"Traceability note for tax-service: links source evidence across tickets, PRs, incidents, metrics, and KT artifacts so Ask AI can cite the right context."
TRACE-00989,ATLAS-4054,PR-11179,,REL-2021.03,notification-service,metric,jira,"Traceability note for notification-service: links source evidence across tickets, PRs, incidents, metrics, and KT artifacts so Ask AI can cite the right context."
TRACE-00990,ATLAS-3644,PR-7772,PD-2569,REL-2026.1.10,payment-orchestrator,deployment,support,"Traceability note for payment-orchestrator: links source evidence across tickets, PRs, incidents, metrics, and KT artifacts so Ask AI can cite the right context."
TRACE-00991,ATLAS-3335,PR-7210,PD-2747,REL-2025.2.1,tax-service,support_case,grafana,"Traceability note for tax-service: links source evidence across tickets, PRs, incidents, metrics, and KT artifacts so Ask AI can cite the right context."
TRACE-00992,ATLAS-4329,PR-7606,,REL-2022.4.10,notification-service,deployment,teams,"Traceability note for notification-service: links source evidence across tickets, PRs, incidents, metrics, and KT artifacts so Ask AI can cite the right context."
TRACE-00993,ATLAS-5711,PR-5474,,REL-2022.3.19,search-recommendations,runbook,jira,"Traceability note for search-recommendations: links source evidence across tickets, PRs, incidents, metrics, and KT artifacts so Ask AI can cite the right context."
TRACE-00994,ATLAS-5616,PR-7717,PD-2652,REL-2025.08,analytics-pipeline,support_case,teams,"Traceability note for analytics-pipeline: links source evidence across tickets, PRs, incidents, metrics, and KT artifacts so Ask AI can cite the right context."
TRACE-00995,ATLAS-3307,PR-8257,,REL-2018.3.14,tax-service,support_case,teams,"Traceability note for tax-service: links source evidence across tickets, PRs, incidents, metrics, and KT artifacts so Ask AI can cite the right context."
TRACE-00996,ATLAS-2904,PR-5642,,REL-2026.1.16,auth-gateway,db_health,grafana,"Traceability note for auth-gateway: links source evidence across tickets, PRs, incidents, metrics, and KT artifacts so Ask AI can cite the right context."
TRACE-00997,ATLAS-2534,PR-5276,,REL-2024.4.6,payment-orchestrator,decision,github,"Traceability note for payment-orchestrator: links source evidence across tickets, PRs, incidents, metrics, and KT artifacts so Ask AI can cite the right context."
TRACE-00998,ATLAS-4344,PR-10212,PD-2087,REL-2021.4.0,notification-service,deployment,support,"Traceability note for notification-service: links source evidence across tickets, PRs, incidents, metrics, and KT artifacts so Ask AI can cite the right context."
TRACE-00999,ATLAS-5480,PR-11186,PD-2712,REL-2025.2.5,cart-service,deployment,grafana,"Traceability note for cart-service: links source evidence across tickets, PRs, incidents, metrics, and KT artifacts so Ask AI can cite the right context."
TRACE-01000,ATLAS-2534,PR-8843,,REL-2024.3.4,payment-orchestrator,risk,pagerduty,"Traceability note for payment-orchestrator: links source evidence across tickets, PRs, incidents, metrics, and KT artifacts so Ask AI can cite the right context."
TRACE-01001,ATLAS-5081,PR-6686,,REL-2025.4.2,checkout-api,business_requirement,email,"Traceability note for checkout-api: links source evidence across tickets, PRs, incidents, metrics, and KT artifacts so Ask AI can cite the right context."
TRACE-01002,ATLAS-4891,PR-5669,PD-2623,REL-2024.4.14,pricing-engine,runbook,email,"Traceability note for pricing-engine: links source evidence across tickets, PRs, incidents, metrics, and KT artifacts so Ask AI can cite the right context."
TRACE-01003,ATLAS-1805,PR-9457,PD-2676,REL-2020.09,inventory-reservation,metric,confluence,"Traceability note for inventory-reservation: links source evidence across tickets, PRs, incidents, metrics, and KT artifacts so Ask AI can cite the right context."
TRACE-01004,ATLAS-1869,PR-7169,,REL-2021.3.6,notification-service,db_health,pagerduty,"Traceability note for notification-service: links source evidence across tickets, PRs, incidents, metrics, and KT artifacts so Ask AI can cite the right context."
TRACE-01005,ATLAS-1182,PR-5518,,REL-2019.05,pricing-engine,risk,jira,"Traceability note for pricing-engine: links source evidence across tickets, PRs, incidents, metrics, and KT artifacts so Ask AI can cite the right context."
TRACE-01006,ATLAS-5882,PR-7580,,REL-2024.4.8,search-recommendations,db_health,confluence,"Traceability note for search-recommendations: links source evidence across tickets, PRs, incidents, metrics, and KT artifacts so Ask AI can cite the right context."
TRACE-01007,ATLAS-2657,PR-9475,PD-2170,REL-2022.3.4,search-recommendations,business_requirement,confluence,"Traceability note for search-recommendations: links source evidence across tickets, PRs, incidents, metrics, and KT artifacts so Ask AI can cite the right context."
TRACE-01008,ATLAS-6138,PR-12198,PD-2148,REL-2021.10,auth-gateway,business_requirement,jira,"Traceability note for auth-gateway: links source evidence across tickets, PRs, incidents, metrics, and KT artifacts so Ask AI can cite the right context."
TRACE-01009,ATLAS-2727,PR-5712,PD-2733,REL-2023.06,notification-service,risk,teams,"Traceability note for notification-service: links source evidence across tickets, PRs, incidents, metrics, and KT artifacts so Ask AI can cite the right context."
TRACE-01010,ATLAS-2532,PR-12526,,REL-2022.4.0,auth-gateway,runbook,grafana,"Traceability note for auth-gateway: links source evidence across tickets, PRs, incidents, metrics, and KT artifacts so Ask AI can cite the right context."
TRACE-01011,ATLAS-1875,PR-7126,PD-2060,REL-2020.02,loyalty-service,db_health,grafana,"Traceability note for loyalty-service: links source evidence across tickets, PRs, incidents, metrics, and KT artifacts so Ask AI can cite the right context."
TRACE-01012,ATLAS-2190,PR-11933,,REL-2022.08,notification-service,risk,grafana,"Traceability note for notification-service: links source evidence across tickets, PRs, incidents, metrics, and KT artifacts so Ask AI can cite the right context."
TRACE-01013,ATLAS-1587,PR-8721,PD-2705,REL-2022.4.1,cart-service,db_health,grafana,"Traceability note for cart-service: links source evidence across tickets, PRs, incidents, metrics, and KT artifacts so Ask AI can cite the right context."
TRACE-01014,ATLAS-3677,PR-9909,,REL-2020.1.7,inventory-reservation,runbook,github,"Traceability note for inventory-reservation: links source evidence across tickets, PRs, incidents, metrics, and KT artifacts so Ask AI can cite the right context."
TRACE-01015,ATLAS-5094,PR-5201,PD-2169,REL-2025.07,tax-service,metric,email,"Traceability note for tax-service: links source evidence across tickets, PRs, incidents, metrics, and KT artifacts so Ask AI can cite the right context."
TRACE-01016,ATLAS-1601,PR-9267,,REL-2025.08,inventory-reservation,support_case,grafana,"Traceability note for inventory-reservation: links source evidence across tickets, PRs, incidents, metrics, and KT artifacts so Ask AI can cite the right context."
TRACE-01017,ATLAS-4544,PR-7772,,REL-2019.3.5,payment-orchestrator,metric,grafana,"Traceability note for payment-orchestrator: links source evidence across tickets, PRs, incidents, metrics, and KT artifacts so Ask AI can cite the right context."
TRACE-01018,ATLAS-3283,PR-12580,,REL-2026.2.0,payment-orchestrator,metric,pagerduty,"Traceability note for payment-orchestrator: links source evidence across tickets, PRs, incidents, metrics, and KT artifacts so Ask AI can cite the right context."
TRACE-01019,ATLAS-5136,PR-10749,PD-2677,REL-2019.1.9,tax-service,db_health,email,"Traceability note for tax-service: links source evidence across tickets, PRs, incidents, metrics, and KT artifacts so Ask AI can cite the right context."
TRACE-01020,ATLAS-2979,PR-5496,PD-2402,REL-2019.2.1,inventory-reservation,deployment,grafana,"Traceability note for inventory-reservation: links source evidence across tickets, PRs, incidents, metrics, and KT artifacts so Ask AI can cite the right context."
TRACE-01021,ATLAS-2841,PR-8928,,REL-2026.1.19,notification-service,db_health,grafana,"Traceability note for notification-service: links source evidence across tickets, PRs, incidents, metrics, and KT artifacts so Ask AI can cite the right context."
TRACE-01022,ATLAS-4650,PR-6325,PD-2402,REL-2018.3.11,pricing-engine,business_requirement,teams,"Traceability note for pricing-engine: links source evidence across tickets, PRs, incidents, metrics, and KT artifacts so Ask AI can cite the right context."
TRACE-01023,ATLAS-1068,PR-6218,PD-2220,REL-2025.08,auth-gateway,deployment,grafana,"Traceability note for auth-gateway: links source evidence across tickets, PRs, incidents, metrics, and KT artifacts so Ask AI can cite the right context."
TRACE-01024,ATLAS-5325,PR-7787,,REL-2022.4.16,loyalty-service,db_health,email,"Traceability note for loyalty-service: links source evidence across tickets, PRs, incidents, metrics, and KT artifacts so Ask AI can cite the right context."
TRACE-01025,ATLAS-2887,PR-8731,,REL-2022.4.1,analytics-pipeline,business_requirement,github,"Traceability note for analytics-pipeline: links source evidence across tickets, PRs, incidents, metrics, and KT artifacts so Ask AI can cite the right context."
TRACE-01026,ATLAS-5610,PR-6470,PD-2731,REL-2026.01,pricing-engine,db_health,grafana,"Traceability note for pricing-engine: links source evidence across tickets, PRs, incidents, metrics, and KT artifacts so Ask AI can cite the right context."
TRACE-01027,ATLAS-5878,PR-8158,,REL-2023.2.4,tax-service,runbook,teams,"Traceability note for tax-service: links source evidence across tickets, PRs, incidents, metrics, and KT artifacts so Ask AI can cite the right context."
TRACE-01028,ATLAS-1430,PR-10072,PD-2154,REL-2023.04,order-ledger,business_requirement,teams,"Traceability note for order-ledger: links source evidence across tickets, PRs, incidents, metrics, and KT artifacts so Ask AI can cite the right context."
TRACE-01029,ATLAS-1726,PR-7874,PD-2471,REL-2023.1.15,auth-gateway,deployment,jira,"Traceability note for auth-gateway: links source evidence across tickets, PRs, incidents, metrics, and KT artifacts so Ask AI can cite the right context."
TRACE-01030,ATLAS-2388,PR-11778,,REL-2019.06,auth-gateway,support_case,support,"Traceability note for auth-gateway: links source evidence across tickets, PRs, incidents, metrics, and KT artifacts so Ask AI can cite the right context."
TRACE-01031,ATLAS-1066,PR-7823,,REL-2025.04,tax-service,support_case,database,"Traceability note for tax-service: links source evidence across tickets, PRs, incidents, metrics, and KT artifacts so Ask AI can cite the right context."
TRACE-01032,ATLAS-4803,PR-6035,PD-2764,REL-2024.01,loyalty-service,deployment,teams,"Traceability note for loyalty-service: links source evidence across tickets, PRs, incidents, metrics, and KT artifacts so Ask AI can cite the right context."
TRACE-01033,ATLAS-2077,PR-5306,,REL-2022.4.16,analytics-pipeline,deployment,email,"Traceability note for analytics-pipeline: links source evidence across tickets, PRs, incidents, metrics, and KT artifacts so Ask AI can cite the right context."
TRACE-01034,ATLAS-3324,PR-8362,PD-2695,REL-2025.1.9,payment-orchestrator,support_case,pagerduty,"Traceability note for payment-orchestrator: links source evidence across tickets, PRs, incidents, metrics, and KT artifacts so Ask AI can cite the right context."
TRACE-01035,ATLAS-4404,PR-5907,,REL-2024.09,pricing-engine,runbook,database,"Traceability note for pricing-engine: links source evidence across tickets, PRs, incidents, metrics, and KT artifacts so Ask AI can cite the right context."
TRACE-01036,ATLAS-6200,PR-7492,,REL-2021.2.9,search-recommendations,metric,email,"Traceability note for search-recommendations: links source evidence across tickets, PRs, incidents, metrics, and KT artifacts so Ask AI can cite the right context."
TRACE-01037,ATLAS-2012,PR-11339,,REL-2024.1.2,pricing-engine,runbook,support,"Traceability note for pricing-engine: links source evidence across tickets, PRs, incidents, metrics, and KT artifacts so Ask AI can cite the right context."
TRACE-01038,ATLAS-2232,PR-10129,PD-2769,REL-2022.1.0,notification-service,db_health,database,"Traceability note for notification-service: links source evidence across tickets, PRs, incidents, metrics, and KT artifacts so Ask AI can cite the right context."
TRACE-01039,ATLAS-3468,PR-5459,,REL-2019.1.19,cart-service,metric,teams,"Traceability note for cart-service: links source evidence across tickets, PRs, incidents, metrics, and KT artifacts so Ask AI can cite the right context."
TRACE-01040,ATLAS-5855,PR-10718,,REL-2019.4.5,analytics-pipeline,support_case,grafana,"Traceability note for analytics-pipeline: links source evidence across tickets, PRs, incidents, metrics, and KT artifacts so Ask AI can cite the right context."
TRACE-01041,ATLAS-4419,PR-9382,,REL-2020.02,inventory-reservation,business_requirement,database,"Traceability note for inventory-reservation: links source evidence across tickets, PRs, incidents, metrics, and KT artifacts so Ask AI can cite the right context."
TRACE-01042,ATLAS-6031,PR-11422,PD-2038,REL-2024.4.13,analytics-pipeline,support_case,teams,"Traceability note for analytics-pipeline: links source evidence across tickets, PRs, incidents, metrics, and KT artifacts so Ask AI can cite the right context."
TRACE-01043,ATLAS-3513,PR-7335,,REL-2020.3.17,loyalty-service,deployment,support,"Traceability note for loyalty-service: links source evidence across tickets, PRs, incidents, metrics, and KT artifacts so Ask AI can cite the right context."
TRACE-01044,ATLAS-2711,PR-8381,,REL-2024.09,payment-orchestrator,business_requirement,confluence,"Traceability note for payment-orchestrator: links source evidence across tickets, PRs, incidents, metrics, and KT artifacts so Ask AI can cite the right context."
TRACE-01045,ATLAS-1648,PR-5381,,REL-2021.3.9,loyalty-service,runbook,support,"Traceability note for loyalty-service: links source evidence across tickets, PRs, incidents, metrics, and KT artifacts so Ask AI can cite the right context."
TRACE-01046,ATLAS-5580,PR-5026,,REL-2025.06,analytics-pipeline,db_health,pagerduty,"Traceability note for analytics-pipeline: links source evidence across tickets, PRs, incidents, metrics, and KT artifacts so Ask AI can cite the right context."
TRACE-01047,ATLAS-3348,PR-12479,,REL-2021.1.19,checkout-api,business_requirement,confluence,"Traceability note for checkout-api: links source evidence across tickets, PRs, incidents, metrics, and KT artifacts so Ask AI can cite the right context."
TRACE-01048,ATLAS-1308,PR-5195,PD-2657,REL-2022.08,loyalty-service,business_requirement,teams,"Traceability note for loyalty-service: links source evidence across tickets, PRs, incidents, metrics, and KT artifacts so Ask AI can cite the right context."
TRACE-01049,ATLAS-3007,PR-5650,,REL-2023.4.0,search-recommendations,db_health,database,"Traceability note for search-recommendations: links source evidence across tickets, PRs, incidents, metrics, and KT artifacts so Ask AI can cite the right context."
TRACE-01050,ATLAS-5651,PR-8835,PD-2265,REL-2025.1.9,pricing-engine,support_case,confluence,"Traceability note for pricing-engine: links source evidence across tickets, PRs, incidents, metrics, and KT artifacts so Ask AI can cite the right context."
TRACE-01051,ATLAS-5469,PR-8906,,REL-2023.1.15,loyalty-service,risk,jira,"Traceability note for loyalty-service: links source evidence across tickets, PRs, incidents, metrics, and KT artifacts so Ask AI can cite the right context."
TRACE-01052,ATLAS-5674,PR-10813,,REL-2024.09,tax-service,risk,grafana,"Traceability note for tax-service: links source evidence across tickets, PRs, incidents, metrics, and KT artifacts so Ask AI can cite the right context."
TRACE-01053,ATLAS-4845,PR-7895,,REL-2019.3.13,pricing-engine,risk,jira,"Traceability note for pricing-engine: links source evidence across tickets, PRs, incidents, metrics, and KT artifacts so Ask AI can cite the right context."
TRACE-01054,ATLAS-2189,PR-10971,,REL-2019.4.3,tax-service,risk,teams,"Traceability note for tax-service: links source evidence across tickets, PRs, incidents, metrics, and KT artifacts so Ask AI can cite the right context."
TRACE-01055,ATLAS-2387,PR-8496,,REL-2025.3.11,notification-service,support_case,grafana,"Traceability note for notification-service: links source evidence across tickets, PRs, incidents, metrics, and KT artifacts so Ask AI can cite the right context."
TRACE-01056,ATLAS-2650,PR-5762,,REL-2022.09,auth-gateway,risk,pagerduty,"Traceability note for auth-gateway: links source evidence across tickets, PRs, incidents, metrics, and KT artifacts so Ask AI can cite the right context."
TRACE-01057,ATLAS-6000,PR-11812,,REL-2021.03,notification-service,risk,database,"Traceability note for notification-service: links source evidence across tickets, PRs, incidents, metrics, and KT artifacts so Ask AI can cite the right context."
TRACE-01058,ATLAS-4227,PR-5910,,REL-2018.06,loyalty-service,support_case,confluence,"Traceability note for loyalty-service: links source evidence across tickets, PRs, incidents, metrics, and KT artifacts so Ask AI can cite the right context."
TRACE-01059,ATLAS-2888,PR-9132,PD-2525,REL-2024.1.18,analytics-pipeline,metric,support,"Traceability note for analytics-pipeline: links source evidence across tickets, PRs, incidents, metrics, and KT artifacts so Ask AI can cite the right context."
TRACE-01060,ATLAS-5704,PR-8450,PD-2265,REL-2019.11,loyalty-service,db_health,teams,"Traceability note for loyalty-service: links source evidence across tickets, PRs, incidents, metrics, and KT artifacts so Ask AI can cite the right context."
TRACE-01061,ATLAS-4713,PR-7775,,REL-2020.4.9,inventory-reservation,business_requirement,github,"Traceability note for inventory-reservation: links source evidence across tickets, PRs, incidents, metrics, and KT artifacts so Ask AI can cite the right context."
TRACE-01062,ATLAS-2487,PR-5124,PD-2795,REL-2025.01,pricing-engine,business_requirement,support,"Traceability note for pricing-engine: links source evidence across tickets, PRs, incidents, metrics, and KT artifacts so Ask AI can cite the right context."
TRACE-01063,ATLAS-2210,PR-7079,PD-2712,REL-2022.1.19,auth-gateway,metric,teams,"Traceability note for auth-gateway: links source evidence across tickets, PRs, incidents, metrics, and KT artifacts so Ask AI can cite the right context."
TRACE-01064,ATLAS-1648,PR-6535,,REL-2025.3.2,payment-orchestrator,db_health,support,"Traceability note for payment-orchestrator: links source evidence across tickets, PRs, incidents, metrics, and KT artifacts so Ask AI can cite the right context."
TRACE-01065,ATLAS-2975,PR-9666,,REL-2025.12,auth-gateway,decision,pagerduty,"Traceability note for auth-gateway: links source evidence across tickets, PRs, incidents, metrics, and KT artifacts so Ask AI can cite the right context."
TRACE-01066,ATLAS-2583,PR-5483,,REL-2021.03,analytics-pipeline,business_requirement,support,"Traceability note for analytics-pipeline: links source evidence across tickets, PRs, incidents, metrics, and KT artifacts so Ask AI can cite the right context."
TRACE-01067,ATLAS-3172,PR-11966,,REL-2025.11,tax-service,db_health,support,"Traceability note for tax-service: links source evidence across tickets, PRs, incidents, metrics, and KT artifacts so Ask AI can cite the right context."
TRACE-01068,ATLAS-4016,PR-5216,,REL-2020.12,analytics-pipeline,business_requirement,teams,"Traceability note for analytics-pipeline: links source evidence across tickets, PRs, incidents, metrics, and KT artifacts so Ask AI can cite the right context."
TRACE-01069,ATLAS-4205,PR-7736,,REL-2023.1.3,checkout-api,business_requirement,teams,"Traceability note for checkout-api: links source evidence across tickets, PRs, incidents, metrics, and KT artifacts so Ask AI can cite the right context."
TRACE-01070,ATLAS-4306,PR-6801,PD-2309,REL-2026.2.11,loyalty-service,risk,github,"Traceability note for loyalty-service: links source evidence across tickets, PRs, incidents, metrics, and KT artifacts so Ask AI can cite the right context."
TRACE-01071,ATLAS-3315,PR-11264,,REL-2023.12,tax-service,metric,database,"Traceability note for tax-service: links source evidence across tickets, PRs, incidents, metrics, and KT artifacts so Ask AI can cite the right context."
TRACE-01072,ATLAS-3490,PR-5285,,REL-2022.07,loyalty-service,runbook,pagerduty,"Traceability note for loyalty-service: links source evidence across tickets, PRs, incidents, metrics, and KT artifacts so Ask AI can cite the right context."
TRACE-01073,ATLAS-2927,PR-5017,PD-2171,REL-2020.1.7,auth-gateway,business_requirement,grafana,"Traceability note for auth-gateway: links source evidence across tickets, PRs, incidents, metrics, and KT artifacts so Ask AI can cite the right context."
TRACE-01074,ATLAS-2333,PR-12269,,REL-2023.3.0,pricing-engine,decision,grafana,"Traceability note for pricing-engine: links source evidence across tickets, PRs, incidents, metrics, and KT artifacts so Ask AI can cite the right context."
TRACE-01075,ATLAS-3781,PR-9277,,REL-2019.2.11,analytics-pipeline,metric,support,"Traceability note for analytics-pipeline: links source evidence across tickets, PRs, incidents, metrics, and KT artifacts so Ask AI can cite the right context."
TRACE-01076,ATLAS-1946,PR-8654,,REL-2020.4.12,auth-gateway,risk,grafana,"Traceability note for auth-gateway: links source evidence across tickets, PRs, incidents, metrics, and KT artifacts so Ask AI can cite the right context."
TRACE-01077,ATLAS-5565,PR-8041,PD-2749,REL-2020.1.18,pricing-engine,deployment,support,"Traceability note for pricing-engine: links source evidence across tickets, PRs, incidents, metrics, and KT artifacts so Ask AI can cite the right context."
TRACE-01078,ATLAS-3387,PR-6265,,REL-2021.2.3,order-ledger,runbook,jira,"Traceability note for order-ledger: links source evidence across tickets, PRs, incidents, metrics, and KT artifacts so Ask AI can cite the right context."
TRACE-01079,ATLAS-1273,PR-12512,PD-2746,REL-2022.4.3,analytics-pipeline,metric,teams,"Traceability note for analytics-pipeline: links source evidence across tickets, PRs, incidents, metrics, and KT artifacts so Ask AI can cite the right context."
TRACE-01080,ATLAS-4668,PR-7656,,REL-2018.2.19,tax-service,risk,pagerduty,"Traceability note for tax-service: links source evidence across tickets, PRs, incidents, metrics, and KT artifacts so Ask AI can cite the right context."
TRACE-01081,ATLAS-1237,PR-9389,,REL-2019.1.4,inventory-reservation,runbook,support,"Traceability note for inventory-reservation: links source evidence across tickets, PRs, incidents, metrics, and KT artifacts so Ask AI can cite the right context."
TRACE-01082,ATLAS-5545,PR-11467,PD-2602,REL-2020.4.8,analytics-pipeline,decision,database,"Traceability note for analytics-pipeline: links source evidence across tickets, PRs, incidents, metrics, and KT artifacts so Ask AI can cite the right context."
TRACE-01083,ATLAS-1823,PR-10815,,REL-2018.2.3,search-recommendations,risk,jira,"Traceability note for search-recommendations: links source evidence across tickets, PRs, incidents, metrics, and KT artifacts so Ask AI can cite the right context."
TRACE-01084,ATLAS-2772,PR-8929,,REL-2019.1.6,analytics-pipeline,deployment,email,"Traceability note for analytics-pipeline: links source evidence across tickets, PRs, incidents, metrics, and KT artifacts so Ask AI can cite the right context."
TRACE-01085,ATLAS-3550,PR-8101,,REL-2022.1.5,cart-service,business_requirement,pagerduty,"Traceability note for cart-service: links source evidence across tickets, PRs, incidents, metrics, and KT artifacts so Ask AI can cite the right context."
TRACE-01086,ATLAS-5703,PR-9801,,REL-2021.3.6,notification-service,db_health,email,"Traceability note for notification-service: links source evidence across tickets, PRs, incidents, metrics, and KT artifacts so Ask AI can cite the right context."
TRACE-01087,ATLAS-5881,PR-9498,PD-2349,REL-2025.10,cart-service,deployment,grafana,"Traceability note for cart-service: links source evidence across tickets, PRs, incidents, metrics, and KT artifacts so Ask AI can cite the right context."
TRACE-01088,ATLAS-1242,PR-9593,,REL-2022.07,analytics-pipeline,db_health,support,"Traceability note for analytics-pipeline: links source evidence across tickets, PRs, incidents, metrics, and KT artifacts so Ask AI can cite the right context."
TRACE-01089,ATLAS-1166,PR-5504,,REL-2024.3.4,payment-orchestrator,metric,grafana,"Traceability note for payment-orchestrator: links source evidence across tickets, PRs, incidents, metrics, and KT artifacts so Ask AI can cite the right context."
TRACE-01090,ATLAS-5555,PR-12554,,REL-2020.04,order-ledger,runbook,pagerduty,"Traceability note for order-ledger: links source evidence across tickets, PRs, incidents, metrics, and KT artifacts so Ask AI can cite the right context."
TRACE-01091,ATLAS-4652,PR-8068,,REL-2025.2.12,pricing-engine,deployment,database,"Traceability note for pricing-engine: links source evidence across tickets, PRs, incidents, metrics, and KT artifacts so Ask AI can cite the right context."
TRACE-01092,ATLAS-3335,PR-9256,PD-2452,REL-2022.06,checkout-api,support_case,database,"Traceability note for checkout-api: links source evidence across tickets, PRs, incidents, metrics, and KT artifacts so Ask AI can cite the right context."
TRACE-01093,ATLAS-2075,PR-6907,,REL-2020.04,cart-service,business_requirement,teams,"Traceability note for cart-service: links source evidence across tickets, PRs, incidents, metrics, and KT artifacts so Ask AI can cite the right context."
TRACE-01094,ATLAS-1554,PR-5130,,REL-2020.4.2,notification-service,business_requirement,email,"Traceability note for notification-service: links source evidence across tickets, PRs, incidents, metrics, and KT artifacts so Ask AI can cite the right context."
TRACE-01095,ATLAS-2297,PR-5951,,REL-2023.1.5,auth-gateway,runbook,github,"Traceability note for auth-gateway: links source evidence across tickets, PRs, incidents, metrics, and KT artifacts so Ask AI can cite the right context."
TRACE-01096,ATLAS-4363,PR-12561,,REL-2023.1.11,search-recommendations,deployment,support,"Traceability note for search-recommendations: links source evidence across tickets, PRs, incidents, metrics, and KT artifacts so Ask AI can cite the right context."
TRACE-01097,ATLAS-3583,PR-6467,PD-2750,REL-2022.4.14,pricing-engine,support_case,email,"Traceability note for pricing-engine: links source evidence across tickets, PRs, incidents, metrics, and KT artifacts so Ask AI can cite the right context."
TRACE-01098,ATLAS-2081,PR-5278,,REL-2020.09,analytics-pipeline,deployment,database,"Traceability note for analytics-pipeline: links source evidence across tickets, PRs, incidents, metrics, and KT artifacts so Ask AI can cite the right context."
TRACE-01099,ATLAS-4634,PR-5599,,REL-2020.01,loyalty-service,runbook,grafana,"Traceability note for loyalty-service: links source evidence across tickets, PRs, incidents, metrics, and KT artifacts so Ask AI can cite the right context."
TRACE-01100,ATLAS-2625,PR-9132,,REL-2024.3.4,notification-service,support_case,confluence,"Traceability note for notification-service: links source evidence across tickets, PRs, incidents, metrics, and KT artifacts so Ask AI can cite the right context."
TRACE-01101,ATLAS-4402,PR-9498,PD-2866,REL-2021.1.4,tax-service,deployment,github,"Traceability note for tax-service: links source evidence across tickets, PRs, incidents, metrics, and KT artifacts so Ask AI can cite the right context."
TRACE-01102,ATLAS-5912,PR-11504,PD-2519,REL-2019.3.0,loyalty-service,deployment,grafana,"Traceability note for loyalty-service: links source evidence across tickets, PRs, incidents, metrics, and KT artifacts so Ask AI can cite the right context."
TRACE-01103,ATLAS-2820,PR-9506,,REL-2024.4.9,payment-orchestrator,risk,teams,"Traceability note for payment-orchestrator: links source evidence across tickets, PRs, incidents, metrics, and KT artifacts so Ask AI can cite the right context."
TRACE-01104,ATLAS-2642,PR-8027,,REL-2024.4.10,cart-service,risk,email,"Traceability note for cart-service: links source evidence across tickets, PRs, incidents, metrics, and KT artifacts so Ask AI can cite the right context."
TRACE-01105,ATLAS-4422,PR-8208,,REL-2022.12,cart-service,business_requirement,pagerduty,"Traceability note for cart-service: links source evidence across tickets, PRs, incidents, metrics, and KT artifacts so Ask AI can cite the right context."
TRACE-01106,ATLAS-5169,PR-7290,PD-2261,REL-2022.1.19,cart-service,deployment,confluence,"Traceability note for cart-service: links source evidence across tickets, PRs, incidents, metrics, and KT artifacts so Ask AI can cite the right context."
TRACE-01107,ATLAS-2419,PR-10376,,REL-2024.11,pricing-engine,business_requirement,database,"Traceability note for pricing-engine: links source evidence across tickets, PRs, incidents, metrics, and KT artifacts so Ask AI can cite the right context."
TRACE-01108,ATLAS-3273,PR-5209,PD-2629,REL-2022.1.0,loyalty-service,metric,confluence,"Traceability note for loyalty-service: links source evidence across tickets, PRs, incidents, metrics, and KT artifacts so Ask AI can cite the right context."
TRACE-01109,ATLAS-2707,PR-5326,,REL-2024.3.10,tax-service,deployment,database,"Traceability note for tax-service: links source evidence across tickets, PRs, incidents, metrics, and KT artifacts so Ask AI can cite the right context."
TRACE-01110,ATLAS-3472,PR-11192,PD-2708,REL-2026.03,analytics-pipeline,metric,pagerduty,"Traceability note for analytics-pipeline: links source evidence across tickets, PRs, incidents, metrics, and KT artifacts so Ask AI can cite the right context."
TRACE-01111,ATLAS-4234,PR-5980,,REL-2025.05,auth-gateway,deployment,pagerduty,"Traceability note for auth-gateway: links source evidence across tickets, PRs, incidents, metrics, and KT artifacts so Ask AI can cite the right context."
TRACE-01112,ATLAS-2740,PR-8398,,REL-2022.2.17,checkout-api,risk,github,"Traceability note for checkout-api: links source evidence across tickets, PRs, incidents, metrics, and KT artifacts so Ask AI can cite the right context."
TRACE-01113,ATLAS-2854,PR-11384,PD-2147,REL-2019.2.9,search-recommendations,risk,grafana,"Traceability note for search-recommendations: links source evidence across tickets, PRs, incidents, metrics, and KT artifacts so Ask AI can cite the right context."
TRACE-01114,ATLAS-5168,PR-10669,,REL-2023.03,pricing-engine,metric,grafana,"Traceability note for pricing-engine: links source evidence across tickets, PRs, incidents, metrics, and KT artifacts so Ask AI can cite the right context."
TRACE-01115,ATLAS-1517,PR-5620,,REL-2022.4.15,order-ledger,decision,jira,"Traceability note for order-ledger: links source evidence across tickets, PRs, incidents, metrics, and KT artifacts so Ask AI can cite the right context."
TRACE-01116,ATLAS-6057,PR-10252,,REL-2019.10,tax-service,metric,email,"Traceability note for tax-service: links source evidence across tickets, PRs, incidents, metrics, and KT artifacts so Ask AI can cite the right context."
TRACE-01117,ATLAS-5476,PR-9565,,REL-2018.06,tax-service,decision,pagerduty,"Traceability note for tax-service: links source evidence across tickets, PRs, incidents, metrics, and KT artifacts so Ask AI can cite the right context."
TRACE-01118,ATLAS-5836,PR-7866,,REL-2022.3.8,loyalty-service,decision,github,"Traceability note for loyalty-service: links source evidence across tickets, PRs, incidents, metrics, and KT artifacts so Ask AI can cite the right context."
TRACE-01119,ATLAS-1654,PR-6650,PD-2678,REL-2020.07,inventory-reservation,runbook,grafana,"Traceability note for inventory-reservation: links source evidence across tickets, PRs, incidents, metrics, and KT artifacts so Ask AI can cite the right context."
TRACE-01120,ATLAS-4603,PR-8668,PD-2318,REL-2021.11,tax-service,deployment,confluence,"Traceability note for tax-service: links source evidence across tickets, PRs, incidents, metrics, and KT artifacts so Ask AI can cite the right context."
TRACE-01121,ATLAS-4465,PR-8894,PD-2770,REL-2019.4.19,pricing-engine,runbook,grafana,"Traceability note for pricing-engine: links source evidence across tickets, PRs, incidents, metrics, and KT artifacts so Ask AI can cite the right context."
TRACE-01122,ATLAS-4419,PR-12479,,REL-2018.10,loyalty-service,deployment,confluence,"Traceability note for loyalty-service: links source evidence across tickets, PRs, incidents, metrics, and KT artifacts so Ask AI can cite the right context."
TRACE-01123,ATLAS-4382,PR-8323,PD-2270,REL-2021.4.17,tax-service,runbook,pagerduty,"Traceability note for tax-service: links source evidence across tickets, PRs, incidents, metrics, and KT artifacts so Ask AI can cite the right context."
TRACE-01124,ATLAS-2470,PR-8393,,REL-2018.3.5,tax-service,decision,email,"Traceability note for tax-service: links source evidence across tickets, PRs, incidents, metrics, and KT artifacts so Ask AI can cite the right context."
TRACE-01125,ATLAS-2976,PR-8552,,REL-2021.3.15,auth-gateway,risk,email,"Traceability note for auth-gateway: links source evidence across tickets, PRs, incidents, metrics, and KT artifacts so Ask AI can cite the right context."
TRACE-01126,ATLAS-2972,PR-8637,,REL-2019.04,pricing-engine,metric,github,"Traceability note for pricing-engine: links source evidence across tickets, PRs, incidents, metrics, and KT artifacts so Ask AI can cite the right context."
TRACE-01127,ATLAS-1156,PR-9271,,REL-2023.1.18,search-recommendations,risk,pagerduty,"Traceability note for search-recommendations: links source evidence across tickets, PRs, incidents, metrics, and KT artifacts so Ask AI can cite the right context."
TRACE-01128,ATLAS-4398,PR-12341,,REL-2020.1.7,notification-service,business_requirement,support,"Traceability note for notification-service: links source evidence across tickets, PRs, incidents, metrics, and KT artifacts so Ask AI can cite the right context."
TRACE-01129,ATLAS-6083,PR-5869,PD-2463,REL-2020.3.17,pricing-engine,risk,confluence,"Traceability note for pricing-engine: links source evidence across tickets, PRs, incidents, metrics, and KT artifacts so Ask AI can cite the right context."
TRACE-01130,ATLAS-3387,PR-6920,,REL-2019.1.9,inventory-reservation,support_case,database,"Traceability note for inventory-reservation: links source evidence across tickets, PRs, incidents, metrics, and KT artifacts so Ask AI can cite the right context."
TRACE-01131,ATLAS-4163,PR-10286,,REL-2024.3.18,tax-service,decision,email,"Traceability note for tax-service: links source evidence across tickets, PRs, incidents, metrics, and KT artifacts so Ask AI can cite the right context."
TRACE-01132,ATLAS-3787,PR-12378,,REL-2026.1.1,cart-service,runbook,email,"Traceability note for cart-service: links source evidence across tickets, PRs, incidents, metrics, and KT artifacts so Ask AI can cite the right context."
TRACE-01133,ATLAS-3796,PR-8665,,REL-2023.05,inventory-reservation,decision,support,"Traceability note for inventory-reservation: links source evidence across tickets, PRs, incidents, metrics, and KT artifacts so Ask AI can cite the right context."
TRACE-01134,ATLAS-3983,PR-5880,PD-2547,REL-2020.1.15,pricing-engine,deployment,email,"Traceability note for pricing-engine: links source evidence across tickets, PRs, incidents, metrics, and KT artifacts so Ask AI can cite the right context."
TRACE-01135,ATLAS-5465,PR-6970,,REL-2021.3.2,analytics-pipeline,metric,pagerduty,"Traceability note for analytics-pipeline: links source evidence across tickets, PRs, incidents, metrics, and KT artifacts so Ask AI can cite the right context."
TRACE-01136,ATLAS-1753,PR-9328,,REL-2023.2.2,loyalty-service,runbook,pagerduty,"Traceability note for loyalty-service: links source evidence across tickets, PRs, incidents, metrics, and KT artifacts so Ask AI can cite the right context."
TRACE-01137,ATLAS-1822,PR-8103,,REL-2024.04,payment-orchestrator,deployment,pagerduty,"Traceability note for payment-orchestrator: links source evidence across tickets, PRs, incidents, metrics, and KT artifacts so Ask AI can cite the right context."
TRACE-01138,ATLAS-5302,PR-6648,,REL-2024.07,order-ledger,metric,teams,"Traceability note for order-ledger: links source evidence across tickets, PRs, incidents, metrics, and KT artifacts so Ask AI can cite the right context."
TRACE-01139,ATLAS-2144,PR-9968,,REL-2023.12,analytics-pipeline,metric,teams,"Traceability note for analytics-pipeline: links source evidence across tickets, PRs, incidents, metrics, and KT artifacts so Ask AI can cite the right context."
TRACE-01140,ATLAS-5650,PR-5030,PD-2226,REL-2021.01,payment-orchestrator,deployment,jira,"Traceability note for payment-orchestrator: links source evidence across tickets, PRs, incidents, metrics, and KT artifacts so Ask AI can cite the right context."
TRACE-01141,ATLAS-4110,PR-5790,,REL-2024.07,inventory-reservation,metric,github,"Traceability note for inventory-reservation: links source evidence across tickets, PRs, incidents, metrics, and KT artifacts so Ask AI can cite the right context."
TRACE-01142,ATLAS-5033,PR-5767,,REL-2024.11,checkout-api,risk,github,"Traceability note for checkout-api: links source evidence across tickets, PRs, incidents, metrics, and KT artifacts so Ask AI can cite the right context."
TRACE-01143,ATLAS-2764,PR-6507,PD-2265,REL-2026.1.10,payment-orchestrator,db_health,grafana,"Traceability note for payment-orchestrator: links source evidence across tickets, PRs, incidents, metrics, and KT artifacts so Ask AI can cite the right context."
TRACE-01144,ATLAS-1084,PR-8337,PD-2649,REL-2025.08,pricing-engine,metric,grafana,"Traceability note for pricing-engine: links source evidence across tickets, PRs, incidents, metrics, and KT artifacts so Ask AI can cite the right context."
TRACE-01145,ATLAS-5117,PR-6478,PD-2066,REL-2019.2.16,order-ledger,support_case,support,"Traceability note for order-ledger: links source evidence across tickets, PRs, incidents, metrics, and KT artifacts so Ask AI can cite the right context."
TRACE-01146,ATLAS-3094,PR-11097,,REL-2025.06,checkout-api,support_case,support,"Traceability note for checkout-api: links source evidence across tickets, PRs, incidents, metrics, and KT artifacts so Ask AI can cite the right context."
TRACE-01147,ATLAS-1255,PR-9752,,REL-2021.3.7,pricing-engine,decision,confluence,"Traceability note for pricing-engine: links source evidence across tickets, PRs, incidents, metrics, and KT artifacts so Ask AI can cite the right context."
TRACE-01148,ATLAS-3896,PR-5781,PD-2481,REL-2022.10,order-ledger,runbook,email,"Traceability note for order-ledger: links source evidence across tickets, PRs, incidents, metrics, and KT artifacts so Ask AI can cite the right context."
TRACE-01149,ATLAS-2025,PR-6764,PD-2602,REL-2025.11,analytics-pipeline,support_case,support,"Traceability note for analytics-pipeline: links source evidence across tickets, PRs, incidents, metrics, and KT artifacts so Ask AI can cite the right context."
TRACE-01150,ATLAS-2152,PR-10801,,REL-2022.09,order-ledger,decision,pagerduty,"Traceability note for order-ledger: links source evidence across tickets, PRs, incidents, metrics, and KT artifacts so Ask AI can cite the right context."
TRACE-01151,ATLAS-4491,PR-6231,,REL-2024.4.13,loyalty-service,business_requirement,jira,"Traceability note for loyalty-service: links source evidence across tickets, PRs, incidents, metrics, and KT artifacts so Ask AI can cite the right context."
TRACE-01152,ATLAS-2538,PR-6704,,REL-2019.2.8,inventory-reservation,db_health,database,"Traceability note for inventory-reservation: links source evidence across tickets, PRs, incidents, metrics, and KT artifacts so Ask AI can cite the right context."
TRACE-01153,ATLAS-5776,PR-5945,,REL-2024.04,checkout-api,deployment,grafana,"Traceability note for checkout-api: links source evidence across tickets, PRs, incidents, metrics, and KT artifacts so Ask AI can cite the right context."
TRACE-01154,ATLAS-2973,PR-9672,,REL-2020.09,inventory-reservation,db_health,github,"Traceability note for inventory-reservation: links source evidence across tickets, PRs, incidents, metrics, and KT artifacts so Ask AI can cite the right context."
TRACE-01155,ATLAS-1206,PR-12165,PD-2408,REL-2019.3.8,order-ledger,support_case,github,"Traceability note for order-ledger: links source evidence across tickets, PRs, incidents, metrics, and KT artifacts so Ask AI can cite the right context."
TRACE-01156,ATLAS-4984,PR-9973,PD-2071,REL-2022.3.16,payment-orchestrator,deployment,support,"Traceability note for payment-orchestrator: links source evidence across tickets, PRs, incidents, metrics, and KT artifacts so Ask AI can cite the right context."
TRACE-01157,ATLAS-4321,PR-11053,PD-2824,REL-2018.07,notification-service,decision,confluence,"Traceability note for notification-service: links source evidence across tickets, PRs, incidents, metrics, and KT artifacts so Ask AI can cite the right context."
TRACE-01158,ATLAS-4556,PR-10736,PD-2141,REL-2019.3.13,pricing-engine,business_requirement,email,"Traceability note for pricing-engine: links source evidence across tickets, PRs, incidents, metrics, and KT artifacts so Ask AI can cite the right context."
TRACE-01159,ATLAS-2549,PR-8077,,REL-2019.1.14,search-recommendations,db_health,pagerduty,"Traceability note for search-recommendations: links source evidence across tickets, PRs, incidents, metrics, and KT artifacts so Ask AI can cite the right context."
TRACE-01160,ATLAS-3605,PR-11799,PD-2689,REL-2024.4.9,payment-orchestrator,deployment,support,"Traceability note for payment-orchestrator: links source evidence across tickets, PRs, incidents, metrics, and KT artifacts so Ask AI can cite the right context."
TRACE-01161,ATLAS-2401,PR-8135,,REL-2022.2.19,checkout-api,deployment,grafana,"Traceability note for checkout-api: links source evidence across tickets, PRs, incidents, metrics, and KT artifacts so Ask AI can cite the right context."
TRACE-01162,ATLAS-2371,PR-9101,,REL-2024.4.3,notification-service,metric,support,"Traceability note for notification-service: links source evidence across tickets, PRs, incidents, metrics, and KT artifacts so Ask AI can cite the right context."
TRACE-01163,ATLAS-5340,PR-11320,PD-2618,REL-2019.05,order-ledger,metric,confluence,"Traceability note for order-ledger: links source evidence across tickets, PRs, incidents, metrics, and KT artifacts so Ask AI can cite the right context."
TRACE-01164,ATLAS-5102,PR-9454,,REL-2024.2.9,tax-service,runbook,grafana,"Traceability note for tax-service: links source evidence across tickets, PRs, incidents, metrics, and KT artifacts so Ask AI can cite the right context."
TRACE-01165,ATLAS-6060,PR-11100,,REL-2020.12,order-ledger,runbook,pagerduty,"Traceability note for order-ledger: links source evidence across tickets, PRs, incidents, metrics, and KT artifacts so Ask AI can cite the right context."
TRACE-01166,ATLAS-5228,PR-6816,PD-2780,REL-2018.4.6,tax-service,business_requirement,github,"Traceability note for tax-service: links source evidence across tickets, PRs, incidents, metrics, and KT artifacts so Ask AI can cite the right context."
TRACE-01167,ATLAS-4445,PR-6915,,REL-2021.4.0,loyalty-service,risk,database,"Traceability note for loyalty-service: links source evidence across tickets, PRs, incidents, metrics, and KT artifacts so Ask AI can cite the right context."
TRACE-01168,ATLAS-2393,PR-6487,,REL-2022.1.15,payment-orchestrator,deployment,teams,"Traceability note for payment-orchestrator: links source evidence across tickets, PRs, incidents, metrics, and KT artifacts so Ask AI can cite the right context."
TRACE-01169,ATLAS-2484,PR-8077,PD-2823,REL-2021.1.10,tax-service,support_case,jira,"Traceability note for tax-service: links source evidence across tickets, PRs, incidents, metrics, and KT artifacts so Ask AI can cite the right context."
TRACE-01170,ATLAS-4856,PR-6352,,REL-2026.1.9,inventory-reservation,business_requirement,confluence,"Traceability note for inventory-reservation: links source evidence across tickets, PRs, incidents, metrics, and KT artifacts so Ask AI can cite the right context."
TRACE-01171,ATLAS-3899,PR-7853,,REL-2022.06,order-ledger,decision,grafana,"Traceability note for order-ledger: links source evidence across tickets, PRs, incidents, metrics, and KT artifacts so Ask AI can cite the right context."
TRACE-01172,ATLAS-4466,PR-6783,,REL-2025.4.2,notification-service,risk,github,"Traceability note for notification-service: links source evidence across tickets, PRs, incidents, metrics, and KT artifacts so Ask AI can cite the right context."
TRACE-01173,ATLAS-5429,PR-7632,PD-2670,REL-2020.4.4,auth-gateway,db_health,database,"Traceability note for auth-gateway: links source evidence across tickets, PRs, incidents, metrics, and KT artifacts so Ask AI can cite the right context."
TRACE-01174,ATLAS-3182,PR-11353,,REL-2025.11,loyalty-service,decision,support,"Traceability note for loyalty-service: links source evidence across tickets, PRs, incidents, metrics, and KT artifacts so Ask AI can cite the right context."
TRACE-01175,ATLAS-3966,PR-5295,PD-2366,REL-2025.3.2,payment-orchestrator,support_case,database,"Traceability note for payment-orchestrator: links source evidence across tickets, PRs, incidents, metrics, and KT artifacts so Ask AI can cite the right context."
TRACE-01176,ATLAS-5715,PR-7746,,REL-2020.1.11,order-ledger,db_health,database,"Traceability note for order-ledger: links source evidence across tickets, PRs, incidents, metrics, and KT artifacts so Ask AI can cite the right context."
TRACE-01177,ATLAS-1427,PR-7616,,REL-2022.02,tax-service,support_case,jira,"Traceability note for tax-service: links source evidence across tickets, PRs, incidents, metrics, and KT artifacts so Ask AI can cite the right context."
TRACE-01178,ATLAS-2832,PR-7637,PD-2146,REL-2021.3.6,tax-service,metric,jira,"Traceability note for tax-service: links source evidence across tickets, PRs, incidents, metrics, and KT artifacts so Ask AI can cite the right context."
TRACE-01179,ATLAS-3105,PR-8771,,REL-2022.12,analytics-pipeline,deployment,grafana,"Traceability note for analytics-pipeline: links source evidence across tickets, PRs, incidents, metrics, and KT artifacts so Ask AI can cite the right context."
TRACE-01180,ATLAS-4294,PR-11525,,REL-2025.3.10,payment-orchestrator,business_requirement,confluence,"Traceability note for payment-orchestrator: links source evidence across tickets, PRs, incidents, metrics, and KT artifacts so Ask AI can cite the right context."
TRACE-01181,ATLAS-2328,PR-10145,PD-2585,REL-2022.3.19,notification-service,runbook,grafana,"Traceability note for notification-service: links source evidence across tickets, PRs, incidents, metrics, and KT artifacts so Ask AI can cite the right context."
TRACE-01182,ATLAS-3607,PR-6213,,REL-2023.01,pricing-engine,risk,database,"Traceability note for pricing-engine: links source evidence across tickets, PRs, incidents, metrics, and KT artifacts so Ask AI can cite the right context."
TRACE-01183,ATLAS-2235,PR-7871,PD-2591,REL-2026.03,auth-gateway,support_case,support,"Traceability note for auth-gateway: links source evidence across tickets, PRs, incidents, metrics, and KT artifacts so Ask AI can cite the right context."
TRACE-01184,ATLAS-1089,PR-8280,,REL-2022.4.3,inventory-reservation,runbook,database,"Traceability note for inventory-reservation: links source evidence across tickets, PRs, incidents, metrics, and KT artifacts so Ask AI can cite the right context."
TRACE-01185,ATLAS-4314,PR-7258,PD-2050,REL-2022.1.6,pricing-engine,support_case,support,"Traceability note for pricing-engine: links source evidence across tickets, PRs, incidents, metrics, and KT artifacts so Ask AI can cite the right context."
TRACE-01186,ATLAS-6027,PR-5131,PD-2293,REL-2021.3.7,checkout-api,decision,confluence,"Traceability note for checkout-api: links source evidence across tickets, PRs, incidents, metrics, and KT artifacts so Ask AI can cite the right context."
TRACE-01187,ATLAS-2700,PR-12411,,REL-2019.02,analytics-pipeline,business_requirement,email,"Traceability note for analytics-pipeline: links source evidence across tickets, PRs, incidents, metrics, and KT artifacts so Ask AI can cite the right context."
TRACE-01188,ATLAS-1683,PR-7906,,REL-2025.01,analytics-pipeline,risk,pagerduty,"Traceability note for analytics-pipeline: links source evidence across tickets, PRs, incidents, metrics, and KT artifacts so Ask AI can cite the right context."
TRACE-01189,ATLAS-5443,PR-7560,,REL-2021.3.3,analytics-pipeline,db_health,database,"Traceability note for analytics-pipeline: links source evidence across tickets, PRs, incidents, metrics, and KT artifacts so Ask AI can cite the right context."
TRACE-01190,ATLAS-5652,PR-5833,,REL-2020.06,notification-service,support_case,teams,"Traceability note for notification-service: links source evidence across tickets, PRs, incidents, metrics, and KT artifacts so Ask AI can cite the right context."
TRACE-01191,ATLAS-4349,PR-7567,PD-2758,REL-2025.4.18,inventory-reservation,db_health,pagerduty,"Traceability note for inventory-reservation: links source evidence across tickets, PRs, incidents, metrics, and KT artifacts so Ask AI can cite the right context."
TRACE-01192,ATLAS-3894,PR-7446,,REL-2019.1.10,cart-service,business_requirement,support,"Traceability note for cart-service: links source evidence across tickets, PRs, incidents, metrics, and KT artifacts so Ask AI can cite the right context."
TRACE-01193,ATLAS-3860,PR-8825,,REL-2023.1.3,cart-service,runbook,support,"Traceability note for cart-service: links source evidence across tickets, PRs, incidents, metrics, and KT artifacts so Ask AI can cite the right context."
TRACE-01194,ATLAS-2341,PR-7945,PD-2289,REL-2018.3.12,auth-gateway,business_requirement,grafana,"Traceability note for auth-gateway: links source evidence across tickets, PRs, incidents, metrics, and KT artifacts so Ask AI can cite the right context."
TRACE-01195,ATLAS-2894,PR-8083,,REL-2020.4.17,checkout-api,risk,database,"Traceability note for checkout-api: links source evidence across tickets, PRs, incidents, metrics, and KT artifacts so Ask AI can cite the right context."
TRACE-01196,ATLAS-4336,PR-5118,PD-2586,REL-2019.3.0,order-ledger,decision,teams,"Traceability note for order-ledger: links source evidence across tickets, PRs, incidents, metrics, and KT artifacts so Ask AI can cite the right context."
TRACE-01197,ATLAS-3551,PR-5843,,REL-2021.4.17,checkout-api,risk,support,"Traceability note for checkout-api: links source evidence across tickets, PRs, incidents, metrics, and KT artifacts so Ask AI can cite the right context."
TRACE-01198,ATLAS-3470,PR-7349,PD-2223,REL-2018.08,cart-service,deployment,email,"Traceability note for cart-service: links source evidence across tickets, PRs, incidents, metrics, and KT artifacts so Ask AI can cite the right context."
TRACE-01199,ATLAS-2382,PR-5702,,REL-2022.4.14,cart-service,db_health,teams,"Traceability note for cart-service: links source evidence across tickets, PRs, incidents, metrics, and KT artifacts so Ask AI can cite the right context."
TRACE-01200,ATLAS-1734,PR-7647,PD-2538,REL-2023.06,inventory-reservation,runbook,email,"Traceability note for inventory-reservation: links source evidence across tickets, PRs, incidents, metrics, and KT artifacts so Ask AI can cite the right context."
TRACE-01201,ATLAS-5219,PR-5302,,REL-2019.1.9,tax-service,support_case,database,"Traceability note for tax-service: links source evidence across tickets, PRs, incidents, metrics, and KT artifacts so Ask AI can cite the right context."
TRACE-01202,ATLAS-4201,PR-8759,,REL-2026.2.6,payment-orchestrator,support_case,database,"Traceability note for payment-orchestrator: links source evidence across tickets, PRs, incidents, metrics, and KT artifacts so Ask AI can cite the right context."
TRACE-01203,ATLAS-3128,PR-5472,PD-2331,REL-2018.4.9,checkout-api,decision,jira,"Traceability note for checkout-api: links source evidence across tickets, PRs, incidents, metrics, and KT artifacts so Ask AI can cite the right context."
TRACE-01204,ATLAS-2836,PR-9145,,REL-2022.2.15,tax-service,risk,grafana,"Traceability note for tax-service: links source evidence across tickets, PRs, incidents, metrics, and KT artifacts so Ask AI can cite the right context."
TRACE-01205,ATLAS-3908,PR-5995,,REL-2019.07,notification-service,db_health,support,"Traceability note for notification-service: links source evidence across tickets, PRs, incidents, metrics, and KT artifacts so Ask AI can cite the right context."
TRACE-01206,ATLAS-2918,PR-12205,,REL-2024.09,inventory-reservation,db_health,jira,"Traceability note for inventory-reservation: links source evidence across tickets, PRs, incidents, metrics, and KT artifacts so Ask AI can cite the right context."
TRACE-01207,ATLAS-3892,PR-5061,PD-2129,REL-2025.3.11,auth-gateway,metric,grafana,"Traceability note for auth-gateway: links source evidence across tickets, PRs, incidents, metrics, and KT artifacts so Ask AI can cite the right context."
TRACE-01208,ATLAS-1110,PR-7328,PD-2380,REL-2023.3.8,cart-service,metric,database,"Traceability note for cart-service: links source evidence across tickets, PRs, incidents, metrics, and KT artifacts so Ask AI can cite the right context."
TRACE-01209,ATLAS-5918,PR-11082,PD-2139,REL-2024.09,auth-gateway,deployment,github,"Traceability note for auth-gateway: links source evidence across tickets, PRs, incidents, metrics, and KT artifacts so Ask AI can cite the right context."
TRACE-01210,ATLAS-5821,PR-10853,,REL-2025.1.12,pricing-engine,support_case,grafana,"Traceability note for pricing-engine: links source evidence across tickets, PRs, incidents, metrics, and KT artifacts so Ask AI can cite the right context."
TRACE-01211,ATLAS-4411,PR-7292,,REL-2020.11,checkout-api,metric,jira,"Traceability note for checkout-api: links source evidence across tickets, PRs, incidents, metrics, and KT artifacts so Ask AI can cite the right context."
TRACE-01212,ATLAS-4964,PR-12197,,REL-2025.1.9,cart-service,risk,grafana,"Traceability note for cart-service: links source evidence across tickets, PRs, incidents, metrics, and KT artifacts so Ask AI can cite the right context."
TRACE-01213,ATLAS-3362,PR-9072,,REL-2021.3.1,payment-orchestrator,business_requirement,confluence,"Traceability note for payment-orchestrator: links source evidence across tickets, PRs, incidents, metrics, and KT artifacts so Ask AI can cite the right context."
TRACE-01214,ATLAS-3519,PR-6185,PD-2213,REL-2022.03,analytics-pipeline,risk,email,"Traceability note for analytics-pipeline: links source evidence across tickets, PRs, incidents, metrics, and KT artifacts so Ask AI can cite the right context."
TRACE-01215,ATLAS-5051,PR-5500,,REL-2021.05,analytics-pipeline,db_health,jira,"Traceability note for analytics-pipeline: links source evidence across tickets, PRs, incidents, metrics, and KT artifacts so Ask AI can cite the right context."
TRACE-01216,ATLAS-2215,PR-5303,,REL-2021.4.9,order-ledger,db_health,teams,"Traceability note for order-ledger: links source evidence across tickets, PRs, incidents, metrics, and KT artifacts so Ask AI can cite the right context."
TRACE-01217,ATLAS-5312,PR-10850,,REL-2021.1.10,analytics-pipeline,db_health,grafana,"Traceability note for analytics-pipeline: links source evidence across tickets, PRs, incidents, metrics, and KT artifacts so Ask AI can cite the right context."
TRACE-01218,ATLAS-3855,PR-8599,,REL-2023.1.3,pricing-engine,support_case,grafana,"Traceability note for pricing-engine: links source evidence across tickets, PRs, incidents, metrics, and KT artifacts so Ask AI can cite the right context."
TRACE-01219,ATLAS-2021,PR-7083,,REL-2026.2.14,inventory-reservation,db_health,confluence,"Traceability note for inventory-reservation: links source evidence across tickets, PRs, incidents, metrics, and KT artifacts so Ask AI can cite the right context."
TRACE-01220,ATLAS-4525,PR-6524,,REL-2024.3.4,payment-orchestrator,support_case,github,"Traceability note for payment-orchestrator: links source evidence across tickets, PRs, incidents, metrics, and KT artifacts so Ask AI can cite the right context."
TRACE-01221,ATLAS-4319,PR-10095,,REL-2018.4.1,payment-orchestrator,runbook,github,"Traceability note for payment-orchestrator: links source evidence across tickets, PRs, incidents, metrics, and KT artifacts so Ask AI can cite the right context."
TRACE-01222,ATLAS-1775,PR-11549,,REL-2024.4.7,loyalty-service,decision,confluence,"Traceability note for loyalty-service: links source evidence across tickets, PRs, incidents, metrics, and KT artifacts so Ask AI can cite the right context."
TRACE-01223,ATLAS-1860,PR-8502,PD-2576,REL-2024.05,analytics-pipeline,decision,jira,"Traceability note for analytics-pipeline: links source evidence across tickets, PRs, incidents, metrics, and KT artifacts so Ask AI can cite the right context."
TRACE-01224,ATLAS-2590,PR-9423,,REL-2020.4.5,pricing-engine,risk,pagerduty,"Traceability note for pricing-engine: links source evidence across tickets, PRs, incidents, metrics, and KT artifacts so Ask AI can cite the right context."
TRACE-01225,ATLAS-3450,PR-6579,,REL-2020.10,notification-service,db_health,teams,"Traceability note for notification-service: links source evidence across tickets, PRs, incidents, metrics, and KT artifacts so Ask AI can cite the right context."
TRACE-01226,ATLAS-5070,PR-7465,PD-2687,REL-2019.4.9,cart-service,decision,pagerduty,"Traceability note for cart-service: links source evidence across tickets, PRs, incidents, metrics, and KT artifacts so Ask AI can cite the right context."
TRACE-01227,ATLAS-4486,PR-11447,PD-2432,REL-2018.4.16,analytics-pipeline,deployment,database,"Traceability note for analytics-pipeline: links source evidence across tickets, PRs, incidents, metrics, and KT artifacts so Ask AI can cite the right context."
TRACE-01228,ATLAS-4452,PR-6799,,REL-2018.4.18,inventory-reservation,runbook,pagerduty,"Traceability note for inventory-reservation: links source evidence across tickets, PRs, incidents, metrics, and KT artifacts so Ask AI can cite the right context."
TRACE-01229,ATLAS-3377,PR-11327,,REL-2024.09,payment-orchestrator,db_health,email,"Traceability note for payment-orchestrator: links source evidence across tickets, PRs, incidents, metrics, and KT artifacts so Ask AI can cite the right context."
TRACE-01230,ATLAS-5181,PR-11341,,REL-2022.4.16,order-ledger,deployment,pagerduty,"Traceability note for order-ledger: links source evidence across tickets, PRs, incidents, metrics, and KT artifacts so Ask AI can cite the right context."
TRACE-01231,ATLAS-1279,PR-5025,,REL-2022.2.19,payment-orchestrator,support_case,support,"Traceability note for payment-orchestrator: links source evidence across tickets, PRs, incidents, metrics, and KT artifacts so Ask AI can cite the right context."
TRACE-01232,ATLAS-3006,PR-8554,,REL-2019.3.5,notification-service,business_requirement,grafana,"Traceability note for notification-service: links source evidence across tickets, PRs, incidents, metrics, and KT artifacts so Ask AI can cite the right context."
TRACE-01233,ATLAS-5694,PR-7973,,REL-2023.1.0,inventory-reservation,metric,teams,"Traceability note for inventory-reservation: links source evidence across tickets, PRs, incidents, metrics, and KT artifacts so Ask AI can cite the right context."
TRACE-01234,ATLAS-5472,PR-11234,PD-2623,REL-2025.3.8,notification-service,db_health,database,"Traceability note for notification-service: links source evidence across tickets, PRs, incidents, metrics, and KT artifacts so Ask AI can cite the right context."
TRACE-01235,ATLAS-4585,PR-10487,,REL-2024.1.10,order-ledger,risk,database,"Traceability note for order-ledger: links source evidence across tickets, PRs, incidents, metrics, and KT artifacts so Ask AI can cite the right context."
TRACE-01236,ATLAS-5360,PR-7463,PD-2685,REL-2025.1.11,auth-gateway,decision,jira,"Traceability note for auth-gateway: links source evidence across tickets, PRs, incidents, metrics, and KT artifacts so Ask AI can cite the right context."
TRACE-01237,ATLAS-1841,PR-11067,,REL-2021.1.10,auth-gateway,decision,confluence,"Traceability note for auth-gateway: links source evidence across tickets, PRs, incidents, metrics, and KT artifacts so Ask AI can cite the right context."
TRACE-01238,ATLAS-4127,PR-11403,PD-2817,REL-2024.1.9,cart-service,risk,teams,"Traceability note for cart-service: links source evidence across tickets, PRs, incidents, metrics, and KT artifacts so Ask AI can cite the right context."
TRACE-01239,ATLAS-5636,PR-8232,,REL-2025.1.9,notification-service,support_case,confluence,"Traceability note for notification-service: links source evidence across tickets, PRs, incidents, metrics, and KT artifacts so Ask AI can cite the right context."
TRACE-01240,ATLAS-6124,PR-5164,,REL-2022.3.0,inventory-reservation,decision,pagerduty,"Traceability note for inventory-reservation: links source evidence across tickets, PRs, incidents, metrics, and KT artifacts so Ask AI can cite the right context."
TRACE-01241,ATLAS-2141,PR-7477,,REL-2022.2.9,search-recommendations,support_case,support,"Traceability note for search-recommendations: links source evidence across tickets, PRs, incidents, metrics, and KT artifacts so Ask AI can cite the right context."
TRACE-01242,ATLAS-4766,PR-5037,PD-2566,REL-2025.2.18,search-recommendations,decision,github,"Traceability note for search-recommendations: links source evidence across tickets, PRs, incidents, metrics, and KT artifacts so Ask AI can cite the right context."
TRACE-01243,ATLAS-2322,PR-7821,,REL-2022.10,analytics-pipeline,db_health,jira,"Traceability note for analytics-pipeline: links source evidence across tickets, PRs, incidents, metrics, and KT artifacts so Ask AI can cite the right context."
TRACE-01244,ATLAS-3288,PR-5375,,REL-2019.4.5,search-recommendations,runbook,support,"Traceability note for search-recommendations: links source evidence across tickets, PRs, incidents, metrics, and KT artifacts so Ask AI can cite the right context."
TRACE-01245,ATLAS-2005,PR-7988,,REL-2024.4.3,search-recommendations,support_case,confluence,"Traceability note for search-recommendations: links source evidence across tickets, PRs, incidents, metrics, and KT artifacts so Ask AI can cite the right context."
TRACE-01246,ATLAS-1505,PR-11372,PD-2476,REL-2021.1.16,pricing-engine,business_requirement,teams,"Traceability note for pricing-engine: links source evidence across tickets, PRs, incidents, metrics, and KT artifacts so Ask AI can cite the right context."
TRACE-01247,ATLAS-3276,PR-9058,,REL-2021.02,auth-gateway,business_requirement,confluence,"Traceability note for auth-gateway: links source evidence across tickets, PRs, incidents, metrics, and KT artifacts so Ask AI can cite the right context."
TRACE-01248,ATLAS-5511,PR-7279,,REL-2022.1.3,tax-service,risk,support,"Traceability note for tax-service: links source evidence across tickets, PRs, incidents, metrics, and KT artifacts so Ask AI can cite the right context."
TRACE-01249,ATLAS-5497,PR-12163,,REL-2019.2.6,order-ledger,metric,confluence,"Traceability note for order-ledger: links source evidence across tickets, PRs, incidents, metrics, and KT artifacts so Ask AI can cite the right context."
TRACE-01250,ATLAS-4028,PR-8741,,REL-2024.1.11,inventory-reservation,business_requirement,confluence,"Traceability note for inventory-reservation: links source evidence across tickets, PRs, incidents, metrics, and KT artifacts so Ask AI can cite the right context."
TRACE-01251,ATLAS-4603,PR-6020,,REL-2021.1.19,checkout-api,metric,grafana,"Traceability note for checkout-api: links source evidence across tickets, PRs, incidents, metrics, and KT artifacts so Ask AI can cite the right context."
TRACE-01252,ATLAS-5218,PR-9124,PD-2625,REL-2022.09,payment-orchestrator,decision,teams,"Traceability note for payment-orchestrator: links source evidence across tickets, PRs, incidents, metrics, and KT artifacts so Ask AI can cite the right context."
TRACE-01253,ATLAS-3117,PR-9411,,REL-2019.3.2,auth-gateway,decision,email,"Traceability note for auth-gateway: links source evidence across tickets, PRs, incidents, metrics, and KT artifacts so Ask AI can cite the right context."
TRACE-01254,ATLAS-3489,PR-11590,,REL-2022.11,tax-service,business_requirement,email,"Traceability note for tax-service: links source evidence across tickets, PRs, incidents, metrics, and KT artifacts so Ask AI can cite the right context."
TRACE-01255,ATLAS-1310,PR-7559,,REL-2020.4.1,order-ledger,decision,pagerduty,"Traceability note for order-ledger: links source evidence across tickets, PRs, incidents, metrics, and KT artifacts so Ask AI can cite the right context."
TRACE-01256,ATLAS-5124,PR-10880,,REL-2019.06,pricing-engine,business_requirement,github,"Traceability note for pricing-engine: links source evidence across tickets, PRs, incidents, metrics, and KT artifacts so Ask AI can cite the right context."
TRACE-01257,ATLAS-5854,PR-8565,,REL-2020.1.4,auth-gateway,deployment,teams,"Traceability note for auth-gateway: links source evidence across tickets, PRs, incidents, metrics, and KT artifacts so Ask AI can cite the right context."
TRACE-01258,ATLAS-3946,PR-10516,,REL-2021.08,analytics-pipeline,runbook,github,"Traceability note for analytics-pipeline: links source evidence across tickets, PRs, incidents, metrics, and KT artifacts so Ask AI can cite the right context."
TRACE-01259,ATLAS-1765,PR-5504,,REL-2018.4.15,payment-orchestrator,business_requirement,database,"Traceability note for payment-orchestrator: links source evidence across tickets, PRs, incidents, metrics, and KT artifacts so Ask AI can cite the right context."
TRACE-01260,ATLAS-2826,PR-8929,PD-2599,REL-2025.02,auth-gateway,metric,github,"Traceability note for auth-gateway: links source evidence across tickets, PRs, incidents, metrics, and KT artifacts so Ask AI can cite the right context."
TRACE-01261,ATLAS-4503,PR-9520,,REL-2024.3.17,pricing-engine,deployment,teams,"Traceability note for pricing-engine: links source evidence across tickets, PRs, incidents, metrics, and KT artifacts so Ask AI can cite the right context."
TRACE-01262,ATLAS-1131,PR-7741,,REL-2022.11,loyalty-service,metric,database,"Traceability note for loyalty-service: links source evidence across tickets, PRs, incidents, metrics, and KT artifacts so Ask AI can cite the right context."
TRACE-01263,ATLAS-3122,PR-8656,,REL-2020.09,search-recommendations,business_requirement,github,"Traceability note for search-recommendations: links source evidence across tickets, PRs, incidents, metrics, and KT artifacts so Ask AI can cite the right context."
TRACE-01264,ATLAS-1332,PR-9591,,REL-2022.03,cart-service,deployment,pagerduty,"Traceability note for cart-service: links source evidence across tickets, PRs, incidents, metrics, and KT artifacts so Ask AI can cite the right context."
TRACE-01265,ATLAS-1371,PR-8310,,REL-2024.2.2,checkout-api,metric,pagerduty,"Traceability note for checkout-api: links source evidence across tickets, PRs, incidents, metrics, and KT artifacts so Ask AI can cite the right context."
TRACE-01266,ATLAS-5940,PR-6722,PD-2143,REL-2021.06,payment-orchestrator,business_requirement,pagerduty,"Traceability note for payment-orchestrator: links source evidence across tickets, PRs, incidents, metrics, and KT artifacts so Ask AI can cite the right context."
TRACE-01267,ATLAS-3158,PR-9654,,REL-2025.2.14,order-ledger,risk,jira,"Traceability note for order-ledger: links source evidence across tickets, PRs, incidents, metrics, and KT artifacts so Ask AI can cite the right context."
TRACE-01268,ATLAS-2394,PR-8890,,REL-2021.03,analytics-pipeline,deployment,database,"Traceability note for analytics-pipeline: links source evidence across tickets, PRs, incidents, metrics, and KT artifacts so Ask AI can cite the right context."
TRACE-01269,ATLAS-1397,PR-7130,,REL-2022.11,auth-gateway,decision,email,"Traceability note for auth-gateway: links source evidence across tickets, PRs, incidents, metrics, and KT artifacts so Ask AI can cite the right context."
TRACE-01270,ATLAS-3930,PR-9266,,REL-2025.4.13,loyalty-service,db_health,support,"Traceability note for loyalty-service: links source evidence across tickets, PRs, incidents, metrics, and KT artifacts so Ask AI can cite the right context."
TRACE-01271,ATLAS-3261,PR-6833,,REL-2020.09,cart-service,db_health,grafana,"Traceability note for cart-service: links source evidence across tickets, PRs, incidents, metrics, and KT artifacts so Ask AI can cite the right context."
TRACE-01272,ATLAS-2795,PR-5518,,REL-2019.2.15,analytics-pipeline,db_health,teams,"Traceability note for analytics-pipeline: links source evidence across tickets, PRs, incidents, metrics, and KT artifacts so Ask AI can cite the right context."
TRACE-01273,ATLAS-2948,PR-7136,,REL-2023.4.0,order-ledger,business_requirement,teams,"Traceability note for order-ledger: links source evidence across tickets, PRs, incidents, metrics, and KT artifacts so Ask AI can cite the right context."
TRACE-01274,ATLAS-4883,PR-8276,,REL-2023.05,loyalty-service,deployment,jira,"Traceability note for loyalty-service: links source evidence across tickets, PRs, incidents, metrics, and KT artifacts so Ask AI can cite the right context."
TRACE-01275,ATLAS-4286,PR-5117,,REL-2019.09,tax-service,runbook,jira,"Traceability note for tax-service: links source evidence across tickets, PRs, incidents, metrics, and KT artifacts so Ask AI can cite the right context."
TRACE-01276,ATLAS-2844,PR-12412,,REL-2026.2.0,cart-service,runbook,github,"Traceability note for cart-service: links source evidence across tickets, PRs, incidents, metrics, and KT artifacts so Ask AI can cite the right context."
TRACE-01277,ATLAS-3318,PR-7947,,REL-2023.1.14,checkout-api,support_case,pagerduty,"Traceability note for checkout-api: links source evidence across tickets, PRs, incidents, metrics, and KT artifacts so Ask AI can cite the right context."
TRACE-01278,ATLAS-5577,PR-9003,,REL-2024.4.13,pricing-engine,business_requirement,jira,"Traceability note for pricing-engine: links source evidence across tickets, PRs, incidents, metrics, and KT artifacts so Ask AI can cite the right context."
TRACE-01279,ATLAS-3416,PR-9896,PD-2818,REL-2024.2.0,pricing-engine,business_requirement,teams,"Traceability note for pricing-engine: links source evidence across tickets, PRs, incidents, metrics, and KT artifacts so Ask AI can cite the right context."
TRACE-01280,ATLAS-6187,PR-8178,PD-2833,REL-2024.07,pricing-engine,support_case,github,"Traceability note for pricing-engine: links source evidence across tickets, PRs, incidents, metrics, and KT artifacts so Ask AI can cite the right context."
TRACE-01281,ATLAS-1265,PR-5755,,REL-2022.4.10,checkout-api,deployment,grafana,"Traceability note for checkout-api: links source evidence across tickets, PRs, incidents, metrics, and KT artifacts so Ask AI can cite the right context."
TRACE-01282,ATLAS-5317,PR-9980,PD-2883,REL-2020.06,search-recommendations,deployment,email,"Traceability note for search-recommendations: links source evidence across tickets, PRs, incidents, metrics, and KT artifacts so Ask AI can cite the right context."
TRACE-01283,ATLAS-2764,PR-9936,PD-2701,REL-2025.1.13,notification-service,business_requirement,pagerduty,"Traceability note for notification-service: links source evidence across tickets, PRs, incidents, metrics, and KT artifacts so Ask AI can cite the right context."
TRACE-01284,ATLAS-5765,PR-6998,PD-2228,REL-2023.08,payment-orchestrator,risk,confluence,"Traceability note for payment-orchestrator: links source evidence across tickets, PRs, incidents, metrics, and KT artifacts so Ask AI can cite the right context."
TRACE-01285,ATLAS-3440,PR-7511,,REL-2022.02,inventory-reservation,runbook,email,"Traceability note for inventory-reservation: links source evidence across tickets, PRs, incidents, metrics, and KT artifacts so Ask AI can cite the right context."
TRACE-01286,ATLAS-2517,PR-9509,,REL-2025.2.3,checkout-api,support_case,support,"Traceability note for checkout-api: links source evidence across tickets, PRs, incidents, metrics, and KT artifacts so Ask AI can cite the right context."
TRACE-01287,ATLAS-2918,PR-9560,,REL-2024.4.9,payment-orchestrator,db_health,teams,"Traceability note for payment-orchestrator: links source evidence across tickets, PRs, incidents, metrics, and KT artifacts so Ask AI can cite the right context."
TRACE-01288,ATLAS-3350,PR-6469,,REL-2022.1.17,search-recommendations,deployment,confluence,"Traceability note for search-recommendations: links source evidence across tickets, PRs, incidents, metrics, and KT artifacts so Ask AI can cite the right context."
TRACE-01289,ATLAS-3458,PR-6470,,REL-2025.1.19,analytics-pipeline,metric,database,"Traceability note for analytics-pipeline: links source evidence across tickets, PRs, incidents, metrics, and KT artifacts so Ask AI can cite the right context."
TRACE-01290,ATLAS-4544,PR-7235,,REL-2020.04,tax-service,metric,pagerduty,"Traceability note for tax-service: links source evidence across tickets, PRs, incidents, metrics, and KT artifacts so Ask AI can cite the right context."
TRACE-01291,ATLAS-3475,PR-8660,,REL-2018.11,order-ledger,metric,email,"Traceability note for order-ledger: links source evidence across tickets, PRs, incidents, metrics, and KT artifacts so Ask AI can cite the right context."
TRACE-01292,ATLAS-1939,PR-10015,PD-2151,REL-2021.02,tax-service,db_health,database,"Traceability note for tax-service: links source evidence across tickets, PRs, incidents, metrics, and KT artifacts so Ask AI can cite the right context."
TRACE-01293,ATLAS-4768,PR-10529,,REL-2024.2.15,auth-gateway,risk,support,"Traceability note for auth-gateway: links source evidence across tickets, PRs, incidents, metrics, and KT artifacts so Ask AI can cite the right context."
TRACE-01294,ATLAS-4809,PR-8157,,REL-2019.4.19,loyalty-service,runbook,database,"Traceability note for loyalty-service: links source evidence across tickets, PRs, incidents, metrics, and KT artifacts so Ask AI can cite the right context."
TRACE-01295,ATLAS-5844,PR-8164,,REL-2025.1.16,auth-gateway,runbook,teams,"Traceability note for auth-gateway: links source evidence across tickets, PRs, incidents, metrics, and KT artifacts so Ask AI can cite the right context."
TRACE-01296,ATLAS-2452,PR-5910,PD-2877,REL-2026.03,search-recommendations,deployment,pagerduty,"Traceability note for search-recommendations: links source evidence across tickets, PRs, incidents, metrics, and KT artifacts so Ask AI can cite the right context."
TRACE-01297,ATLAS-4768,PR-7009,PD-2834,REL-2026.1.16,checkout-api,metric,confluence,"Traceability note for checkout-api: links source evidence across tickets, PRs, incidents, metrics, and KT artifacts so Ask AI can cite the right context."
TRACE-01298,ATLAS-1616,PR-7295,,REL-2023.2.0,auth-gateway,runbook,support,"Traceability note for auth-gateway: links source evidence across tickets, PRs, incidents, metrics, and KT artifacts so Ask AI can cite the right context."
TRACE-01299,ATLAS-2948,PR-5770,,REL-2026.1.10,payment-orchestrator,decision,jira,"Traceability note for payment-orchestrator: links source evidence across tickets, PRs, incidents, metrics, and KT artifacts so Ask AI can cite the right context."
TRACE-01300,ATLAS-1731,PR-7959,PD-2188,REL-2023.4.4,pricing-engine,risk,support,"Traceability note for pricing-engine: links source evidence across tickets, PRs, incidents, metrics, and KT artifacts so Ask AI can cite the right context."
TRACE-01301,ATLAS-4647,PR-5292,PD-2848,REL-2022.02,order-ledger,metric,teams,"Traceability note for order-ledger: links source evidence across tickets, PRs, incidents, metrics, and KT artifacts so Ask AI can cite the right context."
TRACE-01302,ATLAS-4442,PR-7282,,REL-2022.11,analytics-pipeline,business_requirement,teams,"Traceability note for analytics-pipeline: links source evidence across tickets, PRs, incidents, metrics, and KT artifacts so Ask AI can cite the right context."
TRACE-01303,ATLAS-3028,PR-7512,PD-2693,REL-2019.09,analytics-pipeline,support_case,confluence,"Traceability note for analytics-pipeline: links source evidence across tickets, PRs, incidents, metrics, and KT artifacts so Ask AI can cite the right context."
TRACE-01304,ATLAS-4672,PR-10740,,REL-2025.3.15,payment-orchestrator,metric,teams,"Traceability note for payment-orchestrator: links source evidence across tickets, PRs, incidents, metrics, and KT artifacts so Ask AI can cite the right context."
TRACE-01305,ATLAS-2431,PR-8485,,REL-2020.07,loyalty-service,metric,confluence,"Traceability note for loyalty-service: links source evidence across tickets, PRs, incidents, metrics, and KT artifacts so Ask AI can cite the right context."
TRACE-01306,ATLAS-6004,PR-9761,,REL-2020.11,inventory-reservation,deployment,github,"Traceability note for inventory-reservation: links source evidence across tickets, PRs, incidents, metrics, and KT artifacts so Ask AI can cite the right context."
TRACE-01307,ATLAS-1534,PR-5509,,REL-2022.10,payment-orchestrator,business_requirement,email,"Traceability note for payment-orchestrator: links source evidence across tickets, PRs, incidents, metrics, and KT artifacts so Ask AI can cite the right context."
TRACE-01308,ATLAS-6160,PR-7484,,REL-2023.3.0,checkout-api,deployment,database,"Traceability note for checkout-api: links source evidence across tickets, PRs, incidents, metrics, and KT artifacts so Ask AI can cite the right context."
TRACE-01309,ATLAS-3423,PR-5907,PD-2431,REL-2022.3.8,loyalty-service,risk,github,"Traceability note for loyalty-service: links source evidence across tickets, PRs, incidents, metrics, and KT artifacts so Ask AI can cite the right context."
TRACE-01310,ATLAS-1594,PR-6210,,REL-2023.4.4,tax-service,runbook,github,"Traceability note for tax-service: links source evidence across tickets, PRs, incidents, metrics, and KT artifacts so Ask AI can cite the right context."
TRACE-01311,ATLAS-5155,PR-9635,,REL-2024.10,analytics-pipeline,deployment,database,"Traceability note for analytics-pipeline: links source evidence across tickets, PRs, incidents, metrics, and KT artifacts so Ask AI can cite the right context."
TRACE-01312,ATLAS-1081,PR-10277,,REL-2021.3.8,order-ledger,db_health,teams,"Traceability note for order-ledger: links source evidence across tickets, PRs, incidents, metrics, and KT artifacts so Ask AI can cite the right context."
TRACE-01313,ATLAS-5659,PR-8077,,REL-2020.2.2,tax-service,support_case,email,"Traceability note for tax-service: links source evidence across tickets, PRs, incidents, metrics, and KT artifacts so Ask AI can cite the right context."
TRACE-01314,ATLAS-4233,PR-9067,PD-2771,REL-2021.4.9,auth-gateway,risk,grafana,"Traceability note for auth-gateway: links source evidence across tickets, PRs, incidents, metrics, and KT artifacts so Ask AI can cite the right context."
TRACE-01315,ATLAS-1173,PR-6973,,REL-2026.1.1,payment-orchestrator,runbook,teams,"Traceability note for payment-orchestrator: links source evidence across tickets, PRs, incidents, metrics, and KT artifacts so Ask AI can cite the right context."
TRACE-01316,ATLAS-5705,PR-5416,,REL-2024.4.2,notification-service,support_case,email,"Traceability note for notification-service: links source evidence across tickets, PRs, incidents, metrics, and KT artifacts so Ask AI can cite the right context."
TRACE-01317,ATLAS-4295,PR-8061,,REL-2025.2.3,tax-service,deployment,pagerduty,"Traceability note for tax-service: links source evidence across tickets, PRs, incidents, metrics, and KT artifacts so Ask AI can cite the right context."
TRACE-01318,ATLAS-5053,PR-7924,,REL-2022.1.17,tax-service,business_requirement,confluence,"Traceability note for tax-service: links source evidence across tickets, PRs, incidents, metrics, and KT artifacts so Ask AI can cite the right context."
TRACE-01319,ATLAS-2998,PR-7094,PD-2611,REL-2024.04,payment-orchestrator,decision,pagerduty,"Traceability note for payment-orchestrator: links source evidence across tickets, PRs, incidents, metrics, and KT artifacts so Ask AI can cite the right context."
TRACE-01320,ATLAS-3440,PR-8140,,REL-2026.1.1,cart-service,risk,github,"Traceability note for cart-service: links source evidence across tickets, PRs, incidents, metrics, and KT artifacts so Ask AI can cite the right context."
TRACE-01321,ATLAS-5992,PR-7490,,REL-2021.2.11,tax-service,support_case,pagerduty,"Traceability note for tax-service: links source evidence across tickets, PRs, incidents, metrics, and KT artifacts so Ask AI can cite the right context."
TRACE-01322,ATLAS-4986,PR-8534,PD-2433,REL-2025.1.6,notification-service,runbook,confluence,"Traceability note for notification-service: links source evidence across tickets, PRs, incidents, metrics, and KT artifacts so Ask AI can cite the right context."
TRACE-01323,ATLAS-1275,PR-6298,PD-2100,REL-2019.4.9,analytics-pipeline,runbook,pagerduty,"Traceability note for analytics-pipeline: links source evidence across tickets, PRs, incidents, metrics, and KT artifacts so Ask AI can cite the right context."
TRACE-01324,ATLAS-1970,PR-8225,PD-2500,REL-2018.4.9,payment-orchestrator,business_requirement,github,"Traceability note for payment-orchestrator: links source evidence across tickets, PRs, incidents, metrics, and KT artifacts so Ask AI can cite the right context."
TRACE-01325,ATLAS-2359,PR-10269,,REL-2018.3.10,inventory-reservation,deployment,database,"Traceability note for inventory-reservation: links source evidence across tickets, PRs, incidents, metrics, and KT artifacts so Ask AI can cite the right context."
TRACE-01326,ATLAS-1355,PR-5862,PD-2281,REL-2026.1.16,loyalty-service,business_requirement,grafana,"Traceability note for loyalty-service: links source evidence across tickets, PRs, incidents, metrics, and KT artifacts so Ask AI can cite the right context."
TRACE-01327,ATLAS-1437,PR-7626,PD-2684,REL-2020.1.4,search-recommendations,metric,confluence,"Traceability note for search-recommendations: links source evidence across tickets, PRs, incidents, metrics, and KT artifacts so Ask AI can cite the right context."
TRACE-01328,ATLAS-1208,PR-8222,,REL-2024.10,tax-service,business_requirement,pagerduty,"Traceability note for tax-service: links source evidence across tickets, PRs, incidents, metrics, and KT artifacts so Ask AI can cite the right context."
TRACE-01329,ATLAS-5005,PR-10320,PD-2827,REL-2018.3.10,order-ledger,deployment,jira,"Traceability note for order-ledger: links source evidence across tickets, PRs, incidents, metrics, and KT artifacts so Ask AI can cite the right context."
TRACE-01330,ATLAS-2087,PR-8609,,REL-2023.2.15,cart-service,runbook,pagerduty,"Traceability note for cart-service: links source evidence across tickets, PRs, incidents, metrics, and KT artifacts so Ask AI can cite the right context."
TRACE-01331,ATLAS-1354,PR-5979,,REL-2025.1.13,search-recommendations,risk,jira,"Traceability note for search-recommendations: links source evidence across tickets, PRs, incidents, metrics, and KT artifacts so Ask AI can cite the right context."
TRACE-01332,ATLAS-1582,PR-5222,PD-2517,REL-2022.1.6,checkout-api,decision,grafana,"Traceability note for checkout-api: links source evidence across tickets, PRs, incidents, metrics, and KT artifacts so Ask AI can cite the right context."
TRACE-01333,ATLAS-5648,PR-8882,PD-2388,REL-2019.4.15,search-recommendations,support_case,grafana,"Traceability note for search-recommendations: links source evidence across tickets, PRs, incidents, metrics, and KT artifacts so Ask AI can cite the right context."
TRACE-01334,ATLAS-3141,PR-5050,,REL-2023.4.3,loyalty-service,support_case,database,"Traceability note for loyalty-service: links source evidence across tickets, PRs, incidents, metrics, and KT artifacts so Ask AI can cite the right context."
TRACE-01335,ATLAS-4643,PR-5006,,REL-2026.2.6,order-ledger,decision,pagerduty,"Traceability note for order-ledger: links source evidence across tickets, PRs, incidents, metrics, and KT artifacts so Ask AI can cite the right context."
TRACE-01336,ATLAS-5663,PR-8784,PD-2482,REL-2024.4.13,cart-service,db_health,email,"Traceability note for cart-service: links source evidence across tickets, PRs, incidents, metrics, and KT artifacts so Ask AI can cite the right context."
TRACE-01337,ATLAS-6138,PR-9887,PD-2728,REL-2025.04,search-recommendations,decision,database,"Traceability note for search-recommendations: links source evidence across tickets, PRs, incidents, metrics, and KT artifacts so Ask AI can cite the right context."
TRACE-01338,ATLAS-3056,PR-5615,PD-2122,REL-2019.2.0,checkout-api,support_case,grafana,"Traceability note for checkout-api: links source evidence across tickets, PRs, incidents, metrics, and KT artifacts so Ask AI can cite the right context."
TRACE-01339,ATLAS-5428,PR-6227,PD-2749,REL-2024.3.17,auth-gateway,support_case,jira,"Traceability note for auth-gateway: links source evidence across tickets, PRs, incidents, metrics, and KT artifacts so Ask AI can cite the right context."
TRACE-01340,ATLAS-1282,PR-12153,PD-2226,REL-2018.4.1,pricing-engine,runbook,grafana,"Traceability note for pricing-engine: links source evidence across tickets, PRs, incidents, metrics, and KT artifacts so Ask AI can cite the right context."
TRACE-01341,ATLAS-3759,PR-8741,,REL-2019.02,search-recommendations,metric,pagerduty,"Traceability note for search-recommendations: links source evidence across tickets, PRs, incidents, metrics, and KT artifacts so Ask AI can cite the right context."
TRACE-01342,ATLAS-3319,PR-8886,,REL-2018.3.10,loyalty-service,db_health,github,"Traceability note for loyalty-service: links source evidence across tickets, PRs, incidents, metrics, and KT artifacts so Ask AI can cite the right context."
TRACE-01343,ATLAS-1369,PR-9342,,REL-2020.2.18,loyalty-service,support_case,grafana,"Traceability note for loyalty-service: links source evidence across tickets, PRs, incidents, metrics, and KT artifacts so Ask AI can cite the right context."
TRACE-01344,ATLAS-2222,PR-9051,,REL-2021.4.16,pricing-engine,decision,database,"Traceability note for pricing-engine: links source evidence across tickets, PRs, incidents, metrics, and KT artifacts so Ask AI can cite the right context."
TRACE-01345,ATLAS-5445,PR-9457,PD-2320,REL-2025.04,tax-service,db_health,database,"Traceability note for tax-service: links source evidence across tickets, PRs, incidents, metrics, and KT artifacts so Ask AI can cite the right context."
TRACE-01346,ATLAS-2482,PR-11352,,REL-2025.4.2,order-ledger,deployment,confluence,"Traceability note for order-ledger: links source evidence across tickets, PRs, incidents, metrics, and KT artifacts so Ask AI can cite the right context."
TRACE-01347,ATLAS-2028,PR-6583,,REL-2023.4.3,analytics-pipeline,runbook,database,"Traceability note for analytics-pipeline: links source evidence across tickets, PRs, incidents, metrics, and KT artifacts so Ask AI can cite the right context."
TRACE-01348,ATLAS-2770,PR-7822,,REL-2024.3.10,loyalty-service,business_requirement,jira,"Traceability note for loyalty-service: links source evidence across tickets, PRs, incidents, metrics, and KT artifacts so Ask AI can cite the right context."
TRACE-01349,ATLAS-5837,PR-10108,,REL-2022.12,tax-service,decision,confluence,"Traceability note for tax-service: links source evidence across tickets, PRs, incidents, metrics, and KT artifacts so Ask AI can cite the right context."
TRACE-01350,ATLAS-3134,PR-6558,PD-2896,REL-2023.2.2,loyalty-service,db_health,teams,"Traceability note for loyalty-service: links source evidence across tickets, PRs, incidents, metrics, and KT artifacts so Ask AI can cite the right context."
TRACE-01351,ATLAS-4421,PR-5018,,REL-2023.01,search-recommendations,risk,teams,"Traceability note for search-recommendations: links source evidence across tickets, PRs, incidents, metrics, and KT artifacts so Ask AI can cite the right context."
TRACE-01352,ATLAS-5790,PR-6855,,REL-2026.1.10,analytics-pipeline,business_requirement,github,"Traceability note for analytics-pipeline: links source evidence across tickets, PRs, incidents, metrics, and KT artifacts so Ask AI can cite the right context."
TRACE-01353,ATLAS-4282,PR-8965,PD-2124,REL-2020.4.10,cart-service,deployment,teams,"Traceability note for cart-service: links source evidence across tickets, PRs, incidents, metrics, and KT artifacts so Ask AI can cite the right context."
TRACE-01354,ATLAS-1724,PR-10200,PD-2766,REL-2020.4.12,analytics-pipeline,metric,support,"Traceability note for analytics-pipeline: links source evidence across tickets, PRs, incidents, metrics, and KT artifacts so Ask AI can cite the right context."
TRACE-01355,ATLAS-5002,PR-7144,,REL-2025.2.19,tax-service,decision,database,"Traceability note for tax-service: links source evidence across tickets, PRs, incidents, metrics, and KT artifacts so Ask AI can cite the right context."
TRACE-01356,ATLAS-4113,PR-11577,,REL-2022.4.16,checkout-api,deployment,database,"Traceability note for checkout-api: links source evidence across tickets, PRs, incidents, metrics, and KT artifacts so Ask AI can cite the right context."
TRACE-01357,ATLAS-4400,PR-10153,,REL-2024.4.3,auth-gateway,db_health,support,"Traceability note for auth-gateway: links source evidence across tickets, PRs, incidents, metrics, and KT artifacts so Ask AI can cite the right context."
TRACE-01358,ATLAS-3443,PR-9215,,REL-2022.4.16,payment-orchestrator,db_health,github,"Traceability note for payment-orchestrator: links source evidence across tickets, PRs, incidents, metrics, and KT artifacts so Ask AI can cite the right context."
TRACE-01359,ATLAS-4877,PR-6294,PD-2565,REL-2021.3.9,tax-service,risk,github,"Traceability note for tax-service: links source evidence across tickets, PRs, incidents, metrics, and KT artifacts so Ask AI can cite the right context."
TRACE-01360,ATLAS-6021,PR-8802,,REL-2021.2.11,search-recommendations,runbook,database,"Traceability note for search-recommendations: links source evidence across tickets, PRs, incidents, metrics, and KT artifacts so Ask AI can cite the right context."
TRACE-01361,ATLAS-4422,PR-11942,PD-2037,REL-2025.09,loyalty-service,runbook,database,"Traceability note for loyalty-service: links source evidence across tickets, PRs, incidents, metrics, and KT artifacts so Ask AI can cite the right context."
TRACE-01362,ATLAS-1484,PR-7031,,REL-2024.05,checkout-api,runbook,pagerduty,"Traceability note for checkout-api: links source evidence across tickets, PRs, incidents, metrics, and KT artifacts so Ask AI can cite the right context."
TRACE-01363,ATLAS-5423,PR-8468,,REL-2023.4.13,loyalty-service,db_health,email,"Traceability note for loyalty-service: links source evidence across tickets, PRs, incidents, metrics, and KT artifacts so Ask AI can cite the right context."
TRACE-01364,ATLAS-3529,PR-9534,,REL-2026.1.16,cart-service,decision,database,"Traceability note for cart-service: links source evidence across tickets, PRs, incidents, metrics, and KT artifacts so Ask AI can cite the right context."
TRACE-01365,ATLAS-3996,PR-8352,,REL-2021.1.12,cart-service,deployment,grafana,"Traceability note for cart-service: links source evidence across tickets, PRs, incidents, metrics, and KT artifacts so Ask AI can cite the right context."
TRACE-01366,ATLAS-3338,PR-6942,PD-2342,REL-2024.03,loyalty-service,support_case,support,"Traceability note for loyalty-service: links source evidence across tickets, PRs, incidents, metrics, and KT artifacts so Ask AI can cite the right context."
TRACE-01367,ATLAS-5787,PR-9015,,REL-2022.3.4,loyalty-service,db_health,grafana,"Traceability note for loyalty-service: links source evidence across tickets, PRs, incidents, metrics, and KT artifacts so Ask AI can cite the right context."
TRACE-01368,ATLAS-1955,PR-9194,,REL-2025.3.10,search-recommendations,metric,pagerduty,"Traceability note for search-recommendations: links source evidence across tickets, PRs, incidents, metrics, and KT artifacts so Ask AI can cite the right context."
TRACE-01369,ATLAS-2632,PR-6057,PD-2368,REL-2025.1.16,analytics-pipeline,runbook,confluence,"Traceability note for analytics-pipeline: links source evidence across tickets, PRs, incidents, metrics, and KT artifacts so Ask AI can cite the right context."
TRACE-01370,ATLAS-4849,PR-7888,PD-2773,REL-2024.4.14,notification-service,deployment,grafana,"Traceability note for notification-service: links source evidence across tickets, PRs, incidents, metrics, and KT artifacts so Ask AI can cite the right context."
TRACE-01371,ATLAS-4928,PR-11166,PD-2674,REL-2020.4.15,auth-gateway,decision,jira,"Traceability note for auth-gateway: links source evidence across tickets, PRs, incidents, metrics, and KT artifacts so Ask AI can cite the right context."
TRACE-01372,ATLAS-5662,PR-9263,PD-2630,REL-2019.08,inventory-reservation,business_requirement,database,"Traceability note for inventory-reservation: links source evidence across tickets, PRs, incidents, metrics, and KT artifacts so Ask AI can cite the right context."
TRACE-01373,ATLAS-1355,PR-8550,PD-2458,REL-2024.04,notification-service,db_health,jira,"Traceability note for notification-service: links source evidence across tickets, PRs, incidents, metrics, and KT artifacts so Ask AI can cite the right context."
TRACE-01374,ATLAS-2460,PR-10720,PD-2478,REL-2022.1.6,cart-service,db_health,github,"Traceability note for cart-service: links source evidence across tickets, PRs, incidents, metrics, and KT artifacts so Ask AI can cite the right context."
TRACE-01375,ATLAS-4120,PR-7157,PD-2118,REL-2021.3.9,auth-gateway,db_health,jira,"Traceability note for auth-gateway: links source evidence across tickets, PRs, incidents, metrics, and KT artifacts so Ask AI can cite the right context."
TRACE-01376,ATLAS-1620,PR-5058,,REL-2025.3.15,loyalty-service,support_case,teams,"Traceability note for loyalty-service: links source evidence across tickets, PRs, incidents, metrics, and KT artifacts so Ask AI can cite the right context."
TRACE-01377,ATLAS-1058,PR-9661,PD-2658,REL-2019.3.10,auth-gateway,runbook,pagerduty,"Traceability note for auth-gateway: links source evidence across tickets, PRs, incidents, metrics, and KT artifacts so Ask AI can cite the right context."
TRACE-01378,ATLAS-4290,PR-10356,PD-2033,REL-2019.3.19,cart-service,business_requirement,pagerduty,"Traceability note for cart-service: links source evidence across tickets, PRs, incidents, metrics, and KT artifacts so Ask AI can cite the right context."
TRACE-01379,ATLAS-4531,PR-10165,,REL-2019.04,cart-service,metric,pagerduty,"Traceability note for cart-service: links source evidence across tickets, PRs, incidents, metrics, and KT artifacts so Ask AI can cite the right context."
TRACE-01380,ATLAS-5155,PR-9600,,REL-2023.2.2,tax-service,support_case,jira,"Traceability note for tax-service: links source evidence across tickets, PRs, incidents, metrics, and KT artifacts so Ask AI can cite the right context."
TRACE-01381,ATLAS-1917,PR-5825,PD-2294,REL-2019.3.8,pricing-engine,metric,email,"Traceability note for pricing-engine: links source evidence across tickets, PRs, incidents, metrics, and KT artifacts so Ask AI can cite the right context."
TRACE-01382,ATLAS-4984,PR-10320,,REL-2022.02,auth-gateway,support_case,confluence,"Traceability note for auth-gateway: links source evidence across tickets, PRs, incidents, metrics, and KT artifacts so Ask AI can cite the right context."
TRACE-01383,ATLAS-3383,PR-5612,PD-2802,REL-2022.1.5,checkout-api,db_health,database,"Traceability note for checkout-api: links source evidence across tickets, PRs, incidents, metrics, and KT artifacts so Ask AI can cite the right context."
TRACE-01384,ATLAS-4768,PR-9284,,REL-2025.4.18,tax-service,business_requirement,grafana,"Traceability note for tax-service: links source evidence across tickets, PRs, incidents, metrics, and KT artifacts so Ask AI can cite the right context."
TRACE-01385,ATLAS-3830,PR-9334,,REL-2019.1.6,checkout-api,metric,github,"Traceability note for checkout-api: links source evidence across tickets, PRs, incidents, metrics, and KT artifacts so Ask AI can cite the right context."
TRACE-01386,ATLAS-5628,PR-11779,,REL-2025.12,cart-service,runbook,teams,"Traceability note for cart-service: links source evidence across tickets, PRs, incidents, metrics, and KT artifacts so Ask AI can cite the right context."
TRACE-01387,ATLAS-4473,PR-11262,PD-2240,REL-2020.09,order-ledger,risk,teams,"Traceability note for order-ledger: links source evidence across tickets, PRs, incidents, metrics, and KT artifacts so Ask AI can cite the right context."
TRACE-01388,ATLAS-1215,PR-7523,PD-2008,REL-2022.3.10,checkout-api,decision,github,"Traceability note for checkout-api: links source evidence across tickets, PRs, incidents, metrics, and KT artifacts so Ask AI can cite the right context."
TRACE-01389,ATLAS-2063,PR-6285,PD-2874,REL-2024.01,cart-service,business_requirement,email,"Traceability note for cart-service: links source evidence across tickets, PRs, incidents, metrics, and KT artifacts so Ask AI can cite the right context."
TRACE-01390,ATLAS-5557,PR-9762,,REL-2022.1.15,checkout-api,risk,teams,"Traceability note for checkout-api: links source evidence across tickets, PRs, incidents, metrics, and KT artifacts so Ask AI can cite the right context."
TRACE-01391,ATLAS-3707,PR-5469,PD-2186,REL-2022.11,payment-orchestrator,db_health,email,"Traceability note for payment-orchestrator: links source evidence across tickets, PRs, incidents, metrics, and KT artifacts so Ask AI can cite the right context."
TRACE-01392,ATLAS-3159,PR-7269,,REL-2025.4.4,checkout-api,db_health,github,"Traceability note for checkout-api: links source evidence across tickets, PRs, incidents, metrics, and KT artifacts so Ask AI can cite the right context."
TRACE-01393,ATLAS-5133,PR-9891,PD-2069,REL-2024.4.3,order-ledger,runbook,email,"Traceability note for order-ledger: links source evidence across tickets, PRs, incidents, metrics, and KT artifacts so Ask AI can cite the right context."
TRACE-01394,ATLAS-5049,PR-9663,,REL-2023.04,notification-service,metric,confluence,"Traceability note for notification-service: links source evidence across tickets, PRs, incidents, metrics, and KT artifacts so Ask AI can cite the right context."
TRACE-01395,ATLAS-1965,PR-9003,PD-2311,REL-2021.1.10,auth-gateway,runbook,database,"Traceability note for auth-gateway: links source evidence across tickets, PRs, incidents, metrics, and KT artifacts so Ask AI can cite the right context."
TRACE-01396,ATLAS-4479,PR-5793,,REL-2021.1.4,analytics-pipeline,metric,teams,"Traceability note for analytics-pipeline: links source evidence across tickets, PRs, incidents, metrics, and KT artifacts so Ask AI can cite the right context."
TRACE-01397,ATLAS-4366,PR-10120,PD-2573,REL-2023.1.5,order-ledger,support_case,support,"Traceability note for order-ledger: links source evidence across tickets, PRs, incidents, metrics, and KT artifacts so Ask AI can cite the right context."
TRACE-01398,ATLAS-4489,PR-8632,PD-2302,REL-2024.3.2,loyalty-service,db_health,confluence,"Traceability note for loyalty-service: links source evidence across tickets, PRs, incidents, metrics, and KT artifacts so Ask AI can cite the right context."
TRACE-01399,ATLAS-3718,PR-11872,,REL-2018.3.3,search-recommendations,decision,email,"Traceability note for search-recommendations: links source evidence across tickets, PRs, incidents, metrics, and KT artifacts so Ask AI can cite the right context."
TRACE-01400,ATLAS-3619,PR-6444,,REL-2023.04,tax-service,db_health,teams,"Traceability note for tax-service: links source evidence across tickets, PRs, incidents, metrics, and KT artifacts so Ask AI can cite the right context."
