experiment_id,start_date,quarter,channel,service,experiment_name,status,sample_size,control_conversion_pct,variant_conversion_pct,lift_pct,operational_note,linked_jira,decision_note
EXP-00001,2018-06-01,2018-Q2,web,analytics-pipeline,inventory warning,won,163006,90.1,94.55,4.45,support tickets increased,ATLAS-1928,"Decision note: compare product analytics with Grafana p95, support escalation volume, and release flag history."
EXP-00002,2018-06-02,2018-Q2,mobile-web,inventory-reservation,tax quote cache,inconclusive,194903,86.87,86.77,-0.1,latency increased,ATLAS-1114,"Decision note: compare product analytics with Grafana p95, support escalation volume, and release flag history."
EXP-00003,2018-06-03,2018-Q2,mobile-web,auth-gateway,payment retry UX,rolled back,134037,86.42,86.53,0.11,no clear impact,ATLAS-1756,"Decision note: compare product analytics with Grafana p95, support escalation volume, and release flag history."
EXP-00004,2018-06-04,2018-Q2,web,tax-service,inventory warning,running,191277,85.13,85.04,-0.09,conversion improved,ATLAS-4527,"Decision note: compare product analytics with Grafana p95, support escalation volume, and release flag history."
EXP-00005,2018-06-05,2018-Q2,android,notification-service,loyalty prompt,running,122914,81.51,79.17,-2.35,support tickets increased,ATLAS-5871,"Decision note: compare product analytics with Grafana p95, support escalation volume, and release flag history."
EXP-00006,2018-06-06,2018-Q2,web,pricing-engine,loyalty prompt,running,182329,76.12,78.47,2.35,latency increased,ATLAS-1650,"Decision note: compare product analytics with Grafana p95, support escalation volume, and release flag history."
EXP-00007,2018-06-07,2018-Q2,ios,cart-service,address validation,lost,4612,84.94,87.08,2.15,latency neutral,ATLAS-1985,"Decision note: compare product analytics with Grafana p95, support escalation volume, and release flag history."
EXP-00008,2018-06-08,2018-Q2,mobile-web,analytics-pipeline,coupon fallback,draft,101662,72.83,72.75,-0.08,support tickets increased,ATLAS-3971,"Decision note: compare product analytics with Grafana p95, support escalation volume, and release flag history."
EXP-00009,2018-06-09,2018-Q2,web,notification-service,address validation,rolled back,143201,74.98,76.89,1.91,no clear impact,ATLAS-1888,"Decision note: compare product analytics with Grafana p95, support escalation volume, and release flag history."
EXP-00010,2018-06-11,2018-Q2,store-kiosk,payment-orchestrator,loyalty prompt,won,168346,76.46,76.65,0.19,no clear impact,ATLAS-5734,"Decision note: compare product analytics with Grafana p95, support escalation volume, and release flag history."
EXP-00011,2018-06-12,2018-Q2,web,search-recommendations,loyalty prompt,inconclusive,232294,84.76,82.27,-2.49,latency increased,ATLAS-2941,"Decision note: compare product analytics with Grafana p95, support escalation volume, and release flag history."
EXP-00012,2018-06-13,2018-Q2,mobile-web,payment-orchestrator,address validation,draft,77732,83.81,81.12,-2.69,conversion improved,ATLAS-3754,"Decision note: compare product analytics with Grafana p95, support escalation volume, and release flag history."
EXP-00013,2018-06-14,2018-Q2,partner-api,inventory-reservation,coupon fallback,running,123536,82.04,84.34,2.3,latency increased,ATLAS-4281,"Decision note: compare product analytics with Grafana p95, support escalation volume, and release flag history."
EXP-00014,2018-06-15,2018-Q2,mobile-web,loyalty-service,tax quote cache,draft,208770,81.21,84.42,3.21,no clear impact,ATLAS-1273,"Decision note: compare product analytics with Grafana p95, support escalation volume, and release flag history."
EXP-00015,2018-06-16,2018-Q2,ios,search-recommendations,address validation,lost,78376,86.92,89.4,2.48,support tickets increased,ATLAS-1322,"Decision note: compare product analytics with Grafana p95, support escalation volume, and release flag history."
EXP-00016,2018-06-17,2018-Q2,mobile-web,pricing-engine,address validation,inconclusive,57697,82.67,81.06,-1.6,latency increased,ATLAS-3993,"Decision note: compare product analytics with Grafana p95, support escalation volume, and release flag history."
EXP-00017,2018-06-18,2018-Q2,web,analytics-pipeline,coupon fallback,draft,198642,79.46,77.27,-2.2,latency increased,ATLAS-1155,"Decision note: compare product analytics with Grafana p95, support escalation volume, and release flag history."
EXP-00018,2018-06-19,2018-Q2,ios,order-ledger,inventory warning,inconclusive,183509,87.65,90.41,2.76,conversion improved,ATLAS-6150,"Decision note: compare product analytics with Grafana p95, support escalation volume, and release flag history."
EXP-00019,2018-06-21,2018-Q2,web,payment-orchestrator,one-click reorder,lost,95145,84.5,82.0,-2.5,latency increased,ATLAS-5555,"Decision note: compare product analytics with Grafana p95, support escalation volume, and release flag history."
EXP-00020,2018-06-22,2018-Q2,partner-api,order-ledger,payment retry UX,lost,184589,87.87,88.66,0.79,support tickets increased,ATLAS-2110,"Decision note: compare product analytics with Grafana p95, support escalation volume, and release flag history."
EXP-00021,2018-06-23,2018-Q2,mobile-web,analytics-pipeline,payment retry UX,rolled back,31171,76.66,77.03,0.37,support tickets increased,ATLAS-1119,"Decision note: compare product analytics with Grafana p95, support escalation volume, and release flag history."
EXP-00022,2018-06-24,2018-Q2,mobile-web,auth-gateway,coupon fallback,lost,41195,90.19,87.0,-3.19,no clear impact,ATLAS-5644,"Decision note: compare product analytics with Grafana p95, support escalation volume, and release flag history."
EXP-00023,2018-06-25,2018-Q2,android,payment-orchestrator,inventory warning,won,111125,84.1,84.5,0.4,latency increased,ATLAS-5873,"Decision note: compare product analytics with Grafana p95, support escalation volume, and release flag history."
EXP-00024,2018-06-26,2018-Q2,web,loyalty-service,coupon fallback,draft,201101,84.59,87.34,2.74,conversion improved,ATLAS-4869,"Decision note: compare product analytics with Grafana p95, support escalation volume, and release flag history."
EXP-00025,2018-06-27,2018-Q2,mobile-web,analytics-pipeline,coupon fallback,draft,71541,89.65,92.41,2.76,no clear impact,ATLAS-1144,"Decision note: compare product analytics with Grafana p95, support escalation volume, and release flag history."
EXP-00026,2018-06-28,2018-Q2,web,checkout-api,one-click reorder,rolled back,45291,79.49,81.99,2.49,latency increased,ATLAS-1534,"Decision note: compare product analytics with Grafana p95, support escalation volume, and release flag history."
EXP-00027,2018-06-30,2018-Q2,ios,analytics-pipeline,coupon fallback,won,60022,85.41,86.22,0.81,support tickets increased,ATLAS-2941,"Decision note: compare product analytics with Grafana p95, support escalation volume, and release flag history."
EXP-00028,2018-07-01,2018-Q3,android,analytics-pipeline,address validation,inconclusive,125868,83.84,83.79,-0.04,conversion improved,ATLAS-1111,"Decision note: compare product analytics with Grafana p95, support escalation volume, and release flag history."
EXP-00029,2018-07-02,2018-Q3,store-kiosk,inventory-reservation,checkout button copy,rolled back,146930,86.91,87.04,0.13,support tickets increased,ATLAS-1919,"Decision note: compare product analytics with Grafana p95, support escalation volume, and release flag history."
EXP-00030,2018-07-03,2018-Q3,web,checkout-api,one-click reorder,lost,140398,86.9,85.78,-1.12,no clear impact,ATLAS-3594,"Decision note: compare product analytics with Grafana p95, support escalation volume, and release flag history."
EXP-00031,2018-07-04,2018-Q3,mobile-web,order-ledger,one-click reorder,rolled back,194387,82.49,80.61,-1.88,latency increased,ATLAS-4145,"Decision note: compare product analytics with Grafana p95, support escalation volume, and release flag history."
EXP-00032,2018-07-05,2018-Q3,partner-api,order-ledger,tax quote cache,draft,231871,72.31,73.28,0.97,latency neutral,ATLAS-2310,"Decision note: compare product analytics with Grafana p95, support escalation volume, and release flag history."
EXP-00033,2018-07-06,2018-Q3,mobile-web,checkout-api,address validation,inconclusive,114984,82.05,83.92,1.86,latency neutral,ATLAS-1845,"Decision note: compare product analytics with Grafana p95, support escalation volume, and release flag history."
EXP-00034,2018-07-07,2018-Q3,store-kiosk,checkout-api,address validation,inconclusive,206395,87.16,91.76,4.6,support tickets increased,ATLAS-1022,"Decision note: compare product analytics with Grafana p95, support escalation volume, and release flag history."
EXP-00035,2018-07-08,2018-Q3,web,loyalty-service,inventory warning,draft,159187,81.97,82.84,0.87,latency increased,ATLAS-1062,"Decision note: compare product analytics with Grafana p95, support escalation volume, and release flag history."
EXP-00036,2018-07-10,2018-Q3,android,pricing-engine,address validation,inconclusive,27510,88.68,87.64,-1.04,latency neutral,ATLAS-5841,"Decision note: compare product analytics with Grafana p95, support escalation volume, and release flag history."
EXP-00037,2018-07-11,2018-Q3,android,pricing-engine,coupon fallback,rolled back,207798,85.28,84.31,-0.97,support tickets increased,ATLAS-1175,"Decision note: compare product analytics with Grafana p95, support escalation volume, and release flag history."
EXP-00038,2018-07-12,2018-Q3,partner-api,payment-orchestrator,checkout button copy,lost,8548,90.8,90.24,-0.56,latency neutral,ATLAS-1951,"Decision note: compare product analytics with Grafana p95, support escalation volume, and release flag history."
EXP-00039,2018-07-13,2018-Q3,mobile-web,search-recommendations,address validation,draft,168588,82.88,84.11,1.22,support tickets increased,ATLAS-3958,"Decision note: compare product analytics with Grafana p95, support escalation volume, and release flag history."
EXP-00040,2018-07-14,2018-Q3,web,inventory-reservation,payment retry UX,won,46853,81.21,82.24,1.03,no clear impact,ATLAS-3958,"Decision note: compare product analytics with Grafana p95, support escalation volume, and release flag history."
EXP-00041,2018-07-15,2018-Q3,web,pricing-engine,inventory warning,inconclusive,238761,77.38,81.78,4.4,support tickets increased,ATLAS-3864,"Decision note: compare product analytics with Grafana p95, support escalation volume, and release flag history."
EXP-00042,2018-07-16,2018-Q3,partner-api,auth-gateway,coupon fallback,lost,212845,72.33,77.83,5.49,latency neutral,ATLAS-2896,"Decision note: compare product analytics with Grafana p95, support escalation volume, and release flag history."
EXP-00043,2018-07-17,2018-Q3,android,analytics-pipeline,tax quote cache,inconclusive,158642,79.23,78.13,-1.09,support tickets increased,ATLAS-5642,"Decision note: compare product analytics with Grafana p95, support escalation volume, and release flag history."
EXP-00044,2018-07-19,2018-Q3,android,inventory-reservation,address validation,lost,50102,88.68,88.57,-0.11,support tickets increased,ATLAS-2541,"Decision note: compare product analytics with Grafana p95, support escalation volume, and release flag history."
EXP-00045,2018-07-20,2018-Q3,mobile-web,pricing-engine,payment retry UX,rolled back,18660,88.93,91.97,3.04,latency neutral,ATLAS-3419,"Decision note: compare product analytics with Grafana p95, support escalation volume, and release flag history."
EXP-00046,2018-07-21,2018-Q3,android,tax-service,one-click reorder,draft,96500,83.74,84.78,1.04,conversion improved,ATLAS-3049,"Decision note: compare product analytics with Grafana p95, support escalation volume, and release flag history."
EXP-00047,2018-07-22,2018-Q3,ios,notification-service,one-click reorder,inconclusive,201023,72.89,69.05,-3.84,latency neutral,ATLAS-3116,"Decision note: compare product analytics with Grafana p95, support escalation volume, and release flag history."
EXP-00048,2018-07-23,2018-Q3,partner-api,notification-service,payment retry UX,draft,124682,80.72,80.05,-0.68,conversion improved,ATLAS-5573,"Decision note: compare product analytics with Grafana p95, support escalation volume, and release flag history."
EXP-00049,2018-07-24,2018-Q3,store-kiosk,loyalty-service,checkout button copy,running,46418,85.02,87.65,2.63,no clear impact,ATLAS-4171,"Decision note: compare product analytics with Grafana p95, support escalation volume, and release flag history."
EXP-00050,2018-07-25,2018-Q3,partner-api,notification-service,one-click reorder,won,56093,73.8,79.17,5.37,conversion improved,ATLAS-3222,"Decision note: compare product analytics with Grafana p95, support escalation volume, and release flag history."
EXP-00051,2018-07-26,2018-Q3,mobile-web,notification-service,tax quote cache,running,91643,75.83,75.34,-0.49,conversion improved,ATLAS-4035,"Decision note: compare product analytics with Grafana p95, support escalation volume, and release flag history."
EXP-00052,2018-07-27,2018-Q3,web,pricing-engine,loyalty prompt,won,44156,79.91,78.21,-1.71,no clear impact,ATLAS-5226,"Decision note: compare product analytics with Grafana p95, support escalation volume, and release flag history."
EXP-00053,2018-07-29,2018-Q3,android,order-ledger,coupon fallback,draft,3915,84.19,88.15,3.96,latency neutral,ATLAS-2721,"Decision note: compare product analytics with Grafana p95, support escalation volume, and release flag history."
EXP-00054,2018-07-30,2018-Q3,store-kiosk,loyalty-service,address validation,running,126380,86.94,87.14,0.19,latency neutral,ATLAS-6170,"Decision note: compare product analytics with Grafana p95, support escalation volume, and release flag history."
EXP-00055,2018-07-31,2018-Q3,partner-api,analytics-pipeline,one-click reorder,draft,196001,78.65,82.59,3.94,latency neutral,ATLAS-6186,"Decision note: compare product analytics with Grafana p95, support escalation volume, and release flag history."
EXP-00056,2018-08-01,2018-Q3,web,tax-service,payment retry UX,rolled back,229827,73.29,73.4,0.12,support tickets increased,ATLAS-2052,"Decision note: compare product analytics with Grafana p95, support escalation volume, and release flag history."
EXP-00057,2018-08-02,2018-Q3,web,loyalty-service,inventory warning,draft,98327,76.95,79.47,2.52,no clear impact,ATLAS-4867,"Decision note: compare product analytics with Grafana p95, support escalation volume, and release flag history."
EXP-00058,2018-08-03,2018-Q3,web,tax-service,one-click reorder,inconclusive,195012,90.17,90.97,0.81,latency neutral,ATLAS-6178,"Decision note: compare product analytics with Grafana p95, support escalation volume, and release flag history."
EXP-00059,2018-08-04,2018-Q3,web,auth-gateway,coupon fallback,running,141180,76.15,79.05,2.9,latency neutral,ATLAS-4452,"Decision note: compare product analytics with Grafana p95, support escalation volume, and release flag history."
EXP-00060,2018-08-05,2018-Q3,partner-api,notification-service,loyalty prompt,won,188059,82.37,80.82,-1.55,conversion improved,ATLAS-5918,"Decision note: compare product analytics with Grafana p95, support escalation volume, and release flag history."
EXP-00061,2018-08-07,2018-Q3,ios,tax-service,tax quote cache,draft,94075,72.49,71.24,-1.25,support tickets increased,ATLAS-4308,"Decision note: compare product analytics with Grafana p95, support escalation volume, and release flag history."
EXP-00062,2018-08-08,2018-Q3,mobile-web,analytics-pipeline,address validation,won,110372,82.82,86.31,3.49,no clear impact,ATLAS-4017,"Decision note: compare product analytics with Grafana p95, support escalation volume, and release flag history."
EXP-00063,2018-08-09,2018-Q3,mobile-web,inventory-reservation,checkout button copy,lost,122514,77.1,76.88,-0.23,conversion improved,ATLAS-3318,"Decision note: compare product analytics with Grafana p95, support escalation volume, and release flag history."
EXP-00064,2018-08-10,2018-Q3,partner-api,checkout-api,one-click reorder,draft,211619,87.54,86.49,-1.04,latency neutral,ATLAS-5234,"Decision note: compare product analytics with Grafana p95, support escalation volume, and release flag history."
EXP-00065,2018-08-11,2018-Q3,mobile-web,auth-gateway,checkout button copy,lost,108417,73.77,76.71,2.94,latency increased,ATLAS-4872,"Decision note: compare product analytics with Grafana p95, support escalation volume, and release flag history."
EXP-00066,2018-08-12,2018-Q3,android,checkout-api,one-click reorder,lost,197890,84.13,86.3,2.17,support tickets increased,ATLAS-2591,"Decision note: compare product analytics with Grafana p95, support escalation volume, and release flag history."
EXP-00067,2018-08-13,2018-Q3,android,analytics-pipeline,payment retry UX,rolled back,132510,85.17,84.91,-0.26,no clear impact,ATLAS-4196,"Decision note: compare product analytics with Grafana p95, support escalation volume, and release flag history."
EXP-00068,2018-08-14,2018-Q3,ios,analytics-pipeline,coupon fallback,lost,11223,80.09,83.81,3.72,conversion improved,ATLAS-3417,"Decision note: compare product analytics with Grafana p95, support escalation volume, and release flag history."
EXP-00069,2018-08-15,2018-Q3,mobile-web,search-recommendations,payment retry UX,lost,33386,82.93,79.31,-3.62,conversion improved,ATLAS-1126,"Decision note: compare product analytics with Grafana p95, support escalation volume, and release flag history."
EXP-00070,2018-08-17,2018-Q3,store-kiosk,cart-service,one-click reorder,running,220613,85.01,83.54,-1.46,conversion improved,ATLAS-5458,"Decision note: compare product analytics with Grafana p95, support escalation volume, and release flag history."
EXP-00071,2018-08-18,2018-Q3,store-kiosk,search-recommendations,inventory warning,rolled back,188671,73.65,80.19,6.54,latency increased,ATLAS-2904,"Decision note: compare product analytics with Grafana p95, support escalation volume, and release flag history."
EXP-00072,2018-08-19,2018-Q3,android,inventory-reservation,address validation,won,213191,75.71,78.66,2.95,support tickets increased,ATLAS-2034,"Decision note: compare product analytics with Grafana p95, support escalation volume, and release flag history."
EXP-00073,2018-08-20,2018-Q3,web,notification-service,tax quote cache,draft,205253,86.76,85.6,-1.16,latency neutral,ATLAS-3713,"Decision note: compare product analytics with Grafana p95, support escalation volume, and release flag history."
EXP-00074,2018-08-21,2018-Q3,mobile-web,loyalty-service,one-click reorder,rolled back,30890,75.57,77.98,2.41,support tickets increased,ATLAS-4528,"Decision note: compare product analytics with Grafana p95, support escalation volume, and release flag history."
EXP-00075,2018-08-22,2018-Q3,store-kiosk,auth-gateway,tax quote cache,draft,120409,87.38,91.18,3.8,latency increased,ATLAS-5778,"Decision note: compare product analytics with Grafana p95, support escalation volume, and release flag history."
EXP-00076,2018-08-23,2018-Q3,mobile-web,pricing-engine,inventory warning,draft,8686,81.11,82.61,1.5,latency neutral,ATLAS-1235,"Decision note: compare product analytics with Grafana p95, support escalation volume, and release flag history."
EXP-00077,2018-08-24,2018-Q3,android,checkout-api,inventory warning,draft,107224,87.04,85.76,-1.28,latency increased,ATLAS-1192,"Decision note: compare product analytics with Grafana p95, support escalation volume, and release flag history."
EXP-00078,2018-08-26,2018-Q3,partner-api,pricing-engine,address validation,lost,48875,86.81,90.24,3.42,support tickets increased,ATLAS-4510,"Decision note: compare product analytics with Grafana p95, support escalation volume, and release flag history."
EXP-00079,2018-08-27,2018-Q3,android,loyalty-service,tax quote cache,won,104323,82.78,81.46,-1.32,latency neutral,ATLAS-5280,"Decision note: compare product analytics with Grafana p95, support escalation volume, and release flag history."
EXP-00080,2018-08-28,2018-Q3,partner-api,tax-service,one-click reorder,rolled back,119705,79.7,85.36,5.66,no clear impact,ATLAS-5969,"Decision note: compare product analytics with Grafana p95, support escalation volume, and release flag history."
EXP-00081,2018-08-29,2018-Q3,web,notification-service,tax quote cache,inconclusive,112205,72.91,73.09,0.18,conversion improved,ATLAS-3620,"Decision note: compare product analytics with Grafana p95, support escalation volume, and release flag history."
EXP-00082,2018-08-30,2018-Q3,partner-api,notification-service,payment retry UX,draft,59104,77.24,77.96,0.72,latency neutral,ATLAS-6065,"Decision note: compare product analytics with Grafana p95, support escalation volume, and release flag history."
EXP-00083,2018-08-31,2018-Q3,store-kiosk,notification-service,checkout button copy,running,230894,78.93,80.53,1.59,conversion improved,ATLAS-1934,"Decision note: compare product analytics with Grafana p95, support escalation volume, and release flag history."
EXP-00084,2018-09-01,2018-Q3,store-kiosk,payment-orchestrator,inventory warning,won,213904,80.22,79.35,-0.87,conversion improved,ATLAS-2078,"Decision note: compare product analytics with Grafana p95, support escalation volume, and release flag history."
EXP-00085,2018-09-02,2018-Q3,store-kiosk,search-recommendations,inventory warning,inconclusive,180271,79.87,83.25,3.39,conversion improved,ATLAS-3558,"Decision note: compare product analytics with Grafana p95, support escalation volume, and release flag history."
EXP-00086,2018-09-03,2018-Q3,ios,tax-service,address validation,rolled back,7807,78.07,77.52,-0.55,latency increased,ATLAS-1608,"Decision note: compare product analytics with Grafana p95, support escalation volume, and release flag history."
EXP-00087,2018-09-05,2018-Q3,ios,notification-service,inventory warning,inconclusive,25249,79.72,79.58,-0.14,support tickets increased,ATLAS-2964,"Decision note: compare product analytics with Grafana p95, support escalation volume, and release flag history."
EXP-00088,2018-09-06,2018-Q3,web,order-ledger,one-click reorder,lost,171397,75.57,78.89,3.32,no clear impact,ATLAS-4195,"Decision note: compare product analytics with Grafana p95, support escalation volume, and release flag history."
EXP-00089,2018-09-07,2018-Q3,store-kiosk,loyalty-service,address validation,draft,35996,78.74,73.87,-4.87,no clear impact,ATLAS-2499,"Decision note: compare product analytics with Grafana p95, support escalation volume, and release flag history."
EXP-00090,2018-09-08,2018-Q3,partner-api,tax-service,payment retry UX,inconclusive,51299,79.38,80.07,0.69,latency neutral,ATLAS-2309,"Decision note: compare product analytics with Grafana p95, support escalation volume, and release flag history."
EXP-00091,2018-09-09,2018-Q3,web,cart-service,loyalty prompt,rolled back,15365,75.85,74.45,-1.39,no clear impact,ATLAS-5695,"Decision note: compare product analytics with Grafana p95, support escalation volume, and release flag history."
EXP-00092,2018-09-10,2018-Q3,mobile-web,pricing-engine,inventory warning,rolled back,96176,74.89,82.0,7.11,latency neutral,ATLAS-3341,"Decision note: compare product analytics with Grafana p95, support escalation volume, and release flag history."
EXP-00093,2018-09-11,2018-Q3,mobile-web,search-recommendations,inventory warning,draft,45944,89.93,87.58,-2.35,support tickets increased,ATLAS-5373,"Decision note: compare product analytics with Grafana p95, support escalation volume, and release flag history."
EXP-00094,2018-09-12,2018-Q3,ios,payment-orchestrator,tax quote cache,lost,103751,86.18,85.98,-0.2,no clear impact,ATLAS-1348,"Decision note: compare product analytics with Grafana p95, support escalation volume, and release flag history."
EXP-00095,2018-09-14,2018-Q3,android,loyalty-service,one-click reorder,inconclusive,149798,79.78,77.8,-1.98,no clear impact,ATLAS-2051,"Decision note: compare product analytics with Grafana p95, support escalation volume, and release flag history."
EXP-00096,2018-09-15,2018-Q3,partner-api,loyalty-service,tax quote cache,rolled back,10605,74.49,79.75,5.26,no clear impact,ATLAS-1646,"Decision note: compare product analytics with Grafana p95, support escalation volume, and release flag history."
EXP-00097,2018-09-16,2018-Q3,mobile-web,tax-service,payment retry UX,running,76189,90.0,89.77,-0.22,latency neutral,ATLAS-4568,"Decision note: compare product analytics with Grafana p95, support escalation volume, and release flag history."
EXP-00098,2018-09-17,2018-Q3,store-kiosk,checkout-api,tax quote cache,won,125508,73.02,71.1,-1.92,support tickets increased,ATLAS-4491,"Decision note: compare product analytics with Grafana p95, support escalation volume, and release flag history."
EXP-00099,2018-09-18,2018-Q3,android,pricing-engine,tax quote cache,won,185726,83.4,82.48,-0.92,support tickets increased,ATLAS-1467,"Decision note: compare product analytics with Grafana p95, support escalation volume, and release flag history."
EXP-00100,2018-09-19,2018-Q3,ios,search-recommendations,tax quote cache,lost,225736,76.07,78.26,2.2,no clear impact,ATLAS-4792,"Decision note: compare product analytics with Grafana p95, support escalation volume, and release flag history."
EXP-00101,2018-09-20,2018-Q3,android,payment-orchestrator,one-click reorder,inconclusive,166225,82.76,86.15,3.39,support tickets increased,ATLAS-2044,"Decision note: compare product analytics with Grafana p95, support escalation volume, and release flag history."
EXP-00102,2018-09-21,2018-Q3,partner-api,cart-service,one-click reorder,running,162854,74.54,75.21,0.67,no clear impact,ATLAS-1229,"Decision note: compare product analytics with Grafana p95, support escalation volume, and release flag history."
EXP-00103,2018-09-22,2018-Q3,mobile-web,tax-service,address validation,won,207377,82.74,79.66,-3.08,latency increased,ATLAS-5897,"Decision note: compare product analytics with Grafana p95, support escalation volume, and release flag history."
EXP-00104,2018-09-24,2018-Q3,web,auth-gateway,checkout button copy,lost,78412,89.79,88.59,-1.2,latency increased,ATLAS-1838,"Decision note: compare product analytics with Grafana p95, support escalation volume, and release flag history."
EXP-00105,2018-09-25,2018-Q3,android,auth-gateway,coupon fallback,rolled back,183974,87.95,90.51,2.56,support tickets increased,ATLAS-4076,"Decision note: compare product analytics with Grafana p95, support escalation volume, and release flag history."
EXP-00106,2018-09-26,2018-Q3,web,auth-gateway,loyalty prompt,running,215590,86.87,87.17,0.3,no clear impact,ATLAS-1322,"Decision note: compare product analytics with Grafana p95, support escalation volume, and release flag history."
EXP-00107,2018-09-27,2018-Q3,partner-api,auth-gateway,one-click reorder,draft,22859,73.8,75.88,2.07,support tickets increased,ATLAS-5790,"Decision note: compare product analytics with Grafana p95, support escalation volume, and release flag history."
EXP-00108,2018-09-28,2018-Q3,mobile-web,analytics-pipeline,loyalty prompt,draft,68723,74.27,78.57,4.3,support tickets increased,ATLAS-3880,"Decision note: compare product analytics with Grafana p95, support escalation volume, and release flag history."
EXP-00109,2018-09-29,2018-Q3,web,payment-orchestrator,one-click reorder,draft,161102,79.22,82.32,3.1,latency neutral,ATLAS-1320,"Decision note: compare product analytics with Grafana p95, support escalation volume, and release flag history."
EXP-00110,2018-09-30,2018-Q3,store-kiosk,payment-orchestrator,tax quote cache,inconclusive,231615,86.64,86.2,-0.44,conversion improved,ATLAS-4296,"Decision note: compare product analytics with Grafana p95, support escalation volume, and release flag history."
EXP-00111,2018-10-01,2018-Q4,ios,checkout-api,one-click reorder,running,205068,72.63,73.66,1.03,latency increased,ATLAS-2103,"Decision note: compare product analytics with Grafana p95, support escalation volume, and release flag history."
EXP-00112,2018-10-03,2018-Q4,android,search-recommendations,checkout button copy,lost,80983,77.66,79.25,1.58,no clear impact,ATLAS-4411,"Decision note: compare product analytics with Grafana p95, support escalation volume, and release flag history."
EXP-00113,2018-10-04,2018-Q4,android,tax-service,payment retry UX,running,92437,90.59,93.31,2.72,latency increased,ATLAS-1906,"Decision note: compare product analytics with Grafana p95, support escalation volume, and release flag history."
EXP-00114,2018-10-05,2018-Q4,ios,analytics-pipeline,coupon fallback,lost,41818,74.35,76.88,2.52,support tickets increased,ATLAS-4059,"Decision note: compare product analytics with Grafana p95, support escalation volume, and release flag history."
EXP-00115,2018-10-06,2018-Q4,ios,checkout-api,payment retry UX,rolled back,85608,84.03,84.03,-0.0,latency increased,ATLAS-4551,"Decision note: compare product analytics with Grafana p95, support escalation volume, and release flag history."
EXP-00116,2018-10-07,2018-Q4,android,tax-service,payment retry UX,draft,37973,86.11,85.77,-0.34,no clear impact,ATLAS-4120,"Decision note: compare product analytics with Grafana p95, support escalation volume, and release flag history."
EXP-00117,2018-10-08,2018-Q4,web,tax-service,tax quote cache,won,15512,72.07,73.32,1.25,latency increased,ATLAS-1786,"Decision note: compare product analytics with Grafana p95, support escalation volume, and release flag history."
EXP-00118,2018-10-09,2018-Q4,ios,checkout-api,checkout button copy,rolled back,177505,78.19,79.02,0.83,support tickets increased,ATLAS-3961,"Decision note: compare product analytics with Grafana p95, support escalation volume, and release flag history."
EXP-00119,2018-10-10,2018-Q4,android,cart-service,one-click reorder,running,207017,85.15,85.19,0.04,no clear impact,ATLAS-4539,"Decision note: compare product analytics with Grafana p95, support escalation volume, and release flag history."
EXP-00120,2018-10-11,2018-Q4,android,loyalty-service,loyalty prompt,running,57617,83.41,85.82,2.4,conversion improved,ATLAS-3841,"Decision note: compare product analytics with Grafana p95, support escalation volume, and release flag history."
EXP-00121,2018-10-13,2018-Q4,ios,inventory-reservation,tax quote cache,lost,88554,80.26,81.29,1.03,conversion improved,ATLAS-4277,"Decision note: compare product analytics with Grafana p95, support escalation volume, and release flag history."
EXP-00122,2018-10-14,2018-Q4,mobile-web,inventory-reservation,inventory warning,rolled back,234064,79.22,77.19,-2.03,support tickets increased,ATLAS-4801,"Decision note: compare product analytics with Grafana p95, support escalation volume, and release flag history."
EXP-00123,2018-10-15,2018-Q4,mobile-web,cart-service,inventory warning,inconclusive,206771,74.23,74.96,0.73,no clear impact,ATLAS-5125,"Decision note: compare product analytics with Grafana p95, support escalation volume, and release flag history."
EXP-00124,2018-10-16,2018-Q4,ios,pricing-engine,loyalty prompt,won,37024,74.79,75.74,0.96,no clear impact,ATLAS-5042,"Decision note: compare product analytics with Grafana p95, support escalation volume, and release flag history."
EXP-00125,2018-10-17,2018-Q4,ios,cart-service,coupon fallback,draft,159380,90.8,91.34,0.54,support tickets increased,ATLAS-4954,"Decision note: compare product analytics with Grafana p95, support escalation volume, and release flag history."
EXP-00126,2018-10-18,2018-Q4,partner-api,loyalty-service,address validation,running,154659,72.79,73.18,0.39,support tickets increased,ATLAS-4210,"Decision note: compare product analytics with Grafana p95, support escalation volume, and release flag history."
EXP-00127,2018-10-19,2018-Q4,web,tax-service,address validation,inconclusive,210675,76.4,77.22,0.81,latency neutral,ATLAS-5516,"Decision note: compare product analytics with Grafana p95, support escalation volume, and release flag history."
EXP-00128,2018-10-20,2018-Q4,android,tax-service,address validation,inconclusive,105106,89.54,84.33,-5.22,no clear impact,ATLAS-3766,"Decision note: compare product analytics with Grafana p95, support escalation volume, and release flag history."
EXP-00129,2018-10-22,2018-Q4,mobile-web,analytics-pipeline,address validation,rolled back,85309,88.01,88.84,0.83,no clear impact,ATLAS-2366,"Decision note: compare product analytics with Grafana p95, support escalation volume, and release flag history."
EXP-00130,2018-10-23,2018-Q4,android,analytics-pipeline,address validation,won,175029,73.96,75.0,1.04,support tickets increased,ATLAS-3482,"Decision note: compare product analytics with Grafana p95, support escalation volume, and release flag history."
EXP-00131,2018-10-24,2018-Q4,partner-api,pricing-engine,payment retry UX,inconclusive,238989,72.95,75.39,2.43,no clear impact,ATLAS-1573,"Decision note: compare product analytics with Grafana p95, support escalation volume, and release flag history."
EXP-00132,2018-10-25,2018-Q4,android,notification-service,loyalty prompt,running,220329,88.65,84.52,-4.13,latency increased,ATLAS-5980,"Decision note: compare product analytics with Grafana p95, support escalation volume, and release flag history."
EXP-00133,2018-10-26,2018-Q4,android,order-ledger,loyalty prompt,running,211143,87.71,90.03,2.33,latency neutral,ATLAS-2049,"Decision note: compare product analytics with Grafana p95, support escalation volume, and release flag history."
EXP-00134,2018-10-27,2018-Q4,ios,inventory-reservation,checkout button copy,won,86687,85.1,84.13,-0.97,latency increased,ATLAS-4239,"Decision note: compare product analytics with Grafana p95, support escalation volume, and release flag history."
EXP-00135,2018-10-28,2018-Q4,mobile-web,search-recommendations,checkout button copy,inconclusive,181281,78.97,78.54,-0.42,support tickets increased,ATLAS-4835,"Decision note: compare product analytics with Grafana p95, support escalation volume, and release flag history."
EXP-00136,2018-10-29,2018-Q4,web,notification-service,inventory warning,lost,121239,72.6,72.27,-0.33,latency increased,ATLAS-3480,"Decision note: compare product analytics with Grafana p95, support escalation volume, and release flag history."
EXP-00137,2018-10-30,2018-Q4,partner-api,auth-gateway,coupon fallback,won,121511,81.54,83.18,1.63,support tickets increased,ATLAS-2087,"Decision note: compare product analytics with Grafana p95, support escalation volume, and release flag history."
EXP-00138,2018-11-01,2018-Q4,ios,checkout-api,inventory warning,draft,144760,75.37,75.33,-0.03,latency neutral,ATLAS-1465,"Decision note: compare product analytics with Grafana p95, support escalation volume, and release flag history."
EXP-00139,2018-11-02,2018-Q4,mobile-web,checkout-api,coupon fallback,rolled back,85780,75.35,75.84,0.49,latency increased,ATLAS-6018,"Decision note: compare product analytics with Grafana p95, support escalation volume, and release flag history."
EXP-00140,2018-11-03,2018-Q4,android,payment-orchestrator,payment retry UX,draft,211088,89.78,89.32,-0.46,latency neutral,ATLAS-5002,"Decision note: compare product analytics with Grafana p95, support escalation volume, and release flag history."
EXP-00141,2018-11-04,2018-Q4,store-kiosk,payment-orchestrator,loyalty prompt,draft,238642,87.29,91.9,4.61,support tickets increased,ATLAS-5616,"Decision note: compare product analytics with Grafana p95, support escalation volume, and release flag history."
EXP-00142,2018-11-05,2018-Q4,partner-api,order-ledger,checkout button copy,rolled back,32023,88.67,88.34,-0.33,conversion improved,ATLAS-3999,"Decision note: compare product analytics with Grafana p95, support escalation volume, and release flag history."
EXP-00143,2018-11-06,2018-Q4,android,loyalty-service,checkout button copy,won,229503,80.99,84.19,3.19,latency neutral,ATLAS-6155,"Decision note: compare product analytics with Grafana p95, support escalation volume, and release flag history."
EXP-00144,2018-11-07,2018-Q4,ios,pricing-engine,loyalty prompt,inconclusive,41101,75.17,73.03,-2.14,support tickets increased,ATLAS-2079,"Decision note: compare product analytics with Grafana p95, support escalation volume, and release flag history."
EXP-00145,2018-11-08,2018-Q4,ios,analytics-pipeline,one-click reorder,rolled back,118529,84.79,87.33,2.54,support tickets increased,ATLAS-2996,"Decision note: compare product analytics with Grafana p95, support escalation volume, and release flag history."
EXP-00146,2018-11-10,2018-Q4,mobile-web,search-recommendations,one-click reorder,inconclusive,192930,77.25,80.58,3.33,latency increased,ATLAS-2467,"Decision note: compare product analytics with Grafana p95, support escalation volume, and release flag history."
EXP-00147,2018-11-11,2018-Q4,mobile-web,notification-service,inventory warning,running,8152,82.2,85.22,3.02,latency increased,ATLAS-3411,"Decision note: compare product analytics with Grafana p95, support escalation volume, and release flag history."
EXP-00148,2018-11-12,2018-Q4,store-kiosk,cart-service,checkout button copy,inconclusive,195156,89.56,89.74,0.18,support tickets increased,ATLAS-5038,"Decision note: compare product analytics with Grafana p95, support escalation volume, and release flag history."
EXP-00149,2018-11-13,2018-Q4,partner-api,order-ledger,tax quote cache,lost,205476,73.53,74.95,1.42,latency neutral,ATLAS-5963,"Decision note: compare product analytics with Grafana p95, support escalation volume, and release flag history."
EXP-00150,2018-11-14,2018-Q4,web,analytics-pipeline,loyalty prompt,draft,26688,73.85,76.48,2.63,latency neutral,ATLAS-6008,"Decision note: compare product analytics with Grafana p95, support escalation volume, and release flag history."
EXP-00151,2018-11-15,2018-Q4,web,payment-orchestrator,address validation,inconclusive,33950,76.85,77.56,0.71,no clear impact,ATLAS-2734,"Decision note: compare product analytics with Grafana p95, support escalation volume, and release flag history."
EXP-00152,2018-11-16,2018-Q4,store-kiosk,pricing-engine,tax quote cache,running,94057,81.23,80.63,-0.6,support tickets increased,ATLAS-4898,"Decision note: compare product analytics with Grafana p95, support escalation volume, and release flag history."
EXP-00153,2018-11-17,2018-Q4,ios,auth-gateway,loyalty prompt,inconclusive,14021,84.21,83.48,-0.73,latency neutral,ATLAS-4942,"Decision note: compare product analytics with Grafana p95, support escalation volume, and release flag history."
EXP-00154,2018-11-18,2018-Q4,ios,inventory-reservation,tax quote cache,rolled back,31045,87.89,84.93,-2.96,latency neutral,ATLAS-1768,"Decision note: compare product analytics with Grafana p95, support escalation volume, and release flag history."
EXP-00155,2018-11-20,2018-Q4,store-kiosk,loyalty-service,address validation,won,43633,86.5,83.08,-3.43,conversion improved,ATLAS-4272,"Decision note: compare product analytics with Grafana p95, support escalation volume, and release flag history."
EXP-00156,2018-11-21,2018-Q4,mobile-web,notification-service,tax quote cache,won,116102,72.62,74.34,1.72,support tickets increased,ATLAS-5242,"Decision note: compare product analytics with Grafana p95, support escalation volume, and release flag history."
EXP-00157,2018-11-22,2018-Q4,android,search-recommendations,payment retry UX,rolled back,145008,79.27,81.22,1.95,support tickets increased,ATLAS-3284,"Decision note: compare product analytics with Grafana p95, support escalation volume, and release flag history."
EXP-00158,2018-11-23,2018-Q4,store-kiosk,inventory-reservation,coupon fallback,rolled back,201519,78.18,80.58,2.4,conversion improved,ATLAS-5805,"Decision note: compare product analytics with Grafana p95, support escalation volume, and release flag history."
EXP-00159,2018-11-24,2018-Q4,partner-api,inventory-reservation,coupon fallback,draft,87905,75.48,75.76,0.29,conversion improved,ATLAS-1473,"Decision note: compare product analytics with Grafana p95, support escalation volume, and release flag history."
EXP-00160,2018-11-25,2018-Q4,store-kiosk,checkout-api,inventory warning,running,87033,86.66,86.85,0.18,no clear impact,ATLAS-2779,"Decision note: compare product analytics with Grafana p95, support escalation volume, and release flag history."
EXP-00161,2018-11-26,2018-Q4,mobile-web,search-recommendations,address validation,draft,148662,77.6,82.01,4.41,support tickets increased,ATLAS-1451,"Decision note: compare product analytics with Grafana p95, support escalation volume, and release flag history."
EXP-00162,2018-11-27,2018-Q4,store-kiosk,loyalty-service,address validation,won,71789,76.42,75.95,-0.47,no clear impact,ATLAS-2157,"Decision note: compare product analytics with Grafana p95, support escalation volume, and release flag history."
EXP-00163,2018-11-29,2018-Q4,ios,loyalty-service,address validation,inconclusive,161014,74.18,74.6,0.42,support tickets increased,ATLAS-5919,"Decision note: compare product analytics with Grafana p95, support escalation volume, and release flag history."
EXP-00164,2018-11-30,2018-Q4,store-kiosk,pricing-engine,payment retry UX,inconclusive,31856,73.37,73.99,0.62,support tickets increased,ATLAS-1784,"Decision note: compare product analytics with Grafana p95, support escalation volume, and release flag history."
EXP-00165,2018-12-01,2018-Q4,android,checkout-api,address validation,lost,186294,86.62,87.55,0.93,support tickets increased,ATLAS-2524,"Decision note: compare product analytics with Grafana p95, support escalation volume, and release flag history."
EXP-00166,2018-12-02,2018-Q4,store-kiosk,loyalty-service,tax quote cache,rolled back,91775,90.62,89.51,-1.11,conversion improved,ATLAS-2002,"Decision note: compare product analytics with Grafana p95, support escalation volume, and release flag history."
EXP-00167,2018-12-03,2018-Q4,ios,pricing-engine,checkout button copy,running,11145,73.42,72.9,-0.52,conversion improved,ATLAS-5804,"Decision note: compare product analytics with Grafana p95, support escalation volume, and release flag history."
EXP-00168,2018-12-04,2018-Q4,web,loyalty-service,loyalty prompt,running,214058,77.66,82.4,4.74,conversion improved,ATLAS-4050,"Decision note: compare product analytics with Grafana p95, support escalation volume, and release flag history."
EXP-00169,2018-12-05,2018-Q4,partner-api,notification-service,inventory warning,won,199013,87.97,89.55,1.58,conversion improved,ATLAS-2606,"Decision note: compare product analytics with Grafana p95, support escalation volume, and release flag history."
EXP-00170,2018-12-06,2018-Q4,store-kiosk,cart-service,inventory warning,won,160752,72.04,71.41,-0.64,latency increased,ATLAS-5325,"Decision note: compare product analytics with Grafana p95, support escalation volume, and release flag history."
EXP-00171,2018-12-07,2018-Q4,ios,tax-service,one-click reorder,inconclusive,105579,80.35,80.54,0.18,no clear impact,ATLAS-1902,"Decision note: compare product analytics with Grafana p95, support escalation volume, and release flag history."
EXP-00172,2018-12-09,2018-Q4,ios,loyalty-service,coupon fallback,lost,162714,82.32,83.31,0.99,no clear impact,ATLAS-3058,"Decision note: compare product analytics with Grafana p95, support escalation volume, and release flag history."
EXP-00173,2018-12-10,2018-Q4,web,tax-service,loyalty prompt,draft,151649,78.15,79.12,0.97,no clear impact,ATLAS-1332,"Decision note: compare product analytics with Grafana p95, support escalation volume, and release flag history."
EXP-00174,2018-12-11,2018-Q4,mobile-web,analytics-pipeline,checkout button copy,running,208477,77.03,76.82,-0.21,conversion improved,ATLAS-3838,"Decision note: compare product analytics with Grafana p95, support escalation volume, and release flag history."
EXP-00175,2018-12-12,2018-Q4,mobile-web,cart-service,address validation,lost,6209,87.47,84.57,-2.9,support tickets increased,ATLAS-4580,"Decision note: compare product analytics with Grafana p95, support escalation volume, and release flag history."
EXP-00176,2018-12-13,2018-Q4,partner-api,loyalty-service,payment retry UX,rolled back,143006,77.55,75.89,-1.66,latency increased,ATLAS-2399,"Decision note: compare product analytics with Grafana p95, support escalation volume, and release flag history."
EXP-00177,2018-12-14,2018-Q4,web,pricing-engine,loyalty prompt,rolled back,50707,87.59,89.52,1.93,no clear impact,ATLAS-5008,"Decision note: compare product analytics with Grafana p95, support escalation volume, and release flag history."
EXP-00178,2018-12-15,2018-Q4,partner-api,cart-service,one-click reorder,won,167368,88.12,90.74,2.61,latency increased,ATLAS-5231,"Decision note: compare product analytics with Grafana p95, support escalation volume, and release flag history."
EXP-00179,2018-12-16,2018-Q4,web,cart-service,loyalty prompt,lost,96782,86.24,86.96,0.72,support tickets increased,ATLAS-1525,"Decision note: compare product analytics with Grafana p95, support escalation volume, and release flag history."
EXP-00180,2018-12-17,2018-Q4,web,tax-service,tax quote cache,inconclusive,211649,79.18,84.98,5.8,no clear impact,ATLAS-3694,"Decision note: compare product analytics with Grafana p95, support escalation volume, and release flag history."
EXP-00181,2018-12-19,2018-Q4,ios,notification-service,address validation,running,178569,81.25,80.89,-0.36,conversion improved,ATLAS-3909,"Decision note: compare product analytics with Grafana p95, support escalation volume, and release flag history."
EXP-00182,2018-12-20,2018-Q4,android,loyalty-service,coupon fallback,lost,69894,85.49,85.21,-0.28,support tickets increased,ATLAS-4817,"Decision note: compare product analytics with Grafana p95, support escalation volume, and release flag history."
EXP-00183,2018-12-21,2018-Q4,ios,loyalty-service,address validation,lost,120057,89.18,89.97,0.79,support tickets increased,ATLAS-1731,"Decision note: compare product analytics with Grafana p95, support escalation volume, and release flag history."
EXP-00184,2018-12-22,2018-Q4,store-kiosk,loyalty-service,inventory warning,won,73135,85.56,84.86,-0.7,no clear impact,ATLAS-4127,"Decision note: compare product analytics with Grafana p95, support escalation volume, and release flag history."
EXP-00185,2018-12-23,2018-Q4,store-kiosk,notification-service,payment retry UX,draft,228649,77.4,75.34,-2.06,support tickets increased,ATLAS-4200,"Decision note: compare product analytics with Grafana p95, support escalation volume, and release flag history."
EXP-00186,2018-12-24,2018-Q4,web,tax-service,payment retry UX,inconclusive,187081,85.28,88.1,2.82,latency neutral,ATLAS-5992,"Decision note: compare product analytics with Grafana p95, support escalation volume, and release flag history."
EXP-00187,2018-12-25,2018-Q4,android,payment-orchestrator,one-click reorder,lost,22780,79.18,76.87,-2.31,support tickets increased,ATLAS-3059,"Decision note: compare product analytics with Grafana p95, support escalation volume, and release flag history."
EXP-00188,2018-12-26,2018-Q4,mobile-web,payment-orchestrator,payment retry UX,draft,146098,72.63,73.84,1.21,no clear impact,ATLAS-2447,"Decision note: compare product analytics with Grafana p95, support escalation volume, and release flag history."
EXP-00189,2018-12-28,2018-Q4,ios,payment-orchestrator,address validation,rolled back,113487,77.73,75.26,-2.47,latency increased,ATLAS-3981,"Decision note: compare product analytics with Grafana p95, support escalation volume, and release flag history."
EXP-00190,2018-12-29,2018-Q4,mobile-web,search-recommendations,one-click reorder,rolled back,221883,75.48,78.93,3.46,no clear impact,ATLAS-5483,"Decision note: compare product analytics with Grafana p95, support escalation volume, and release flag history."
EXP-00191,2018-12-30,2018-Q4,android,order-ledger,coupon fallback,rolled back,10926,76.44,77.52,1.08,latency increased,ATLAS-2945,"Decision note: compare product analytics with Grafana p95, support escalation volume, and release flag history."
EXP-00192,2018-12-31,2018-Q4,partner-api,payment-orchestrator,tax quote cache,lost,82011,89.92,89.25,-0.67,conversion improved,ATLAS-3188,"Decision note: compare product analytics with Grafana p95, support escalation volume, and release flag history."
EXP-00193,2019-01-01,2019-Q1,store-kiosk,checkout-api,coupon fallback,won,122865,83.14,84.6,1.45,latency neutral,ATLAS-1133,"Decision note: compare product analytics with Grafana p95, support escalation volume, and release flag history."
EXP-00194,2019-01-02,2019-Q1,web,tax-service,loyalty prompt,running,205362,86.6,84.27,-2.33,latency increased,ATLAS-1966,"Decision note: compare product analytics with Grafana p95, support escalation volume, and release flag history."
EXP-00195,2019-01-03,2019-Q1,mobile-web,pricing-engine,address validation,inconclusive,86735,79.38,78.32,-1.06,latency neutral,ATLAS-3989,"Decision note: compare product analytics with Grafana p95, support escalation volume, and release flag history."
EXP-00196,2019-01-04,2019-Q1,partner-api,analytics-pipeline,one-click reorder,draft,31626,80.87,80.63,-0.24,conversion improved,ATLAS-1538,"Decision note: compare product analytics with Grafana p95, support escalation volume, and release flag history."
EXP-00197,2019-01-05,2019-Q1,partner-api,tax-service,loyalty prompt,lost,210288,79.28,76.35,-2.93,no clear impact,ATLAS-5605,"Decision note: compare product analytics with Grafana p95, support escalation volume, and release flag history."
EXP-00198,2019-01-07,2019-Q1,android,pricing-engine,checkout button copy,running,219751,77.67,82.42,4.75,support tickets increased,ATLAS-6068,"Decision note: compare product analytics with Grafana p95, support escalation volume, and release flag history."
EXP-00199,2019-01-08,2019-Q1,ios,loyalty-service,coupon fallback,running,102259,81.07,83.34,2.27,latency increased,ATLAS-4582,"Decision note: compare product analytics with Grafana p95, support escalation volume, and release flag history."
EXP-00200,2019-01-09,2019-Q1,mobile-web,notification-service,tax quote cache,draft,42243,76.78,78.18,1.4,latency increased,ATLAS-3304,"Decision note: compare product analytics with Grafana p95, support escalation volume, and release flag history."
EXP-00201,2019-01-10,2019-Q1,mobile-web,auth-gateway,loyalty prompt,lost,194295,75.51,74.71,-0.8,no clear impact,ATLAS-2411,"Decision note: compare product analytics with Grafana p95, support escalation volume, and release flag history."
EXP-00202,2019-01-11,2019-Q1,android,pricing-engine,address validation,inconclusive,85210,89.8,91.61,1.81,latency neutral,ATLAS-1352,"Decision note: compare product analytics with Grafana p95, support escalation volume, and release flag history."
EXP-00203,2019-01-12,2019-Q1,store-kiosk,inventory-reservation,loyalty prompt,running,237917,81.66,83.1,1.44,support tickets increased,ATLAS-5428,"Decision note: compare product analytics with Grafana p95, support escalation volume, and release flag history."
EXP-00204,2019-01-13,2019-Q1,web,cart-service,inventory warning,running,46238,82.79,83.56,0.77,latency increased,ATLAS-5697,"Decision note: compare product analytics with Grafana p95, support escalation volume, and release flag history."
EXP-00205,2019-01-14,2019-Q1,ios,cart-service,coupon fallback,running,31420,87.56,89.73,2.17,no clear impact,ATLAS-2319,"Decision note: compare product analytics with Grafana p95, support escalation volume, and release flag history."
EXP-00206,2019-01-16,2019-Q1,mobile-web,analytics-pipeline,loyalty prompt,won,167386,85.51,88.98,3.47,no clear impact,ATLAS-1664,"Decision note: compare product analytics with Grafana p95, support escalation volume, and release flag history."
EXP-00207,2019-01-17,2019-Q1,web,notification-service,inventory warning,inconclusive,13778,83.98,83.33,-0.64,latency neutral,ATLAS-4024,"Decision note: compare product analytics with Grafana p95, support escalation volume, and release flag history."
EXP-00208,2019-01-18,2019-Q1,web,order-ledger,inventory warning,draft,211805,79.0,80.11,1.11,support tickets increased,ATLAS-6045,"Decision note: compare product analytics with Grafana p95, support escalation volume, and release flag history."
EXP-00209,2019-01-19,2019-Q1,ios,tax-service,checkout button copy,running,110522,85.47,85.64,0.17,no clear impact,ATLAS-1839,"Decision note: compare product analytics with Grafana p95, support escalation volume, and release flag history."
EXP-00210,2019-01-20,2019-Q1,android,tax-service,tax quote cache,inconclusive,64708,74.0,75.19,1.2,conversion improved,ATLAS-3785,"Decision note: compare product analytics with Grafana p95, support escalation volume, and release flag history."
EXP-00211,2019-01-21,2019-Q1,store-kiosk,auth-gateway,tax quote cache,running,53896,77.59,75.44,-2.15,no clear impact,ATLAS-1880,"Decision note: compare product analytics with Grafana p95, support escalation volume, and release flag history."
EXP-00212,2019-01-22,2019-Q1,partner-api,notification-service,loyalty prompt,draft,175955,87.54,84.94,-2.6,latency increased,ATLAS-1041,"Decision note: compare product analytics with Grafana p95, support escalation volume, and release flag history."
EXP-00213,2019-01-23,2019-Q1,ios,tax-service,one-click reorder,rolled back,197632,73.83,76.48,2.65,no clear impact,ATLAS-5446,"Decision note: compare product analytics with Grafana p95, support escalation volume, and release flag history."
EXP-00214,2019-01-24,2019-Q1,web,cart-service,address validation,inconclusive,35583,75.8,75.6,-0.2,latency neutral,ATLAS-5806,"Decision note: compare product analytics with Grafana p95, support escalation volume, and release flag history."
EXP-00215,2019-01-26,2019-Q1,partner-api,tax-service,tax quote cache,running,127641,78.92,81.32,2.41,latency increased,ATLAS-1239,"Decision note: compare product analytics with Grafana p95, support escalation volume, and release flag history."
EXP-00216,2019-01-27,2019-Q1,ios,search-recommendations,address validation,draft,26610,80.82,81.27,0.46,latency increased,ATLAS-3816,"Decision note: compare product analytics with Grafana p95, support escalation volume, and release flag history."
EXP-00217,2019-01-28,2019-Q1,store-kiosk,order-ledger,checkout button copy,inconclusive,172080,78.15,73.34,-4.81,no clear impact,ATLAS-2929,"Decision note: compare product analytics with Grafana p95, support escalation volume, and release flag history."
EXP-00218,2019-01-29,2019-Q1,ios,payment-orchestrator,payment retry UX,lost,170305,81.02,82.78,1.76,no clear impact,ATLAS-3156,"Decision note: compare product analytics with Grafana p95, support escalation volume, and release flag history."
EXP-00219,2019-01-30,2019-Q1,store-kiosk,search-recommendations,coupon fallback,won,215063,81.31,78.53,-2.78,support tickets increased,ATLAS-3944,"Decision note: compare product analytics with Grafana p95, support escalation volume, and release flag history."
EXP-00220,2019-01-31,2019-Q1,android,inventory-reservation,loyalty prompt,inconclusive,5836,74.8,75.02,0.22,no clear impact,ATLAS-1026,"Decision note: compare product analytics with Grafana p95, support escalation volume, and release flag history."
EXP-00221,2019-02-01,2019-Q1,partner-api,pricing-engine,one-click reorder,draft,59167,82.12,85.48,3.36,conversion improved,ATLAS-4076,"Decision note: compare product analytics with Grafana p95, support escalation volume, and release flag history."
EXP-00222,2019-02-02,2019-Q1,mobile-web,auth-gateway,address validation,inconclusive,137241,83.36,85.12,1.76,latency neutral,ATLAS-1478,"Decision note: compare product analytics with Grafana p95, support escalation volume, and release flag history."
EXP-00223,2019-02-04,2019-Q1,android,auth-gateway,coupon fallback,won,135298,86.08,88.69,2.62,support tickets increased,ATLAS-3156,"Decision note: compare product analytics with Grafana p95, support escalation volume, and release flag history."
EXP-00224,2019-02-05,2019-Q1,ios,auth-gateway,checkout button copy,won,38797,75.01,79.17,4.15,no clear impact,ATLAS-3354,"Decision note: compare product analytics with Grafana p95, support escalation volume, and release flag history."
EXP-00225,2019-02-06,2019-Q1,ios,order-ledger,tax quote cache,won,110922,86.1,82.65,-3.45,latency increased,ATLAS-5687,"Decision note: compare product analytics with Grafana p95, support escalation volume, and release flag history."
EXP-00226,2019-02-07,2019-Q1,android,notification-service,one-click reorder,draft,216599,77.55,81.77,4.22,latency neutral,ATLAS-1878,"Decision note: compare product analytics with Grafana p95, support escalation volume, and release flag history."
EXP-00227,2019-02-08,2019-Q1,ios,checkout-api,address validation,draft,194929,78.41,79.52,1.11,conversion improved,ATLAS-5204,"Decision note: compare product analytics with Grafana p95, support escalation volume, and release flag history."
EXP-00228,2019-02-09,2019-Q1,store-kiosk,checkout-api,address validation,running,193640,84.09,82.32,-1.77,conversion improved,ATLAS-5327,"Decision note: compare product analytics with Grafana p95, support escalation volume, and release flag history."
EXP-00229,2019-02-10,2019-Q1,ios,analytics-pipeline,loyalty prompt,lost,27405,78.11,79.94,1.83,no clear impact,ATLAS-2422,"Decision note: compare product analytics with Grafana p95, support escalation volume, and release flag history."
EXP-00230,2019-02-11,2019-Q1,ios,checkout-api,inventory warning,running,62928,88.96,87.71,-1.25,latency increased,ATLAS-3461,"Decision note: compare product analytics with Grafana p95, support escalation volume, and release flag history."
EXP-00231,2019-02-12,2019-Q1,web,search-recommendations,coupon fallback,lost,182334,84.97,84.62,-0.35,latency neutral,ATLAS-1314,"Decision note: compare product analytics with Grafana p95, support escalation volume, and release flag history."
EXP-00232,2019-02-14,2019-Q1,store-kiosk,order-ledger,payment retry UX,running,203870,81.29,82.32,1.02,no clear impact,ATLAS-1423,"Decision note: compare product analytics with Grafana p95, support escalation volume, and release flag history."
EXP-00233,2019-02-15,2019-Q1,ios,search-recommendations,checkout button copy,rolled back,34593,80.61,85.29,4.67,no clear impact,ATLAS-2762,"Decision note: compare product analytics with Grafana p95, support escalation volume, and release flag history."
EXP-00234,2019-02-16,2019-Q1,partner-api,pricing-engine,coupon fallback,running,40874,90.7,89.86,-0.84,latency increased,ATLAS-1250,"Decision note: compare product analytics with Grafana p95, support escalation volume, and release flag history."
EXP-00235,2019-02-17,2019-Q1,web,checkout-api,payment retry UX,draft,27404,76.08,76.64,0.56,conversion improved,ATLAS-3128,"Decision note: compare product analytics with Grafana p95, support escalation volume, and release flag history."
EXP-00236,2019-02-18,2019-Q1,partner-api,search-recommendations,checkout button copy,lost,225893,76.21,74.1,-2.11,support tickets increased,ATLAS-1924,"Decision note: compare product analytics with Grafana p95, support escalation volume, and release flag history."
EXP-00237,2019-02-19,2019-Q1,partner-api,notification-service,inventory warning,running,2933,86.11,87.09,0.98,latency neutral,ATLAS-4344,"Decision note: compare product analytics with Grafana p95, support escalation volume, and release flag history."
EXP-00238,2019-02-20,2019-Q1,mobile-web,cart-service,coupon fallback,lost,210381,84.69,83.8,-0.88,support tickets increased,ATLAS-4941,"Decision note: compare product analytics with Grafana p95, support escalation volume, and release flag history."
EXP-00239,2019-02-21,2019-Q1,ios,notification-service,payment retry UX,running,169178,76.65,81.15,4.5,latency neutral,ATLAS-5021,"Decision note: compare product analytics with Grafana p95, support escalation volume, and release flag history."
EXP-00240,2019-02-23,2019-Q1,store-kiosk,order-ledger,tax quote cache,won,115073,90.63,92.83,2.21,latency increased,ATLAS-3809,"Decision note: compare product analytics with Grafana p95, support escalation volume, and release flag history."
EXP-00241,2019-02-24,2019-Q1,web,cart-service,tax quote cache,lost,181666,72.17,71.6,-0.57,latency increased,ATLAS-3877,"Decision note: compare product analytics with Grafana p95, support escalation volume, and release flag history."
EXP-00242,2019-02-25,2019-Q1,mobile-web,cart-service,coupon fallback,won,200028,86.81,89.49,2.68,conversion improved,ATLAS-4363,"Decision note: compare product analytics with Grafana p95, support escalation volume, and release flag history."
EXP-00243,2019-02-26,2019-Q1,mobile-web,auth-gateway,tax quote cache,rolled back,103802,88.48,89.81,1.33,latency neutral,ATLAS-3879,"Decision note: compare product analytics with Grafana p95, support escalation volume, and release flag history."
EXP-00244,2019-02-27,2019-Q1,partner-api,loyalty-service,inventory warning,rolled back,26020,84.0,85.98,1.98,no clear impact,ATLAS-1160,"Decision note: compare product analytics with Grafana p95, support escalation volume, and release flag history."
EXP-00245,2019-02-28,2019-Q1,mobile-web,loyalty-service,address validation,lost,216879,80.22,81.39,1.16,support tickets increased,ATLAS-2959,"Decision note: compare product analytics with Grafana p95, support escalation volume, and release flag history."
EXP-00246,2019-03-01,2019-Q1,mobile-web,order-ledger,one-click reorder,running,103782,84.03,85.93,1.89,latency neutral,ATLAS-1843,"Decision note: compare product analytics with Grafana p95, support escalation volume, and release flag history."
EXP-00247,2019-03-02,2019-Q1,partner-api,cart-service,one-click reorder,lost,28163,74.67,76.6,1.93,no clear impact,ATLAS-4093,"Decision note: compare product analytics with Grafana p95, support escalation volume, and release flag history."
EXP-00248,2019-03-03,2019-Q1,android,pricing-engine,tax quote cache,inconclusive,126830,85.43,89.57,4.14,latency increased,ATLAS-6115,"Decision note: compare product analytics with Grafana p95, support escalation volume, and release flag history."
EXP-00249,2019-03-05,2019-Q1,android,notification-service,checkout button copy,inconclusive,5265,75.04,76.21,1.17,conversion improved,ATLAS-4010,"Decision note: compare product analytics with Grafana p95, support escalation volume, and release flag history."
EXP-00250,2019-03-06,2019-Q1,android,auth-gateway,one-click reorder,running,233738,90.11,89.82,-0.29,latency neutral,ATLAS-4835,"Decision note: compare product analytics with Grafana p95, support escalation volume, and release flag history."
EXP-00251,2019-03-07,2019-Q1,ios,analytics-pipeline,checkout button copy,running,77848,83.53,81.47,-2.06,latency neutral,ATLAS-2591,"Decision note: compare product analytics with Grafana p95, support escalation volume, and release flag history."
EXP-00252,2019-03-08,2019-Q1,web,order-ledger,inventory warning,rolled back,55299,90.93,91.96,1.02,latency increased,ATLAS-5266,"Decision note: compare product analytics with Grafana p95, support escalation volume, and release flag history."
EXP-00253,2019-03-09,2019-Q1,mobile-web,checkout-api,payment retry UX,rolled back,142219,77.31,81.14,3.83,conversion improved,ATLAS-2977,"Decision note: compare product analytics with Grafana p95, support escalation volume, and release flag history."
EXP-00254,2019-03-10,2019-Q1,android,pricing-engine,address validation,won,17719,77.41,81.35,3.95,no clear impact,ATLAS-1252,"Decision note: compare product analytics with Grafana p95, support escalation volume, and release flag history."
EXP-00255,2019-03-11,2019-Q1,web,checkout-api,tax quote cache,rolled back,198846,78.25,77.94,-0.31,latency increased,ATLAS-3918,"Decision note: compare product analytics with Grafana p95, support escalation volume, and release flag history."
EXP-00256,2019-03-12,2019-Q1,partner-api,auth-gateway,coupon fallback,inconclusive,173630,84.71,84.52,-0.2,conversion improved,ATLAS-2106,"Decision note: compare product analytics with Grafana p95, support escalation volume, and release flag history."
EXP-00257,2019-03-14,2019-Q1,web,search-recommendations,one-click reorder,inconclusive,111379,73.04,75.35,2.31,latency neutral,ATLAS-5184,"Decision note: compare product analytics with Grafana p95, support escalation volume, and release flag history."
EXP-00258,2019-03-15,2019-Q1,mobile-web,inventory-reservation,tax quote cache,rolled back,79957,72.71,76.7,4.0,no clear impact,ATLAS-1378,"Decision note: compare product analytics with Grafana p95, support escalation volume, and release flag history."
EXP-00259,2019-03-16,2019-Q1,ios,notification-service,tax quote cache,rolled back,3779,82.2,83.72,1.52,no clear impact,ATLAS-3505,"Decision note: compare product analytics with Grafana p95, support escalation volume, and release flag history."
EXP-00260,2019-03-17,2019-Q1,store-kiosk,notification-service,tax quote cache,inconclusive,33531,86.06,89.26,3.2,no clear impact,ATLAS-2283,"Decision note: compare product analytics with Grafana p95, support escalation volume, and release flag history."
EXP-00261,2019-03-18,2019-Q1,ios,loyalty-service,one-click reorder,lost,213284,81.92,81.65,-0.26,conversion improved,ATLAS-2658,"Decision note: compare product analytics with Grafana p95, support escalation volume, and release flag history."
EXP-00262,2019-03-19,2019-Q1,android,loyalty-service,inventory warning,lost,58851,80.68,80.17,-0.51,latency neutral,ATLAS-2766,"Decision note: compare product analytics with Grafana p95, support escalation volume, and release flag history."
EXP-00263,2019-03-20,2019-Q1,mobile-web,inventory-reservation,loyalty prompt,won,187427,86.65,85.66,-0.99,conversion improved,ATLAS-5231,"Decision note: compare product analytics with Grafana p95, support escalation volume, and release flag history."
EXP-00264,2019-03-21,2019-Q1,web,payment-orchestrator,address validation,inconclusive,9159,90.04,92.12,2.08,latency increased,ATLAS-1896,"Decision note: compare product analytics with Grafana p95, support escalation volume, and release flag history."
EXP-00265,2019-03-22,2019-Q1,store-kiosk,cart-service,address validation,inconclusive,127769,90.79,90.71,-0.08,latency neutral,ATLAS-1915,"Decision note: compare product analytics with Grafana p95, support escalation volume, and release flag history."
EXP-00266,2019-03-24,2019-Q1,mobile-web,tax-service,coupon fallback,draft,85571,89.6,86.43,-3.16,conversion improved,ATLAS-3542,"Decision note: compare product analytics with Grafana p95, support escalation volume, and release flag history."
EXP-00267,2019-03-25,2019-Q1,ios,notification-service,inventory warning,rolled back,55144,79.64,81.63,1.99,latency increased,ATLAS-3331,"Decision note: compare product analytics with Grafana p95, support escalation volume, and release flag history."
EXP-00268,2019-03-26,2019-Q1,android,checkout-api,payment retry UX,rolled back,111671,78.56,80.84,2.28,latency neutral,ATLAS-2988,"Decision note: compare product analytics with Grafana p95, support escalation volume, and release flag history."
EXP-00269,2019-03-27,2019-Q1,ios,order-ledger,address validation,inconclusive,81283,90.95,91.05,0.09,no clear impact,ATLAS-2555,"Decision note: compare product analytics with Grafana p95, support escalation volume, and release flag history."
EXP-00270,2019-03-28,2019-Q1,store-kiosk,search-recommendations,checkout button copy,running,26663,84.01,81.19,-2.82,no clear impact,ATLAS-4107,"Decision note: compare product analytics with Grafana p95, support escalation volume, and release flag history."
EXP-00271,2019-03-29,2019-Q1,store-kiosk,inventory-reservation,checkout button copy,inconclusive,23260,77.89,82.07,4.18,conversion improved,ATLAS-3080,"Decision note: compare product analytics with Grafana p95, support escalation volume, and release flag history."
EXP-00272,2019-03-30,2019-Q1,store-kiosk,auth-gateway,coupon fallback,running,123955,82.58,82.28,-0.3,latency neutral,ATLAS-4131,"Decision note: compare product analytics with Grafana p95, support escalation volume, and release flag history."
EXP-00273,2019-03-31,2019-Q1,partner-api,notification-service,one-click reorder,lost,172827,88.52,89.8,1.28,no clear impact,ATLAS-3791,"Decision note: compare product analytics with Grafana p95, support escalation volume, and release flag history."
EXP-00274,2019-04-02,2019-Q2,mobile-web,analytics-pipeline,loyalty prompt,draft,6501,80.16,79.65,-0.52,conversion improved,ATLAS-3582,"Decision note: compare product analytics with Grafana p95, support escalation volume, and release flag history."
EXP-00275,2019-04-03,2019-Q2,partner-api,search-recommendations,address validation,won,72288,78.31,81.72,3.41,support tickets increased,ATLAS-4602,"Decision note: compare product analytics with Grafana p95, support escalation volume, and release flag history."
EXP-00276,2019-04-04,2019-Q2,android,notification-service,address validation,running,63827,84.82,84.19,-0.64,support tickets increased,ATLAS-3724,"Decision note: compare product analytics with Grafana p95, support escalation volume, and release flag history."
EXP-00277,2019-04-05,2019-Q2,store-kiosk,checkout-api,inventory warning,lost,180085,80.55,79.81,-0.74,conversion improved,ATLAS-2021,"Decision note: compare product analytics with Grafana p95, support escalation volume, and release flag history."
EXP-00278,2019-04-06,2019-Q2,mobile-web,inventory-reservation,coupon fallback,won,39698,72.38,71.17,-1.21,latency neutral,ATLAS-2127,"Decision note: compare product analytics with Grafana p95, support escalation volume, and release flag history."
EXP-00279,2019-04-07,2019-Q2,web,notification-service,inventory warning,lost,56353,79.5,81.03,1.52,conversion improved,ATLAS-6032,"Decision note: compare product analytics with Grafana p95, support escalation volume, and release flag history."
EXP-00280,2019-04-08,2019-Q2,mobile-web,analytics-pipeline,coupon fallback,draft,98266,89.37,86.28,-3.09,latency neutral,ATLAS-2365,"Decision note: compare product analytics with Grafana p95, support escalation volume, and release flag history."
EXP-00281,2019-04-09,2019-Q2,web,pricing-engine,inventory warning,running,23811,78.3,77.72,-0.58,no clear impact,ATLAS-5070,"Decision note: compare product analytics with Grafana p95, support escalation volume, and release flag history."
EXP-00282,2019-04-10,2019-Q2,store-kiosk,loyalty-service,coupon fallback,lost,20500,74.63,76.41,1.78,conversion improved,ATLAS-5141,"Decision note: compare product analytics with Grafana p95, support escalation volume, and release flag history."
EXP-00283,2019-04-12,2019-Q2,ios,cart-service,coupon fallback,running,146461,89.22,89.97,0.75,support tickets increased,ATLAS-4671,"Decision note: compare product analytics with Grafana p95, support escalation volume, and release flag history."
EXP-00284,2019-04-13,2019-Q2,store-kiosk,notification-service,payment retry UX,draft,31090,86.56,87.81,1.24,latency neutral,ATLAS-2426,"Decision note: compare product analytics with Grafana p95, support escalation volume, and release flag history."
EXP-00285,2019-04-14,2019-Q2,partner-api,tax-service,coupon fallback,lost,177104,72.24,73.16,0.92,latency neutral,ATLAS-5420,"Decision note: compare product analytics with Grafana p95, support escalation volume, and release flag history."
EXP-00286,2019-04-15,2019-Q2,web,tax-service,loyalty prompt,rolled back,79634,73.32,71.28,-2.04,conversion improved,ATLAS-3087,"Decision note: compare product analytics with Grafana p95, support escalation volume, and release flag history."
EXP-00287,2019-04-16,2019-Q2,mobile-web,auth-gateway,address validation,lost,25094,73.52,77.64,4.12,conversion improved,ATLAS-1057,"Decision note: compare product analytics with Grafana p95, support escalation volume, and release flag history."
EXP-00288,2019-04-17,2019-Q2,partner-api,auth-gateway,address validation,inconclusive,131362,83.71,84.49,0.78,latency increased,ATLAS-1343,"Decision note: compare product analytics with Grafana p95, support escalation volume, and release flag history."
EXP-00289,2019-04-18,2019-Q2,partner-api,loyalty-service,one-click reorder,lost,215502,74.33,72.91,-1.42,latency increased,ATLAS-2077,"Decision note: compare product analytics with Grafana p95, support escalation volume, and release flag history."
EXP-00290,2019-04-19,2019-Q2,web,inventory-reservation,inventory warning,lost,197406,85.89,83.9,-1.99,latency increased,ATLAS-5715,"Decision note: compare product analytics with Grafana p95, support escalation volume, and release flag history."
EXP-00291,2019-04-21,2019-Q2,ios,pricing-engine,tax quote cache,rolled back,221427,87.71,88.52,0.8,latency neutral,ATLAS-2265,"Decision note: compare product analytics with Grafana p95, support escalation volume, and release flag history."
EXP-00292,2019-04-22,2019-Q2,partner-api,inventory-reservation,checkout button copy,lost,143620,86.1,90.38,4.28,latency increased,ATLAS-5393,"Decision note: compare product analytics with Grafana p95, support escalation volume, and release flag history."
EXP-00293,2019-04-23,2019-Q2,store-kiosk,auth-gateway,address validation,draft,68347,88.43,90.85,2.42,latency neutral,ATLAS-2353,"Decision note: compare product analytics with Grafana p95, support escalation volume, and release flag history."
EXP-00294,2019-04-24,2019-Q2,ios,loyalty-service,one-click reorder,won,26823,73.74,74.44,0.7,support tickets increased,ATLAS-3884,"Decision note: compare product analytics with Grafana p95, support escalation volume, and release flag history."
EXP-00295,2019-04-25,2019-Q2,mobile-web,pricing-engine,tax quote cache,draft,174638,77.89,80.82,2.93,support tickets increased,ATLAS-4096,"Decision note: compare product analytics with Grafana p95, support escalation volume, and release flag history."
EXP-00296,2019-04-26,2019-Q2,android,pricing-engine,address validation,running,18250,74.87,79.41,4.53,latency neutral,ATLAS-5688,"Decision note: compare product analytics with Grafana p95, support escalation volume, and release flag history."
EXP-00297,2019-04-27,2019-Q2,ios,order-ledger,address validation,won,188945,79.14,81.71,2.57,no clear impact,ATLAS-5205,"Decision note: compare product analytics with Grafana p95, support escalation volume, and release flag history."
EXP-00298,2019-04-28,2019-Q2,web,auth-gateway,checkout button copy,running,65097,82.78,85.07,2.28,no clear impact,ATLAS-1431,"Decision note: compare product analytics with Grafana p95, support escalation volume, and release flag history."
EXP-00299,2019-04-29,2019-Q2,ios,tax-service,tax quote cache,lost,143074,88.68,93.39,4.71,latency increased,ATLAS-1954,"Decision note: compare product analytics with Grafana p95, support escalation volume, and release flag history."
EXP-00300,2019-05-01,2019-Q2,store-kiosk,loyalty-service,checkout button copy,draft,109268,77.89,77.86,-0.02,latency neutral,ATLAS-3362,"Decision note: compare product analytics with Grafana p95, support escalation volume, and release flag history."
EXP-00301,2019-05-02,2019-Q2,web,analytics-pipeline,payment retry UX,inconclusive,21273,86.28,87.32,1.04,latency neutral,ATLAS-3036,"Decision note: compare product analytics with Grafana p95, support escalation volume, and release flag history."
EXP-00302,2019-05-03,2019-Q2,partner-api,cart-service,coupon fallback,draft,134201,87.03,87.03,0.0,latency neutral,ATLAS-1375,"Decision note: compare product analytics with Grafana p95, support escalation volume, and release flag history."
EXP-00303,2019-05-04,2019-Q2,android,cart-service,coupon fallback,rolled back,96873,89.22,87.25,-1.96,conversion improved,ATLAS-5312,"Decision note: compare product analytics with Grafana p95, support escalation volume, and release flag history."
EXP-00304,2019-05-05,2019-Q2,web,search-recommendations,inventory warning,lost,191523,90.18,92.06,1.88,latency neutral,ATLAS-1920,"Decision note: compare product analytics with Grafana p95, support escalation volume, and release flag history."
EXP-00305,2019-05-06,2019-Q2,web,cart-service,one-click reorder,lost,218056,83.31,79.13,-4.18,latency neutral,ATLAS-5139,"Decision note: compare product analytics with Grafana p95, support escalation volume, and release flag history."
EXP-00306,2019-05-07,2019-Q2,android,analytics-pipeline,tax quote cache,rolled back,32159,76.88,76.23,-0.65,latency increased,ATLAS-5333,"Decision note: compare product analytics with Grafana p95, support escalation volume, and release flag history."
EXP-00307,2019-05-08,2019-Q2,android,notification-service,loyalty prompt,draft,81131,84.49,84.72,0.23,no clear impact,ATLAS-4216,"Decision note: compare product analytics with Grafana p95, support escalation volume, and release flag history."
EXP-00308,2019-05-10,2019-Q2,partner-api,checkout-api,address validation,won,205308,90.22,92.24,2.01,no clear impact,ATLAS-2312,"Decision note: compare product analytics with Grafana p95, support escalation volume, and release flag history."
EXP-00309,2019-05-11,2019-Q2,android,cart-service,loyalty prompt,running,6011,77.3,78.16,0.86,conversion improved,ATLAS-1559,"Decision note: compare product analytics with Grafana p95, support escalation volume, and release flag history."
EXP-00310,2019-05-12,2019-Q2,store-kiosk,inventory-reservation,coupon fallback,draft,202656,75.59,77.49,1.9,latency neutral,ATLAS-4468,"Decision note: compare product analytics with Grafana p95, support escalation volume, and release flag history."
EXP-00311,2019-05-13,2019-Q2,mobile-web,order-ledger,tax quote cache,running,192271,85.83,87.53,1.7,latency neutral,ATLAS-4265,"Decision note: compare product analytics with Grafana p95, support escalation volume, and release flag history."
EXP-00312,2019-05-14,2019-Q2,mobile-web,tax-service,one-click reorder,inconclusive,77705,80.9,81.5,0.6,support tickets increased,ATLAS-4432,"Decision note: compare product analytics with Grafana p95, support escalation volume, and release flag history."
EXP-00313,2019-05-15,2019-Q2,store-kiosk,payment-orchestrator,coupon fallback,lost,114773,87.22,89.98,2.76,no clear impact,ATLAS-4437,"Decision note: compare product analytics with Grafana p95, support escalation volume, and release flag history."
EXP-00314,2019-05-16,2019-Q2,ios,payment-orchestrator,checkout button copy,lost,116415,89.38,87.6,-1.77,latency increased,ATLAS-2056,"Decision note: compare product analytics with Grafana p95, support escalation volume, and release flag history."
EXP-00315,2019-05-17,2019-Q2,web,tax-service,address validation,won,7183,76.73,80.1,3.37,latency neutral,ATLAS-2994,"Decision note: compare product analytics with Grafana p95, support escalation volume, and release flag history."
EXP-00316,2019-05-18,2019-Q2,mobile-web,cart-service,address validation,lost,99121,87.95,90.53,2.58,conversion improved,ATLAS-3246,"Decision note: compare product analytics with Grafana p95, support escalation volume, and release flag history."
EXP-00317,2019-05-20,2019-Q2,mobile-web,pricing-engine,address validation,lost,110576,85.58,89.63,4.06,no clear impact,ATLAS-4022,"Decision note: compare product analytics with Grafana p95, support escalation volume, and release flag history."
EXP-00318,2019-05-21,2019-Q2,store-kiosk,inventory-reservation,inventory warning,rolled back,75625,77.32,83.73,6.41,latency increased,ATLAS-3146,"Decision note: compare product analytics with Grafana p95, support escalation volume, and release flag history."
EXP-00319,2019-05-22,2019-Q2,ios,inventory-reservation,coupon fallback,lost,134853,87.67,87.62,-0.05,latency neutral,ATLAS-4339,"Decision note: compare product analytics with Grafana p95, support escalation volume, and release flag history."
EXP-00320,2019-05-23,2019-Q2,ios,checkout-api,one-click reorder,lost,178947,84.6,86.47,1.87,no clear impact,ATLAS-3368,"Decision note: compare product analytics with Grafana p95, support escalation volume, and release flag history."
EXP-00321,2019-05-24,2019-Q2,web,tax-service,coupon fallback,running,213523,77.8,73.93,-3.87,latency increased,ATLAS-2757,"Decision note: compare product analytics with Grafana p95, support escalation volume, and release flag history."
EXP-00322,2019-05-25,2019-Q2,ios,payment-orchestrator,coupon fallback,running,119503,81.13,80.42,-0.71,conversion improved,ATLAS-5086,"Decision note: compare product analytics with Grafana p95, support escalation volume, and release flag history."
EXP-00323,2019-05-26,2019-Q2,ios,checkout-api,tax quote cache,lost,162870,84.27,85.01,0.74,support tickets increased,ATLAS-2826,"Decision note: compare product analytics with Grafana p95, support escalation volume, and release flag history."
EXP-00324,2019-05-27,2019-Q2,ios,pricing-engine,inventory warning,inconclusive,30647,84.03,81.88,-2.15,no clear impact,ATLAS-6160,"Decision note: compare product analytics with Grafana p95, support escalation volume, and release flag history."
EXP-00325,2019-05-29,2019-Q2,android,order-ledger,payment retry UX,draft,69504,82.63,84.01,1.38,latency neutral,ATLAS-6057,"Decision note: compare product analytics with Grafana p95, support escalation volume, and release flag history."
EXP-00326,2019-05-30,2019-Q2,web,loyalty-service,inventory warning,rolled back,116636,81.03,80.81,-0.22,no clear impact,ATLAS-3628,"Decision note: compare product analytics with Grafana p95, support escalation volume, and release flag history."
EXP-00327,2019-05-31,2019-Q2,store-kiosk,analytics-pipeline,coupon fallback,draft,36959,72.23,72.13,-0.1,conversion improved,ATLAS-5402,"Decision note: compare product analytics with Grafana p95, support escalation volume, and release flag history."
EXP-00328,2019-06-01,2019-Q2,store-kiosk,notification-service,loyalty prompt,won,71558,72.36,73.83,1.48,support tickets increased,ATLAS-5636,"Decision note: compare product analytics with Grafana p95, support escalation volume, and release flag history."
EXP-00329,2019-06-02,2019-Q2,mobile-web,payment-orchestrator,inventory warning,lost,174107,85.4,86.83,1.43,latency neutral,ATLAS-3545,"Decision note: compare product analytics with Grafana p95, support escalation volume, and release flag history."
EXP-00330,2019-06-03,2019-Q2,web,loyalty-service,checkout button copy,draft,87408,81.26,79.36,-1.9,no clear impact,ATLAS-4371,"Decision note: compare product analytics with Grafana p95, support escalation volume, and release flag history."
EXP-00331,2019-06-04,2019-Q2,ios,analytics-pipeline,coupon fallback,won,79721,77.14,78.97,1.83,no clear impact,ATLAS-5813,"Decision note: compare product analytics with Grafana p95, support escalation volume, and release flag history."
EXP-00332,2019-06-05,2019-Q2,store-kiosk,notification-service,payment retry UX,won,172283,77.98,78.97,0.99,latency increased,ATLAS-2578,"Decision note: compare product analytics with Grafana p95, support escalation volume, and release flag history."
EXP-00333,2019-06-06,2019-Q2,mobile-web,loyalty-service,one-click reorder,rolled back,224075,85.3,84.63,-0.67,conversion improved,ATLAS-4112,"Decision note: compare product analytics with Grafana p95, support escalation volume, and release flag history."
EXP-00334,2019-06-08,2019-Q2,mobile-web,order-ledger,checkout button copy,running,90191,80.13,80.32,0.19,latency neutral,ATLAS-3162,"Decision note: compare product analytics with Grafana p95, support escalation volume, and release flag history."
EXP-00335,2019-06-09,2019-Q2,ios,pricing-engine,tax quote cache,running,210486,74.49,77.02,2.53,conversion improved,ATLAS-1160,"Decision note: compare product analytics with Grafana p95, support escalation volume, and release flag history."
EXP-00336,2019-06-10,2019-Q2,partner-api,checkout-api,address validation,inconclusive,80326,90.26,93.31,3.04,latency neutral,ATLAS-1520,"Decision note: compare product analytics with Grafana p95, support escalation volume, and release flag history."
EXP-00337,2019-06-11,2019-Q2,web,pricing-engine,coupon fallback,rolled back,6762,75.71,74.5,-1.21,support tickets increased,ATLAS-4313,"Decision note: compare product analytics with Grafana p95, support escalation volume, and release flag history."
EXP-00338,2019-06-12,2019-Q2,store-kiosk,checkout-api,one-click reorder,lost,222606,85.49,88.08,2.59,latency neutral,ATLAS-4105,"Decision note: compare product analytics with Grafana p95, support escalation volume, and release flag history."
EXP-00339,2019-06-13,2019-Q2,android,inventory-reservation,tax quote cache,rolled back,104977,75.29,75.4,0.11,latency increased,ATLAS-4510,"Decision note: compare product analytics with Grafana p95, support escalation volume, and release flag history."
EXP-00340,2019-06-14,2019-Q2,web,cart-service,payment retry UX,lost,215131,89.72,92.9,3.18,no clear impact,ATLAS-2954,"Decision note: compare product analytics with Grafana p95, support escalation volume, and release flag history."
EXP-00341,2019-06-15,2019-Q2,android,tax-service,coupon fallback,won,226758,86.5,89.09,2.6,no clear impact,ATLAS-6191,"Decision note: compare product analytics with Grafana p95, support escalation volume, and release flag history."
EXP-00342,2019-06-17,2019-Q2,ios,notification-service,checkout button copy,won,192081,82.5,81.69,-0.81,conversion improved,ATLAS-2446,"Decision note: compare product analytics with Grafana p95, support escalation volume, and release flag history."
EXP-00343,2019-06-18,2019-Q2,partner-api,order-ledger,loyalty prompt,lost,220553,80.08,82.24,2.16,conversion improved,ATLAS-1231,"Decision note: compare product analytics with Grafana p95, support escalation volume, and release flag history."
EXP-00344,2019-06-19,2019-Q2,android,cart-service,one-click reorder,lost,166492,82.85,84.21,1.35,support tickets increased,ATLAS-5151,"Decision note: compare product analytics with Grafana p95, support escalation volume, and release flag history."
EXP-00345,2019-06-20,2019-Q2,partner-api,order-ledger,inventory warning,running,54362,81.43,85.86,4.43,conversion improved,ATLAS-1764,"Decision note: compare product analytics with Grafana p95, support escalation volume, and release flag history."
EXP-00346,2019-06-21,2019-Q2,partner-api,tax-service,coupon fallback,inconclusive,193281,80.68,81.42,0.73,support tickets increased,ATLAS-1810,"Decision note: compare product analytics with Grafana p95, support escalation volume, and release flag history."
EXP-00347,2019-06-22,2019-Q2,web,cart-service,one-click reorder,lost,186975,86.43,86.96,0.53,latency neutral,ATLAS-5694,"Decision note: compare product analytics with Grafana p95, support escalation volume, and release flag history."
EXP-00348,2019-06-23,2019-Q2,ios,analytics-pipeline,tax quote cache,inconclusive,136316,72.15,72.45,0.3,no clear impact,ATLAS-2063,"Decision note: compare product analytics with Grafana p95, support escalation volume, and release flag history."
EXP-00349,2019-06-24,2019-Q2,store-kiosk,tax-service,loyalty prompt,rolled back,198308,81.48,83.24,1.76,conversion improved,ATLAS-2502,"Decision note: compare product analytics with Grafana p95, support escalation volume, and release flag history."
EXP-00350,2019-06-25,2019-Q2,ios,checkout-api,tax quote cache,rolled back,50707,75.18,75.87,0.69,latency increased,ATLAS-3048,"Decision note: compare product analytics with Grafana p95, support escalation volume, and release flag history."
EXP-00351,2019-06-27,2019-Q2,android,payment-orchestrator,one-click reorder,running,143194,76.67,79.79,3.12,latency increased,ATLAS-3284,"Decision note: compare product analytics with Grafana p95, support escalation volume, and release flag history."
EXP-00352,2019-06-28,2019-Q2,partner-api,payment-orchestrator,address validation,inconclusive,166089,77.15,76.31,-0.84,latency neutral,ATLAS-1733,"Decision note: compare product analytics with Grafana p95, support escalation volume, and release flag history."
EXP-00353,2019-06-29,2019-Q2,store-kiosk,pricing-engine,loyalty prompt,inconclusive,65632,72.4,72.26,-0.14,support tickets increased,ATLAS-6197,"Decision note: compare product analytics with Grafana p95, support escalation volume, and release flag history."
EXP-00354,2019-06-30,2019-Q2,mobile-web,loyalty-service,coupon fallback,inconclusive,118039,86.18,86.59,0.41,conversion improved,ATLAS-4345,"Decision note: compare product analytics with Grafana p95, support escalation volume, and release flag history."
EXP-00355,2019-07-01,2019-Q3,partner-api,tax-service,checkout button copy,running,221100,83.7,87.06,3.35,support tickets increased,ATLAS-2610,"Decision note: compare product analytics with Grafana p95, support escalation volume, and release flag history."
EXP-00356,2019-07-02,2019-Q3,android,pricing-engine,inventory warning,inconclusive,145336,85.55,85.75,0.2,no clear impact,ATLAS-1366,"Decision note: compare product analytics with Grafana p95, support escalation volume, and release flag history."
EXP-00357,2019-07-03,2019-Q3,mobile-web,cart-service,one-click reorder,won,135412,82.6,82.2,-0.4,latency neutral,ATLAS-4019,"Decision note: compare product analytics with Grafana p95, support escalation volume, and release flag history."
EXP-00358,2019-07-04,2019-Q3,ios,notification-service,payment retry UX,draft,103487,90.93,88.98,-1.96,no clear impact,ATLAS-3764,"Decision note: compare product analytics with Grafana p95, support escalation volume, and release flag history."
EXP-00359,2019-07-05,2019-Q3,android,cart-service,checkout button copy,won,124930,73.98,75.13,1.15,latency increased,ATLAS-3955,"Decision note: compare product analytics with Grafana p95, support escalation volume, and release flag history."
EXP-00360,2019-07-07,2019-Q3,android,tax-service,payment retry UX,rolled back,92796,82.46,82.41,-0.05,latency neutral,ATLAS-3108,"Decision note: compare product analytics with Grafana p95, support escalation volume, and release flag history."
EXP-00361,2019-07-08,2019-Q3,mobile-web,tax-service,payment retry UX,running,104383,83.5,85.02,1.52,support tickets increased,ATLAS-1704,"Decision note: compare product analytics with Grafana p95, support escalation volume, and release flag history."
EXP-00362,2019-07-09,2019-Q3,store-kiosk,pricing-engine,one-click reorder,draft,189193,79.07,79.07,0.0,support tickets increased,ATLAS-3643,"Decision note: compare product analytics with Grafana p95, support escalation volume, and release flag history."
EXP-00363,2019-07-10,2019-Q3,web,inventory-reservation,one-click reorder,rolled back,168262,90.69,91.38,0.69,latency increased,ATLAS-3528,"Decision note: compare product analytics with Grafana p95, support escalation volume, and release flag history."
EXP-00364,2019-07-11,2019-Q3,ios,analytics-pipeline,loyalty prompt,running,129312,75.5,74.36,-1.14,latency neutral,ATLAS-2031,"Decision note: compare product analytics with Grafana p95, support escalation volume, and release flag history."
EXP-00365,2019-07-12,2019-Q3,mobile-web,payment-orchestrator,loyalty prompt,inconclusive,188780,84.72,87.26,2.54,latency increased,ATLAS-4276,"Decision note: compare product analytics with Grafana p95, support escalation volume, and release flag history."
EXP-00366,2019-07-13,2019-Q3,mobile-web,payment-orchestrator,checkout button copy,running,191477,89.81,86.62,-3.19,latency increased,ATLAS-4055,"Decision note: compare product analytics with Grafana p95, support escalation volume, and release flag history."
EXP-00367,2019-07-14,2019-Q3,ios,tax-service,checkout button copy,won,72551,79.78,81.0,1.22,support tickets increased,ATLAS-2080,"Decision note: compare product analytics with Grafana p95, support escalation volume, and release flag history."
EXP-00368,2019-07-16,2019-Q3,ios,checkout-api,one-click reorder,rolled back,228296,79.59,79.39,-0.2,no clear impact,ATLAS-1408,"Decision note: compare product analytics with Grafana p95, support escalation volume, and release flag history."
EXP-00369,2019-07-17,2019-Q3,partner-api,cart-service,checkout button copy,draft,38173,85.22,85.05,-0.17,conversion improved,ATLAS-4237,"Decision note: compare product analytics with Grafana p95, support escalation volume, and release flag history."
EXP-00370,2019-07-18,2019-Q3,mobile-web,tax-service,loyalty prompt,draft,139501,80.62,76.59,-4.03,no clear impact,ATLAS-4700,"Decision note: compare product analytics with Grafana p95, support escalation volume, and release flag history."
EXP-00371,2019-07-19,2019-Q3,android,notification-service,coupon fallback,won,155798,90.06,93.83,3.77,latency neutral,ATLAS-3078,"Decision note: compare product analytics with Grafana p95, support escalation volume, and release flag history."
EXP-00372,2019-07-20,2019-Q3,store-kiosk,notification-service,payment retry UX,draft,129415,77.38,80.35,2.97,support tickets increased,ATLAS-3189,"Decision note: compare product analytics with Grafana p95, support escalation volume, and release flag history."
EXP-00373,2019-07-21,2019-Q3,store-kiosk,checkout-api,one-click reorder,draft,153826,80.55,80.42,-0.13,latency increased,ATLAS-5617,"Decision note: compare product analytics with Grafana p95, support escalation volume, and release flag history."
EXP-00374,2019-07-22,2019-Q3,android,auth-gateway,inventory warning,running,147978,87.98,92.63,4.65,support tickets increased,ATLAS-2912,"Decision note: compare product analytics with Grafana p95, support escalation volume, and release flag history."
EXP-00375,2019-07-23,2019-Q3,android,pricing-engine,address validation,lost,128738,81.74,78.54,-3.2,support tickets increased,ATLAS-4547,"Decision note: compare product analytics with Grafana p95, support escalation volume, and release flag history."
EXP-00376,2019-07-24,2019-Q3,mobile-web,loyalty-service,one-click reorder,rolled back,62298,83.85,85.84,1.99,support tickets increased,ATLAS-3615,"Decision note: compare product analytics with Grafana p95, support escalation volume, and release flag history."
EXP-00377,2019-07-26,2019-Q3,store-kiosk,search-recommendations,checkout button copy,rolled back,176283,78.92,83.88,4.96,latency increased,ATLAS-5165,"Decision note: compare product analytics with Grafana p95, support escalation volume, and release flag history."
EXP-00378,2019-07-27,2019-Q3,partner-api,loyalty-service,address validation,running,150414,85.52,82.62,-2.9,latency neutral,ATLAS-1750,"Decision note: compare product analytics with Grafana p95, support escalation volume, and release flag history."
EXP-00379,2019-07-28,2019-Q3,web,pricing-engine,inventory warning,rolled back,13034,81.49,80.79,-0.7,conversion improved,ATLAS-4406,"Decision note: compare product analytics with Grafana p95, support escalation volume, and release flag history."
EXP-00380,2019-07-29,2019-Q3,web,inventory-reservation,payment retry UX,running,90684,73.4,73.64,0.23,no clear impact,ATLAS-1738,"Decision note: compare product analytics with Grafana p95, support escalation volume, and release flag history."
EXP-00381,2019-07-30,2019-Q3,mobile-web,inventory-reservation,payment retry UX,lost,128998,85.07,84.62,-0.46,no clear impact,ATLAS-2246,"Decision note: compare product analytics with Grafana p95, support escalation volume, and release flag history."
EXP-00382,2019-07-31,2019-Q3,store-kiosk,cart-service,tax quote cache,lost,39553,87.48,87.79,0.32,latency increased,ATLAS-4844,"Decision note: compare product analytics with Grafana p95, support escalation volume, and release flag history."
EXP-00383,2019-08-01,2019-Q3,partner-api,notification-service,address validation,inconclusive,123267,89.45,88.96,-0.48,conversion improved,ATLAS-4224,"Decision note: compare product analytics with Grafana p95, support escalation volume, and release flag history."
EXP-00384,2019-08-02,2019-Q3,web,order-ledger,checkout button copy,lost,68563,81.82,81.2,-0.62,latency neutral,ATLAS-5288,"Decision note: compare product analytics with Grafana p95, support escalation volume, and release flag history."
EXP-00385,2019-08-04,2019-Q3,android,search-recommendations,tax quote cache,inconclusive,170169,73.15,70.68,-2.46,latency neutral,ATLAS-6095,"Decision note: compare product analytics with Grafana p95, support escalation volume, and release flag history."
EXP-00386,2019-08-05,2019-Q3,ios,order-ledger,coupon fallback,lost,5172,88.55,89.37,0.82,conversion improved,ATLAS-2041,"Decision note: compare product analytics with Grafana p95, support escalation volume, and release flag history."
EXP-00387,2019-08-06,2019-Q3,ios,notification-service,loyalty prompt,lost,114747,83.11,87.05,3.94,no clear impact,ATLAS-2820,"Decision note: compare product analytics with Grafana p95, support escalation volume, and release flag history."
EXP-00388,2019-08-07,2019-Q3,partner-api,loyalty-service,address validation,won,236347,84.46,81.91,-2.55,latency increased,ATLAS-4915,"Decision note: compare product analytics with Grafana p95, support escalation volume, and release flag history."
EXP-00389,2019-08-08,2019-Q3,ios,analytics-pipeline,tax quote cache,running,80856,84.68,87.22,2.54,support tickets increased,ATLAS-3537,"Decision note: compare product analytics with Grafana p95, support escalation volume, and release flag history."
EXP-00390,2019-08-09,2019-Q3,ios,pricing-engine,coupon fallback,won,32103,75.84,75.83,-0.01,conversion improved,ATLAS-1317,"Decision note: compare product analytics with Grafana p95, support escalation volume, and release flag history."
EXP-00391,2019-08-10,2019-Q3,store-kiosk,pricing-engine,address validation,draft,136412,82.13,82.41,0.28,support tickets increased,ATLAS-4187,"Decision note: compare product analytics with Grafana p95, support escalation volume, and release flag history."
EXP-00392,2019-08-11,2019-Q3,android,pricing-engine,address validation,inconclusive,99907,79.5,79.95,0.44,support tickets increased,ATLAS-6052,"Decision note: compare product analytics with Grafana p95, support escalation volume, and release flag history."
EXP-00393,2019-08-12,2019-Q3,ios,tax-service,checkout button copy,running,162401,76.0,76.21,0.21,latency neutral,ATLAS-2470,"Decision note: compare product analytics with Grafana p95, support escalation volume, and release flag history."
EXP-00394,2019-08-14,2019-Q3,partner-api,analytics-pipeline,inventory warning,running,40454,72.95,74.69,1.75,latency increased,ATLAS-1083,"Decision note: compare product analytics with Grafana p95, support escalation volume, and release flag history."
EXP-00395,2019-08-15,2019-Q3,web,checkout-api,address validation,rolled back,185673,75.54,74.85,-0.69,latency neutral,ATLAS-4342,"Decision note: compare product analytics with Grafana p95, support escalation volume, and release flag history."
EXP-00396,2019-08-16,2019-Q3,web,tax-service,checkout button copy,draft,6761,87.08,88.19,1.11,no clear impact,ATLAS-4582,"Decision note: compare product analytics with Grafana p95, support escalation volume, and release flag history."
EXP-00397,2019-08-17,2019-Q3,partner-api,cart-service,inventory warning,rolled back,133803,80.06,79.07,-0.99,latency increased,ATLAS-3611,"Decision note: compare product analytics with Grafana p95, support escalation volume, and release flag history."
EXP-00398,2019-08-18,2019-Q3,mobile-web,analytics-pipeline,payment retry UX,running,110710,89.39,93.0,3.61,latency neutral,ATLAS-2293,"Decision note: compare product analytics with Grafana p95, support escalation volume, and release flag history."
EXP-00399,2019-08-19,2019-Q3,ios,cart-service,tax quote cache,rolled back,230254,76.26,75.36,-0.9,conversion improved,ATLAS-1222,"Decision note: compare product analytics with Grafana p95, support escalation volume, and release flag history."
EXP-00400,2019-08-20,2019-Q3,store-kiosk,loyalty-service,coupon fallback,lost,233234,84.3,82.84,-1.46,no clear impact,ATLAS-3487,"Decision note: compare product analytics with Grafana p95, support escalation volume, and release flag history."
EXP-00401,2019-08-21,2019-Q3,web,inventory-reservation,inventory warning,running,25491,86.2,82.8,-3.4,latency increased,ATLAS-1719,"Decision note: compare product analytics with Grafana p95, support escalation volume, and release flag history."
EXP-00402,2019-08-23,2019-Q3,mobile-web,pricing-engine,one-click reorder,won,89654,73.69,74.58,0.89,latency increased,ATLAS-1641,"Decision note: compare product analytics with Grafana p95, support escalation volume, and release flag history."
EXP-00403,2019-08-24,2019-Q3,web,tax-service,checkout button copy,won,227153,86.18,90.98,4.79,conversion improved,ATLAS-3942,"Decision note: compare product analytics with Grafana p95, support escalation volume, and release flag history."
EXP-00404,2019-08-25,2019-Q3,mobile-web,payment-orchestrator,tax quote cache,rolled back,150087,76.1,78.37,2.27,conversion improved,ATLAS-1320,"Decision note: compare product analytics with Grafana p95, support escalation volume, and release flag history."
EXP-00405,2019-08-26,2019-Q3,web,order-ledger,address validation,won,222310,82.51,81.14,-1.37,no clear impact,ATLAS-1499,"Decision note: compare product analytics with Grafana p95, support escalation volume, and release flag history."
EXP-00406,2019-08-27,2019-Q3,ios,loyalty-service,coupon fallback,rolled back,85604,73.42,76.36,2.94,latency increased,ATLAS-1101,"Decision note: compare product analytics with Grafana p95, support escalation volume, and release flag history."
EXP-00407,2019-08-28,2019-Q3,web,checkout-api,checkout button copy,rolled back,180858,79.72,79.28,-0.43,latency increased,ATLAS-4990,"Decision note: compare product analytics with Grafana p95, support escalation volume, and release flag history."
EXP-00408,2019-08-29,2019-Q3,web,auth-gateway,loyalty prompt,lost,177160,85.25,88.13,2.88,conversion improved,ATLAS-3272,"Decision note: compare product analytics with Grafana p95, support escalation volume, and release flag history."
EXP-00409,2019-08-30,2019-Q3,ios,search-recommendations,loyalty prompt,rolled back,73743,87.6,87.99,0.39,support tickets increased,ATLAS-3342,"Decision note: compare product analytics with Grafana p95, support escalation volume, and release flag history."
EXP-00410,2019-08-31,2019-Q3,web,checkout-api,loyalty prompt,draft,152313,78.07,78.77,0.69,latency increased,ATLAS-4067,"Decision note: compare product analytics with Grafana p95, support escalation volume, and release flag history."
EXP-00411,2019-09-02,2019-Q3,store-kiosk,analytics-pipeline,tax quote cache,draft,161508,83.36,84.06,0.7,conversion improved,ATLAS-3357,"Decision note: compare product analytics with Grafana p95, support escalation volume, and release flag history."
EXP-00412,2019-09-03,2019-Q3,store-kiosk,pricing-engine,loyalty prompt,rolled back,154306,76.49,76.5,0.0,latency neutral,ATLAS-3466,"Decision note: compare product analytics with Grafana p95, support escalation volume, and release flag history."
EXP-00413,2019-09-04,2019-Q3,partner-api,payment-orchestrator,tax quote cache,won,54022,83.41,84.77,1.36,support tickets increased,ATLAS-6163,"Decision note: compare product analytics with Grafana p95, support escalation volume, and release flag history."
EXP-00414,2019-09-05,2019-Q3,ios,pricing-engine,inventory warning,won,83759,83.97,85.92,1.95,support tickets increased,ATLAS-2744,"Decision note: compare product analytics with Grafana p95, support escalation volume, and release flag history."
EXP-00415,2019-09-06,2019-Q3,android,analytics-pipeline,one-click reorder,inconclusive,209734,80.18,79.68,-0.5,no clear impact,ATLAS-6190,"Decision note: compare product analytics with Grafana p95, support escalation volume, and release flag history."
EXP-00416,2019-09-07,2019-Q3,android,auth-gateway,inventory warning,won,6880,75.76,77.81,2.05,conversion improved,ATLAS-2498,"Decision note: compare product analytics with Grafana p95, support escalation volume, and release flag history."
EXP-00417,2019-09-08,2019-Q3,android,order-ledger,payment retry UX,draft,21648,82.0,81.34,-0.66,conversion improved,ATLAS-1153,"Decision note: compare product analytics with Grafana p95, support escalation volume, and release flag history."
EXP-00418,2019-09-09,2019-Q3,partner-api,payment-orchestrator,one-click reorder,won,65624,86.9,86.44,-0.46,no clear impact,ATLAS-2873,"Decision note: compare product analytics with Grafana p95, support escalation volume, and release flag history."
EXP-00419,2019-09-11,2019-Q3,android,payment-orchestrator,inventory warning,won,192931,86.79,84.63,-2.16,conversion improved,ATLAS-2510,"Decision note: compare product analytics with Grafana p95, support escalation volume, and release flag history."
EXP-00420,2019-09-12,2019-Q3,android,order-ledger,inventory warning,rolled back,133106,72.63,72.95,0.32,latency increased,ATLAS-2017,"Decision note: compare product analytics with Grafana p95, support escalation volume, and release flag history."
EXP-00421,2019-09-13,2019-Q3,partner-api,checkout-api,one-click reorder,lost,155262,73.89,71.84,-2.05,latency neutral,ATLAS-4259,"Decision note: compare product analytics with Grafana p95, support escalation volume, and release flag history."
EXP-00422,2019-09-14,2019-Q3,web,inventory-reservation,tax quote cache,won,156430,89.73,94.94,5.2,support tickets increased,ATLAS-4505,"Decision note: compare product analytics with Grafana p95, support escalation volume, and release flag history."
EXP-00423,2019-09-15,2019-Q3,partner-api,checkout-api,address validation,won,154433,87.36,88.38,1.02,support tickets increased,ATLAS-3602,"Decision note: compare product analytics with Grafana p95, support escalation volume, and release flag history."
EXP-00424,2019-09-16,2019-Q3,partner-api,search-recommendations,one-click reorder,rolled back,181663,88.68,89.78,1.1,conversion improved,ATLAS-1646,"Decision note: compare product analytics with Grafana p95, support escalation volume, and release flag history."
EXP-00425,2019-09-17,2019-Q3,mobile-web,notification-service,coupon fallback,running,65914,88.6,90.31,1.71,conversion improved,ATLAS-6087,"Decision note: compare product analytics with Grafana p95, support escalation volume, and release flag history."
EXP-00426,2019-09-18,2019-Q3,ios,payment-orchestrator,coupon fallback,won,230020,89.94,89.47,-0.47,conversion improved,ATLAS-3834,"Decision note: compare product analytics with Grafana p95, support escalation volume, and release flag history."
EXP-00427,2019-09-19,2019-Q3,android,cart-service,payment retry UX,draft,69566,84.77,87.36,2.59,support tickets increased,ATLAS-4018,"Decision note: compare product analytics with Grafana p95, support escalation volume, and release flag history."
EXP-00428,2019-09-21,2019-Q3,ios,pricing-engine,one-click reorder,won,39848,80.25,80.7,0.45,latency neutral,ATLAS-1950,"Decision note: compare product analytics with Grafana p95, support escalation volume, and release flag history."
EXP-00429,2019-09-22,2019-Q3,partner-api,checkout-api,coupon fallback,lost,166016,88.37,96,7.66,latency neutral,ATLAS-1613,"Decision note: compare product analytics with Grafana p95, support escalation volume, and release flag history."
EXP-00430,2019-09-23,2019-Q3,store-kiosk,checkout-api,coupon fallback,lost,8622,75.04,74.85,-0.19,support tickets increased,ATLAS-3792,"Decision note: compare product analytics with Grafana p95, support escalation volume, and release flag history."
EXP-00431,2019-09-24,2019-Q3,web,tax-service,one-click reorder,running,188559,76.28,76.87,0.6,latency neutral,ATLAS-2967,"Decision note: compare product analytics with Grafana p95, support escalation volume, and release flag history."
EXP-00432,2019-09-25,2019-Q3,mobile-web,analytics-pipeline,checkout button copy,running,57621,88.26,86.35,-1.91,no clear impact,ATLAS-5630,"Decision note: compare product analytics with Grafana p95, support escalation volume, and release flag history."
EXP-00433,2019-09-26,2019-Q3,web,inventory-reservation,checkout button copy,won,59736,90.85,90.32,-0.53,latency increased,ATLAS-3251,"Decision note: compare product analytics with Grafana p95, support escalation volume, and release flag history."
EXP-00434,2019-09-27,2019-Q3,ios,search-recommendations,address validation,running,69076,74.96,69.67,-5.28,support tickets increased,ATLAS-1087,"Decision note: compare product analytics with Grafana p95, support escalation volume, and release flag history."
EXP-00435,2019-09-28,2019-Q3,ios,order-ledger,one-click reorder,rolled back,39427,83.32,86.49,3.17,no clear impact,ATLAS-4667,"Decision note: compare product analytics with Grafana p95, support escalation volume, and release flag history."
EXP-00436,2019-09-30,2019-Q3,mobile-web,auth-gateway,checkout button copy,running,165645,76.72,79.33,2.61,latency increased,ATLAS-5065,"Decision note: compare product analytics with Grafana p95, support escalation volume, and release flag history."
EXP-00437,2019-10-01,2019-Q4,partner-api,inventory-reservation,one-click reorder,rolled back,102138,90.14,89.07,-1.07,support tickets increased,ATLAS-3870,"Decision note: compare product analytics with Grafana p95, support escalation volume, and release flag history."
EXP-00438,2019-10-02,2019-Q4,android,cart-service,inventory warning,running,86064,90.28,92.25,1.97,support tickets increased,ATLAS-3482,"Decision note: compare product analytics with Grafana p95, support escalation volume, and release flag history."
EXP-00439,2019-10-03,2019-Q4,store-kiosk,notification-service,coupon fallback,lost,133353,79.16,84.78,5.62,latency increased,ATLAS-1177,"Decision note: compare product analytics with Grafana p95, support escalation volume, and release flag history."
EXP-00440,2019-10-04,2019-Q4,ios,cart-service,inventory warning,rolled back,91701,85.89,85.38,-0.51,conversion improved,ATLAS-3526,"Decision note: compare product analytics with Grafana p95, support escalation volume, and release flag history."
EXP-00441,2019-10-05,2019-Q4,store-kiosk,payment-orchestrator,loyalty prompt,draft,21517,72.87,75.9,3.03,support tickets increased,ATLAS-1498,"Decision note: compare product analytics with Grafana p95, support escalation volume, and release flag history."
EXP-00442,2019-10-06,2019-Q4,mobile-web,loyalty-service,address validation,lost,22868,89.62,91.23,1.61,no clear impact,ATLAS-3291,"Decision note: compare product analytics with Grafana p95, support escalation volume, and release flag history."
EXP-00443,2019-10-07,2019-Q4,web,auth-gateway,coupon fallback,rolled back,161969,78.15,76.44,-1.72,latency neutral,ATLAS-5932,"Decision note: compare product analytics with Grafana p95, support escalation volume, and release flag history."
EXP-00444,2019-10-08,2019-Q4,android,payment-orchestrator,checkout button copy,lost,60043,80.57,81.82,1.25,conversion improved,ATLAS-3471,"Decision note: compare product analytics with Grafana p95, support escalation volume, and release flag history."
EXP-00445,2019-10-10,2019-Q4,web,inventory-reservation,loyalty prompt,lost,229354,88.53,88.98,0.44,latency increased,ATLAS-3280,"Decision note: compare product analytics with Grafana p95, support escalation volume, and release flag history."
EXP-00446,2019-10-11,2019-Q4,ios,loyalty-service,checkout button copy,won,135544,73.72,74.68,0.96,latency neutral,ATLAS-2171,"Decision note: compare product analytics with Grafana p95, support escalation volume, and release flag history."
EXP-00447,2019-10-12,2019-Q4,ios,pricing-engine,address validation,running,153679,76.53,80.52,3.99,conversion improved,ATLAS-1439,"Decision note: compare product analytics with Grafana p95, support escalation volume, and release flag history."
EXP-00448,2019-10-13,2019-Q4,ios,order-ledger,loyalty prompt,inconclusive,37811,84.33,84.97,0.63,conversion improved,ATLAS-4733,"Decision note: compare product analytics with Grafana p95, support escalation volume, and release flag history."
EXP-00449,2019-10-14,2019-Q4,android,pricing-engine,coupon fallback,inconclusive,39402,81.39,84.64,3.24,latency increased,ATLAS-5943,"Decision note: compare product analytics with Grafana p95, support escalation volume, and release flag history."
EXP-00450,2019-10-15,2019-Q4,web,order-ledger,loyalty prompt,draft,232933,86.44,82.72,-3.72,latency neutral,ATLAS-3702,"Decision note: compare product analytics with Grafana p95, support escalation volume, and release flag history."
EXP-00451,2019-10-16,2019-Q4,web,notification-service,loyalty prompt,running,29053,78.21,74.84,-3.37,support tickets increased,ATLAS-5122,"Decision note: compare product analytics with Grafana p95, support escalation volume, and release flag history."
EXP-00452,2019-10-17,2019-Q4,mobile-web,payment-orchestrator,payment retry UX,lost,171124,77.13,75.59,-1.54,support tickets increased,ATLAS-1456,"Decision note: compare product analytics with Grafana p95, support escalation volume, and release flag history."
EXP-00453,2019-10-19,2019-Q4,mobile-web,order-ledger,tax quote cache,rolled back,209180,78.33,77.78,-0.55,support tickets increased,ATLAS-2303,"Decision note: compare product analytics with Grafana p95, support escalation volume, and release flag history."
EXP-00454,2019-10-20,2019-Q4,android,analytics-pipeline,tax quote cache,draft,151940,75.29,78.35,3.06,latency increased,ATLAS-5696,"Decision note: compare product analytics with Grafana p95, support escalation volume, and release flag history."
EXP-00455,2019-10-21,2019-Q4,mobile-web,pricing-engine,address validation,draft,141274,84.99,88.62,3.63,support tickets increased,ATLAS-2265,"Decision note: compare product analytics with Grafana p95, support escalation volume, and release flag history."
EXP-00456,2019-10-22,2019-Q4,mobile-web,pricing-engine,checkout button copy,lost,188263,86.57,87.9,1.33,latency increased,ATLAS-5138,"Decision note: compare product analytics with Grafana p95, support escalation volume, and release flag history."
EXP-00457,2019-10-23,2019-Q4,android,payment-orchestrator,coupon fallback,inconclusive,170874,88.52,87.73,-0.79,latency neutral,ATLAS-2663,"Decision note: compare product analytics with Grafana p95, support escalation volume, and release flag history."
EXP-00458,2019-10-24,2019-Q4,partner-api,checkout-api,loyalty prompt,lost,50994,83.55,84.23,0.67,latency increased,ATLAS-5166,"Decision note: compare product analytics with Grafana p95, support escalation volume, and release flag history."
EXP-00459,2019-10-25,2019-Q4,ios,analytics-pipeline,checkout button copy,running,108255,81.79,84.57,2.78,conversion improved,ATLAS-4664,"Decision note: compare product analytics with Grafana p95, support escalation volume, and release flag history."
EXP-00460,2019-10-26,2019-Q4,partner-api,auth-gateway,payment retry UX,lost,32682,83.98,86.28,2.29,latency increased,ATLAS-2351,"Decision note: compare product analytics with Grafana p95, support escalation volume, and release flag history."
EXP-00461,2019-10-27,2019-Q4,mobile-web,notification-service,checkout button copy,lost,34159,76.67,73.54,-3.13,support tickets increased,ATLAS-1637,"Decision note: compare product analytics with Grafana p95, support escalation volume, and release flag history."
EXP-00462,2019-10-29,2019-Q4,ios,tax-service,checkout button copy,lost,140457,86.6,87.32,0.73,no clear impact,ATLAS-4844,"Decision note: compare product analytics with Grafana p95, support escalation volume, and release flag history."
EXP-00463,2019-10-30,2019-Q4,android,auth-gateway,one-click reorder,won,88042,84.29,85.35,1.06,latency neutral,ATLAS-3517,"Decision note: compare product analytics with Grafana p95, support escalation volume, and release flag history."
EXP-00464,2019-10-31,2019-Q4,partner-api,loyalty-service,coupon fallback,draft,163129,89.7,91.29,1.59,latency increased,ATLAS-4305,"Decision note: compare product analytics with Grafana p95, support escalation volume, and release flag history."
EXP-00465,2019-11-01,2019-Q4,partner-api,tax-service,inventory warning,rolled back,64912,87.58,89.37,1.79,conversion improved,ATLAS-3597,"Decision note: compare product analytics with Grafana p95, support escalation volume, and release flag history."
EXP-00466,2019-11-02,2019-Q4,store-kiosk,loyalty-service,inventory warning,inconclusive,201569,78.18,80.27,2.08,latency neutral,ATLAS-1518,"Decision note: compare product analytics with Grafana p95, support escalation volume, and release flag history."
EXP-00467,2019-11-03,2019-Q4,store-kiosk,inventory-reservation,loyalty prompt,rolled back,34452,73.43,70.19,-3.24,latency neutral,ATLAS-5742,"Decision note: compare product analytics with Grafana p95, support escalation volume, and release flag history."
EXP-00468,2019-11-04,2019-Q4,partner-api,cart-service,checkout button copy,rolled back,58764,81.3,79.67,-1.63,support tickets increased,ATLAS-5991,"Decision note: compare product analytics with Grafana p95, support escalation volume, and release flag history."
EXP-00469,2019-11-05,2019-Q4,store-kiosk,checkout-api,payment retry UX,won,73818,83.0,85.38,2.37,conversion improved,ATLAS-4110,"Decision note: compare product analytics with Grafana p95, support escalation volume, and release flag history."
EXP-00470,2019-11-07,2019-Q4,ios,inventory-reservation,payment retry UX,draft,143964,89.06,90.3,1.23,no clear impact,ATLAS-1051,"Decision note: compare product analytics with Grafana p95, support escalation volume, and release flag history."
EXP-00471,2019-11-08,2019-Q4,android,order-ledger,coupon fallback,lost,89067,74.12,75.24,1.12,support tickets increased,ATLAS-4825,"Decision note: compare product analytics with Grafana p95, support escalation volume, and release flag history."
EXP-00472,2019-11-09,2019-Q4,ios,tax-service,tax quote cache,draft,99783,77.54,81.55,4.01,no clear impact,ATLAS-2313,"Decision note: compare product analytics with Grafana p95, support escalation volume, and release flag history."
EXP-00473,2019-11-10,2019-Q4,store-kiosk,order-ledger,inventory warning,lost,183188,81.23,84.72,3.5,support tickets increased,ATLAS-2757,"Decision note: compare product analytics with Grafana p95, support escalation volume, and release flag history."
EXP-00474,2019-11-11,2019-Q4,mobile-web,search-recommendations,coupon fallback,won,11927,84.44,83.28,-1.15,latency neutral,ATLAS-2634,"Decision note: compare product analytics with Grafana p95, support escalation volume, and release flag history."
EXP-00475,2019-11-12,2019-Q4,web,analytics-pipeline,loyalty prompt,rolled back,28589,76.93,76.03,-0.9,no clear impact,ATLAS-3060,"Decision note: compare product analytics with Grafana p95, support escalation volume, and release flag history."
EXP-00476,2019-11-13,2019-Q4,ios,tax-service,payment retry UX,running,218750,79.02,79.16,0.15,latency neutral,ATLAS-2935,"Decision note: compare product analytics with Grafana p95, support escalation volume, and release flag history."
EXP-00477,2019-11-14,2019-Q4,partner-api,checkout-api,inventory warning,inconclusive,115979,88.47,88.63,0.16,support tickets increased,ATLAS-1727,"Decision note: compare product analytics with Grafana p95, support escalation volume, and release flag history."
EXP-00478,2019-11-15,2019-Q4,web,cart-service,inventory warning,draft,232713,84.59,86.49,1.9,latency increased,ATLAS-3497,"Decision note: compare product analytics with Grafana p95, support escalation volume, and release flag history."
EXP-00479,2019-11-17,2019-Q4,ios,loyalty-service,tax quote cache,lost,32212,88.36,89.64,1.29,conversion improved,ATLAS-3721,"Decision note: compare product analytics with Grafana p95, support escalation volume, and release flag history."
EXP-00480,2019-11-18,2019-Q4,android,checkout-api,address validation,running,120410,78.36,77.21,-1.15,conversion improved,ATLAS-4149,"Decision note: compare product analytics with Grafana p95, support escalation volume, and release flag history."
EXP-00481,2019-11-19,2019-Q4,ios,analytics-pipeline,loyalty prompt,draft,233104,80.6,81.69,1.08,latency neutral,ATLAS-6142,"Decision note: compare product analytics with Grafana p95, support escalation volume, and release flag history."
EXP-00482,2019-11-20,2019-Q4,mobile-web,order-ledger,loyalty prompt,won,10948,90.3,89.03,-1.26,conversion improved,ATLAS-1760,"Decision note: compare product analytics with Grafana p95, support escalation volume, and release flag history."
EXP-00483,2019-11-21,2019-Q4,android,tax-service,address validation,lost,159327,88.97,88.88,-0.09,support tickets increased,ATLAS-5490,"Decision note: compare product analytics with Grafana p95, support escalation volume, and release flag history."
EXP-00484,2019-11-22,2019-Q4,android,payment-orchestrator,coupon fallback,rolled back,154751,77.59,77.35,-0.24,no clear impact,ATLAS-6013,"Decision note: compare product analytics with Grafana p95, support escalation volume, and release flag history."
EXP-00485,2019-11-23,2019-Q4,android,cart-service,one-click reorder,running,88841,79.32,79.55,0.23,support tickets increased,ATLAS-5692,"Decision note: compare product analytics with Grafana p95, support escalation volume, and release flag history."
EXP-00486,2019-11-24,2019-Q4,store-kiosk,pricing-engine,address validation,lost,144327,77.19,77.9,0.71,latency increased,ATLAS-1688,"Decision note: compare product analytics with Grafana p95, support escalation volume, and release flag history."
EXP-00487,2019-11-26,2019-Q4,partner-api,payment-orchestrator,address validation,running,145084,72.81,73.62,0.81,latency neutral,ATLAS-4528,"Decision note: compare product analytics with Grafana p95, support escalation volume, and release flag history."
EXP-00488,2019-11-27,2019-Q4,android,order-ledger,loyalty prompt,lost,152865,76.87,81.02,4.16,latency neutral,ATLAS-4715,"Decision note: compare product analytics with Grafana p95, support escalation volume, and release flag history."
EXP-00489,2019-11-28,2019-Q4,web,pricing-engine,inventory warning,won,28267,75.6,76.42,0.82,no clear impact,ATLAS-3639,"Decision note: compare product analytics with Grafana p95, support escalation volume, and release flag history."
EXP-00490,2019-11-29,2019-Q4,android,search-recommendations,tax quote cache,inconclusive,178018,85.56,88.45,2.89,no clear impact,ATLAS-4288,"Decision note: compare product analytics with Grafana p95, support escalation volume, and release flag history."
EXP-00491,2019-11-30,2019-Q4,store-kiosk,order-ledger,coupon fallback,inconclusive,169119,86.03,88.69,2.65,latency increased,ATLAS-2173,"Decision note: compare product analytics with Grafana p95, support escalation volume, and release flag history."
EXP-00492,2019-12-01,2019-Q4,android,search-recommendations,address validation,draft,101579,72.02,74.49,2.47,latency increased,ATLAS-5161,"Decision note: compare product analytics with Grafana p95, support escalation volume, and release flag history."
EXP-00493,2019-12-02,2019-Q4,partner-api,loyalty-service,one-click reorder,inconclusive,167556,82.58,85.47,2.89,latency neutral,ATLAS-4080,"Decision note: compare product analytics with Grafana p95, support escalation volume, and release flag history."
EXP-00494,2019-12-03,2019-Q4,store-kiosk,order-ledger,inventory warning,running,202888,75.76,82.86,7.1,latency increased,ATLAS-4007,"Decision note: compare product analytics with Grafana p95, support escalation volume, and release flag history."
EXP-00495,2019-12-04,2019-Q4,android,tax-service,inventory warning,inconclusive,59157,76.83,78.38,1.55,latency increased,ATLAS-5310,"Decision note: compare product analytics with Grafana p95, support escalation volume, and release flag history."
EXP-00496,2019-12-06,2019-Q4,mobile-web,tax-service,coupon fallback,lost,188731,80.86,81.09,0.23,support tickets increased,ATLAS-2692,"Decision note: compare product analytics with Grafana p95, support escalation volume, and release flag history."
EXP-00497,2019-12-07,2019-Q4,mobile-web,notification-service,checkout button copy,rolled back,160927,87.02,89.45,2.43,latency neutral,ATLAS-2159,"Decision note: compare product analytics with Grafana p95, support escalation volume, and release flag history."
EXP-00498,2019-12-08,2019-Q4,partner-api,loyalty-service,tax quote cache,draft,32344,89.11,88.87,-0.24,no clear impact,ATLAS-1694,"Decision note: compare product analytics with Grafana p95, support escalation volume, and release flag history."
EXP-00499,2019-12-09,2019-Q4,store-kiosk,tax-service,coupon fallback,rolled back,75379,88.07,88.6,0.53,support tickets increased,ATLAS-5100,"Decision note: compare product analytics with Grafana p95, support escalation volume, and release flag history."
EXP-00500,2019-12-10,2019-Q4,partner-api,checkout-api,inventory warning,inconclusive,172138,79.75,80.63,0.88,support tickets increased,ATLAS-5979,"Decision note: compare product analytics with Grafana p95, support escalation volume, and release flag history."
EXP-00501,2019-12-11,2019-Q4,mobile-web,inventory-reservation,tax quote cache,draft,186369,87.13,86.68,-0.44,no clear impact,ATLAS-4622,"Decision note: compare product analytics with Grafana p95, support escalation volume, and release flag history."
EXP-00502,2019-12-12,2019-Q4,mobile-web,payment-orchestrator,one-click reorder,rolled back,208342,76.59,78.17,1.59,support tickets increased,ATLAS-1129,"Decision note: compare product analytics with Grafana p95, support escalation volume, and release flag history."
EXP-00503,2019-12-13,2019-Q4,web,analytics-pipeline,address validation,inconclusive,108327,89.42,87.59,-1.83,latency neutral,ATLAS-5360,"Decision note: compare product analytics with Grafana p95, support escalation volume, and release flag history."
EXP-00504,2019-12-15,2019-Q4,partner-api,order-ledger,checkout button copy,lost,88605,74.85,73.85,-0.99,no clear impact,ATLAS-3360,"Decision note: compare product analytics with Grafana p95, support escalation volume, and release flag history."
EXP-00505,2019-12-16,2019-Q4,web,inventory-reservation,one-click reorder,running,104428,85.81,86.29,0.48,no clear impact,ATLAS-3922,"Decision note: compare product analytics with Grafana p95, support escalation volume, and release flag history."
EXP-00506,2019-12-17,2019-Q4,store-kiosk,checkout-api,one-click reorder,won,222814,87.03,86.94,-0.09,conversion improved,ATLAS-1792,"Decision note: compare product analytics with Grafana p95, support escalation volume, and release flag history."
EXP-00507,2019-12-18,2019-Q4,ios,checkout-api,address validation,won,155451,78.55,75.13,-3.42,latency neutral,ATLAS-2630,"Decision note: compare product analytics with Grafana p95, support escalation volume, and release flag history."
EXP-00508,2019-12-19,2019-Q4,web,tax-service,address validation,won,121080,85.76,83.03,-2.73,latency increased,ATLAS-5405,"Decision note: compare product analytics with Grafana p95, support escalation volume, and release flag history."
EXP-00509,2019-12-20,2019-Q4,mobile-web,payment-orchestrator,payment retry UX,lost,120227,88.25,90.36,2.11,latency increased,ATLAS-4970,"Decision note: compare product analytics with Grafana p95, support escalation volume, and release flag history."
EXP-00510,2019-12-21,2019-Q4,store-kiosk,inventory-reservation,one-click reorder,draft,153365,87.4,85.93,-1.47,latency neutral,ATLAS-5710,"Decision note: compare product analytics with Grafana p95, support escalation volume, and release flag history."
EXP-00511,2019-12-22,2019-Q4,store-kiosk,order-ledger,payment retry UX,inconclusive,159319,78.17,77.18,-0.99,conversion improved,ATLAS-1153,"Decision note: compare product analytics with Grafana p95, support escalation volume, and release flag history."
EXP-00512,2019-12-23,2019-Q4,web,pricing-engine,coupon fallback,lost,172659,90.63,90.03,-0.6,support tickets increased,ATLAS-1188,"Decision note: compare product analytics with Grafana p95, support escalation volume, and release flag history."
EXP-00513,2019-12-25,2019-Q4,android,pricing-engine,inventory warning,running,224205,80.38,80.89,0.51,latency neutral,ATLAS-2637,"Decision note: compare product analytics with Grafana p95, support escalation volume, and release flag history."
EXP-00514,2019-12-26,2019-Q4,web,pricing-engine,checkout button copy,won,106476,89.66,91.2,1.54,support tickets increased,ATLAS-1409,"Decision note: compare product analytics with Grafana p95, support escalation volume, and release flag history."
EXP-00515,2019-12-27,2019-Q4,mobile-web,order-ledger,tax quote cache,inconclusive,3417,86.12,89.36,3.25,latency neutral,ATLAS-5312,"Decision note: compare product analytics with Grafana p95, support escalation volume, and release flag history."
EXP-00516,2019-12-28,2019-Q4,partner-api,notification-service,inventory warning,rolled back,144646,82.86,84.17,1.31,no clear impact,ATLAS-2106,"Decision note: compare product analytics with Grafana p95, support escalation volume, and release flag history."
EXP-00517,2019-12-29,2019-Q4,web,loyalty-service,payment retry UX,won,121317,82.35,86.06,3.71,support tickets increased,ATLAS-4940,"Decision note: compare product analytics with Grafana p95, support escalation volume, and release flag history."
EXP-00518,2019-12-30,2019-Q4,web,search-recommendations,tax quote cache,lost,162020,84.38,83.7,-0.68,latency neutral,ATLAS-3930,"Decision note: compare product analytics with Grafana p95, support escalation volume, and release flag history."
EXP-00519,2019-12-31,2019-Q4,mobile-web,payment-orchestrator,payment retry UX,rolled back,146438,82.62,85.27,2.65,no clear impact,ATLAS-5903,"Decision note: compare product analytics with Grafana p95, support escalation volume, and release flag history."
EXP-00520,2020-01-01,2020-Q1,android,auth-gateway,inventory warning,inconclusive,58669,80.93,82.57,1.64,latency increased,ATLAS-5999,"Decision note: compare product analytics with Grafana p95, support escalation volume, and release flag history."
EXP-00521,2020-01-03,2020-Q1,web,tax-service,one-click reorder,rolled back,190603,80.29,83.25,2.96,latency neutral,ATLAS-2640,"Decision note: compare product analytics with Grafana p95, support escalation volume, and release flag history."
EXP-00522,2020-01-04,2020-Q1,web,order-ledger,payment retry UX,rolled back,166387,88.29,93.76,5.48,latency increased,ATLAS-2488,"Decision note: compare product analytics with Grafana p95, support escalation volume, and release flag history."
EXP-00523,2020-01-05,2020-Q1,mobile-web,search-recommendations,tax quote cache,won,11590,80.05,77.34,-2.71,no clear impact,ATLAS-2452,"Decision note: compare product analytics with Grafana p95, support escalation volume, and release flag history."
EXP-00524,2020-01-06,2020-Q1,store-kiosk,search-recommendations,loyalty prompt,won,10506,75.45,71.14,-4.32,no clear impact,ATLAS-4596,"Decision note: compare product analytics with Grafana p95, support escalation volume, and release flag history."
EXP-00525,2020-01-07,2020-Q1,web,payment-orchestrator,address validation,lost,172104,86.97,90.75,3.78,support tickets increased,ATLAS-5569,"Decision note: compare product analytics with Grafana p95, support escalation volume, and release flag history."
EXP-00526,2020-01-08,2020-Q1,web,notification-service,payment retry UX,lost,183635,84.47,83.17,-1.3,support tickets increased,ATLAS-5357,"Decision note: compare product analytics with Grafana p95, support escalation volume, and release flag history."
EXP-00527,2020-01-09,2020-Q1,mobile-web,notification-service,coupon fallback,lost,62929,88.83,89.88,1.05,conversion improved,ATLAS-1187,"Decision note: compare product analytics with Grafana p95, support escalation volume, and release flag history."
EXP-00528,2020-01-10,2020-Q1,mobile-web,tax-service,inventory warning,inconclusive,105317,89.63,88.28,-1.35,conversion improved,ATLAS-3603,"Decision note: compare product analytics with Grafana p95, support escalation volume, and release flag history."
EXP-00529,2020-01-11,2020-Q1,ios,checkout-api,checkout button copy,inconclusive,178153,84.02,83.26,-0.76,conversion improved,ATLAS-5719,"Decision note: compare product analytics with Grafana p95, support escalation volume, and release flag history."
EXP-00530,2020-01-13,2020-Q1,web,tax-service,inventory warning,lost,229052,83.26,81.78,-1.48,latency increased,ATLAS-5918,"Decision note: compare product analytics with Grafana p95, support escalation volume, and release flag history."
EXP-00531,2020-01-14,2020-Q1,android,tax-service,one-click reorder,running,182685,79.29,80.58,1.28,no clear impact,ATLAS-2778,"Decision note: compare product analytics with Grafana p95, support escalation volume, and release flag history."
EXP-00532,2020-01-15,2020-Q1,web,auth-gateway,payment retry UX,draft,238966,72.84,76.12,3.29,latency increased,ATLAS-4167,"Decision note: compare product analytics with Grafana p95, support escalation volume, and release flag history."
EXP-00533,2020-01-16,2020-Q1,mobile-web,auth-gateway,checkout button copy,draft,135245,87.26,88.83,1.57,latency increased,ATLAS-3752,"Decision note: compare product analytics with Grafana p95, support escalation volume, and release flag history."
EXP-00534,2020-01-17,2020-Q1,mobile-web,analytics-pipeline,checkout button copy,rolled back,89847,77.59,77.26,-0.33,no clear impact,ATLAS-3464,"Decision note: compare product analytics with Grafana p95, support escalation volume, and release flag history."
EXP-00535,2020-01-18,2020-Q1,mobile-web,checkout-api,loyalty prompt,won,94445,87.07,93.14,6.07,no clear impact,ATLAS-4883,"Decision note: compare product analytics with Grafana p95, support escalation volume, and release flag history."
EXP-00536,2020-01-19,2020-Q1,mobile-web,cart-service,inventory warning,rolled back,58594,74.38,75.78,1.4,latency neutral,ATLAS-2461,"Decision note: compare product analytics with Grafana p95, support escalation volume, and release flag history."
EXP-00537,2020-01-20,2020-Q1,ios,loyalty-service,inventory warning,running,224343,77.39,78.42,1.02,conversion improved,ATLAS-2404,"Decision note: compare product analytics with Grafana p95, support escalation volume, and release flag history."
EXP-00538,2020-01-21,2020-Q1,web,analytics-pipeline,tax quote cache,won,169690,83.88,86.1,2.22,conversion improved,ATLAS-2006,"Decision note: compare product analytics with Grafana p95, support escalation volume, and release flag history."
EXP-00539,2020-01-23,2020-Q1,web,checkout-api,payment retry UX,draft,77720,75.97,80.58,4.62,latency increased,ATLAS-1291,"Decision note: compare product analytics with Grafana p95, support escalation volume, and release flag history."
EXP-00540,2020-01-24,2020-Q1,store-kiosk,cart-service,coupon fallback,inconclusive,195138,80.92,84.01,3.09,latency neutral,ATLAS-5510,"Decision note: compare product analytics with Grafana p95, support escalation volume, and release flag history."
EXP-00541,2020-01-25,2020-Q1,web,tax-service,payment retry UX,rolled back,4788,85.4,83.6,-1.8,conversion improved,ATLAS-3009,"Decision note: compare product analytics with Grafana p95, support escalation volume, and release flag history."
EXP-00542,2020-01-26,2020-Q1,partner-api,analytics-pipeline,inventory warning,inconclusive,140314,80.55,80.62,0.06,support tickets increased,ATLAS-6068,"Decision note: compare product analytics with Grafana p95, support escalation volume, and release flag history."
EXP-00543,2020-01-27,2020-Q1,ios,analytics-pipeline,tax quote cache,inconclusive,108082,75.98,80.58,4.6,no clear impact,ATLAS-1402,"Decision note: compare product analytics with Grafana p95, support escalation volume, and release flag history."
EXP-00544,2020-01-28,2020-Q1,partner-api,loyalty-service,inventory warning,rolled back,116320,86.31,87.23,0.92,support tickets increased,ATLAS-2534,"Decision note: compare product analytics with Grafana p95, support escalation volume, and release flag history."
EXP-00545,2020-01-29,2020-Q1,web,inventory-reservation,loyalty prompt,draft,71816,87.08,90.65,3.56,no clear impact,ATLAS-1697,"Decision note: compare product analytics with Grafana p95, support escalation volume, and release flag history."
EXP-00546,2020-01-30,2020-Q1,mobile-web,payment-orchestrator,one-click reorder,running,157339,85.17,87.52,2.35,no clear impact,ATLAS-4509,"Decision note: compare product analytics with Grafana p95, support escalation volume, and release flag history."
EXP-00547,2020-02-01,2020-Q1,mobile-web,tax-service,checkout button copy,inconclusive,80470,77.51,77.98,0.47,conversion improved,ATLAS-3157,"Decision note: compare product analytics with Grafana p95, support escalation volume, and release flag history."
EXP-00548,2020-02-02,2020-Q1,mobile-web,pricing-engine,coupon fallback,lost,48197,89.38,90.48,1.11,latency increased,ATLAS-4993,"Decision note: compare product analytics with Grafana p95, support escalation volume, and release flag history."
EXP-00549,2020-02-03,2020-Q1,android,cart-service,inventory warning,running,96096,78.53,77.75,-0.79,no clear impact,ATLAS-5165,"Decision note: compare product analytics with Grafana p95, support escalation volume, and release flag history."
EXP-00550,2020-02-04,2020-Q1,ios,cart-service,payment retry UX,running,146917,76.0,75.8,-0.2,no clear impact,ATLAS-3643,"Decision note: compare product analytics with Grafana p95, support escalation volume, and release flag history."
EXP-00551,2020-02-05,2020-Q1,android,pricing-engine,loyalty prompt,lost,88263,82.65,89.63,6.98,latency neutral,ATLAS-4441,"Decision note: compare product analytics with Grafana p95, support escalation volume, and release flag history."
EXP-00552,2020-02-06,2020-Q1,android,payment-orchestrator,checkout button copy,rolled back,178562,74.99,76.51,1.52,latency neutral,ATLAS-4836,"Decision note: compare product analytics with Grafana p95, support escalation volume, and release flag history."
EXP-00553,2020-02-07,2020-Q1,store-kiosk,analytics-pipeline,coupon fallback,inconclusive,157757,86.45,85.37,-1.08,no clear impact,ATLAS-2056,"Decision note: compare product analytics with Grafana p95, support escalation volume, and release flag history."
EXP-00554,2020-02-08,2020-Q1,ios,pricing-engine,one-click reorder,lost,200053,77.34,75.01,-2.33,latency increased,ATLAS-3906,"Decision note: compare product analytics with Grafana p95, support escalation volume, and release flag history."
EXP-00555,2020-02-09,2020-Q1,ios,tax-service,loyalty prompt,rolled back,36755,84.07,83.32,-0.75,latency neutral,ATLAS-2582,"Decision note: compare product analytics with Grafana p95, support escalation volume, and release flag history."
EXP-00556,2020-02-11,2020-Q1,ios,loyalty-service,loyalty prompt,draft,61516,90.83,96,5.71,support tickets increased,ATLAS-4002,"Decision note: compare product analytics with Grafana p95, support escalation volume, and release flag history."
EXP-00557,2020-02-12,2020-Q1,partner-api,inventory-reservation,tax quote cache,won,32978,88.87,85.29,-3.58,latency neutral,ATLAS-2697,"Decision note: compare product analytics with Grafana p95, support escalation volume, and release flag history."
EXP-00558,2020-02-13,2020-Q1,ios,cart-service,payment retry UX,won,202945,72.17,70.46,-1.71,conversion improved,ATLAS-2348,"Decision note: compare product analytics with Grafana p95, support escalation volume, and release flag history."
EXP-00559,2020-02-14,2020-Q1,store-kiosk,pricing-engine,one-click reorder,draft,229820,84.98,86.14,1.16,conversion improved,ATLAS-2933,"Decision note: compare product analytics with Grafana p95, support escalation volume, and release flag history."
EXP-00560,2020-02-15,2020-Q1,android,search-recommendations,checkout button copy,draft,97280,76.45,78.78,2.33,support tickets increased,ATLAS-1447,"Decision note: compare product analytics with Grafana p95, support escalation volume, and release flag history."
EXP-00561,2020-02-16,2020-Q1,ios,search-recommendations,checkout button copy,won,198651,78.81,78.92,0.11,conversion improved,ATLAS-1333,"Decision note: compare product analytics with Grafana p95, support escalation volume, and release flag history."
EXP-00562,2020-02-17,2020-Q1,mobile-web,order-ledger,inventory warning,rolled back,117333,89.14,89.02,-0.12,latency increased,ATLAS-3569,"Decision note: compare product analytics with Grafana p95, support escalation volume, and release flag history."
EXP-00563,2020-02-18,2020-Q1,ios,order-ledger,coupon fallback,rolled back,188487,77.31,87.21,9.9,conversion improved,ATLAS-3171,"Decision note: compare product analytics with Grafana p95, support escalation volume, and release flag history."
EXP-00564,2020-02-20,2020-Q1,ios,checkout-api,inventory warning,rolled back,126914,80.36,84.67,4.31,latency increased,ATLAS-4150,"Decision note: compare product analytics with Grafana p95, support escalation volume, and release flag history."
EXP-00565,2020-02-21,2020-Q1,web,auth-gateway,address validation,rolled back,204000,77.41,81.82,4.41,support tickets increased,ATLAS-6154,"Decision note: compare product analytics with Grafana p95, support escalation volume, and release flag history."
EXP-00566,2020-02-22,2020-Q1,ios,analytics-pipeline,tax quote cache,won,43930,78.44,82.94,4.5,support tickets increased,ATLAS-4204,"Decision note: compare product analytics with Grafana p95, support escalation volume, and release flag history."
EXP-00567,2020-02-23,2020-Q1,partner-api,tax-service,checkout button copy,running,143577,85.84,87.93,2.09,latency increased,ATLAS-2554,"Decision note: compare product analytics with Grafana p95, support escalation volume, and release flag history."
EXP-00568,2020-02-24,2020-Q1,store-kiosk,analytics-pipeline,inventory warning,won,45191,84.75,83.19,-1.56,latency increased,ATLAS-4418,"Decision note: compare product analytics with Grafana p95, support escalation volume, and release flag history."
EXP-00569,2020-02-25,2020-Q1,web,payment-orchestrator,loyalty prompt,won,5957,73.58,76.25,2.67,latency neutral,ATLAS-5888,"Decision note: compare product analytics with Grafana p95, support escalation volume, and release flag history."
EXP-00570,2020-02-26,2020-Q1,partner-api,tax-service,tax quote cache,running,144827,73.74,76.69,2.95,support tickets increased,ATLAS-6048,"Decision note: compare product analytics with Grafana p95, support escalation volume, and release flag history."
EXP-00571,2020-02-27,2020-Q1,store-kiosk,cart-service,address validation,inconclusive,101240,79.4,79.85,0.45,no clear impact,ATLAS-6007,"Decision note: compare product analytics with Grafana p95, support escalation volume, and release flag history."
EXP-00572,2020-02-28,2020-Q1,ios,order-ledger,address validation,running,81558,85.04,89.64,4.6,conversion improved,ATLAS-2641,"Decision note: compare product analytics with Grafana p95, support escalation volume, and release flag history."
EXP-00573,2020-03-01,2020-Q1,store-kiosk,order-ledger,one-click reorder,running,126008,87.59,90.58,2.99,latency increased,ATLAS-1700,"Decision note: compare product analytics with Grafana p95, support escalation volume, and release flag history."
EXP-00574,2020-03-02,2020-Q1,ios,payment-orchestrator,loyalty prompt,inconclusive,130472,88.33,91.39,3.06,no clear impact,ATLAS-4108,"Decision note: compare product analytics with Grafana p95, support escalation volume, and release flag history."
EXP-00575,2020-03-03,2020-Q1,web,order-ledger,one-click reorder,won,124999,88.22,89.1,0.88,latency neutral,ATLAS-1623,"Decision note: compare product analytics with Grafana p95, support escalation volume, and release flag history."
EXP-00576,2020-03-04,2020-Q1,web,inventory-reservation,inventory warning,running,3300,86.44,86.08,-0.37,conversion improved,ATLAS-4362,"Decision note: compare product analytics with Grafana p95, support escalation volume, and release flag history."
EXP-00577,2020-03-05,2020-Q1,partner-api,auth-gateway,inventory warning,rolled back,230742,79.25,79.64,0.39,conversion improved,ATLAS-5183,"Decision note: compare product analytics with Grafana p95, support escalation volume, and release flag history."
EXP-00578,2020-03-06,2020-Q1,android,order-ledger,loyalty prompt,running,238603,87.16,90.42,3.26,support tickets increased,ATLAS-1743,"Decision note: compare product analytics with Grafana p95, support escalation volume, and release flag history."
EXP-00579,2020-03-07,2020-Q1,mobile-web,auth-gateway,loyalty prompt,draft,149008,89.76,89.89,0.14,no clear impact,ATLAS-5110,"Decision note: compare product analytics with Grafana p95, support escalation volume, and release flag history."
EXP-00580,2020-03-08,2020-Q1,partner-api,analytics-pipeline,checkout button copy,rolled back,234711,90.86,92.11,1.26,latency neutral,ATLAS-3520,"Decision note: compare product analytics with Grafana p95, support escalation volume, and release flag history."
EXP-00581,2020-03-10,2020-Q1,store-kiosk,analytics-pipeline,loyalty prompt,inconclusive,126758,90.2,91.34,1.14,conversion improved,ATLAS-4920,"Decision note: compare product analytics with Grafana p95, support escalation volume, and release flag history."
EXP-00582,2020-03-11,2020-Q1,mobile-web,loyalty-service,payment retry UX,lost,114010,81.74,81.54,-0.21,latency increased,ATLAS-1776,"Decision note: compare product analytics with Grafana p95, support escalation volume, and release flag history."
EXP-00583,2020-03-12,2020-Q1,web,auth-gateway,payment retry UX,running,77080,86.17,89.25,3.08,latency neutral,ATLAS-2531,"Decision note: compare product analytics with Grafana p95, support escalation volume, and release flag history."
EXP-00584,2020-03-13,2020-Q1,web,payment-orchestrator,one-click reorder,draft,71933,88.31,92.23,3.92,support tickets increased,ATLAS-1785,"Decision note: compare product analytics with Grafana p95, support escalation volume, and release flag history."
EXP-00585,2020-03-14,2020-Q1,android,tax-service,address validation,rolled back,102334,80.46,81.5,1.04,latency increased,ATLAS-1170,"Decision note: compare product analytics with Grafana p95, support escalation volume, and release flag history."
EXP-00586,2020-03-15,2020-Q1,mobile-web,analytics-pipeline,one-click reorder,draft,236726,84.13,89.6,5.46,latency neutral,ATLAS-1862,"Decision note: compare product analytics with Grafana p95, support escalation volume, and release flag history."
EXP-00587,2020-03-16,2020-Q1,store-kiosk,auth-gateway,address validation,lost,120769,80.72,83.32,2.6,support tickets increased,ATLAS-4607,"Decision note: compare product analytics with Grafana p95, support escalation volume, and release flag history."
EXP-00588,2020-03-17,2020-Q1,web,inventory-reservation,payment retry UX,won,76357,75.73,77.08,1.35,support tickets increased,ATLAS-3749,"Decision note: compare product analytics with Grafana p95, support escalation volume, and release flag history."
EXP-00589,2020-03-18,2020-Q1,partner-api,tax-service,coupon fallback,rolled back,162514,83.42,82.84,-0.58,conversion improved,ATLAS-1717,"Decision note: compare product analytics with Grafana p95, support escalation volume, and release flag history."
EXP-00590,2020-03-20,2020-Q1,web,loyalty-service,address validation,draft,19024,74.75,71.94,-2.81,latency neutral,ATLAS-4110,"Decision note: compare product analytics with Grafana p95, support escalation volume, and release flag history."
EXP-00591,2020-03-21,2020-Q1,partner-api,payment-orchestrator,coupon fallback,lost,183604,85.85,88.96,3.11,conversion improved,ATLAS-4203,"Decision note: compare product analytics with Grafana p95, support escalation volume, and release flag history."
EXP-00592,2020-03-22,2020-Q1,android,order-ledger,inventory warning,running,114911,84.17,86.03,1.86,no clear impact,ATLAS-5517,"Decision note: compare product analytics with Grafana p95, support escalation volume, and release flag history."
EXP-00593,2020-03-23,2020-Q1,mobile-web,loyalty-service,payment retry UX,rolled back,92736,89.21,90.67,1.45,latency neutral,ATLAS-4808,"Decision note: compare product analytics with Grafana p95, support escalation volume, and release flag history."
EXP-00594,2020-03-24,2020-Q1,android,checkout-api,address validation,lost,97457,85.77,85.43,-0.34,latency neutral,ATLAS-2473,"Decision note: compare product analytics with Grafana p95, support escalation volume, and release flag history."
EXP-00595,2020-03-25,2020-Q1,web,checkout-api,inventory warning,inconclusive,60341,77.07,77.94,0.87,latency increased,ATLAS-5541,"Decision note: compare product analytics with Grafana p95, support escalation volume, and release flag history."
EXP-00596,2020-03-26,2020-Q1,android,notification-service,checkout button copy,draft,68996,83.99,85.77,1.78,support tickets increased,ATLAS-4026,"Decision note: compare product analytics with Grafana p95, support escalation volume, and release flag history."
EXP-00597,2020-03-27,2020-Q1,partner-api,order-ledger,inventory warning,lost,76834,86.44,87.93,1.49,latency neutral,ATLAS-5909,"Decision note: compare product analytics with Grafana p95, support escalation volume, and release flag history."
EXP-00598,2020-03-29,2020-Q1,partner-api,tax-service,address validation,won,22513,76.59,77.85,1.25,conversion improved,ATLAS-5782,"Decision note: compare product analytics with Grafana p95, support escalation volume, and release flag history."
EXP-00599,2020-03-30,2020-Q1,web,checkout-api,coupon fallback,won,78886,72.23,72.21,-0.01,no clear impact,ATLAS-2933,"Decision note: compare product analytics with Grafana p95, support escalation volume, and release flag history."
EXP-00600,2020-03-31,2020-Q1,android,checkout-api,payment retry UX,won,208371,89.26,87.59,-1.67,support tickets increased,ATLAS-4488,"Decision note: compare product analytics with Grafana p95, support escalation volume, and release flag history."
EXP-00601,2020-04-01,2020-Q2,partner-api,checkout-api,payment retry UX,inconclusive,72210,85.15,88.31,3.17,conversion improved,ATLAS-3696,"Decision note: compare product analytics with Grafana p95, support escalation volume, and release flag history."
EXP-00602,2020-04-02,2020-Q2,web,pricing-engine,tax quote cache,won,230450,76.02,75.0,-1.02,latency increased,ATLAS-4217,"Decision note: compare product analytics with Grafana p95, support escalation volume, and release flag history."
EXP-00603,2020-04-03,2020-Q2,ios,payment-orchestrator,tax quote cache,running,225973,72.32,72.96,0.65,latency increased,ATLAS-4679,"Decision note: compare product analytics with Grafana p95, support escalation volume, and release flag history."
EXP-00604,2020-04-04,2020-Q2,ios,payment-orchestrator,coupon fallback,rolled back,141851,76.5,76.37,-0.13,latency neutral,ATLAS-2269,"Decision note: compare product analytics with Grafana p95, support escalation volume, and release flag history."
EXP-00605,2020-04-05,2020-Q2,web,loyalty-service,one-click reorder,won,27236,85.32,86.46,1.14,no clear impact,ATLAS-5740,"Decision note: compare product analytics with Grafana p95, support escalation volume, and release flag history."
EXP-00606,2020-04-06,2020-Q2,web,loyalty-service,loyalty prompt,running,74291,74.23,79.17,4.94,latency increased,ATLAS-2063,"Decision note: compare product analytics with Grafana p95, support escalation volume, and release flag history."
EXP-00607,2020-04-08,2020-Q2,ios,pricing-engine,address validation,won,58535,72.19,74.78,2.6,latency neutral,ATLAS-2427,"Decision note: compare product analytics with Grafana p95, support escalation volume, and release flag history."
EXP-00608,2020-04-09,2020-Q2,store-kiosk,inventory-reservation,checkout button copy,draft,131746,76.72,79.99,3.27,no clear impact,ATLAS-2823,"Decision note: compare product analytics with Grafana p95, support escalation volume, and release flag history."
EXP-00609,2020-04-10,2020-Q2,web,search-recommendations,loyalty prompt,lost,83054,86.36,84.33,-2.03,latency neutral,ATLAS-3726,"Decision note: compare product analytics with Grafana p95, support escalation volume, and release flag history."
EXP-00610,2020-04-11,2020-Q2,partner-api,notification-service,inventory warning,inconclusive,27891,84.97,89.9,4.93,latency neutral,ATLAS-3392,"Decision note: compare product analytics with Grafana p95, support escalation volume, and release flag history."
EXP-00611,2020-04-12,2020-Q2,partner-api,search-recommendations,tax quote cache,won,68977,72.52,73.62,1.1,support tickets increased,ATLAS-2666,"Decision note: compare product analytics with Grafana p95, support escalation volume, and release flag history."
EXP-00612,2020-04-13,2020-Q2,store-kiosk,checkout-api,coupon fallback,inconclusive,42478,79.62,82.99,3.38,latency neutral,ATLAS-1364,"Decision note: compare product analytics with Grafana p95, support escalation volume, and release flag history."
EXP-00613,2020-04-14,2020-Q2,ios,order-ledger,one-click reorder,draft,194174,84.33,84.35,0.02,latency neutral,ATLAS-1069,"Decision note: compare product analytics with Grafana p95, support escalation volume, and release flag history."
EXP-00614,2020-04-15,2020-Q2,android,order-ledger,inventory warning,inconclusive,119115,86.65,86.91,0.26,support tickets increased,ATLAS-3729,"Decision note: compare product analytics with Grafana p95, support escalation volume, and release flag history."
EXP-00615,2020-04-17,2020-Q2,ios,analytics-pipeline,payment retry UX,lost,173677,72.2,74.19,1.99,no clear impact,ATLAS-1656,"Decision note: compare product analytics with Grafana p95, support escalation volume, and release flag history."
EXP-00616,2020-04-18,2020-Q2,store-kiosk,pricing-engine,payment retry UX,lost,71407,72.55,72.34,-0.21,support tickets increased,ATLAS-2563,"Decision note: compare product analytics with Grafana p95, support escalation volume, and release flag history."
EXP-00617,2020-04-19,2020-Q2,web,auth-gateway,coupon fallback,won,119149,82.36,81.08,-1.28,no clear impact,ATLAS-1710,"Decision note: compare product analytics with Grafana p95, support escalation volume, and release flag history."
EXP-00618,2020-04-20,2020-Q2,partner-api,auth-gateway,one-click reorder,rolled back,146555,72.38,75.97,3.58,latency increased,ATLAS-4821,"Decision note: compare product analytics with Grafana p95, support escalation volume, and release flag history."
EXP-00619,2020-04-21,2020-Q2,mobile-web,auth-gateway,payment retry UX,running,227465,72.21,74.63,2.42,no clear impact,ATLAS-3657,"Decision note: compare product analytics with Grafana p95, support escalation volume, and release flag history."
EXP-00620,2020-04-22,2020-Q2,web,cart-service,coupon fallback,draft,100890,72.06,70.85,-1.22,support tickets increased,ATLAS-1598,"Decision note: compare product analytics with Grafana p95, support escalation volume, and release flag history."
EXP-00621,2020-04-23,2020-Q2,ios,order-ledger,inventory warning,draft,30981,77.18,75.7,-1.48,latency increased,ATLAS-2528,"Decision note: compare product analytics with Grafana p95, support escalation volume, and release flag history."
EXP-00622,2020-04-24,2020-Q2,web,cart-service,tax quote cache,running,194020,80.45,78.98,-1.48,no clear impact,ATLAS-5203,"Decision note: compare product analytics with Grafana p95, support escalation volume, and release flag history."
EXP-00623,2020-04-25,2020-Q2,android,notification-service,loyalty prompt,running,168640,78.41,79.12,0.71,support tickets increased,ATLAS-6138,"Decision note: compare product analytics with Grafana p95, support escalation volume, and release flag history."
EXP-00624,2020-04-27,2020-Q2,mobile-web,inventory-reservation,checkout button copy,running,141279,80.01,81.04,1.02,support tickets increased,ATLAS-6020,"Decision note: compare product analytics with Grafana p95, support escalation volume, and release flag history."
EXP-00625,2020-04-28,2020-Q2,mobile-web,payment-orchestrator,loyalty prompt,running,66958,90.46,90.39,-0.07,conversion improved,ATLAS-2259,"Decision note: compare product analytics with Grafana p95, support escalation volume, and release flag history."
EXP-00626,2020-04-29,2020-Q2,store-kiosk,order-ledger,checkout button copy,rolled back,233063,86.07,87.43,1.36,support tickets increased,ATLAS-1339,"Decision note: compare product analytics with Grafana p95, support escalation volume, and release flag history."
EXP-00627,2020-04-30,2020-Q2,store-kiosk,inventory-reservation,checkout button copy,running,138595,82.28,86.96,4.69,latency increased,ATLAS-6089,"Decision note: compare product analytics with Grafana p95, support escalation volume, and release flag history."
EXP-00628,2020-05-01,2020-Q2,store-kiosk,checkout-api,address validation,lost,172351,74.12,76.27,2.15,conversion improved,ATLAS-4818,"Decision note: compare product analytics with Grafana p95, support escalation volume, and release flag history."
EXP-00629,2020-05-02,2020-Q2,android,order-ledger,loyalty prompt,won,121645,78.79,78.23,-0.56,latency increased,ATLAS-3165,"Decision note: compare product analytics with Grafana p95, support escalation volume, and release flag history."
EXP-00630,2020-05-03,2020-Q2,ios,cart-service,loyalty prompt,inconclusive,105040,80.03,83.88,3.85,no clear impact,ATLAS-3760,"Decision note: compare product analytics with Grafana p95, support escalation volume, and release flag history."
EXP-00631,2020-05-04,2020-Q2,ios,order-ledger,loyalty prompt,rolled back,78480,89.93,94.82,4.89,no clear impact,ATLAS-3860,"Decision note: compare product analytics with Grafana p95, support escalation volume, and release flag history."
EXP-00632,2020-05-06,2020-Q2,partner-api,search-recommendations,loyalty prompt,draft,120240,88.15,89.68,1.54,latency increased,ATLAS-5140,"Decision note: compare product analytics with Grafana p95, support escalation volume, and release flag history."
EXP-00633,2020-05-07,2020-Q2,mobile-web,order-ledger,loyalty prompt,lost,213779,87.55,90.84,3.29,no clear impact,ATLAS-2537,"Decision note: compare product analytics with Grafana p95, support escalation volume, and release flag history."
EXP-00634,2020-05-08,2020-Q2,mobile-web,payment-orchestrator,loyalty prompt,won,9502,89.3,88.95,-0.34,support tickets increased,ATLAS-5248,"Decision note: compare product analytics with Grafana p95, support escalation volume, and release flag history."
EXP-00635,2020-05-09,2020-Q2,partner-api,auth-gateway,inventory warning,running,19808,87.59,85.33,-2.26,no clear impact,ATLAS-2648,"Decision note: compare product analytics with Grafana p95, support escalation volume, and release flag history."
EXP-00636,2020-05-10,2020-Q2,android,loyalty-service,inventory warning,inconclusive,22849,76.34,77.86,1.52,conversion improved,ATLAS-1086,"Decision note: compare product analytics with Grafana p95, support escalation volume, and release flag history."
EXP-00637,2020-05-11,2020-Q2,store-kiosk,cart-service,checkout button copy,inconclusive,79353,82.79,81.5,-1.28,latency increased,ATLAS-5351,"Decision note: compare product analytics with Grafana p95, support escalation volume, and release flag history."
EXP-00638,2020-05-12,2020-Q2,web,order-ledger,one-click reorder,draft,204929,88.52,89.72,1.21,latency increased,ATLAS-1109,"Decision note: compare product analytics with Grafana p95, support escalation volume, and release flag history."
EXP-00639,2020-05-13,2020-Q2,store-kiosk,cart-service,one-click reorder,draft,122406,87.34,91.75,4.41,latency increased,ATLAS-2542,"Decision note: compare product analytics with Grafana p95, support escalation volume, and release flag history."
EXP-00640,2020-05-14,2020-Q2,mobile-web,checkout-api,tax quote cache,draft,166071,73.02,73.48,0.46,conversion improved,ATLAS-5053,"Decision note: compare product analytics with Grafana p95, support escalation volume, and release flag history."
EXP-00641,2020-05-16,2020-Q2,web,search-recommendations,coupon fallback,draft,26010,81.97,83.73,1.76,support tickets increased,ATLAS-1102,"Decision note: compare product analytics with Grafana p95, support escalation volume, and release flag history."
EXP-00642,2020-05-17,2020-Q2,partner-api,order-ledger,loyalty prompt,draft,194685,79.8,84.01,4.21,latency neutral,ATLAS-2921,"Decision note: compare product analytics with Grafana p95, support escalation volume, and release flag history."
EXP-00643,2020-05-18,2020-Q2,web,analytics-pipeline,one-click reorder,lost,215430,81.34,81.23,-0.12,latency neutral,ATLAS-2278,"Decision note: compare product analytics with Grafana p95, support escalation volume, and release flag history."
EXP-00644,2020-05-19,2020-Q2,ios,tax-service,tax quote cache,draft,5080,80.5,79.17,-1.33,latency increased,ATLAS-1809,"Decision note: compare product analytics with Grafana p95, support escalation volume, and release flag history."
EXP-00645,2020-05-20,2020-Q2,web,inventory-reservation,inventory warning,lost,111594,88.79,87.95,-0.83,latency neutral,ATLAS-3130,"Decision note: compare product analytics with Grafana p95, support escalation volume, and release flag history."
EXP-00646,2020-05-21,2020-Q2,store-kiosk,tax-service,address validation,running,54539,89.35,87.52,-1.83,latency increased,ATLAS-2717,"Decision note: compare product analytics with Grafana p95, support escalation volume, and release flag history."
EXP-00647,2020-05-22,2020-Q2,mobile-web,notification-service,address validation,running,32655,87.63,86.04,-1.59,support tickets increased,ATLAS-1957,"Decision note: compare product analytics with Grafana p95, support escalation volume, and release flag history."
EXP-00648,2020-05-23,2020-Q2,ios,cart-service,one-click reorder,won,202755,83.77,88.01,4.24,latency neutral,ATLAS-3458,"Decision note: compare product analytics with Grafana p95, support escalation volume, and release flag history."
EXP-00649,2020-05-25,2020-Q2,mobile-web,search-recommendations,inventory warning,lost,200162,82.34,82.33,-0.01,latency increased,ATLAS-2284,"Decision note: compare product analytics with Grafana p95, support escalation volume, and release flag history."
EXP-00650,2020-05-26,2020-Q2,ios,checkout-api,one-click reorder,draft,99186,88.38,89.91,1.52,support tickets increased,ATLAS-2299,"Decision note: compare product analytics with Grafana p95, support escalation volume, and release flag history."
EXP-00651,2020-05-27,2020-Q2,partner-api,notification-service,address validation,inconclusive,117021,84.45,82.73,-1.72,latency neutral,ATLAS-1627,"Decision note: compare product analytics with Grafana p95, support escalation volume, and release flag history."
EXP-00652,2020-05-28,2020-Q2,mobile-web,pricing-engine,loyalty prompt,inconclusive,42697,77.67,77.76,0.08,conversion improved,ATLAS-2171,"Decision note: compare product analytics with Grafana p95, support escalation volume, and release flag history."
EXP-00653,2020-05-29,2020-Q2,mobile-web,loyalty-service,loyalty prompt,draft,50899,84.36,85.01,0.65,no clear impact,ATLAS-1956,"Decision note: compare product analytics with Grafana p95, support escalation volume, and release flag history."
EXP-00654,2020-05-30,2020-Q2,store-kiosk,tax-service,address validation,won,20438,73.21,74.41,1.21,conversion improved,ATLAS-3081,"Decision note: compare product analytics with Grafana p95, support escalation volume, and release flag history."
EXP-00655,2020-05-31,2020-Q2,store-kiosk,loyalty-service,coupon fallback,draft,85659,82.27,79.22,-3.05,support tickets increased,ATLAS-2311,"Decision note: compare product analytics with Grafana p95, support escalation volume, and release flag history."
EXP-00656,2020-06-01,2020-Q2,store-kiosk,payment-orchestrator,coupon fallback,running,103012,88.74,92.86,4.13,support tickets increased,ATLAS-4356,"Decision note: compare product analytics with Grafana p95, support escalation volume, and release flag history."
EXP-00657,2020-06-02,2020-Q2,ios,search-recommendations,tax quote cache,lost,62146,75.58,72.7,-2.88,latency neutral,ATLAS-1961,"Decision note: compare product analytics with Grafana p95, support escalation volume, and release flag history."
EXP-00658,2020-06-04,2020-Q2,partner-api,order-ledger,one-click reorder,running,106443,90.8,93.02,2.21,no clear impact,ATLAS-1506,"Decision note: compare product analytics with Grafana p95, support escalation volume, and release flag history."
EXP-00659,2020-06-05,2020-Q2,ios,auth-gateway,tax quote cache,draft,186370,88.46,88.78,0.32,latency increased,ATLAS-1672,"Decision note: compare product analytics with Grafana p95, support escalation volume, and release flag history."
EXP-00660,2020-06-06,2020-Q2,mobile-web,analytics-pipeline,one-click reorder,won,37127,83.44,87.03,3.59,conversion improved,ATLAS-1649,"Decision note: compare product analytics with Grafana p95, support escalation volume, and release flag history."
EXP-00661,2020-06-07,2020-Q2,android,payment-orchestrator,coupon fallback,rolled back,217064,81.19,84.77,3.58,no clear impact,ATLAS-5641,"Decision note: compare product analytics with Grafana p95, support escalation volume, and release flag history."
EXP-00662,2020-06-08,2020-Q2,ios,pricing-engine,inventory warning,running,83353,75.48,77.98,2.51,latency increased,ATLAS-5573,"Decision note: compare product analytics with Grafana p95, support escalation volume, and release flag history."
EXP-00663,2020-06-09,2020-Q2,store-kiosk,analytics-pipeline,inventory warning,lost,200876,75.07,76.74,1.67,support tickets increased,ATLAS-1472,"Decision note: compare product analytics with Grafana p95, support escalation volume, and release flag history."
EXP-00664,2020-06-10,2020-Q2,android,inventory-reservation,inventory warning,inconclusive,170991,84.73,80.51,-4.22,latency increased,ATLAS-5292,"Decision note: compare product analytics with Grafana p95, support escalation volume, and release flag history."
EXP-00665,2020-06-11,2020-Q2,ios,analytics-pipeline,inventory warning,rolled back,40841,74.6,75.93,1.33,conversion improved,ATLAS-5552,"Decision note: compare product analytics with Grafana p95, support escalation volume, and release flag history."
EXP-00666,2020-06-13,2020-Q2,android,pricing-engine,address validation,draft,145970,76.6,74.96,-1.63,latency neutral,ATLAS-2809,"Decision note: compare product analytics with Grafana p95, support escalation volume, and release flag history."
EXP-00667,2020-06-14,2020-Q2,mobile-web,loyalty-service,tax quote cache,won,82189,81.34,80.78,-0.57,no clear impact,ATLAS-4683,"Decision note: compare product analytics with Grafana p95, support escalation volume, and release flag history."
EXP-00668,2020-06-15,2020-Q2,mobile-web,checkout-api,loyalty prompt,rolled back,61970,79.5,82.65,3.15,conversion improved,ATLAS-5322,"Decision note: compare product analytics with Grafana p95, support escalation volume, and release flag history."
EXP-00669,2020-06-16,2020-Q2,ios,cart-service,checkout button copy,draft,190975,81.43,80.54,-0.89,support tickets increased,ATLAS-1192,"Decision note: compare product analytics with Grafana p95, support escalation volume, and release flag history."
EXP-00670,2020-06-17,2020-Q2,partner-api,auth-gateway,loyalty prompt,rolled back,88313,78.03,74.5,-3.53,support tickets increased,ATLAS-1940,"Decision note: compare product analytics with Grafana p95, support escalation volume, and release flag history."
EXP-00671,2020-06-18,2020-Q2,store-kiosk,tax-service,one-click reorder,won,11740,82.83,81.14,-1.68,latency increased,ATLAS-3632,"Decision note: compare product analytics with Grafana p95, support escalation volume, and release flag history."
EXP-00672,2020-06-19,2020-Q2,mobile-web,payment-orchestrator,inventory warning,inconclusive,226250,80.01,83.42,3.42,latency neutral,ATLAS-1298,"Decision note: compare product analytics with Grafana p95, support escalation volume, and release flag history."
EXP-00673,2020-06-20,2020-Q2,web,notification-service,payment retry UX,rolled back,97854,90.02,93.3,3.28,support tickets increased,ATLAS-3051,"Decision note: compare product analytics with Grafana p95, support escalation volume, and release flag history."
EXP-00674,2020-06-21,2020-Q2,store-kiosk,order-ledger,address validation,won,113546,81.02,85.0,3.97,latency increased,ATLAS-5874,"Decision note: compare product analytics with Grafana p95, support escalation volume, and release flag history."
EXP-00675,2020-06-23,2020-Q2,store-kiosk,payment-orchestrator,payment retry UX,lost,213825,84.99,87.15,2.16,support tickets increased,ATLAS-6174,"Decision note: compare product analytics with Grafana p95, support escalation volume, and release flag history."
EXP-00676,2020-06-24,2020-Q2,mobile-web,pricing-engine,payment retry UX,draft,171017,76.63,79.25,2.62,no clear impact,ATLAS-1317,"Decision note: compare product analytics with Grafana p95, support escalation volume, and release flag history."
EXP-00677,2020-06-25,2020-Q2,android,notification-service,loyalty prompt,rolled back,157214,90.99,92.37,1.38,no clear impact,ATLAS-2613,"Decision note: compare product analytics with Grafana p95, support escalation volume, and release flag history."
EXP-00678,2020-06-26,2020-Q2,web,auth-gateway,one-click reorder,lost,44574,75.45,76.52,1.06,support tickets increased,ATLAS-5741,"Decision note: compare product analytics with Grafana p95, support escalation volume, and release flag history."
EXP-00679,2020-06-27,2020-Q2,android,loyalty-service,payment retry UX,lost,137943,73.28,74.2,0.93,latency increased,ATLAS-5529,"Decision note: compare product analytics with Grafana p95, support escalation volume, and release flag history."
EXP-00680,2020-06-28,2020-Q2,partner-api,pricing-engine,one-click reorder,draft,152582,76.98,78.5,1.52,support tickets increased,ATLAS-1042,"Decision note: compare product analytics with Grafana p95, support escalation volume, and release flag history."
EXP-00681,2020-06-29,2020-Q2,partner-api,loyalty-service,tax quote cache,won,57520,90.56,89.7,-0.85,conversion improved,ATLAS-3085,"Decision note: compare product analytics with Grafana p95, support escalation volume, and release flag history."
EXP-00682,2020-06-30,2020-Q2,mobile-web,analytics-pipeline,loyalty prompt,rolled back,136871,78.64,74.8,-3.83,no clear impact,ATLAS-3628,"Decision note: compare product analytics with Grafana p95, support escalation volume, and release flag history."
EXP-00683,2020-07-02,2020-Q3,android,auth-gateway,checkout button copy,lost,23867,86.88,88.17,1.29,support tickets increased,ATLAS-4624,"Decision note: compare product analytics with Grafana p95, support escalation volume, and release flag history."
EXP-00684,2020-07-03,2020-Q3,mobile-web,payment-orchestrator,one-click reorder,running,103014,73.19,76.12,2.93,latency neutral,ATLAS-4614,"Decision note: compare product analytics with Grafana p95, support escalation volume, and release flag history."
EXP-00685,2020-07-04,2020-Q3,mobile-web,search-recommendations,payment retry UX,lost,200468,89.0,89.9,0.9,no clear impact,ATLAS-1264,"Decision note: compare product analytics with Grafana p95, support escalation volume, and release flag history."
EXP-00686,2020-07-05,2020-Q3,partner-api,inventory-reservation,address validation,rolled back,192456,75.35,80.17,4.82,conversion improved,ATLAS-4389,"Decision note: compare product analytics with Grafana p95, support escalation volume, and release flag history."
EXP-00687,2020-07-06,2020-Q3,mobile-web,search-recommendations,payment retry UX,rolled back,77970,84.26,85.07,0.81,support tickets increased,ATLAS-2256,"Decision note: compare product analytics with Grafana p95, support escalation volume, and release flag history."
EXP-00688,2020-07-07,2020-Q3,web,loyalty-service,checkout button copy,draft,13717,77.91,80.89,2.98,conversion improved,ATLAS-2164,"Decision note: compare product analytics with Grafana p95, support escalation volume, and release flag history."
EXP-00689,2020-07-08,2020-Q3,partner-api,tax-service,address validation,rolled back,197070,88.43,88.36,-0.07,latency increased,ATLAS-2342,"Decision note: compare product analytics with Grafana p95, support escalation volume, and release flag history."
EXP-00690,2020-07-09,2020-Q3,partner-api,inventory-reservation,loyalty prompt,rolled back,16078,74.48,73.83,-0.65,support tickets increased,ATLAS-6054,"Decision note: compare product analytics with Grafana p95, support escalation volume, and release flag history."
EXP-00691,2020-07-10,2020-Q3,android,payment-orchestrator,tax quote cache,won,111723,79.97,80.04,0.06,latency increased,ATLAS-1764,"Decision note: compare product analytics with Grafana p95, support escalation volume, and release flag history."
EXP-00692,2020-07-12,2020-Q3,mobile-web,payment-orchestrator,checkout button copy,draft,110084,86.99,88.4,1.41,conversion improved,ATLAS-1585,"Decision note: compare product analytics with Grafana p95, support escalation volume, and release flag history."
EXP-00693,2020-07-13,2020-Q3,partner-api,auth-gateway,payment retry UX,rolled back,48707,76.79,82.02,5.23,conversion improved,ATLAS-3954,"Decision note: compare product analytics with Grafana p95, support escalation volume, and release flag history."
EXP-00694,2020-07-14,2020-Q3,android,pricing-engine,tax quote cache,lost,154467,82.79,80.71,-2.08,conversion improved,ATLAS-2457,"Decision note: compare product analytics with Grafana p95, support escalation volume, and release flag history."
EXP-00695,2020-07-15,2020-Q3,android,checkout-api,loyalty prompt,inconclusive,29139,88.32,88.96,0.64,latency increased,ATLAS-5786,"Decision note: compare product analytics with Grafana p95, support escalation volume, and release flag history."
EXP-00696,2020-07-16,2020-Q3,android,pricing-engine,payment retry UX,running,136013,74.14,73.27,-0.87,support tickets increased,ATLAS-6171,"Decision note: compare product analytics with Grafana p95, support escalation volume, and release flag history."
EXP-00697,2020-07-17,2020-Q3,mobile-web,auth-gateway,inventory warning,inconclusive,37221,77.77,76.84,-0.93,latency increased,ATLAS-1602,"Decision note: compare product analytics with Grafana p95, support escalation volume, and release flag history."
EXP-00698,2020-07-18,2020-Q3,mobile-web,auth-gateway,checkout button copy,lost,202963,79.07,75.69,-3.38,latency neutral,ATLAS-1062,"Decision note: compare product analytics with Grafana p95, support escalation volume, and release flag history."
EXP-00699,2020-07-19,2020-Q3,partner-api,inventory-reservation,payment retry UX,lost,70743,77.9,73.44,-4.46,conversion improved,ATLAS-2493,"Decision note: compare product analytics with Grafana p95, support escalation volume, and release flag history."
EXP-00700,2020-07-20,2020-Q3,partner-api,tax-service,one-click reorder,lost,76795,79.87,80.97,1.11,latency increased,ATLAS-4644,"Decision note: compare product analytics with Grafana p95, support escalation volume, and release flag history."
EXP-00701,2020-07-22,2020-Q3,mobile-web,cart-service,one-click reorder,lost,54016,79.17,84.35,5.18,latency increased,ATLAS-1098,"Decision note: compare product analytics with Grafana p95, support escalation volume, and release flag history."
EXP-00702,2020-07-23,2020-Q3,mobile-web,search-recommendations,tax quote cache,lost,139351,81.51,82.24,0.72,latency neutral,ATLAS-1804,"Decision note: compare product analytics with Grafana p95, support escalation volume, and release flag history."
EXP-00703,2020-07-24,2020-Q3,mobile-web,inventory-reservation,inventory warning,lost,211222,87.37,83.43,-3.94,no clear impact,ATLAS-2160,"Decision note: compare product analytics with Grafana p95, support escalation volume, and release flag history."
EXP-00704,2020-07-25,2020-Q3,ios,notification-service,loyalty prompt,draft,47215,78.87,83.86,4.98,support tickets increased,ATLAS-6195,"Decision note: compare product analytics with Grafana p95, support escalation volume, and release flag history."
EXP-00705,2020-07-26,2020-Q3,web,notification-service,coupon fallback,inconclusive,50502,81.82,85.22,3.4,no clear impact,ATLAS-2506,"Decision note: compare product analytics with Grafana p95, support escalation volume, and release flag history."
EXP-00706,2020-07-27,2020-Q3,store-kiosk,cart-service,tax quote cache,won,61534,81.8,82.18,0.38,latency increased,ATLAS-1370,"Decision note: compare product analytics with Grafana p95, support escalation volume, and release flag history."
EXP-00707,2020-07-28,2020-Q3,web,payment-orchestrator,one-click reorder,won,43425,75.53,76.91,1.38,support tickets increased,ATLAS-2616,"Decision note: compare product analytics with Grafana p95, support escalation volume, and release flag history."
EXP-00708,2020-07-29,2020-Q3,web,auth-gateway,payment retry UX,lost,90591,80.89,79.13,-1.76,latency neutral,ATLAS-3451,"Decision note: compare product analytics with Grafana p95, support escalation volume, and release flag history."
EXP-00709,2020-07-31,2020-Q3,ios,payment-orchestrator,address validation,lost,140725,84.64,82.53,-2.11,latency neutral,ATLAS-1667,"Decision note: compare product analytics with Grafana p95, support escalation volume, and release flag history."
EXP-00710,2020-08-01,2020-Q3,ios,analytics-pipeline,coupon fallback,rolled back,172192,79.22,80.78,1.56,support tickets increased,ATLAS-5064,"Decision note: compare product analytics with Grafana p95, support escalation volume, and release flag history."
EXP-00711,2020-08-02,2020-Q3,store-kiosk,notification-service,address validation,running,175972,77.03,76.23,-0.8,latency neutral,ATLAS-4608,"Decision note: compare product analytics with Grafana p95, support escalation volume, and release flag history."
EXP-00712,2020-08-03,2020-Q3,partner-api,checkout-api,inventory warning,inconclusive,206489,82.61,84.1,1.49,latency increased,ATLAS-3599,"Decision note: compare product analytics with Grafana p95, support escalation volume, and release flag history."
EXP-00713,2020-08-04,2020-Q3,android,order-ledger,coupon fallback,inconclusive,33877,72.74,73.62,0.88,conversion improved,ATLAS-2865,"Decision note: compare product analytics with Grafana p95, support escalation volume, and release flag history."
EXP-00714,2020-08-05,2020-Q3,android,cart-service,loyalty prompt,inconclusive,113926,74.59,78.47,3.88,latency neutral,ATLAS-1474,"Decision note: compare product analytics with Grafana p95, support escalation volume, and release flag history."
EXP-00715,2020-08-06,2020-Q3,web,pricing-engine,tax quote cache,won,125738,79.87,81.09,1.22,no clear impact,ATLAS-3736,"Decision note: compare product analytics with Grafana p95, support escalation volume, and release flag history."
EXP-00716,2020-08-07,2020-Q3,store-kiosk,inventory-reservation,coupon fallback,draft,78637,77.0,75.94,-1.06,no clear impact,ATLAS-2651,"Decision note: compare product analytics with Grafana p95, support escalation volume, and release flag history."
EXP-00717,2020-08-08,2020-Q3,partner-api,payment-orchestrator,loyalty prompt,draft,234904,85.4,88.29,2.88,latency increased,ATLAS-4738,"Decision note: compare product analytics with Grafana p95, support escalation volume, and release flag history."
EXP-00718,2020-08-10,2020-Q3,partner-api,checkout-api,one-click reorder,won,129411,74.05,75.14,1.09,latency increased,ATLAS-5785,"Decision note: compare product analytics with Grafana p95, support escalation volume, and release flag history."
EXP-00719,2020-08-11,2020-Q3,web,inventory-reservation,loyalty prompt,rolled back,110690,85.06,86.54,1.48,latency increased,ATLAS-4367,"Decision note: compare product analytics with Grafana p95, support escalation volume, and release flag history."
EXP-00720,2020-08-12,2020-Q3,store-kiosk,checkout-api,address validation,inconclusive,116968,73.53,72.95,-0.58,no clear impact,ATLAS-4793,"Decision note: compare product analytics with Grafana p95, support escalation volume, and release flag history."
EXP-00721,2020-08-13,2020-Q3,web,inventory-reservation,checkout button copy,rolled back,8844,78.15,74.04,-4.11,latency neutral,ATLAS-5246,"Decision note: compare product analytics with Grafana p95, support escalation volume, and release flag history."
EXP-00722,2020-08-14,2020-Q3,ios,checkout-api,address validation,rolled back,56953,85.69,88.43,2.74,no clear impact,ATLAS-2281,"Decision note: compare product analytics with Grafana p95, support escalation volume, and release flag history."
EXP-00723,2020-08-15,2020-Q3,mobile-web,auth-gateway,coupon fallback,inconclusive,139732,72.2,72.23,0.04,latency increased,ATLAS-3087,"Decision note: compare product analytics with Grafana p95, support escalation volume, and release flag history."
EXP-00724,2020-08-16,2020-Q3,mobile-web,auth-gateway,tax quote cache,won,43516,79.23,81.39,2.16,latency increased,ATLAS-2186,"Decision note: compare product analytics with Grafana p95, support escalation volume, and release flag history."
EXP-00725,2020-08-17,2020-Q3,android,search-recommendations,coupon fallback,inconclusive,138337,78.84,77.09,-1.75,latency neutral,ATLAS-2738,"Decision note: compare product analytics with Grafana p95, support escalation volume, and release flag history."
EXP-00726,2020-08-19,2020-Q3,android,loyalty-service,checkout button copy,rolled back,152195,77.27,73.93,-3.34,latency increased,ATLAS-2133,"Decision note: compare product analytics with Grafana p95, support escalation volume, and release flag history."
EXP-00727,2020-08-20,2020-Q3,web,tax-service,inventory warning,won,162203,87.57,90.92,3.35,latency increased,ATLAS-6048,"Decision note: compare product analytics with Grafana p95, support escalation volume, and release flag history."
EXP-00728,2020-08-21,2020-Q3,ios,inventory-reservation,coupon fallback,lost,85702,83.28,78.58,-4.7,latency neutral,ATLAS-4483,"Decision note: compare product analytics with Grafana p95, support escalation volume, and release flag history."
EXP-00729,2020-08-22,2020-Q3,web,auth-gateway,tax quote cache,inconclusive,101802,83.63,84.2,0.57,latency neutral,ATLAS-4134,"Decision note: compare product analytics with Grafana p95, support escalation volume, and release flag history."
EXP-00730,2020-08-23,2020-Q3,store-kiosk,inventory-reservation,payment retry UX,draft,2532,83.34,84.66,1.31,no clear impact,ATLAS-1671,"Decision note: compare product analytics with Grafana p95, support escalation volume, and release flag history."
EXP-00731,2020-08-24,2020-Q3,android,inventory-reservation,address validation,inconclusive,117884,73.7,73.37,-0.34,latency increased,ATLAS-2704,"Decision note: compare product analytics with Grafana p95, support escalation volume, and release flag history."
EXP-00732,2020-08-25,2020-Q3,mobile-web,payment-orchestrator,coupon fallback,rolled back,102207,72.39,74.59,2.2,no clear impact,ATLAS-2697,"Decision note: compare product analytics with Grafana p95, support escalation volume, and release flag history."
EXP-00733,2020-08-26,2020-Q3,store-kiosk,order-ledger,loyalty prompt,draft,32073,72.93,72.75,-0.18,conversion improved,ATLAS-4370,"Decision note: compare product analytics with Grafana p95, support escalation volume, and release flag history."
EXP-00734,2020-08-27,2020-Q3,mobile-web,tax-service,address validation,inconclusive,26219,77.91,77.8,-0.11,latency increased,ATLAS-1047,"Decision note: compare product analytics with Grafana p95, support escalation volume, and release flag history."
EXP-00735,2020-08-29,2020-Q3,partner-api,analytics-pipeline,inventory warning,running,46554,81.06,82.24,1.18,support tickets increased,ATLAS-4907,"Decision note: compare product analytics with Grafana p95, support escalation volume, and release flag history."
EXP-00736,2020-08-30,2020-Q3,partner-api,auth-gateway,checkout button copy,draft,67787,74.98,75.27,0.3,latency increased,ATLAS-3010,"Decision note: compare product analytics with Grafana p95, support escalation volume, and release flag history."
EXP-00737,2020-08-31,2020-Q3,ios,checkout-api,coupon fallback,inconclusive,162776,86.82,84.87,-1.95,support tickets increased,ATLAS-2501,"Decision note: compare product analytics with Grafana p95, support escalation volume, and release flag history."
EXP-00738,2020-09-01,2020-Q3,web,auth-gateway,checkout button copy,running,149033,76.79,75.34,-1.44,no clear impact,ATLAS-3142,"Decision note: compare product analytics with Grafana p95, support escalation volume, and release flag history."
EXP-00739,2020-09-02,2020-Q3,android,loyalty-service,address validation,rolled back,222807,85.93,90.32,4.39,conversion improved,ATLAS-2507,"Decision note: compare product analytics with Grafana p95, support escalation volume, and release flag history."
EXP-00740,2020-09-03,2020-Q3,mobile-web,notification-service,one-click reorder,rolled back,40369,78.31,73.67,-4.64,no clear impact,ATLAS-3595,"Decision note: compare product analytics with Grafana p95, support escalation volume, and release flag history."
EXP-00741,2020-09-04,2020-Q3,web,cart-service,one-click reorder,lost,139906,74.79,76.44,1.65,latency increased,ATLAS-2071,"Decision note: compare product analytics with Grafana p95, support escalation volume, and release flag history."
EXP-00742,2020-09-05,2020-Q3,web,loyalty-service,payment retry UX,won,35676,82.75,80.67,-2.09,support tickets increased,ATLAS-4372,"Decision note: compare product analytics with Grafana p95, support escalation volume, and release flag history."
EXP-00743,2020-09-07,2020-Q3,mobile-web,tax-service,checkout button copy,draft,218316,82.9,87.33,4.42,latency increased,ATLAS-4765,"Decision note: compare product analytics with Grafana p95, support escalation volume, and release flag history."
EXP-00744,2020-09-08,2020-Q3,ios,notification-service,tax quote cache,rolled back,215064,85.92,85.63,-0.29,support tickets increased,ATLAS-3144,"Decision note: compare product analytics with Grafana p95, support escalation volume, and release flag history."
EXP-00745,2020-09-09,2020-Q3,web,auth-gateway,coupon fallback,won,7143,85.45,86.58,1.13,latency neutral,ATLAS-4566,"Decision note: compare product analytics with Grafana p95, support escalation volume, and release flag history."
EXP-00746,2020-09-10,2020-Q3,partner-api,search-recommendations,checkout button copy,won,207243,85.4,87.15,1.75,no clear impact,ATLAS-6131,"Decision note: compare product analytics with Grafana p95, support escalation volume, and release flag history."
EXP-00747,2020-09-11,2020-Q3,mobile-web,search-recommendations,tax quote cache,won,35166,79.39,77.8,-1.59,no clear impact,ATLAS-4508,"Decision note: compare product analytics with Grafana p95, support escalation volume, and release flag history."
EXP-00748,2020-09-12,2020-Q3,android,payment-orchestrator,address validation,lost,217856,84.4,81.7,-2.71,conversion improved,ATLAS-3365,"Decision note: compare product analytics with Grafana p95, support escalation volume, and release flag history."
EXP-00749,2020-09-13,2020-Q3,store-kiosk,auth-gateway,tax quote cache,draft,206185,72.9,72.43,-0.46,no clear impact,ATLAS-1024,"Decision note: compare product analytics with Grafana p95, support escalation volume, and release flag history."
EXP-00750,2020-09-14,2020-Q3,partner-api,notification-service,address validation,running,207097,74.62,76.0,1.38,support tickets increased,ATLAS-4564,"Decision note: compare product analytics with Grafana p95, support escalation volume, and release flag history."
EXP-00751,2020-09-15,2020-Q3,ios,cart-service,checkout button copy,lost,194633,88.79,85.85,-2.94,support tickets increased,ATLAS-4123,"Decision note: compare product analytics with Grafana p95, support escalation volume, and release flag history."
EXP-00752,2020-09-17,2020-Q3,ios,auth-gateway,coupon fallback,lost,55210,85.09,86.19,1.09,latency neutral,ATLAS-3306,"Decision note: compare product analytics with Grafana p95, support escalation volume, and release flag history."
EXP-00753,2020-09-18,2020-Q3,android,payment-orchestrator,one-click reorder,lost,172491,76.37,75.49,-0.88,conversion improved,ATLAS-5609,"Decision note: compare product analytics with Grafana p95, support escalation volume, and release flag history."
EXP-00754,2020-09-19,2020-Q3,mobile-web,search-recommendations,payment retry UX,won,93303,81.44,83.3,1.86,latency increased,ATLAS-3886,"Decision note: compare product analytics with Grafana p95, support escalation volume, and release flag history."
EXP-00755,2020-09-20,2020-Q3,store-kiosk,pricing-engine,coupon fallback,draft,173804,90.43,88.38,-2.06,support tickets increased,ATLAS-1547,"Decision note: compare product analytics with Grafana p95, support escalation volume, and release flag history."
EXP-00756,2020-09-21,2020-Q3,ios,order-ledger,payment retry UX,inconclusive,64425,72.1,70.18,-1.92,no clear impact,ATLAS-1868,"Decision note: compare product analytics with Grafana p95, support escalation volume, and release flag history."
EXP-00757,2020-09-22,2020-Q3,web,loyalty-service,tax quote cache,won,29955,79.88,81.49,1.61,latency increased,ATLAS-5842,"Decision note: compare product analytics with Grafana p95, support escalation volume, and release flag history."
EXP-00758,2020-09-23,2020-Q3,partner-api,tax-service,checkout button copy,draft,137808,77.3,77.22,-0.08,latency increased,ATLAS-2028,"Decision note: compare product analytics with Grafana p95, support escalation volume, and release flag history."
EXP-00759,2020-09-24,2020-Q3,mobile-web,payment-orchestrator,payment retry UX,draft,75481,73.93,73.61,-0.32,support tickets increased,ATLAS-3210,"Decision note: compare product analytics with Grafana p95, support escalation volume, and release flag history."
EXP-00760,2020-09-26,2020-Q3,store-kiosk,loyalty-service,payment retry UX,lost,210342,76.71,75.01,-1.7,no clear impact,ATLAS-5761,"Decision note: compare product analytics with Grafana p95, support escalation volume, and release flag history."
EXP-00761,2020-09-27,2020-Q3,partner-api,cart-service,checkout button copy,won,221287,79.41,79.42,0.01,conversion improved,ATLAS-6143,"Decision note: compare product analytics with Grafana p95, support escalation volume, and release flag history."
EXP-00762,2020-09-28,2020-Q3,mobile-web,cart-service,loyalty prompt,running,95615,90.56,92.31,1.74,latency increased,ATLAS-1567,"Decision note: compare product analytics with Grafana p95, support escalation volume, and release flag history."
EXP-00763,2020-09-29,2020-Q3,store-kiosk,analytics-pipeline,payment retry UX,lost,123906,73.64,80.06,6.43,conversion improved,ATLAS-5066,"Decision note: compare product analytics with Grafana p95, support escalation volume, and release flag history."
EXP-00764,2020-09-30,2020-Q3,store-kiosk,order-ledger,loyalty prompt,rolled back,57483,76.1,79.69,3.59,support tickets increased,ATLAS-3979,"Decision note: compare product analytics with Grafana p95, support escalation volume, and release flag history."
EXP-00765,2020-10-01,2020-Q4,ios,search-recommendations,payment retry UX,lost,60291,84.72,86.05,1.33,conversion improved,ATLAS-3889,"Decision note: compare product analytics with Grafana p95, support escalation volume, and release flag history."
EXP-00766,2020-10-02,2020-Q4,mobile-web,inventory-reservation,checkout button copy,running,48854,89.38,90.28,0.9,latency increased,ATLAS-5962,"Decision note: compare product analytics with Grafana p95, support escalation volume, and release flag history."
EXP-00767,2020-10-03,2020-Q4,android,tax-service,inventory warning,inconclusive,40872,89.77,90.86,1.09,latency neutral,ATLAS-3737,"Decision note: compare product analytics with Grafana p95, support escalation volume, and release flag history."
EXP-00768,2020-10-04,2020-Q4,ios,analytics-pipeline,coupon fallback,lost,103826,82.23,81.25,-0.98,latency increased,ATLAS-3194,"Decision note: compare product analytics with Grafana p95, support escalation volume, and release flag history."
EXP-00769,2020-10-06,2020-Q4,store-kiosk,auth-gateway,payment retry UX,inconclusive,210734,80.41,80.96,0.55,latency increased,ATLAS-2201,"Decision note: compare product analytics with Grafana p95, support escalation volume, and release flag history."
EXP-00770,2020-10-07,2020-Q4,ios,analytics-pipeline,checkout button copy,lost,128488,85.23,85.78,0.55,support tickets increased,ATLAS-6144,"Decision note: compare product analytics with Grafana p95, support escalation volume, and release flag history."
EXP-00771,2020-10-08,2020-Q4,store-kiosk,notification-service,coupon fallback,inconclusive,101911,85.68,85.06,-0.62,latency increased,ATLAS-4375,"Decision note: compare product analytics with Grafana p95, support escalation volume, and release flag history."
EXP-00772,2020-10-09,2020-Q4,store-kiosk,payment-orchestrator,payment retry UX,running,68770,82.83,84.07,1.24,latency increased,ATLAS-4540,"Decision note: compare product analytics with Grafana p95, support escalation volume, and release flag history."
EXP-00773,2020-10-10,2020-Q4,store-kiosk,auth-gateway,checkout button copy,won,230061,84.04,83.02,-1.02,no clear impact,ATLAS-5724,"Decision note: compare product analytics with Grafana p95, support escalation volume, and release flag history."
EXP-00774,2020-10-11,2020-Q4,mobile-web,order-ledger,checkout button copy,running,12945,89.91,89.5,-0.41,no clear impact,ATLAS-3454,"Decision note: compare product analytics with Grafana p95, support escalation volume, and release flag history."
EXP-00775,2020-10-12,2020-Q4,web,auth-gateway,one-click reorder,rolled back,13752,87.62,86.81,-0.81,conversion improved,ATLAS-5903,"Decision note: compare product analytics with Grafana p95, support escalation volume, and release flag history."
EXP-00776,2020-10-13,2020-Q4,partner-api,checkout-api,coupon fallback,lost,113813,84.95,83.54,-1.41,no clear impact,ATLAS-1662,"Decision note: compare product analytics with Grafana p95, support escalation volume, and release flag history."
EXP-00777,2020-10-15,2020-Q4,ios,order-ledger,coupon fallback,lost,19285,88.9,86.85,-2.05,support tickets increased,ATLAS-1904,"Decision note: compare product analytics with Grafana p95, support escalation volume, and release flag history."
EXP-00778,2020-10-16,2020-Q4,partner-api,analytics-pipeline,loyalty prompt,inconclusive,214088,86.24,84.51,-1.73,conversion improved,ATLAS-1506,"Decision note: compare product analytics with Grafana p95, support escalation volume, and release flag history."
EXP-00779,2020-10-17,2020-Q4,store-kiosk,loyalty-service,inventory warning,draft,214716,84.74,86.21,1.46,no clear impact,ATLAS-1555,"Decision note: compare product analytics with Grafana p95, support escalation volume, and release flag history."
EXP-00780,2020-10-18,2020-Q4,store-kiosk,cart-service,checkout button copy,lost,90683,89.48,93.09,3.61,latency neutral,ATLAS-4893,"Decision note: compare product analytics with Grafana p95, support escalation volume, and release flag history."
EXP-00781,2020-10-19,2020-Q4,partner-api,inventory-reservation,payment retry UX,lost,188681,90.53,92.74,2.21,latency neutral,ATLAS-2747,"Decision note: compare product analytics with Grafana p95, support escalation volume, and release flag history."
EXP-00782,2020-10-20,2020-Q4,mobile-web,cart-service,tax quote cache,running,31647,76.92,82.57,5.65,latency neutral,ATLAS-3300,"Decision note: compare product analytics with Grafana p95, support escalation volume, and release flag history."
EXP-00783,2020-10-21,2020-Q4,android,payment-orchestrator,coupon fallback,running,35347,89.0,89.94,0.94,conversion improved,ATLAS-5919,"Decision note: compare product analytics with Grafana p95, support escalation volume, and release flag history."
EXP-00784,2020-10-22,2020-Q4,web,payment-orchestrator,one-click reorder,won,42183,75.44,71.79,-3.65,support tickets increased,ATLAS-3993,"Decision note: compare product analytics with Grafana p95, support escalation volume, and release flag history."
EXP-00785,2020-10-23,2020-Q4,web,payment-orchestrator,address validation,won,74577,77.51,76.15,-1.36,conversion improved,ATLAS-1675,"Decision note: compare product analytics with Grafana p95, support escalation volume, and release flag history."
EXP-00786,2020-10-25,2020-Q4,web,payment-orchestrator,inventory warning,rolled back,114898,75.14,75.06,-0.09,conversion improved,ATLAS-4618,"Decision note: compare product analytics with Grafana p95, support escalation volume, and release flag history."
EXP-00787,2020-10-26,2020-Q4,web,inventory-reservation,loyalty prompt,inconclusive,197069,76.26,74.48,-1.78,latency neutral,ATLAS-5823,"Decision note: compare product analytics with Grafana p95, support escalation volume, and release flag history."
EXP-00788,2020-10-27,2020-Q4,android,notification-service,payment retry UX,won,66249,89.17,90.05,0.88,support tickets increased,ATLAS-3826,"Decision note: compare product analytics with Grafana p95, support escalation volume, and release flag history."
EXP-00789,2020-10-28,2020-Q4,web,notification-service,address validation,running,126541,85.89,88.17,2.28,conversion improved,ATLAS-3671,"Decision note: compare product analytics with Grafana p95, support escalation volume, and release flag history."
EXP-00790,2020-10-29,2020-Q4,partner-api,order-ledger,address validation,inconclusive,213214,73.2,71.96,-1.24,support tickets increased,ATLAS-5925,"Decision note: compare product analytics with Grafana p95, support escalation volume, and release flag history."
EXP-00791,2020-10-30,2020-Q4,android,analytics-pipeline,payment retry UX,running,142415,86.97,87.19,0.22,support tickets increased,ATLAS-1809,"Decision note: compare product analytics with Grafana p95, support escalation volume, and release flag history."
EXP-00792,2020-10-31,2020-Q4,mobile-web,cart-service,address validation,running,177799,75.57,77.97,2.4,no clear impact,ATLAS-3583,"Decision note: compare product analytics with Grafana p95, support escalation volume, and release flag history."
EXP-00793,2020-11-01,2020-Q4,android,analytics-pipeline,one-click reorder,lost,177172,83.89,84.2,0.31,conversion improved,ATLAS-3094,"Decision note: compare product analytics with Grafana p95, support escalation volume, and release flag history."
EXP-00794,2020-11-03,2020-Q4,ios,loyalty-service,loyalty prompt,running,119157,90.65,89.71,-0.95,latency increased,ATLAS-3392,"Decision note: compare product analytics with Grafana p95, support escalation volume, and release flag history."
EXP-00795,2020-11-04,2020-Q4,store-kiosk,notification-service,payment retry UX,lost,117251,77.24,82.75,5.51,support tickets increased,ATLAS-4113,"Decision note: compare product analytics with Grafana p95, support escalation volume, and release flag history."
EXP-00796,2020-11-05,2020-Q4,partner-api,auth-gateway,inventory warning,won,27951,80.53,78.67,-1.86,support tickets increased,ATLAS-1171,"Decision note: compare product analytics with Grafana p95, support escalation volume, and release flag history."
EXP-00797,2020-11-06,2020-Q4,partner-api,inventory-reservation,coupon fallback,running,17578,85.05,86.69,1.64,support tickets increased,ATLAS-1934,"Decision note: compare product analytics with Grafana p95, support escalation volume, and release flag history."
EXP-00798,2020-11-07,2020-Q4,store-kiosk,inventory-reservation,checkout button copy,won,48277,76.64,80.22,3.59,latency increased,ATLAS-6162,"Decision note: compare product analytics with Grafana p95, support escalation volume, and release flag history."
EXP-00799,2020-11-08,2020-Q4,store-kiosk,tax-service,checkout button copy,rolled back,91961,75.01,75.79,0.78,conversion improved,ATLAS-5723,"Decision note: compare product analytics with Grafana p95, support escalation volume, and release flag history."
EXP-00800,2020-11-09,2020-Q4,mobile-web,auth-gateway,loyalty prompt,draft,194073,73.67,74.75,1.08,latency increased,ATLAS-3744,"Decision note: compare product analytics with Grafana p95, support escalation volume, and release flag history."
EXP-00801,2020-11-10,2020-Q4,store-kiosk,search-recommendations,inventory warning,rolled back,179772,88.79,87.01,-1.78,no clear impact,ATLAS-2476,"Decision note: compare product analytics with Grafana p95, support escalation volume, and release flag history."
EXP-00802,2020-11-11,2020-Q4,partner-api,pricing-engine,tax quote cache,inconclusive,123373,78.0,77.74,-0.26,no clear impact,ATLAS-2785,"Decision note: compare product analytics with Grafana p95, support escalation volume, and release flag history."
EXP-00803,2020-11-13,2020-Q4,ios,payment-orchestrator,payment retry UX,inconclusive,104369,83.65,84.57,0.92,no clear impact,ATLAS-1674,"Decision note: compare product analytics with Grafana p95, support escalation volume, and release flag history."
EXP-00804,2020-11-14,2020-Q4,mobile-web,analytics-pipeline,loyalty prompt,won,165211,73.29,75.23,1.94,conversion improved,ATLAS-4019,"Decision note: compare product analytics with Grafana p95, support escalation volume, and release flag history."
EXP-00805,2020-11-15,2020-Q4,store-kiosk,auth-gateway,tax quote cache,lost,143433,77.71,79.58,1.87,support tickets increased,ATLAS-1400,"Decision note: compare product analytics with Grafana p95, support escalation volume, and release flag history."
EXP-00806,2020-11-16,2020-Q4,mobile-web,pricing-engine,payment retry UX,inconclusive,123457,84.84,87.2,2.36,latency increased,ATLAS-1201,"Decision note: compare product analytics with Grafana p95, support escalation volume, and release flag history."
EXP-00807,2020-11-17,2020-Q4,ios,pricing-engine,coupon fallback,lost,82083,89.63,93.0,3.37,conversion improved,ATLAS-5651,"Decision note: compare product analytics with Grafana p95, support escalation volume, and release flag history."
EXP-00808,2020-11-18,2020-Q4,store-kiosk,inventory-reservation,tax quote cache,rolled back,187110,73.98,75.96,1.98,support tickets increased,ATLAS-1115,"Decision note: compare product analytics with Grafana p95, support escalation volume, and release flag history."
EXP-00809,2020-11-19,2020-Q4,mobile-web,search-recommendations,loyalty prompt,rolled back,204767,84.81,84.01,-0.8,conversion improved,ATLAS-4452,"Decision note: compare product analytics with Grafana p95, support escalation volume, and release flag history."
EXP-00810,2020-11-20,2020-Q4,partner-api,search-recommendations,loyalty prompt,running,235673,79.48,76.88,-2.6,latency increased,ATLAS-1367,"Decision note: compare product analytics with Grafana p95, support escalation volume, and release flag history."
EXP-00811,2020-11-22,2020-Q4,ios,notification-service,checkout button copy,draft,150800,75.52,75.84,0.32,support tickets increased,ATLAS-3612,"Decision note: compare product analytics with Grafana p95, support escalation volume, and release flag history."
EXP-00812,2020-11-23,2020-Q4,store-kiosk,checkout-api,address validation,running,46564,84.43,84.08,-0.35,conversion improved,ATLAS-1323,"Decision note: compare product analytics with Grafana p95, support escalation volume, and release flag history."
EXP-00813,2020-11-24,2020-Q4,android,search-recommendations,tax quote cache,lost,169695,85.53,88.04,2.51,conversion improved,ATLAS-2110,"Decision note: compare product analytics with Grafana p95, support escalation volume, and release flag history."
EXP-00814,2020-11-25,2020-Q4,mobile-web,loyalty-service,one-click reorder,lost,102599,81.92,84.98,3.06,latency increased,ATLAS-5225,"Decision note: compare product analytics with Grafana p95, support escalation volume, and release flag history."
EXP-00815,2020-11-26,2020-Q4,android,cart-service,inventory warning,lost,149162,72.65,67.06,-5.59,no clear impact,ATLAS-5805,"Decision note: compare product analytics with Grafana p95, support escalation volume, and release flag history."
EXP-00816,2020-11-27,2020-Q4,ios,loyalty-service,address validation,won,128067,77.39,78.83,1.44,support tickets increased,ATLAS-1129,"Decision note: compare product analytics with Grafana p95, support escalation volume, and release flag history."
EXP-00817,2020-11-28,2020-Q4,store-kiosk,order-ledger,payment retry UX,won,49073,84.74,85.56,0.83,latency neutral,ATLAS-4151,"Decision note: compare product analytics with Grafana p95, support escalation volume, and release flag history."
EXP-00818,2020-11-29,2020-Q4,web,order-ledger,loyalty prompt,inconclusive,9409,90.03,87.99,-2.04,latency increased,ATLAS-5925,"Decision note: compare product analytics with Grafana p95, support escalation volume, and release flag history."
EXP-00819,2020-11-30,2020-Q4,mobile-web,order-ledger,tax quote cache,rolled back,230147,79.4,79.42,0.02,support tickets increased,ATLAS-2346,"Decision note: compare product analytics with Grafana p95, support escalation volume, and release flag history."
EXP-00820,2020-12-02,2020-Q4,store-kiosk,order-ledger,tax quote cache,won,155104,72.86,74.69,1.83,latency increased,ATLAS-4897,"Decision note: compare product analytics with Grafana p95, support escalation volume, and release flag history."
EXP-00821,2020-12-03,2020-Q4,web,payment-orchestrator,checkout button copy,lost,229439,72.27,74.46,2.19,support tickets increased,ATLAS-6120,"Decision note: compare product analytics with Grafana p95, support escalation volume, and release flag history."
EXP-00822,2020-12-04,2020-Q4,web,auth-gateway,loyalty prompt,won,89054,72.03,74.71,2.68,latency increased,ATLAS-1557,"Decision note: compare product analytics with Grafana p95, support escalation volume, and release flag history."
EXP-00823,2020-12-05,2020-Q4,web,analytics-pipeline,tax quote cache,draft,57160,74.07,74.27,0.2,support tickets increased,ATLAS-1971,"Decision note: compare product analytics with Grafana p95, support escalation volume, and release flag history."
EXP-00824,2020-12-06,2020-Q4,web,loyalty-service,inventory warning,won,29267,74.12,76.59,2.47,conversion improved,ATLAS-2439,"Decision note: compare product analytics with Grafana p95, support escalation volume, and release flag history."
EXP-00825,2020-12-07,2020-Q4,store-kiosk,inventory-reservation,coupon fallback,lost,10561,76.55,73.87,-2.68,support tickets increased,ATLAS-1403,"Decision note: compare product analytics with Grafana p95, support escalation volume, and release flag history."
EXP-00826,2020-12-08,2020-Q4,mobile-web,order-ledger,tax quote cache,inconclusive,83547,87.87,87.14,-0.74,latency neutral,ATLAS-3849,"Decision note: compare product analytics with Grafana p95, support escalation volume, and release flag history."
EXP-00827,2020-12-09,2020-Q4,android,auth-gateway,one-click reorder,running,199450,89.29,89.92,0.63,no clear impact,ATLAS-3189,"Decision note: compare product analytics with Grafana p95, support escalation volume, and release flag history."
EXP-00828,2020-12-11,2020-Q4,web,tax-service,checkout button copy,lost,163720,90.46,93.53,3.08,conversion improved,ATLAS-4151,"Decision note: compare product analytics with Grafana p95, support escalation volume, and release flag history."
EXP-00829,2020-12-12,2020-Q4,web,payment-orchestrator,inventory warning,draft,186216,88.6,89.45,0.85,support tickets increased,ATLAS-2616,"Decision note: compare product analytics with Grafana p95, support escalation volume, and release flag history."
EXP-00830,2020-12-13,2020-Q4,store-kiosk,cart-service,loyalty prompt,won,80768,74.04,76.17,2.13,no clear impact,ATLAS-1626,"Decision note: compare product analytics with Grafana p95, support escalation volume, and release flag history."
EXP-00831,2020-12-14,2020-Q4,web,order-ledger,address validation,draft,32606,82.72,84.3,1.58,support tickets increased,ATLAS-1018,"Decision note: compare product analytics with Grafana p95, support escalation volume, and release flag history."
EXP-00832,2020-12-15,2020-Q4,web,loyalty-service,checkout button copy,won,121563,87.71,86.87,-0.84,no clear impact,ATLAS-4800,"Decision note: compare product analytics with Grafana p95, support escalation volume, and release flag history."
EXP-00833,2020-12-16,2020-Q4,mobile-web,pricing-engine,inventory warning,lost,124154,90.27,88.04,-2.23,no clear impact,ATLAS-3312,"Decision note: compare product analytics with Grafana p95, support escalation volume, and release flag history."
EXP-00834,2020-12-17,2020-Q4,android,notification-service,inventory warning,running,198612,88.28,87.82,-0.46,latency neutral,ATLAS-3147,"Decision note: compare product analytics with Grafana p95, support escalation volume, and release flag history."
EXP-00835,2020-12-18,2020-Q4,ios,cart-service,address validation,lost,146341,87.33,89.12,1.79,support tickets increased,ATLAS-1567,"Decision note: compare product analytics with Grafana p95, support escalation volume, and release flag history."
EXP-00836,2020-12-19,2020-Q4,web,cart-service,tax quote cache,inconclusive,201908,81.05,80.92,-0.13,no clear impact,ATLAS-6068,"Decision note: compare product analytics with Grafana p95, support escalation volume, and release flag history."
EXP-00837,2020-12-21,2020-Q4,store-kiosk,tax-service,one-click reorder,inconclusive,214099,79.62,77.28,-2.34,support tickets increased,ATLAS-5637,"Decision note: compare product analytics with Grafana p95, support escalation volume, and release flag history."
EXP-00838,2020-12-22,2020-Q4,web,analytics-pipeline,checkout button copy,lost,60632,85.77,87.68,1.9,support tickets increased,ATLAS-1518,"Decision note: compare product analytics with Grafana p95, support escalation volume, and release flag history."
EXP-00839,2020-12-23,2020-Q4,mobile-web,payment-orchestrator,coupon fallback,lost,175043,75.03,74.49,-0.54,support tickets increased,ATLAS-2617,"Decision note: compare product analytics with Grafana p95, support escalation volume, and release flag history."
EXP-00840,2020-12-24,2020-Q4,android,payment-orchestrator,address validation,inconclusive,188859,73.15,78.28,5.13,no clear impact,ATLAS-2242,"Decision note: compare product analytics with Grafana p95, support escalation volume, and release flag history."
EXP-00841,2020-12-25,2020-Q4,partner-api,pricing-engine,coupon fallback,draft,122467,88.56,88.83,0.27,latency neutral,ATLAS-1342,"Decision note: compare product analytics with Grafana p95, support escalation volume, and release flag history."
EXP-00842,2020-12-26,2020-Q4,store-kiosk,loyalty-service,tax quote cache,lost,28097,84.15,85.85,1.7,latency neutral,ATLAS-3300,"Decision note: compare product analytics with Grafana p95, support escalation volume, and release flag history."
EXP-00843,2020-12-27,2020-Q4,mobile-web,cart-service,inventory warning,rolled back,28549,84.44,86.84,2.4,latency neutral,ATLAS-3587,"Decision note: compare product analytics with Grafana p95, support escalation volume, and release flag history."
EXP-00844,2020-12-28,2020-Q4,ios,cart-service,tax quote cache,inconclusive,132426,73.84,69.44,-4.4,latency neutral,ATLAS-4971,"Decision note: compare product analytics with Grafana p95, support escalation volume, and release flag history."
EXP-00845,2020-12-30,2020-Q4,android,tax-service,payment retry UX,draft,28751,78.18,80.32,2.14,latency neutral,ATLAS-2492,"Decision note: compare product analytics with Grafana p95, support escalation volume, and release flag history."
EXP-00846,2020-12-31,2020-Q4,mobile-web,payment-orchestrator,checkout button copy,inconclusive,23178,82.69,81.97,-0.73,latency increased,ATLAS-1565,"Decision note: compare product analytics with Grafana p95, support escalation volume, and release flag history."
EXP-00847,2021-01-01,2021-Q1,ios,notification-service,loyalty prompt,rolled back,77644,78.21,79.64,1.43,latency increased,ATLAS-1278,"Decision note: compare product analytics with Grafana p95, support escalation volume, and release flag history."
EXP-00848,2021-01-02,2021-Q1,web,search-recommendations,payment retry UX,running,129780,82.46,84.15,1.69,latency increased,ATLAS-4882,"Decision note: compare product analytics with Grafana p95, support escalation volume, and release flag history."
EXP-00849,2021-01-03,2021-Q1,partner-api,tax-service,tax quote cache,inconclusive,144553,79.92,82.2,2.28,conversion improved,ATLAS-2005,"Decision note: compare product analytics with Grafana p95, support escalation volume, and release flag history."
EXP-00850,2021-01-04,2021-Q1,web,inventory-reservation,tax quote cache,inconclusive,46133,85.46,86.05,0.59,no clear impact,ATLAS-2454,"Decision note: compare product analytics with Grafana p95, support escalation volume, and release flag history."
EXP-00851,2021-01-05,2021-Q1,mobile-web,checkout-api,inventory warning,rolled back,59399,86.01,85.59,-0.42,no clear impact,ATLAS-6097,"Decision note: compare product analytics with Grafana p95, support escalation volume, and release flag history."
EXP-00852,2021-01-06,2021-Q1,ios,analytics-pipeline,coupon fallback,won,141753,83.46,83.0,-0.46,latency increased,ATLAS-2981,"Decision note: compare product analytics with Grafana p95, support escalation volume, and release flag history."
EXP-00853,2021-01-07,2021-Q1,web,pricing-engine,tax quote cache,rolled back,42142,81.52,82.89,1.38,latency increased,ATLAS-2709,"Decision note: compare product analytics with Grafana p95, support escalation volume, and release flag history."
EXP-00854,2021-01-09,2021-Q1,ios,checkout-api,tax quote cache,draft,119256,81.92,82.35,0.43,latency neutral,ATLAS-2482,"Decision note: compare product analytics with Grafana p95, support escalation volume, and release flag history."
EXP-00855,2021-01-10,2021-Q1,android,payment-orchestrator,inventory warning,won,37712,76.45,82.23,5.78,support tickets increased,ATLAS-5202,"Decision note: compare product analytics with Grafana p95, support escalation volume, and release flag history."
EXP-00856,2021-01-11,2021-Q1,ios,cart-service,tax quote cache,won,107020,84.72,82.5,-2.23,support tickets increased,ATLAS-2637,"Decision note: compare product analytics with Grafana p95, support escalation volume, and release flag history."
EXP-00857,2021-01-12,2021-Q1,ios,payment-orchestrator,checkout button copy,draft,139336,90.77,92.0,1.22,no clear impact,ATLAS-3457,"Decision note: compare product analytics with Grafana p95, support escalation volume, and release flag history."
EXP-00858,2021-01-13,2021-Q1,web,cart-service,payment retry UX,running,187110,79.8,81.23,1.43,latency neutral,ATLAS-4327,"Decision note: compare product analytics with Grafana p95, support escalation volume, and release flag history."
EXP-00859,2021-01-14,2021-Q1,android,order-ledger,checkout button copy,lost,33504,83.22,81.61,-1.61,no clear impact,ATLAS-2881,"Decision note: compare product analytics with Grafana p95, support escalation volume, and release flag history."
EXP-00860,2021-01-15,2021-Q1,ios,notification-service,inventory warning,won,128006,87.12,86.57,-0.54,no clear impact,ATLAS-5634,"Decision note: compare product analytics with Grafana p95, support escalation volume, and release flag history."
EXP-00861,2021-01-16,2021-Q1,partner-api,tax-service,address validation,lost,130569,74.45,76.41,1.96,conversion improved,ATLAS-4080,"Decision note: compare product analytics with Grafana p95, support escalation volume, and release flag history."
EXP-00862,2021-01-18,2021-Q1,mobile-web,pricing-engine,coupon fallback,inconclusive,224790,88.48,91.7,3.22,conversion improved,ATLAS-3578,"Decision note: compare product analytics with Grafana p95, support escalation volume, and release flag history."
EXP-00863,2021-01-19,2021-Q1,mobile-web,tax-service,address validation,running,53406,88.33,88.15,-0.18,latency neutral,ATLAS-4792,"Decision note: compare product analytics with Grafana p95, support escalation volume, and release flag history."
EXP-00864,2021-01-20,2021-Q1,android,inventory-reservation,coupon fallback,draft,218367,89.12,88.66,-0.47,no clear impact,ATLAS-4713,"Decision note: compare product analytics with Grafana p95, support escalation volume, and release flag history."
EXP-00865,2021-01-21,2021-Q1,store-kiosk,analytics-pipeline,one-click reorder,draft,92342,89.93,90.85,0.92,conversion improved,ATLAS-3272,"Decision note: compare product analytics with Grafana p95, support escalation volume, and release flag history."
EXP-00866,2021-01-22,2021-Q1,partner-api,checkout-api,tax quote cache,draft,188185,74.09,75.74,1.65,conversion improved,ATLAS-1762,"Decision note: compare product analytics with Grafana p95, support escalation volume, and release flag history."
EXP-00867,2021-01-23,2021-Q1,web,inventory-reservation,loyalty prompt,lost,131591,72.95,73.36,0.41,conversion improved,ATLAS-5867,"Decision note: compare product analytics with Grafana p95, support escalation volume, and release flag history."
EXP-00868,2021-01-24,2021-Q1,android,checkout-api,loyalty prompt,running,55250,86.68,88.66,1.98,latency increased,ATLAS-1867,"Decision note: compare product analytics with Grafana p95, support escalation volume, and release flag history."
EXP-00869,2021-01-25,2021-Q1,mobile-web,cart-service,inventory warning,running,131005,84.11,84.19,0.08,support tickets increased,ATLAS-2107,"Decision note: compare product analytics with Grafana p95, support escalation volume, and release flag history."
EXP-00870,2021-01-26,2021-Q1,web,search-recommendations,payment retry UX,won,234202,90.5,89.27,-1.23,no clear impact,ATLAS-3108,"Decision note: compare product analytics with Grafana p95, support escalation volume, and release flag history."
EXP-00871,2021-01-28,2021-Q1,web,cart-service,address validation,draft,40210,84.77,86.03,1.26,conversion improved,ATLAS-3431,"Decision note: compare product analytics with Grafana p95, support escalation volume, and release flag history."
EXP-00872,2021-01-29,2021-Q1,ios,pricing-engine,one-click reorder,won,35419,85.55,87.02,1.48,conversion improved,ATLAS-2629,"Decision note: compare product analytics with Grafana p95, support escalation volume, and release flag history."
EXP-00873,2021-01-30,2021-Q1,ios,analytics-pipeline,address validation,won,49473,81.44,79.32,-2.12,latency increased,ATLAS-3214,"Decision note: compare product analytics with Grafana p95, support escalation volume, and release flag history."
EXP-00874,2021-01-31,2021-Q1,partner-api,checkout-api,address validation,lost,16099,77.38,79.73,2.34,support tickets increased,ATLAS-5498,"Decision note: compare product analytics with Grafana p95, support escalation volume, and release flag history."
EXP-00875,2021-02-01,2021-Q1,mobile-web,checkout-api,one-click reorder,lost,143120,73.95,77.32,3.37,no clear impact,ATLAS-1701,"Decision note: compare product analytics with Grafana p95, support escalation volume, and release flag history."
EXP-00876,2021-02-02,2021-Q1,partner-api,checkout-api,payment retry UX,inconclusive,178343,85.03,82.62,-2.4,latency increased,ATLAS-2447,"Decision note: compare product analytics with Grafana p95, support escalation volume, and release flag history."
EXP-00877,2021-02-03,2021-Q1,android,analytics-pipeline,payment retry UX,draft,141477,88.02,90.62,2.6,latency increased,ATLAS-1523,"Decision note: compare product analytics with Grafana p95, support escalation volume, and release flag history."
EXP-00878,2021-02-04,2021-Q1,ios,cart-service,loyalty prompt,running,114229,79.66,78.22,-1.44,latency neutral,ATLAS-5857,"Decision note: compare product analytics with Grafana p95, support escalation volume, and release flag history."
EXP-00879,2021-02-05,2021-Q1,store-kiosk,tax-service,loyalty prompt,running,48684,72.29,75.73,3.44,no clear impact,ATLAS-1373,"Decision note: compare product analytics with Grafana p95, support escalation volume, and release flag history."
EXP-00880,2021-02-07,2021-Q1,store-kiosk,notification-service,tax quote cache,inconclusive,50454,87.13,86.2,-0.94,support tickets increased,ATLAS-2053,"Decision note: compare product analytics with Grafana p95, support escalation volume, and release flag history."
EXP-00881,2021-02-08,2021-Q1,android,analytics-pipeline,coupon fallback,running,37617,73.48,74.81,1.33,latency neutral,ATLAS-3821,"Decision note: compare product analytics with Grafana p95, support escalation volume, and release flag history."
EXP-00882,2021-02-09,2021-Q1,mobile-web,auth-gateway,tax quote cache,running,122938,83.87,85.16,1.3,latency increased,ATLAS-4497,"Decision note: compare product analytics with Grafana p95, support escalation volume, and release flag history."
EXP-00883,2021-02-10,2021-Q1,android,checkout-api,payment retry UX,won,195671,79.97,81.04,1.07,latency neutral,ATLAS-1781,"Decision note: compare product analytics with Grafana p95, support escalation volume, and release flag history."
EXP-00884,2021-02-11,2021-Q1,android,order-ledger,tax quote cache,rolled back,186522,79.99,79.39,-0.6,support tickets increased,ATLAS-4419,"Decision note: compare product analytics with Grafana p95, support escalation volume, and release flag history."
EXP-00885,2021-02-12,2021-Q1,web,pricing-engine,coupon fallback,running,175412,78.95,79.52,0.57,no clear impact,ATLAS-2162,"Decision note: compare product analytics with Grafana p95, support escalation volume, and release flag history."
EXP-00886,2021-02-13,2021-Q1,partner-api,payment-orchestrator,one-click reorder,won,29548,83.4,86.84,3.44,support tickets increased,ATLAS-4759,"Decision note: compare product analytics with Grafana p95, support escalation volume, and release flag history."
EXP-00887,2021-02-14,2021-Q1,ios,cart-service,one-click reorder,inconclusive,8228,76.62,76.77,0.15,no clear impact,ATLAS-5667,"Decision note: compare product analytics with Grafana p95, support escalation volume, and release flag history."
EXP-00888,2021-02-16,2021-Q1,ios,payment-orchestrator,tax quote cache,won,217416,83.66,80.66,-3.01,conversion improved,ATLAS-5033,"Decision note: compare product analytics with Grafana p95, support escalation volume, and release flag history."
EXP-00889,2021-02-17,2021-Q1,web,payment-orchestrator,tax quote cache,inconclusive,65387,86.84,84.63,-2.21,no clear impact,ATLAS-2746,"Decision note: compare product analytics with Grafana p95, support escalation volume, and release flag history."
EXP-00890,2021-02-18,2021-Q1,partner-api,notification-service,inventory warning,draft,83522,76.75,75.95,-0.8,latency increased,ATLAS-2912,"Decision note: compare product analytics with Grafana p95, support escalation volume, and release flag history."
EXP-00891,2021-02-19,2021-Q1,web,notification-service,checkout button copy,running,67122,81.36,82.53,1.17,latency increased,ATLAS-4591,"Decision note: compare product analytics with Grafana p95, support escalation volume, and release flag history."
EXP-00892,2021-02-20,2021-Q1,android,order-ledger,loyalty prompt,running,186654,76.15,80.15,4.0,conversion improved,ATLAS-6105,"Decision note: compare product analytics with Grafana p95, support escalation volume, and release flag history."
EXP-00893,2021-02-21,2021-Q1,ios,payment-orchestrator,inventory warning,running,58604,81.37,80.38,-0.99,support tickets increased,ATLAS-4844,"Decision note: compare product analytics with Grafana p95, support escalation volume, and release flag history."
EXP-00894,2021-02-22,2021-Q1,android,order-ledger,loyalty prompt,won,123245,89.15,94.86,5.71,latency increased,ATLAS-4224,"Decision note: compare product analytics with Grafana p95, support escalation volume, and release flag history."
EXP-00895,2021-02-23,2021-Q1,web,tax-service,inventory warning,inconclusive,56848,81.04,84.66,3.62,support tickets increased,ATLAS-4577,"Decision note: compare product analytics with Grafana p95, support escalation volume, and release flag history."
EXP-00896,2021-02-24,2021-Q1,store-kiosk,inventory-reservation,address validation,inconclusive,73125,89.22,91.65,2.44,latency neutral,ATLAS-1875,"Decision note: compare product analytics with Grafana p95, support escalation volume, and release flag history."
EXP-00897,2021-02-26,2021-Q1,ios,cart-service,coupon fallback,won,226492,74.23,74.44,0.21,support tickets increased,ATLAS-1593,"Decision note: compare product analytics with Grafana p95, support escalation volume, and release flag history."
EXP-00898,2021-02-27,2021-Q1,web,analytics-pipeline,inventory warning,rolled back,153038,78.45,83.75,5.3,latency increased,ATLAS-2043,"Decision note: compare product analytics with Grafana p95, support escalation volume, and release flag history."
EXP-00899,2021-02-28,2021-Q1,web,analytics-pipeline,one-click reorder,running,172931,74.79,78.07,3.29,support tickets increased,ATLAS-2200,"Decision note: compare product analytics with Grafana p95, support escalation volume, and release flag history."
EXP-00900,2021-03-01,2021-Q1,android,auth-gateway,coupon fallback,won,141935,74.52,66.7,-7.82,conversion improved,ATLAS-2446,"Decision note: compare product analytics with Grafana p95, support escalation volume, and release flag history."
EXP-00901,2021-03-02,2021-Q1,mobile-web,analytics-pipeline,address validation,draft,33734,79.83,82.67,2.84,latency increased,ATLAS-3348,"Decision note: compare product analytics with Grafana p95, support escalation volume, and release flag history."
EXP-00902,2021-03-03,2021-Q1,web,cart-service,coupon fallback,lost,122868,89.21,90.66,1.45,no clear impact,ATLAS-5325,"Decision note: compare product analytics with Grafana p95, support escalation volume, and release flag history."
EXP-00903,2021-03-04,2021-Q1,store-kiosk,notification-service,one-click reorder,inconclusive,26015,90.13,90.19,0.05,support tickets increased,ATLAS-6059,"Decision note: compare product analytics with Grafana p95, support escalation volume, and release flag history."
EXP-00904,2021-03-05,2021-Q1,partner-api,payment-orchestrator,checkout button copy,inconclusive,212019,85.69,83.58,-2.11,latency neutral,ATLAS-5751,"Decision note: compare product analytics with Grafana p95, support escalation volume, and release flag history."
EXP-00905,2021-03-07,2021-Q1,partner-api,notification-service,inventory warning,draft,201009,78.94,77.48,-1.46,conversion improved,ATLAS-1294,"Decision note: compare product analytics with Grafana p95, support escalation volume, and release flag history."
EXP-00906,2021-03-08,2021-Q1,android,notification-service,inventory warning,draft,210355,87.52,92.4,4.88,conversion improved,ATLAS-5990,"Decision note: compare product analytics with Grafana p95, support escalation volume, and release flag history."
EXP-00907,2021-03-09,2021-Q1,web,cart-service,address validation,draft,204655,85.0,84.83,-0.17,support tickets increased,ATLAS-5185,"Decision note: compare product analytics with Grafana p95, support escalation volume, and release flag history."
EXP-00908,2021-03-10,2021-Q1,store-kiosk,order-ledger,loyalty prompt,draft,109968,76.2,75.18,-1.02,latency increased,ATLAS-3780,"Decision note: compare product analytics with Grafana p95, support escalation volume, and release flag history."
EXP-00909,2021-03-11,2021-Q1,store-kiosk,order-ledger,payment retry UX,inconclusive,35644,77.57,76.62,-0.95,latency neutral,ATLAS-3182,"Decision note: compare product analytics with Grafana p95, support escalation volume, and release flag history."
EXP-00910,2021-03-12,2021-Q1,web,tax-service,tax quote cache,draft,182337,77.89,79.3,1.41,no clear impact,ATLAS-3235,"Decision note: compare product analytics with Grafana p95, support escalation volume, and release flag history."
EXP-00911,2021-03-13,2021-Q1,mobile-web,pricing-engine,coupon fallback,rolled back,172431,89.44,87.81,-1.62,latency neutral,ATLAS-1595,"Decision note: compare product analytics with Grafana p95, support escalation volume, and release flag history."
EXP-00912,2021-03-14,2021-Q1,android,notification-service,coupon fallback,rolled back,64178,76.74,77.03,0.29,latency increased,ATLAS-3165,"Decision note: compare product analytics with Grafana p95, support escalation volume, and release flag history."
EXP-00913,2021-03-15,2021-Q1,store-kiosk,analytics-pipeline,payment retry UX,inconclusive,24914,85.8,85.5,-0.29,conversion improved,ATLAS-6084,"Decision note: compare product analytics with Grafana p95, support escalation volume, and release flag history."
EXP-00914,2021-03-17,2021-Q1,mobile-web,checkout-api,payment retry UX,draft,104376,72.05,74.19,2.14,latency neutral,ATLAS-5183,"Decision note: compare product analytics with Grafana p95, support escalation volume, and release flag history."
EXP-00915,2021-03-18,2021-Q1,android,order-ledger,tax quote cache,rolled back,85556,79.68,80.91,1.23,no clear impact,ATLAS-1952,"Decision note: compare product analytics with Grafana p95, support escalation volume, and release flag history."
EXP-00916,2021-03-19,2021-Q1,android,cart-service,loyalty prompt,inconclusive,54389,83.93,83.03,-0.9,latency increased,ATLAS-6007,"Decision note: compare product analytics with Grafana p95, support escalation volume, and release flag history."
EXP-00917,2021-03-20,2021-Q1,android,tax-service,loyalty prompt,lost,100519,83.68,86.16,2.47,no clear impact,ATLAS-5210,"Decision note: compare product analytics with Grafana p95, support escalation volume, and release flag history."
EXP-00918,2021-03-21,2021-Q1,ios,cart-service,coupon fallback,running,59127,85.46,85.62,0.16,latency neutral,ATLAS-2455,"Decision note: compare product analytics with Grafana p95, support escalation volume, and release flag history."
EXP-00919,2021-03-22,2021-Q1,android,auth-gateway,coupon fallback,inconclusive,137151,83.86,84.01,0.15,latency neutral,ATLAS-3865,"Decision note: compare product analytics with Grafana p95, support escalation volume, and release flag history."
EXP-00920,2021-03-23,2021-Q1,web,payment-orchestrator,loyalty prompt,running,161275,83.96,82.68,-1.29,no clear impact,ATLAS-5847,"Decision note: compare product analytics with Grafana p95, support escalation volume, and release flag history."
EXP-00921,2021-03-24,2021-Q1,android,cart-service,inventory warning,won,237270,86.07,86.77,0.7,latency neutral,ATLAS-5592,"Decision note: compare product analytics with Grafana p95, support escalation volume, and release flag history."
EXP-00922,2021-03-26,2021-Q1,ios,loyalty-service,payment retry UX,inconclusive,47425,79.77,80.98,1.21,no clear impact,ATLAS-3420,"Decision note: compare product analytics with Grafana p95, support escalation volume, and release flag history."
EXP-00923,2021-03-27,2021-Q1,mobile-web,loyalty-service,checkout button copy,draft,227198,73.15,71.07,-2.08,conversion improved,ATLAS-1177,"Decision note: compare product analytics with Grafana p95, support escalation volume, and release flag history."
EXP-00924,2021-03-28,2021-Q1,partner-api,notification-service,address validation,draft,184144,80.16,81.04,0.88,support tickets increased,ATLAS-1614,"Decision note: compare product analytics with Grafana p95, support escalation volume, and release flag history."
EXP-00925,2021-03-29,2021-Q1,store-kiosk,checkout-api,loyalty prompt,rolled back,42119,85.77,86.98,1.21,latency increased,ATLAS-5018,"Decision note: compare product analytics with Grafana p95, support escalation volume, and release flag history."
EXP-00926,2021-03-30,2021-Q1,store-kiosk,analytics-pipeline,tax quote cache,rolled back,205915,89.42,88.69,-0.73,conversion improved,ATLAS-5361,"Decision note: compare product analytics with Grafana p95, support escalation volume, and release flag history."
EXP-00927,2021-03-31,2021-Q1,mobile-web,payment-orchestrator,payment retry UX,running,183284,81.0,77.5,-3.5,no clear impact,ATLAS-1526,"Decision note: compare product analytics with Grafana p95, support escalation volume, and release flag history."
EXP-00928,2021-04-01,2021-Q2,web,tax-service,loyalty prompt,running,42680,90.11,89.04,-1.07,no clear impact,ATLAS-3561,"Decision note: compare product analytics with Grafana p95, support escalation volume, and release flag history."
EXP-00929,2021-04-02,2021-Q2,ios,checkout-api,loyalty prompt,inconclusive,145463,81.89,85.7,3.81,no clear impact,ATLAS-4853,"Decision note: compare product analytics with Grafana p95, support escalation volume, and release flag history."
EXP-00930,2021-04-03,2021-Q2,mobile-web,auth-gateway,inventory warning,lost,89908,77.82,71.33,-6.49,no clear impact,ATLAS-2897,"Decision note: compare product analytics with Grafana p95, support escalation volume, and release flag history."
EXP-00931,2021-04-05,2021-Q2,ios,auth-gateway,address validation,inconclusive,168961,80.17,80.16,-0.01,latency neutral,ATLAS-5719,"Decision note: compare product analytics with Grafana p95, support escalation volume, and release flag history."
EXP-00932,2021-04-06,2021-Q2,mobile-web,pricing-engine,payment retry UX,lost,43982,85.91,85.95,0.05,latency increased,ATLAS-3850,"Decision note: compare product analytics with Grafana p95, support escalation volume, and release flag history."
EXP-00933,2021-04-07,2021-Q2,store-kiosk,cart-service,coupon fallback,lost,154948,77.54,74.44,-3.1,support tickets increased,ATLAS-1878,"Decision note: compare product analytics with Grafana p95, support escalation volume, and release flag history."
EXP-00934,2021-04-08,2021-Q2,store-kiosk,auth-gateway,one-click reorder,running,143242,73.9,71.71,-2.19,conversion improved,ATLAS-4399,"Decision note: compare product analytics with Grafana p95, support escalation volume, and release flag history."
EXP-00935,2021-04-09,2021-Q2,android,checkout-api,checkout button copy,running,136863,84.78,90.17,5.39,support tickets increased,ATLAS-1566,"Decision note: compare product analytics with Grafana p95, support escalation volume, and release flag history."
EXP-00936,2021-04-10,2021-Q2,ios,payment-orchestrator,coupon fallback,draft,4303,83.33,90.03,6.7,latency increased,ATLAS-3282,"Decision note: compare product analytics with Grafana p95, support escalation volume, and release flag history."
EXP-00937,2021-04-11,2021-Q2,ios,payment-orchestrator,inventory warning,rolled back,211223,78.46,77.76,-0.7,latency increased,ATLAS-3084,"Decision note: compare product analytics with Grafana p95, support escalation volume, and release flag history."
EXP-00938,2021-04-12,2021-Q2,partner-api,cart-service,coupon fallback,running,175927,77.56,77.33,-0.24,no clear impact,ATLAS-4412,"Decision note: compare product analytics with Grafana p95, support escalation volume, and release flag history."
EXP-00939,2021-04-14,2021-Q2,android,analytics-pipeline,address validation,lost,148997,90.27,90.16,-0.11,latency neutral,ATLAS-5718,"Decision note: compare product analytics with Grafana p95, support escalation volume, and release flag history."
EXP-00940,2021-04-15,2021-Q2,partner-api,payment-orchestrator,checkout button copy,lost,63398,74.65,77.47,2.82,latency neutral,ATLAS-5743,"Decision note: compare product analytics with Grafana p95, support escalation volume, and release flag history."
EXP-00941,2021-04-16,2021-Q2,store-kiosk,checkout-api,loyalty prompt,lost,131804,75.26,75.9,0.64,latency neutral,ATLAS-3720,"Decision note: compare product analytics with Grafana p95, support escalation volume, and release flag history."
EXP-00942,2021-04-17,2021-Q2,mobile-web,order-ledger,address validation,draft,112504,73.69,73.02,-0.68,no clear impact,ATLAS-5744,"Decision note: compare product analytics with Grafana p95, support escalation volume, and release flag history."
EXP-00943,2021-04-18,2021-Q2,partner-api,inventory-reservation,loyalty prompt,draft,96934,89.76,92.67,2.91,no clear impact,ATLAS-6190,"Decision note: compare product analytics with Grafana p95, support escalation volume, and release flag history."
EXP-00944,2021-04-19,2021-Q2,mobile-web,search-recommendations,inventory warning,running,94688,84.64,85.63,0.98,support tickets increased,ATLAS-4476,"Decision note: compare product analytics with Grafana p95, support escalation volume, and release flag history."
EXP-00945,2021-04-20,2021-Q2,partner-api,pricing-engine,address validation,running,234506,86.7,86.53,-0.17,conversion improved,ATLAS-4850,"Decision note: compare product analytics with Grafana p95, support escalation volume, and release flag history."
EXP-00946,2021-04-21,2021-Q2,android,order-ledger,payment retry UX,inconclusive,137352,74.56,83.35,8.79,conversion improved,ATLAS-1845,"Decision note: compare product analytics with Grafana p95, support escalation volume, and release flag history."
EXP-00947,2021-04-22,2021-Q2,partner-api,inventory-reservation,loyalty prompt,draft,66218,88.33,88.59,0.26,conversion improved,ATLAS-3136,"Decision note: compare product analytics with Grafana p95, support escalation volume, and release flag history."
EXP-00948,2021-04-24,2021-Q2,mobile-web,analytics-pipeline,checkout button copy,rolled back,173940,80.23,76.94,-3.29,no clear impact,ATLAS-2142,"Decision note: compare product analytics with Grafana p95, support escalation volume, and release flag history."
EXP-00949,2021-04-25,2021-Q2,mobile-web,payment-orchestrator,payment retry UX,running,86370,90.96,91.66,0.71,no clear impact,ATLAS-4063,"Decision note: compare product analytics with Grafana p95, support escalation volume, and release flag history."
EXP-00950,2021-04-26,2021-Q2,partner-api,checkout-api,address validation,running,45156,78.14,75.56,-2.58,latency increased,ATLAS-1306,"Decision note: compare product analytics with Grafana p95, support escalation volume, and release flag history."
EXP-00951,2021-04-27,2021-Q2,android,auth-gateway,loyalty prompt,inconclusive,101006,80.41,81.77,1.36,conversion improved,ATLAS-3401,"Decision note: compare product analytics with Grafana p95, support escalation volume, and release flag history."
EXP-00952,2021-04-28,2021-Q2,mobile-web,inventory-reservation,address validation,inconclusive,106809,77.14,76.4,-0.74,conversion improved,ATLAS-3470,"Decision note: compare product analytics with Grafana p95, support escalation volume, and release flag history."
EXP-00953,2021-04-29,2021-Q2,ios,loyalty-service,checkout button copy,draft,92035,90.58,90.93,0.35,no clear impact,ATLAS-2552,"Decision note: compare product analytics with Grafana p95, support escalation volume, and release flag history."
EXP-00954,2021-04-30,2021-Q2,store-kiosk,cart-service,checkout button copy,draft,194453,86.68,90.13,3.45,latency neutral,ATLAS-2282,"Decision note: compare product analytics with Grafana p95, support escalation volume, and release flag history."
EXP-00955,2021-05-01,2021-Q2,ios,notification-service,tax quote cache,draft,30473,84.35,87.15,2.8,support tickets increased,ATLAS-3238,"Decision note: compare product analytics with Grafana p95, support escalation volume, and release flag history."
EXP-00956,2021-05-03,2021-Q2,partner-api,tax-service,tax quote cache,draft,51129,86.9,87.84,0.94,latency increased,ATLAS-2017,"Decision note: compare product analytics with Grafana p95, support escalation volume, and release flag history."
EXP-00957,2021-05-04,2021-Q2,mobile-web,payment-orchestrator,checkout button copy,won,117741,85.99,90.24,4.25,latency increased,ATLAS-1222,"Decision note: compare product analytics with Grafana p95, support escalation volume, and release flag history."
EXP-00958,2021-05-05,2021-Q2,mobile-web,pricing-engine,one-click reorder,won,105864,72.95,73.47,0.52,conversion improved,ATLAS-5510,"Decision note: compare product analytics with Grafana p95, support escalation volume, and release flag history."
EXP-00959,2021-05-06,2021-Q2,partner-api,order-ledger,tax quote cache,rolled back,227191,78.42,81.66,3.24,conversion improved,ATLAS-1406,"Decision note: compare product analytics with Grafana p95, support escalation volume, and release flag history."
EXP-00960,2021-05-07,2021-Q2,ios,tax-service,address validation,rolled back,166111,87.32,87.41,0.09,support tickets increased,ATLAS-1701,"Decision note: compare product analytics with Grafana p95, support escalation volume, and release flag history."
EXP-00961,2021-05-08,2021-Q2,store-kiosk,pricing-engine,inventory warning,running,140718,85.78,88.07,2.29,latency increased,ATLAS-1765,"Decision note: compare product analytics with Grafana p95, support escalation volume, and release flag history."
EXP-00962,2021-05-09,2021-Q2,web,pricing-engine,coupon fallback,rolled back,46964,72.57,74.45,1.87,latency neutral,ATLAS-3904,"Decision note: compare product analytics with Grafana p95, support escalation volume, and release flag history."
EXP-00963,2021-05-10,2021-Q2,ios,search-recommendations,inventory warning,lost,50381,85.83,88.84,3.01,conversion improved,ATLAS-2217,"Decision note: compare product analytics with Grafana p95, support escalation volume, and release flag history."
EXP-00964,2021-05-11,2021-Q2,android,payment-orchestrator,loyalty prompt,rolled back,108616,79.74,79.29,-0.45,support tickets increased,ATLAS-1824,"Decision note: compare product analytics with Grafana p95, support escalation volume, and release flag history."
EXP-00965,2021-05-13,2021-Q2,web,checkout-api,loyalty prompt,lost,100972,83.28,85.91,2.63,no clear impact,ATLAS-2817,"Decision note: compare product analytics with Grafana p95, support escalation volume, and release flag history."
EXP-00966,2021-05-14,2021-Q2,ios,auth-gateway,checkout button copy,rolled back,74051,73.06,76.82,3.77,latency increased,ATLAS-3231,"Decision note: compare product analytics with Grafana p95, support escalation volume, and release flag history."
EXP-00967,2021-05-15,2021-Q2,store-kiosk,analytics-pipeline,coupon fallback,won,220468,88.37,88.04,-0.33,latency increased,ATLAS-5772,"Decision note: compare product analytics with Grafana p95, support escalation volume, and release flag history."
EXP-00968,2021-05-16,2021-Q2,store-kiosk,loyalty-service,inventory warning,draft,20618,88.28,90.72,2.44,latency neutral,ATLAS-1527,"Decision note: compare product analytics with Grafana p95, support escalation volume, and release flag history."
EXP-00969,2021-05-17,2021-Q2,ios,pricing-engine,tax quote cache,won,86870,75.25,75.8,0.54,latency neutral,ATLAS-1616,"Decision note: compare product analytics with Grafana p95, support escalation volume, and release flag history."
EXP-00970,2021-05-18,2021-Q2,mobile-web,auth-gateway,checkout button copy,rolled back,47887,73.7,74.14,0.44,conversion improved,ATLAS-1635,"Decision note: compare product analytics with Grafana p95, support escalation volume, and release flag history."
EXP-00971,2021-05-19,2021-Q2,web,pricing-engine,inventory warning,running,208115,77.13,75.91,-1.23,support tickets increased,ATLAS-5954,"Decision note: compare product analytics with Grafana p95, support escalation volume, and release flag history."
EXP-00972,2021-05-20,2021-Q2,mobile-web,notification-service,inventory warning,lost,14458,81.36,80.53,-0.84,conversion improved,ATLAS-2125,"Decision note: compare product analytics with Grafana p95, support escalation volume, and release flag history."
EXP-00973,2021-05-22,2021-Q2,mobile-web,notification-service,payment retry UX,inconclusive,123973,77.36,78.71,1.35,conversion improved,ATLAS-6030,"Decision note: compare product analytics with Grafana p95, support escalation volume, and release flag history."
EXP-00974,2021-05-23,2021-Q2,partner-api,search-recommendations,payment retry UX,running,150591,89.15,86.51,-2.64,latency neutral,ATLAS-5888,"Decision note: compare product analytics with Grafana p95, support escalation volume, and release flag history."
EXP-00975,2021-05-24,2021-Q2,mobile-web,loyalty-service,inventory warning,won,169911,84.05,84.7,0.65,no clear impact,ATLAS-4989,"Decision note: compare product analytics with Grafana p95, support escalation volume, and release flag history."
EXP-00976,2021-05-25,2021-Q2,android,loyalty-service,coupon fallback,lost,180748,73.57,74.39,0.81,support tickets increased,ATLAS-2979,"Decision note: compare product analytics with Grafana p95, support escalation volume, and release flag history."
EXP-00977,2021-05-26,2021-Q2,mobile-web,tax-service,payment retry UX,won,19921,85.11,84.37,-0.74,conversion improved,ATLAS-1960,"Decision note: compare product analytics with Grafana p95, support escalation volume, and release flag history."
EXP-00978,2021-05-27,2021-Q2,web,auth-gateway,inventory warning,won,96748,76.68,77.08,0.4,support tickets increased,ATLAS-4829,"Decision note: compare product analytics with Grafana p95, support escalation volume, and release flag history."
EXP-00979,2021-05-28,2021-Q2,store-kiosk,auth-gateway,loyalty prompt,rolled back,74581,78.86,78.57,-0.29,support tickets increased,ATLAS-1727,"Decision note: compare product analytics with Grafana p95, support escalation volume, and release flag history."
EXP-00980,2021-05-29,2021-Q2,store-kiosk,checkout-api,inventory warning,inconclusive,88534,78.58,79.81,1.23,conversion improved,ATLAS-4681,"Decision note: compare product analytics with Grafana p95, support escalation volume, and release flag history."
EXP-00981,2021-05-30,2021-Q2,partner-api,inventory-reservation,coupon fallback,inconclusive,65604,88.24,89.26,1.02,conversion improved,ATLAS-2031,"Decision note: compare product analytics with Grafana p95, support escalation volume, and release flag history."
EXP-00982,2021-06-01,2021-Q2,ios,inventory-reservation,checkout button copy,won,176047,84.56,85.05,0.49,latency increased,ATLAS-5106,"Decision note: compare product analytics with Grafana p95, support escalation volume, and release flag history."
EXP-00983,2021-06-02,2021-Q2,store-kiosk,tax-service,checkout button copy,rolled back,90658,84.43,84.6,0.17,no clear impact,ATLAS-3011,"Decision note: compare product analytics with Grafana p95, support escalation volume, and release flag history."
EXP-00984,2021-06-03,2021-Q2,web,order-ledger,checkout button copy,draft,170123,85.51,85.72,0.21,support tickets increased,ATLAS-4076,"Decision note: compare product analytics with Grafana p95, support escalation volume, and release flag history."
EXP-00985,2021-06-04,2021-Q2,partner-api,cart-service,checkout button copy,lost,78043,85.47,82.84,-2.62,latency neutral,ATLAS-4898,"Decision note: compare product analytics with Grafana p95, support escalation volume, and release flag history."
EXP-00986,2021-06-05,2021-Q2,store-kiosk,order-ledger,payment retry UX,rolled back,172908,88.21,85.32,-2.89,conversion improved,ATLAS-1012,"Decision note: compare product analytics with Grafana p95, support escalation volume, and release flag history."
EXP-00987,2021-06-06,2021-Q2,android,analytics-pipeline,address validation,won,47271,83.98,82.99,-0.99,conversion improved,ATLAS-4582,"Decision note: compare product analytics with Grafana p95, support escalation volume, and release flag history."
EXP-00988,2021-06-07,2021-Q2,partner-api,tax-service,inventory warning,rolled back,77312,87.15,88.75,1.59,latency neutral,ATLAS-6198,"Decision note: compare product analytics with Grafana p95, support escalation volume, and release flag history."
EXP-00989,2021-06-08,2021-Q2,mobile-web,auth-gateway,one-click reorder,rolled back,221035,73.78,77.78,4.0,no clear impact,ATLAS-3887,"Decision note: compare product analytics with Grafana p95, support escalation volume, and release flag history."
EXP-00990,2021-06-10,2021-Q2,mobile-web,checkout-api,one-click reorder,won,233434,80.25,80.17,-0.09,latency increased,ATLAS-2384,"Decision note: compare product analytics with Grafana p95, support escalation volume, and release flag history."
EXP-00991,2021-06-11,2021-Q2,mobile-web,tax-service,one-click reorder,draft,92407,78.14,77.24,-0.9,latency neutral,ATLAS-2882,"Decision note: compare product analytics with Grafana p95, support escalation volume, and release flag history."
EXP-00992,2021-06-12,2021-Q2,web,notification-service,tax quote cache,won,188708,88.29,90.19,1.9,no clear impact,ATLAS-1035,"Decision note: compare product analytics with Grafana p95, support escalation volume, and release flag history."
EXP-00993,2021-06-13,2021-Q2,mobile-web,analytics-pipeline,checkout button copy,won,24247,87.25,88.75,1.5,latency increased,ATLAS-4309,"Decision note: compare product analytics with Grafana p95, support escalation volume, and release flag history."
EXP-00994,2021-06-14,2021-Q2,store-kiosk,notification-service,address validation,running,218060,84.58,85.59,1.01,conversion improved,ATLAS-5166,"Decision note: compare product analytics with Grafana p95, support escalation volume, and release flag history."
EXP-00995,2021-06-15,2021-Q2,web,search-recommendations,payment retry UX,inconclusive,215853,87.56,86.62,-0.94,latency neutral,ATLAS-1818,"Decision note: compare product analytics with Grafana p95, support escalation volume, and release flag history."
EXP-00996,2021-06-16,2021-Q2,web,payment-orchestrator,one-click reorder,won,140392,72.0,72.58,0.58,no clear impact,ATLAS-5733,"Decision note: compare product analytics with Grafana p95, support escalation volume, and release flag history."
EXP-00997,2021-06-17,2021-Q2,android,inventory-reservation,payment retry UX,inconclusive,225374,74.18,75.21,1.03,support tickets increased,ATLAS-4381,"Decision note: compare product analytics with Grafana p95, support escalation volume, and release flag history."
EXP-00998,2021-06-18,2021-Q2,partner-api,loyalty-service,payment retry UX,won,155389,74.44,77.58,3.14,latency increased,ATLAS-3421,"Decision note: compare product analytics with Grafana p95, support escalation volume, and release flag history."
EXP-00999,2021-06-20,2021-Q2,store-kiosk,analytics-pipeline,address validation,won,85663,90.84,92.59,1.75,latency neutral,ATLAS-5099,"Decision note: compare product analytics with Grafana p95, support escalation volume, and release flag history."
EXP-01000,2021-06-21,2021-Q2,partner-api,checkout-api,address validation,running,199032,77.39,75.38,-2.01,latency increased,ATLAS-2185,"Decision note: compare product analytics with Grafana p95, support escalation volume, and release flag history."
EXP-01001,2021-06-22,2021-Q2,mobile-web,auth-gateway,loyalty prompt,inconclusive,68807,84.46,84.38,-0.08,latency increased,ATLAS-1353,"Decision note: compare product analytics with Grafana p95, support escalation volume, and release flag history."
EXP-01002,2021-06-23,2021-Q2,partner-api,order-ledger,one-click reorder,draft,104559,76.66,77.95,1.29,conversion improved,ATLAS-4523,"Decision note: compare product analytics with Grafana p95, support escalation volume, and release flag history."
EXP-01003,2021-06-24,2021-Q2,mobile-web,notification-service,coupon fallback,rolled back,185734,72.44,75.04,2.6,support tickets increased,ATLAS-3271,"Decision note: compare product analytics with Grafana p95, support escalation volume, and release flag history."
EXP-01004,2021-06-25,2021-Q2,store-kiosk,payment-orchestrator,checkout button copy,rolled back,230267,85.67,87.36,1.69,latency neutral,ATLAS-3346,"Decision note: compare product analytics with Grafana p95, support escalation volume, and release flag history."
EXP-01005,2021-06-26,2021-Q2,partner-api,pricing-engine,checkout button copy,won,171760,82.96,84.22,1.27,latency increased,ATLAS-1665,"Decision note: compare product analytics with Grafana p95, support escalation volume, and release flag history."
EXP-01006,2021-06-27,2021-Q2,android,analytics-pipeline,payment retry UX,lost,69138,90.79,89.94,-0.86,support tickets increased,ATLAS-4562,"Decision note: compare product analytics with Grafana p95, support escalation volume, and release flag history."
EXP-01007,2021-06-29,2021-Q2,partner-api,cart-service,checkout button copy,won,123082,79.9,82.46,2.56,latency increased,ATLAS-6073,"Decision note: compare product analytics with Grafana p95, support escalation volume, and release flag history."
EXP-01008,2021-06-30,2021-Q2,web,pricing-engine,inventory warning,lost,229469,74.84,77.64,2.79,no clear impact,ATLAS-2249,"Decision note: compare product analytics with Grafana p95, support escalation volume, and release flag history."
EXP-01009,2021-07-01,2021-Q3,mobile-web,search-recommendations,address validation,draft,117153,75.24,75.31,0.07,latency increased,ATLAS-1967,"Decision note: compare product analytics with Grafana p95, support escalation volume, and release flag history."
EXP-01010,2021-07-02,2021-Q3,partner-api,pricing-engine,payment retry UX,rolled back,115239,85.11,89.74,4.62,support tickets increased,ATLAS-4531,"Decision note: compare product analytics with Grafana p95, support escalation volume, and release flag history."
EXP-01011,2021-07-03,2021-Q3,store-kiosk,auth-gateway,coupon fallback,won,220062,89.52,94.27,4.75,latency increased,ATLAS-5792,"Decision note: compare product analytics with Grafana p95, support escalation volume, and release flag history."
EXP-01012,2021-07-04,2021-Q3,partner-api,analytics-pipeline,payment retry UX,rolled back,81567,86.79,85.87,-0.92,conversion improved,ATLAS-1745,"Decision note: compare product analytics with Grafana p95, support escalation volume, and release flag history."
EXP-01013,2021-07-05,2021-Q3,web,checkout-api,one-click reorder,lost,173306,84.52,81.59,-2.93,conversion improved,ATLAS-5274,"Decision note: compare product analytics with Grafana p95, support escalation volume, and release flag history."
EXP-01014,2021-07-06,2021-Q3,ios,analytics-pipeline,tax quote cache,running,133224,86.86,90.12,3.26,latency neutral,ATLAS-3108,"Decision note: compare product analytics with Grafana p95, support escalation volume, and release flag history."
EXP-01015,2021-07-07,2021-Q3,store-kiosk,pricing-engine,address validation,running,165422,85.04,83.36,-1.68,latency neutral,ATLAS-1747,"Decision note: compare product analytics with Grafana p95, support escalation volume, and release flag history."
EXP-01016,2021-07-09,2021-Q3,partner-api,analytics-pipeline,loyalty prompt,draft,46663,76.73,75.23,-1.51,latency increased,ATLAS-3800,"Decision note: compare product analytics with Grafana p95, support escalation volume, and release flag history."
EXP-01017,2021-07-10,2021-Q3,android,inventory-reservation,one-click reorder,inconclusive,94074,81.83,81.16,-0.68,latency neutral,ATLAS-6118,"Decision note: compare product analytics with Grafana p95, support escalation volume, and release flag history."
EXP-01018,2021-07-11,2021-Q3,mobile-web,pricing-engine,tax quote cache,lost,117109,82.42,82.9,0.48,support tickets increased,ATLAS-1041,"Decision note: compare product analytics with Grafana p95, support escalation volume, and release flag history."
EXP-01019,2021-07-12,2021-Q3,store-kiosk,tax-service,one-click reorder,lost,4935,83.66,84.21,0.54,conversion improved,ATLAS-2641,"Decision note: compare product analytics with Grafana p95, support escalation volume, and release flag history."
EXP-01020,2021-07-13,2021-Q3,web,analytics-pipeline,inventory warning,rolled back,46599,73.22,74.95,1.72,no clear impact,ATLAS-3609,"Decision note: compare product analytics with Grafana p95, support escalation volume, and release flag history."
EXP-01021,2021-07-14,2021-Q3,partner-api,checkout-api,checkout button copy,running,237723,72.89,73.69,0.8,latency neutral,ATLAS-3982,"Decision note: compare product analytics with Grafana p95, support escalation volume, and release flag history."
EXP-01022,2021-07-15,2021-Q3,web,checkout-api,one-click reorder,running,124419,82.66,80.05,-2.61,conversion improved,ATLAS-4740,"Decision note: compare product analytics with Grafana p95, support escalation volume, and release flag history."
EXP-01023,2021-07-16,2021-Q3,ios,inventory-reservation,coupon fallback,inconclusive,136688,73.03,72.12,-0.91,latency neutral,ATLAS-3943,"Decision note: compare product analytics with Grafana p95, support escalation volume, and release flag history."
EXP-01024,2021-07-18,2021-Q3,partner-api,inventory-reservation,one-click reorder,rolled back,237117,74.96,72.09,-2.87,conversion improved,ATLAS-4444,"Decision note: compare product analytics with Grafana p95, support escalation volume, and release flag history."
EXP-01025,2021-07-19,2021-Q3,android,notification-service,checkout button copy,running,14386,75.74,75.87,0.13,conversion improved,ATLAS-2019,"Decision note: compare product analytics with Grafana p95, support escalation volume, and release flag history."
EXP-01026,2021-07-20,2021-Q3,web,search-recommendations,checkout button copy,won,197807,90.47,88.14,-2.34,conversion improved,ATLAS-2425,"Decision note: compare product analytics with Grafana p95, support escalation volume, and release flag history."
EXP-01027,2021-07-21,2021-Q3,partner-api,search-recommendations,one-click reorder,won,68910,84.94,83.98,-0.96,latency neutral,ATLAS-4063,"Decision note: compare product analytics with Grafana p95, support escalation volume, and release flag history."
EXP-01028,2021-07-22,2021-Q3,partner-api,loyalty-service,coupon fallback,won,225659,88.54,87.53,-1.0,no clear impact,ATLAS-4244,"Decision note: compare product analytics with Grafana p95, support escalation volume, and release flag history."
EXP-01029,2021-07-23,2021-Q3,web,search-recommendations,loyalty prompt,rolled back,20254,73.11,70.75,-2.36,latency neutral,ATLAS-3841,"Decision note: compare product analytics with Grafana p95, support escalation volume, and release flag history."
EXP-01030,2021-07-24,2021-Q3,web,notification-service,one-click reorder,won,12169,81.79,83.23,1.45,support tickets increased,ATLAS-4232,"Decision note: compare product analytics with Grafana p95, support escalation volume, and release flag history."
EXP-01031,2021-07-25,2021-Q3,ios,checkout-api,coupon fallback,won,25709,75.52,77.74,2.22,conversion improved,ATLAS-4567,"Decision note: compare product analytics with Grafana p95, support escalation volume, and release flag history."
EXP-01032,2021-07-26,2021-Q3,android,analytics-pipeline,payment retry UX,draft,77745,89.97,86.5,-3.47,conversion improved,ATLAS-2519,"Decision note: compare product analytics with Grafana p95, support escalation volume, and release flag history."
EXP-01033,2021-07-28,2021-Q3,partner-api,tax-service,tax quote cache,rolled back,229193,89.3,92.6,3.29,conversion improved,ATLAS-1520,"Decision note: compare product analytics with Grafana p95, support escalation volume, and release flag history."
EXP-01034,2021-07-29,2021-Q3,ios,pricing-engine,payment retry UX,rolled back,190992,89.26,90.99,1.73,no clear impact,ATLAS-4915,"Decision note: compare product analytics with Grafana p95, support escalation volume, and release flag history."
EXP-01035,2021-07-30,2021-Q3,web,analytics-pipeline,coupon fallback,draft,180001,78.12,77.43,-0.68,latency increased,ATLAS-2725,"Decision note: compare product analytics with Grafana p95, support escalation volume, and release flag history."
EXP-01036,2021-07-31,2021-Q3,web,notification-service,tax quote cache,lost,165209,77.47,74.74,-2.73,conversion improved,ATLAS-3667,"Decision note: compare product analytics with Grafana p95, support escalation volume, and release flag history."
EXP-01037,2021-08-01,2021-Q3,partner-api,order-ledger,one-click reorder,inconclusive,183544,73.55,69.95,-3.6,conversion improved,ATLAS-1008,"Decision note: compare product analytics with Grafana p95, support escalation volume, and release flag history."
EXP-01038,2021-08-02,2021-Q3,android,notification-service,coupon fallback,lost,83081,85.7,86.33,0.63,no clear impact,ATLAS-1932,"Decision note: compare product analytics with Grafana p95, support escalation volume, and release flag history."
EXP-01039,2021-08-03,2021-Q3,mobile-web,tax-service,address validation,won,163133,72.74,77.2,4.46,support tickets increased,ATLAS-1896,"Decision note: compare product analytics with Grafana p95, support escalation volume, and release flag history."
EXP-01040,2021-08-04,2021-Q3,mobile-web,pricing-engine,one-click reorder,won,171380,87.87,86.18,-1.68,conversion improved,ATLAS-3651,"Decision note: compare product analytics with Grafana p95, support escalation volume, and release flag history."
EXP-01041,2021-08-06,2021-Q3,android,payment-orchestrator,coupon fallback,won,181234,88.32,91.08,2.76,latency increased,ATLAS-1035,"Decision note: compare product analytics with Grafana p95, support escalation volume, and release flag history."
EXP-01042,2021-08-07,2021-Q3,mobile-web,analytics-pipeline,payment retry UX,rolled back,62214,75.26,76.93,1.67,latency increased,ATLAS-3420,"Decision note: compare product analytics with Grafana p95, support escalation volume, and release flag history."
EXP-01043,2021-08-08,2021-Q3,store-kiosk,checkout-api,coupon fallback,lost,168181,87.24,89.44,2.2,support tickets increased,ATLAS-3699,"Decision note: compare product analytics with Grafana p95, support escalation volume, and release flag history."
EXP-01044,2021-08-09,2021-Q3,store-kiosk,cart-service,coupon fallback,lost,214165,85.15,85.61,0.46,conversion improved,ATLAS-4307,"Decision note: compare product analytics with Grafana p95, support escalation volume, and release flag history."
EXP-01045,2021-08-10,2021-Q3,mobile-web,analytics-pipeline,one-click reorder,running,5983,74.63,76.88,2.24,latency increased,ATLAS-4702,"Decision note: compare product analytics with Grafana p95, support escalation volume, and release flag history."
EXP-01046,2021-08-11,2021-Q3,store-kiosk,search-recommendations,inventory warning,lost,123240,87.0,89.93,2.92,conversion improved,ATLAS-1856,"Decision note: compare product analytics with Grafana p95, support escalation volume, and release flag history."
EXP-01047,2021-08-12,2021-Q3,web,order-ledger,address validation,rolled back,180720,90.14,92.29,2.15,conversion improved,ATLAS-3893,"Decision note: compare product analytics with Grafana p95, support escalation volume, and release flag history."
EXP-01048,2021-08-13,2021-Q3,web,auth-gateway,checkout button copy,rolled back,151485,83.06,87.51,4.45,conversion improved,ATLAS-1164,"Decision note: compare product analytics with Grafana p95, support escalation volume, and release flag history."
EXP-01049,2021-08-14,2021-Q3,store-kiosk,notification-service,one-click reorder,rolled back,219839,83.52,86.46,2.93,no clear impact,ATLAS-2323,"Decision note: compare product analytics with Grafana p95, support escalation volume, and release flag history."
EXP-01050,2021-08-16,2021-Q3,ios,cart-service,coupon fallback,running,103476,77.57,81.4,3.83,support tickets increased,ATLAS-1178,"Decision note: compare product analytics with Grafana p95, support escalation volume, and release flag history."
EXP-01051,2021-08-17,2021-Q3,web,cart-service,payment retry UX,lost,154472,79.22,81.46,2.24,latency increased,ATLAS-5958,"Decision note: compare product analytics with Grafana p95, support escalation volume, and release flag history."
EXP-01052,2021-08-18,2021-Q3,mobile-web,pricing-engine,checkout button copy,rolled back,88347,75.51,71.61,-3.9,support tickets increased,ATLAS-5876,"Decision note: compare product analytics with Grafana p95, support escalation volume, and release flag history."
EXP-01053,2021-08-19,2021-Q3,store-kiosk,payment-orchestrator,inventory warning,inconclusive,150057,87.34,84.81,-2.54,support tickets increased,ATLAS-5698,"Decision note: compare product analytics with Grafana p95, support escalation volume, and release flag history."
EXP-01054,2021-08-20,2021-Q3,android,notification-service,address validation,lost,153131,75.95,79.61,3.65,support tickets increased,ATLAS-5879,"Decision note: compare product analytics with Grafana p95, support escalation volume, and release flag history."
EXP-01055,2021-08-21,2021-Q3,web,notification-service,address validation,lost,184397,90.44,88.66,-1.78,latency neutral,ATLAS-1901,"Decision note: compare product analytics with Grafana p95, support escalation volume, and release flag history."
EXP-01056,2021-08-22,2021-Q3,store-kiosk,cart-service,loyalty prompt,won,114627,83.88,86.03,2.15,latency increased,ATLAS-5914,"Decision note: compare product analytics with Grafana p95, support escalation volume, and release flag history."
EXP-01057,2021-08-23,2021-Q3,android,checkout-api,address validation,rolled back,176631,73.1,74.79,1.7,support tickets increased,ATLAS-2483,"Decision note: compare product analytics with Grafana p95, support escalation volume, and release flag history."
EXP-01058,2021-08-24,2021-Q3,web,tax-service,coupon fallback,rolled back,81438,73.05,75.31,2.27,no clear impact,ATLAS-4337,"Decision note: compare product analytics with Grafana p95, support escalation volume, and release flag history."
EXP-01059,2021-08-26,2021-Q3,partner-api,cart-service,inventory warning,draft,135086,80.66,79.55,-1.11,latency increased,ATLAS-3836,"Decision note: compare product analytics with Grafana p95, support escalation volume, and release flag history."
EXP-01060,2021-08-27,2021-Q3,mobile-web,tax-service,one-click reorder,rolled back,207852,75.76,76.79,1.03,support tickets increased,ATLAS-3948,"Decision note: compare product analytics with Grafana p95, support escalation volume, and release flag history."
EXP-01061,2021-08-28,2021-Q3,mobile-web,auth-gateway,checkout button copy,lost,78297,90.75,87.88,-2.88,latency neutral,ATLAS-3654,"Decision note: compare product analytics with Grafana p95, support escalation volume, and release flag history."
EXP-01062,2021-08-29,2021-Q3,partner-api,notification-service,coupon fallback,rolled back,182944,83.79,83.19,-0.61,latency increased,ATLAS-4362,"Decision note: compare product analytics with Grafana p95, support escalation volume, and release flag history."
EXP-01063,2021-08-30,2021-Q3,partner-api,order-ledger,loyalty prompt,inconclusive,235759,75.23,78.63,3.4,latency increased,ATLAS-2811,"Decision note: compare product analytics with Grafana p95, support escalation volume, and release flag history."
EXP-01064,2021-08-31,2021-Q3,mobile-web,analytics-pipeline,checkout button copy,inconclusive,39633,76.85,73.78,-3.07,conversion improved,ATLAS-3158,"Decision note: compare product analytics with Grafana p95, support escalation volume, and release flag history."
EXP-01065,2021-09-01,2021-Q3,store-kiosk,checkout-api,payment retry UX,inconclusive,221394,73.35,78.58,5.23,latency neutral,ATLAS-2096,"Decision note: compare product analytics with Grafana p95, support escalation volume, and release flag history."
EXP-01066,2021-09-02,2021-Q3,web,pricing-engine,one-click reorder,draft,56752,86.35,86.04,-0.31,latency increased,ATLAS-1104,"Decision note: compare product analytics with Grafana p95, support escalation volume, and release flag history."
EXP-01067,2021-09-04,2021-Q3,store-kiosk,search-recommendations,checkout button copy,inconclusive,142663,74.23,77.41,3.18,conversion improved,ATLAS-3599,"Decision note: compare product analytics with Grafana p95, support escalation volume, and release flag history."
EXP-01068,2021-09-05,2021-Q3,partner-api,search-recommendations,checkout button copy,running,214903,84.87,86.48,1.61,latency increased,ATLAS-4200,"Decision note: compare product analytics with Grafana p95, support escalation volume, and release flag history."
EXP-01069,2021-09-06,2021-Q3,store-kiosk,analytics-pipeline,loyalty prompt,lost,179353,89.78,96,7.06,latency neutral,ATLAS-2024,"Decision note: compare product analytics with Grafana p95, support escalation volume, and release flag history."
EXP-01070,2021-09-07,2021-Q3,partner-api,payment-orchestrator,coupon fallback,inconclusive,162000,89.65,90.95,1.31,latency neutral,ATLAS-3565,"Decision note: compare product analytics with Grafana p95, support escalation volume, and release flag history."
EXP-01071,2021-09-08,2021-Q3,ios,tax-service,loyalty prompt,running,199150,77.85,81.07,3.21,conversion improved,ATLAS-5119,"Decision note: compare product analytics with Grafana p95, support escalation volume, and release flag history."
EXP-01072,2021-09-09,2021-Q3,partner-api,cart-service,one-click reorder,rolled back,237873,85.2,89.29,4.09,latency increased,ATLAS-5392,"Decision note: compare product analytics with Grafana p95, support escalation volume, and release flag history."
EXP-01073,2021-09-10,2021-Q3,android,analytics-pipeline,inventory warning,inconclusive,111466,80.39,75.82,-4.57,no clear impact,ATLAS-4946,"Decision note: compare product analytics with Grafana p95, support escalation volume, and release flag history."
EXP-01074,2021-09-11,2021-Q3,ios,pricing-engine,address validation,draft,4511,76.12,71.64,-4.48,no clear impact,ATLAS-3142,"Decision note: compare product analytics with Grafana p95, support escalation volume, and release flag history."
EXP-01075,2021-09-12,2021-Q3,web,cart-service,inventory warning,rolled back,44248,75.51,77.07,1.55,no clear impact,ATLAS-1435,"Decision note: compare product analytics with Grafana p95, support escalation volume, and release flag history."
EXP-01076,2021-09-14,2021-Q3,store-kiosk,cart-service,coupon fallback,rolled back,30315,89.97,90.59,0.62,support tickets increased,ATLAS-1660,"Decision note: compare product analytics with Grafana p95, support escalation volume, and release flag history."
EXP-01077,2021-09-15,2021-Q3,store-kiosk,payment-orchestrator,checkout button copy,rolled back,64239,80.83,80.28,-0.55,no clear impact,ATLAS-2127,"Decision note: compare product analytics with Grafana p95, support escalation volume, and release flag history."
EXP-01078,2021-09-16,2021-Q3,partner-api,auth-gateway,tax quote cache,won,136785,87.25,89.55,2.3,no clear impact,ATLAS-3579,"Decision note: compare product analytics with Grafana p95, support escalation volume, and release flag history."
EXP-01079,2021-09-17,2021-Q3,ios,inventory-reservation,tax quote cache,won,221748,86.19,89.26,3.07,support tickets increased,ATLAS-5187,"Decision note: compare product analytics with Grafana p95, support escalation volume, and release flag history."
EXP-01080,2021-09-18,2021-Q3,mobile-web,notification-service,checkout button copy,draft,219685,80.56,84.4,3.84,no clear impact,ATLAS-4921,"Decision note: compare product analytics with Grafana p95, support escalation volume, and release flag history."
EXP-01081,2021-09-19,2021-Q3,ios,pricing-engine,coupon fallback,rolled back,199708,85.64,87.69,2.05,conversion improved,ATLAS-4409,"Decision note: compare product analytics with Grafana p95, support escalation volume, and release flag history."
EXP-01082,2021-09-20,2021-Q3,ios,loyalty-service,payment retry UX,running,189072,74.67,76.43,1.75,conversion improved,ATLAS-1906,"Decision note: compare product analytics with Grafana p95, support escalation volume, and release flag history."
EXP-01083,2021-09-21,2021-Q3,ios,notification-service,inventory warning,running,178861,81.37,81.96,0.59,no clear impact,ATLAS-2473,"Decision note: compare product analytics with Grafana p95, support escalation volume, and release flag history."
EXP-01084,2021-09-23,2021-Q3,mobile-web,payment-orchestrator,one-click reorder,rolled back,189011,75.77,77.07,1.29,support tickets increased,ATLAS-5233,"Decision note: compare product analytics with Grafana p95, support escalation volume, and release flag history."
EXP-01085,2021-09-24,2021-Q3,mobile-web,inventory-reservation,loyalty prompt,inconclusive,12886,73.63,76.49,2.86,latency increased,ATLAS-3226,"Decision note: compare product analytics with Grafana p95, support escalation volume, and release flag history."
EXP-01086,2021-09-25,2021-Q3,web,cart-service,address validation,lost,11405,75.32,73.6,-1.72,latency increased,ATLAS-2706,"Decision note: compare product analytics with Grafana p95, support escalation volume, and release flag history."
EXP-01087,2021-09-26,2021-Q3,web,checkout-api,address validation,lost,141814,87.98,92.2,4.22,no clear impact,ATLAS-1063,"Decision note: compare product analytics with Grafana p95, support escalation volume, and release flag history."
EXP-01088,2021-09-27,2021-Q3,mobile-web,payment-orchestrator,coupon fallback,lost,137848,83.85,85.86,2.01,no clear impact,ATLAS-2778,"Decision note: compare product analytics with Grafana p95, support escalation volume, and release flag history."
EXP-01089,2021-09-28,2021-Q3,web,checkout-api,payment retry UX,won,78211,88.64,86.5,-2.14,latency neutral,ATLAS-5536,"Decision note: compare product analytics with Grafana p95, support escalation volume, and release flag history."
EXP-01090,2021-09-29,2021-Q3,partner-api,notification-service,one-click reorder,draft,64723,88.82,90.82,2.0,support tickets increased,ATLAS-4417,"Decision note: compare product analytics with Grafana p95, support escalation volume, and release flag history."
EXP-01091,2021-09-30,2021-Q3,partner-api,checkout-api,coupon fallback,running,235044,87.66,88.92,1.26,latency neutral,ATLAS-1578,"Decision note: compare product analytics with Grafana p95, support escalation volume, and release flag history."
EXP-01092,2021-10-01,2021-Q4,android,analytics-pipeline,one-click reorder,rolled back,107615,81.29,85.96,4.67,latency neutral,ATLAS-5613,"Decision note: compare product analytics with Grafana p95, support escalation volume, and release flag history."
EXP-01093,2021-10-03,2021-Q4,store-kiosk,search-recommendations,coupon fallback,inconclusive,225557,79.7,83.53,3.83,latency increased,ATLAS-4730,"Decision note: compare product analytics with Grafana p95, support escalation volume, and release flag history."
EXP-01094,2021-10-04,2021-Q4,web,auth-gateway,inventory warning,rolled back,136550,72.0,68.95,-3.05,conversion improved,ATLAS-3006,"Decision note: compare product analytics with Grafana p95, support escalation volume, and release flag history."
EXP-01095,2021-10-05,2021-Q4,android,pricing-engine,loyalty prompt,rolled back,142585,75.92,74.57,-1.34,no clear impact,ATLAS-3033,"Decision note: compare product analytics with Grafana p95, support escalation volume, and release flag history."
EXP-01096,2021-10-06,2021-Q4,android,notification-service,coupon fallback,draft,6038,80.65,82.14,1.49,no clear impact,ATLAS-1517,"Decision note: compare product analytics with Grafana p95, support escalation volume, and release flag history."
EXP-01097,2021-10-07,2021-Q4,web,order-ledger,loyalty prompt,rolled back,22610,90.3,91.5,1.2,no clear impact,ATLAS-5036,"Decision note: compare product analytics with Grafana p95, support escalation volume, and release flag history."
EXP-01098,2021-10-08,2021-Q4,mobile-web,tax-service,tax quote cache,inconclusive,32049,90.58,88.68,-1.9,latency neutral,ATLAS-1049,"Decision note: compare product analytics with Grafana p95, support escalation volume, and release flag history."
EXP-01099,2021-10-09,2021-Q4,store-kiosk,auth-gateway,inventory warning,draft,18515,78.38,76.14,-2.25,no clear impact,ATLAS-1797,"Decision note: compare product analytics with Grafana p95, support escalation volume, and release flag history."
EXP-01100,2021-10-10,2021-Q4,web,search-recommendations,inventory warning,rolled back,197561,76.75,78.62,1.87,latency neutral,ATLAS-3845,"Decision note: compare product analytics with Grafana p95, support escalation volume, and release flag history."
EXP-01101,2021-10-12,2021-Q4,android,search-recommendations,one-click reorder,rolled back,62807,87.47,88.89,1.42,support tickets increased,ATLAS-3904,"Decision note: compare product analytics with Grafana p95, support escalation volume, and release flag history."
EXP-01102,2021-10-13,2021-Q4,android,loyalty-service,checkout button copy,running,12787,86.99,88.62,1.63,conversion improved,ATLAS-1115,"Decision note: compare product analytics with Grafana p95, support escalation volume, and release flag history."
EXP-01103,2021-10-14,2021-Q4,ios,order-ledger,address validation,lost,97506,75.26,78.07,2.81,latency neutral,ATLAS-4713,"Decision note: compare product analytics with Grafana p95, support escalation volume, and release flag history."
EXP-01104,2021-10-15,2021-Q4,android,analytics-pipeline,coupon fallback,draft,65760,90.96,92.42,1.45,no clear impact,ATLAS-3779,"Decision note: compare product analytics with Grafana p95, support escalation volume, and release flag history."
EXP-01105,2021-10-16,2021-Q4,partner-api,inventory-reservation,tax quote cache,inconclusive,139163,90.75,90.22,-0.53,conversion improved,ATLAS-5142,"Decision note: compare product analytics with Grafana p95, support escalation volume, and release flag history."
EXP-01106,2021-10-17,2021-Q4,partner-api,search-recommendations,checkout button copy,draft,113253,87.16,89.77,2.61,latency increased,ATLAS-2373,"Decision note: compare product analytics with Grafana p95, support escalation volume, and release flag history."
EXP-01107,2021-10-18,2021-Q4,partner-api,inventory-reservation,inventory warning,rolled back,17437,86.21,85.78,-0.43,support tickets increased,ATLAS-5910,"Decision note: compare product analytics with Grafana p95, support escalation volume, and release flag history."
EXP-01108,2021-10-19,2021-Q4,store-kiosk,loyalty-service,loyalty prompt,inconclusive,207033,85.26,86.09,0.82,latency increased,ATLAS-1718,"Decision note: compare product analytics with Grafana p95, support escalation volume, and release flag history."
EXP-01109,2021-10-20,2021-Q4,ios,loyalty-service,one-click reorder,won,92427,85.4,87.95,2.55,support tickets increased,ATLAS-5645,"Decision note: compare product analytics with Grafana p95, support escalation volume, and release flag history."
EXP-01110,2021-10-22,2021-Q4,android,search-recommendations,coupon fallback,lost,37221,85.87,90.87,5.0,support tickets increased,ATLAS-2239,"Decision note: compare product analytics with Grafana p95, support escalation volume, and release flag history."
EXP-01111,2021-10-23,2021-Q4,ios,loyalty-service,payment retry UX,lost,237187,85.59,86.23,0.64,conversion improved,ATLAS-4819,"Decision note: compare product analytics with Grafana p95, support escalation volume, and release flag history."
EXP-01112,2021-10-24,2021-Q4,mobile-web,tax-service,tax quote cache,draft,18166,82.69,84.04,1.35,conversion improved,ATLAS-5118,"Decision note: compare product analytics with Grafana p95, support escalation volume, and release flag history."
EXP-01113,2021-10-25,2021-Q4,ios,inventory-reservation,address validation,inconclusive,218274,88.98,90.87,1.9,no clear impact,ATLAS-5222,"Decision note: compare product analytics with Grafana p95, support escalation volume, and release flag history."
EXP-01114,2021-10-26,2021-Q4,mobile-web,pricing-engine,coupon fallback,lost,16667,78.67,83.03,4.36,support tickets increased,ATLAS-3545,"Decision note: compare product analytics with Grafana p95, support escalation volume, and release flag history."
EXP-01115,2021-10-27,2021-Q4,web,tax-service,payment retry UX,running,118318,75.44,72.33,-3.11,conversion improved,ATLAS-6021,"Decision note: compare product analytics with Grafana p95, support escalation volume, and release flag history."
EXP-01116,2021-10-28,2021-Q4,web,search-recommendations,payment retry UX,running,174411,89.26,91.65,2.39,support tickets increased,ATLAS-5614,"Decision note: compare product analytics with Grafana p95, support escalation volume, and release flag history."
EXP-01117,2021-10-29,2021-Q4,partner-api,tax-service,checkout button copy,rolled back,67673,84.95,90.14,5.19,no clear impact,ATLAS-5548,"Decision note: compare product analytics with Grafana p95, support escalation volume, and release flag history."
EXP-01118,2021-10-31,2021-Q4,partner-api,cart-service,address validation,inconclusive,212312,83.61,79.6,-4.01,latency neutral,ATLAS-2768,"Decision note: compare product analytics with Grafana p95, support escalation volume, and release flag history."
EXP-01119,2021-11-01,2021-Q4,web,order-ledger,payment retry UX,running,158919,73.39,72.09,-1.3,latency neutral,ATLAS-3302,"Decision note: compare product analytics with Grafana p95, support escalation volume, and release flag history."
EXP-01120,2021-11-02,2021-Q4,android,loyalty-service,tax quote cache,won,98496,86.92,88.41,1.48,latency neutral,ATLAS-1972,"Decision note: compare product analytics with Grafana p95, support escalation volume, and release flag history."
EXP-01121,2021-11-03,2021-Q4,android,inventory-reservation,inventory warning,rolled back,75318,87.71,88.91,1.2,conversion improved,ATLAS-2186,"Decision note: compare product analytics with Grafana p95, support escalation volume, and release flag history."
EXP-01122,2021-11-04,2021-Q4,store-kiosk,loyalty-service,loyalty prompt,rolled back,168660,87.16,90.06,2.9,conversion improved,ATLAS-2993,"Decision note: compare product analytics with Grafana p95, support escalation volume, and release flag history."
EXP-01123,2021-11-05,2021-Q4,store-kiosk,tax-service,coupon fallback,running,46483,86.25,92.47,6.22,support tickets increased,ATLAS-1850,"Decision note: compare product analytics with Grafana p95, support escalation volume, and release flag history."
EXP-01124,2021-11-06,2021-Q4,android,checkout-api,one-click reorder,rolled back,99735,85.58,87.61,2.03,latency neutral,ATLAS-5717,"Decision note: compare product analytics with Grafana p95, support escalation volume, and release flag history."
EXP-01125,2021-11-07,2021-Q4,store-kiosk,auth-gateway,checkout button copy,running,76278,81.75,81.43,-0.32,support tickets increased,ATLAS-2913,"Decision note: compare product analytics with Grafana p95, support escalation volume, and release flag history."
EXP-01126,2021-11-08,2021-Q4,store-kiosk,payment-orchestrator,address validation,inconclusive,86241,81.04,78.17,-2.87,latency neutral,ATLAS-5960,"Decision note: compare product analytics with Grafana p95, support escalation volume, and release flag history."
EXP-01127,2021-11-10,2021-Q4,ios,notification-service,tax quote cache,draft,231910,85.97,85.27,-0.7,conversion improved,ATLAS-1395,"Decision note: compare product analytics with Grafana p95, support escalation volume, and release flag history."
EXP-01128,2021-11-11,2021-Q4,android,tax-service,coupon fallback,rolled back,180703,75.87,76.88,1.01,no clear impact,ATLAS-5898,"Decision note: compare product analytics with Grafana p95, support escalation volume, and release flag history."
EXP-01129,2021-11-12,2021-Q4,ios,analytics-pipeline,inventory warning,inconclusive,181503,80.55,79.43,-1.12,support tickets increased,ATLAS-5800,"Decision note: compare product analytics with Grafana p95, support escalation volume, and release flag history."
EXP-01130,2021-11-13,2021-Q4,store-kiosk,auth-gateway,inventory warning,rolled back,75419,90.84,93.66,2.82,support tickets increased,ATLAS-3286,"Decision note: compare product analytics with Grafana p95, support escalation volume, and release flag history."
EXP-01131,2021-11-14,2021-Q4,partner-api,order-ledger,tax quote cache,draft,183571,76.66,76.87,0.21,latency neutral,ATLAS-3617,"Decision note: compare product analytics with Grafana p95, support escalation volume, and release flag history."
EXP-01132,2021-11-15,2021-Q4,partner-api,pricing-engine,checkout button copy,draft,117701,72.35,70.61,-1.74,latency neutral,ATLAS-3363,"Decision note: compare product analytics with Grafana p95, support escalation volume, and release flag history."
EXP-01133,2021-11-16,2021-Q4,web,search-recommendations,payment retry UX,running,235319,74.32,76.37,2.05,no clear impact,ATLAS-4488,"Decision note: compare product analytics with Grafana p95, support escalation volume, and release flag history."
EXP-01134,2021-11-17,2021-Q4,partner-api,auth-gateway,checkout button copy,inconclusive,150984,87.52,91.99,4.47,conversion improved,ATLAS-3001,"Decision note: compare product analytics with Grafana p95, support escalation volume, and release flag history."
EXP-01135,2021-11-19,2021-Q4,partner-api,order-ledger,tax quote cache,won,103659,74.97,75.49,0.52,latency increased,ATLAS-5729,"Decision note: compare product analytics with Grafana p95, support escalation volume, and release flag history."
EXP-01136,2021-11-20,2021-Q4,store-kiosk,checkout-api,one-click reorder,lost,178468,86.45,89.14,2.69,no clear impact,ATLAS-1432,"Decision note: compare product analytics with Grafana p95, support escalation volume, and release flag history."
EXP-01137,2021-11-21,2021-Q4,android,loyalty-service,coupon fallback,rolled back,31731,85.26,83.82,-1.44,latency neutral,ATLAS-5377,"Decision note: compare product analytics with Grafana p95, support escalation volume, and release flag history."
EXP-01138,2021-11-22,2021-Q4,mobile-web,payment-orchestrator,coupon fallback,won,206236,89.99,96,6.28,latency increased,ATLAS-4893,"Decision note: compare product analytics with Grafana p95, support escalation volume, and release flag history."
EXP-01139,2021-11-23,2021-Q4,mobile-web,cart-service,loyalty prompt,running,58250,75.51,79.49,3.98,conversion improved,ATLAS-3856,"Decision note: compare product analytics with Grafana p95, support escalation volume, and release flag history."
EXP-01140,2021-11-24,2021-Q4,store-kiosk,loyalty-service,address validation,draft,34558,77.74,80.13,2.38,latency increased,ATLAS-3155,"Decision note: compare product analytics with Grafana p95, support escalation volume, and release flag history."
EXP-01141,2021-11-25,2021-Q4,ios,payment-orchestrator,payment retry UX,running,48906,81.45,82.34,0.89,latency increased,ATLAS-4955,"Decision note: compare product analytics with Grafana p95, support escalation volume, and release flag history."
EXP-01142,2021-11-26,2021-Q4,mobile-web,search-recommendations,payment retry UX,inconclusive,165284,73.4,73.18,-0.22,no clear impact,ATLAS-1016,"Decision note: compare product analytics with Grafana p95, support escalation volume, and release flag history."
EXP-01143,2021-11-27,2021-Q4,mobile-web,pricing-engine,checkout button copy,rolled back,217410,85.7,87.88,2.18,support tickets increased,ATLAS-2652,"Decision note: compare product analytics with Grafana p95, support escalation volume, and release flag history."
EXP-01144,2021-11-29,2021-Q4,web,checkout-api,inventory warning,won,107724,85.62,84.42,-1.19,no clear impact,ATLAS-4760,"Decision note: compare product analytics with Grafana p95, support escalation volume, and release flag history."
EXP-01145,2021-11-30,2021-Q4,mobile-web,checkout-api,address validation,rolled back,19117,81.28,79.08,-2.2,support tickets increased,ATLAS-1485,"Decision note: compare product analytics with Grafana p95, support escalation volume, and release flag history."
EXP-01146,2021-12-01,2021-Q4,store-kiosk,pricing-engine,inventory warning,won,47060,73.06,75.67,2.61,latency increased,ATLAS-2836,"Decision note: compare product analytics with Grafana p95, support escalation volume, and release flag history."
EXP-01147,2021-12-02,2021-Q4,ios,payment-orchestrator,coupon fallback,won,73022,82.62,85.41,2.78,no clear impact,ATLAS-5935,"Decision note: compare product analytics with Grafana p95, support escalation volume, and release flag history."
EXP-01148,2021-12-03,2021-Q4,web,order-ledger,one-click reorder,lost,71622,79.65,81.18,1.52,support tickets increased,ATLAS-1043,"Decision note: compare product analytics with Grafana p95, support escalation volume, and release flag history."
EXP-01149,2021-12-04,2021-Q4,ios,order-ledger,tax quote cache,rolled back,113150,84.43,84.13,-0.3,latency increased,ATLAS-2309,"Decision note: compare product analytics with Grafana p95, support escalation volume, and release flag history."
EXP-01150,2021-12-05,2021-Q4,ios,analytics-pipeline,checkout button copy,rolled back,199592,73.89,74.84,0.96,latency increased,ATLAS-1734,"Decision note: compare product analytics with Grafana p95, support escalation volume, and release flag history."
EXP-01151,2021-12-06,2021-Q4,mobile-web,tax-service,payment retry UX,lost,178082,74.82,73.86,-0.96,latency neutral,ATLAS-3463,"Decision note: compare product analytics with Grafana p95, support escalation volume, and release flag history."
EXP-01152,2021-12-08,2021-Q4,partner-api,tax-service,loyalty prompt,inconclusive,24022,86.72,88.8,2.08,support tickets increased,ATLAS-2242,"Decision note: compare product analytics with Grafana p95, support escalation volume, and release flag history."
EXP-01153,2021-12-09,2021-Q4,store-kiosk,order-ledger,loyalty prompt,running,221548,88.48,90.95,2.47,latency increased,ATLAS-4475,"Decision note: compare product analytics with Grafana p95, support escalation volume, and release flag history."
EXP-01154,2021-12-10,2021-Q4,web,tax-service,one-click reorder,inconclusive,97602,75.81,73.34,-2.47,latency neutral,ATLAS-1112,"Decision note: compare product analytics with Grafana p95, support escalation volume, and release flag history."
EXP-01155,2021-12-11,2021-Q4,web,notification-service,coupon fallback,lost,127174,80.77,79.04,-1.73,latency neutral,ATLAS-2955,"Decision note: compare product analytics with Grafana p95, support escalation volume, and release flag history."
EXP-01156,2021-12-12,2021-Q4,ios,tax-service,loyalty prompt,draft,68669,84.18,84.46,0.29,latency increased,ATLAS-3717,"Decision note: compare product analytics with Grafana p95, support escalation volume, and release flag history."
EXP-01157,2021-12-13,2021-Q4,mobile-web,checkout-api,address validation,inconclusive,25324,84.34,83.43,-0.9,latency neutral,ATLAS-3600,"Decision note: compare product analytics with Grafana p95, support escalation volume, and release flag history."
EXP-01158,2021-12-14,2021-Q4,android,cart-service,coupon fallback,lost,114556,86.26,86.27,0.01,conversion improved,ATLAS-2276,"Decision note: compare product analytics with Grafana p95, support escalation volume, and release flag history."
EXP-01159,2021-12-15,2021-Q4,web,payment-orchestrator,coupon fallback,running,221449,78.07,81.77,3.7,latency increased,ATLAS-3579,"Decision note: compare product analytics with Grafana p95, support escalation volume, and release flag history."
EXP-01160,2021-12-16,2021-Q4,web,loyalty-service,tax quote cache,lost,88280,79.15,79.71,0.56,support tickets increased,ATLAS-3939,"Decision note: compare product analytics with Grafana p95, support escalation volume, and release flag history."
EXP-01161,2021-12-18,2021-Q4,partner-api,pricing-engine,checkout button copy,running,7635,77.15,81.35,4.2,latency increased,ATLAS-1525,"Decision note: compare product analytics with Grafana p95, support escalation volume, and release flag history."
EXP-01162,2021-12-19,2021-Q4,mobile-web,tax-service,tax quote cache,draft,140426,76.73,72.73,-4.0,latency neutral,ATLAS-5204,"Decision note: compare product analytics with Grafana p95, support escalation volume, and release flag history."
EXP-01163,2021-12-20,2021-Q4,web,payment-orchestrator,address validation,lost,90758,75.44,79.39,3.95,no clear impact,ATLAS-6101,"Decision note: compare product analytics with Grafana p95, support escalation volume, and release flag history."
EXP-01164,2021-12-21,2021-Q4,store-kiosk,order-ledger,payment retry UX,rolled back,110021,75.54,76.65,1.11,conversion improved,ATLAS-1346,"Decision note: compare product analytics with Grafana p95, support escalation volume, and release flag history."
EXP-01165,2021-12-22,2021-Q4,store-kiosk,notification-service,loyalty prompt,lost,124679,89.78,93.91,4.14,latency increased,ATLAS-5349,"Decision note: compare product analytics with Grafana p95, support escalation volume, and release flag history."
EXP-01166,2021-12-23,2021-Q4,web,payment-orchestrator,checkout button copy,inconclusive,131521,83.52,84.23,0.71,conversion improved,ATLAS-1205,"Decision note: compare product analytics with Grafana p95, support escalation volume, and release flag history."
EXP-01167,2021-12-24,2021-Q4,web,order-ledger,tax quote cache,running,60816,75.61,74.85,-0.76,support tickets increased,ATLAS-2679,"Decision note: compare product analytics with Grafana p95, support escalation volume, and release flag history."
EXP-01168,2021-12-25,2021-Q4,android,inventory-reservation,one-click reorder,lost,116341,75.94,76.5,0.56,support tickets increased,ATLAS-2294,"Decision note: compare product analytics with Grafana p95, support escalation volume, and release flag history."
EXP-01169,2021-12-27,2021-Q4,partner-api,pricing-engine,tax quote cache,rolled back,22629,87.24,90.1,2.86,support tickets increased,ATLAS-5387,"Decision note: compare product analytics with Grafana p95, support escalation volume, and release flag history."
EXP-01170,2021-12-28,2021-Q4,partner-api,loyalty-service,address validation,inconclusive,124458,87.01,87.26,0.25,no clear impact,ATLAS-5004,"Decision note: compare product analytics with Grafana p95, support escalation volume, and release flag history."
EXP-01171,2021-12-29,2021-Q4,web,payment-orchestrator,one-click reorder,lost,10509,88.47,93.58,5.11,latency neutral,ATLAS-2134,"Decision note: compare product analytics with Grafana p95, support escalation volume, and release flag history."
EXP-01172,2021-12-30,2021-Q4,store-kiosk,tax-service,tax quote cache,lost,65572,86.23,87.46,1.23,latency increased,ATLAS-1670,"Decision note: compare product analytics with Grafana p95, support escalation volume, and release flag history."
EXP-01173,2021-12-31,2021-Q4,partner-api,loyalty-service,one-click reorder,inconclusive,101188,88.68,89.62,0.94,latency neutral,ATLAS-3307,"Decision note: compare product analytics with Grafana p95, support escalation volume, and release flag history."
EXP-01174,2022-01-01,2022-Q1,web,checkout-api,tax quote cache,won,195716,84.25,84.45,0.2,support tickets increased,ATLAS-4028,"Decision note: compare product analytics with Grafana p95, support escalation volume, and release flag history."
EXP-01175,2022-01-02,2022-Q1,partner-api,analytics-pipeline,one-click reorder,won,71942,72.72,75.28,2.55,conversion improved,ATLAS-2690,"Decision note: compare product analytics with Grafana p95, support escalation volume, and release flag history."
EXP-01176,2022-01-03,2022-Q1,mobile-web,checkout-api,one-click reorder,draft,206180,84.22,88.17,3.95,conversion improved,ATLAS-1393,"Decision note: compare product analytics with Grafana p95, support escalation volume, and release flag history."
EXP-01177,2022-01-04,2022-Q1,store-kiosk,order-ledger,loyalty prompt,running,28240,84.22,89.21,4.99,conversion improved,ATLAS-4030,"Decision note: compare product analytics with Grafana p95, support escalation volume, and release flag history."
EXP-01178,2022-01-06,2022-Q1,web,loyalty-service,payment retry UX,running,74516,86.98,87.32,0.34,support tickets increased,ATLAS-2053,"Decision note: compare product analytics with Grafana p95, support escalation volume, and release flag history."
EXP-01179,2022-01-07,2022-Q1,ios,loyalty-service,loyalty prompt,lost,67222,79.49,78.39,-1.1,conversion improved,ATLAS-2653,"Decision note: compare product analytics with Grafana p95, support escalation volume, and release flag history."
EXP-01180,2022-01-08,2022-Q1,web,analytics-pipeline,inventory warning,draft,115604,86.83,87.86,1.04,latency increased,ATLAS-1418,"Decision note: compare product analytics with Grafana p95, support escalation volume, and release flag history."
EXP-01181,2022-01-09,2022-Q1,web,tax-service,inventory warning,inconclusive,166114,84.96,82.04,-2.92,support tickets increased,ATLAS-5943,"Decision note: compare product analytics with Grafana p95, support escalation volume, and release flag history."
EXP-01182,2022-01-10,2022-Q1,partner-api,cart-service,checkout button copy,draft,214436,82.67,82.04,-0.63,latency neutral,ATLAS-4191,"Decision note: compare product analytics with Grafana p95, support escalation volume, and release flag history."
EXP-01183,2022-01-11,2022-Q1,android,notification-service,coupon fallback,running,111140,84.7,85.08,0.38,conversion improved,ATLAS-5027,"Decision note: compare product analytics with Grafana p95, support escalation volume, and release flag history."
EXP-01184,2022-01-12,2022-Q1,partner-api,tax-service,inventory warning,running,96261,77.28,78.62,1.34,support tickets increased,ATLAS-5048,"Decision note: compare product analytics with Grafana p95, support escalation volume, and release flag history."
EXP-01185,2022-01-13,2022-Q1,web,payment-orchestrator,payment retry UX,draft,145669,81.87,86.24,4.37,no clear impact,ATLAS-3032,"Decision note: compare product analytics with Grafana p95, support escalation volume, and release flag history."
EXP-01186,2022-01-15,2022-Q1,mobile-web,auth-gateway,payment retry UX,inconclusive,148488,75.31,77.7,2.39,support tickets increased,ATLAS-1459,"Decision note: compare product analytics with Grafana p95, support escalation volume, and release flag history."
EXP-01187,2022-01-16,2022-Q1,android,auth-gateway,checkout button copy,rolled back,203986,73.49,76.27,2.78,latency neutral,ATLAS-3365,"Decision note: compare product analytics with Grafana p95, support escalation volume, and release flag history."
EXP-01188,2022-01-17,2022-Q1,mobile-web,search-recommendations,payment retry UX,inconclusive,43354,74.94,76.43,1.49,support tickets increased,ATLAS-2019,"Decision note: compare product analytics with Grafana p95, support escalation volume, and release flag history."
EXP-01189,2022-01-18,2022-Q1,web,order-ledger,one-click reorder,lost,175892,84.34,88.23,3.89,conversion improved,ATLAS-1031,"Decision note: compare product analytics with Grafana p95, support escalation volume, and release flag history."
EXP-01190,2022-01-19,2022-Q1,ios,pricing-engine,checkout button copy,lost,194905,88.77,87.47,-1.29,conversion improved,ATLAS-4423,"Decision note: compare product analytics with Grafana p95, support escalation volume, and release flag history."
EXP-01191,2022-01-20,2022-Q1,android,inventory-reservation,loyalty prompt,lost,158239,85.22,83.03,-2.19,latency increased,ATLAS-5004,"Decision note: compare product analytics with Grafana p95, support escalation volume, and release flag history."
EXP-01192,2022-01-21,2022-Q1,mobile-web,search-recommendations,tax quote cache,draft,226420,75.56,80.73,5.17,support tickets increased,ATLAS-4014,"Decision note: compare product analytics with Grafana p95, support escalation volume, and release flag history."
EXP-01193,2022-01-22,2022-Q1,mobile-web,order-ledger,payment retry UX,inconclusive,212644,82.87,82.89,0.02,conversion improved,ATLAS-1870,"Decision note: compare product analytics with Grafana p95, support escalation volume, and release flag history."
EXP-01194,2022-01-23,2022-Q1,android,tax-service,coupon fallback,draft,152071,78.01,78.77,0.75,support tickets increased,ATLAS-1097,"Decision note: compare product analytics with Grafana p95, support escalation volume, and release flag history."
EXP-01195,2022-01-25,2022-Q1,mobile-web,search-recommendations,inventory warning,won,135893,90.82,88.27,-2.55,support tickets increased,ATLAS-1067,"Decision note: compare product analytics with Grafana p95, support escalation volume, and release flag history."
EXP-01196,2022-01-26,2022-Q1,partner-api,pricing-engine,inventory warning,draft,51750,87.96,90.82,2.86,latency increased,ATLAS-4255,"Decision note: compare product analytics with Grafana p95, support escalation volume, and release flag history."
EXP-01197,2022-01-27,2022-Q1,mobile-web,auth-gateway,loyalty prompt,running,137512,86.48,85.67,-0.82,no clear impact,ATLAS-3537,"Decision note: compare product analytics with Grafana p95, support escalation volume, and release flag history."
EXP-01198,2022-01-28,2022-Q1,web,order-ledger,payment retry UX,inconclusive,53354,78.39,81.66,3.27,latency increased,ATLAS-4954,"Decision note: compare product analytics with Grafana p95, support escalation volume, and release flag history."
EXP-01199,2022-01-29,2022-Q1,ios,tax-service,one-click reorder,draft,99777,78.14,84.39,6.25,latency neutral,ATLAS-4477,"Decision note: compare product analytics with Grafana p95, support escalation volume, and release flag history."
EXP-01200,2022-01-30,2022-Q1,mobile-web,notification-service,checkout button copy,won,67036,90.01,92.89,2.88,support tickets increased,ATLAS-5316,"Decision note: compare product analytics with Grafana p95, support escalation volume, and release flag history."
EXP-01201,2022-01-31,2022-Q1,partner-api,pricing-engine,checkout button copy,rolled back,167634,77.92,80.7,2.78,no clear impact,ATLAS-2285,"Decision note: compare product analytics with Grafana p95, support escalation volume, and release flag history."
EXP-01202,2022-02-01,2022-Q1,mobile-web,loyalty-service,checkout button copy,rolled back,116795,72.27,74.54,2.27,conversion improved,ATLAS-2332,"Decision note: compare product analytics with Grafana p95, support escalation volume, and release flag history."
EXP-01203,2022-02-03,2022-Q1,ios,notification-service,tax quote cache,running,149012,75.44,78.53,3.09,no clear impact,ATLAS-3221,"Decision note: compare product analytics with Grafana p95, support escalation volume, and release flag history."
EXP-01204,2022-02-04,2022-Q1,partner-api,payment-orchestrator,loyalty prompt,running,234879,76.98,77.56,0.58,support tickets increased,ATLAS-4730,"Decision note: compare product analytics with Grafana p95, support escalation volume, and release flag history."
EXP-01205,2022-02-05,2022-Q1,store-kiosk,auth-gateway,payment retry UX,won,182844,80.05,79.68,-0.37,no clear impact,ATLAS-4475,"Decision note: compare product analytics with Grafana p95, support escalation volume, and release flag history."
EXP-01206,2022-02-06,2022-Q1,store-kiosk,cart-service,payment retry UX,won,129290,77.99,82.5,4.51,no clear impact,ATLAS-2446,"Decision note: compare product analytics with Grafana p95, support escalation volume, and release flag history."
EXP-01207,2022-02-07,2022-Q1,web,notification-service,inventory warning,rolled back,221331,81.38,78.71,-2.67,support tickets increased,ATLAS-3164,"Decision note: compare product analytics with Grafana p95, support escalation volume, and release flag history."
EXP-01208,2022-02-08,2022-Q1,android,inventory-reservation,coupon fallback,inconclusive,50500,75.7,77.48,1.77,conversion improved,ATLAS-3038,"Decision note: compare product analytics with Grafana p95, support escalation volume, and release flag history."
EXP-01209,2022-02-09,2022-Q1,mobile-web,order-ledger,one-click reorder,rolled back,160662,81.58,85.19,3.6,latency neutral,ATLAS-5024,"Decision note: compare product analytics with Grafana p95, support escalation volume, and release flag history."
EXP-01210,2022-02-10,2022-Q1,store-kiosk,tax-service,address validation,won,164339,85.93,85.18,-0.76,latency neutral,ATLAS-2335,"Decision note: compare product analytics with Grafana p95, support escalation volume, and release flag history."
EXP-01211,2022-02-11,2022-Q1,mobile-web,search-recommendations,inventory warning,inconclusive,92581,77.78,79.67,1.89,latency increased,ATLAS-4768,"Decision note: compare product analytics with Grafana p95, support escalation volume, and release flag history."
EXP-01212,2022-02-13,2022-Q1,store-kiosk,search-recommendations,payment retry UX,draft,195617,90.72,92.26,1.55,latency neutral,ATLAS-2673,"Decision note: compare product analytics with Grafana p95, support escalation volume, and release flag history."
EXP-01213,2022-02-14,2022-Q1,web,auth-gateway,inventory warning,rolled back,194488,76.09,79.41,3.32,latency neutral,ATLAS-3587,"Decision note: compare product analytics with Grafana p95, support escalation volume, and release flag history."
EXP-01214,2022-02-15,2022-Q1,partner-api,payment-orchestrator,payment retry UX,draft,159226,82.43,85.58,3.15,no clear impact,ATLAS-3445,"Decision note: compare product analytics with Grafana p95, support escalation volume, and release flag history."
EXP-01215,2022-02-16,2022-Q1,store-kiosk,cart-service,coupon fallback,won,182819,90.01,85.7,-4.31,support tickets increased,ATLAS-3723,"Decision note: compare product analytics with Grafana p95, support escalation volume, and release flag history."
EXP-01216,2022-02-17,2022-Q1,mobile-web,auth-gateway,payment retry UX,draft,205700,72.44,77.18,4.74,support tickets increased,ATLAS-3189,"Decision note: compare product analytics with Grafana p95, support escalation volume, and release flag history."
EXP-01217,2022-02-18,2022-Q1,mobile-web,payment-orchestrator,address validation,rolled back,233363,88.88,89.79,0.92,no clear impact,ATLAS-1704,"Decision note: compare product analytics with Grafana p95, support escalation volume, and release flag history."
EXP-01218,2022-02-19,2022-Q1,android,cart-service,tax quote cache,won,10105,88.2,91.89,3.69,conversion improved,ATLAS-4590,"Decision note: compare product analytics with Grafana p95, support escalation volume, and release flag history."
EXP-01219,2022-02-20,2022-Q1,android,auth-gateway,loyalty prompt,lost,20965,83.74,81.06,-2.68,latency neutral,ATLAS-6088,"Decision note: compare product analytics with Grafana p95, support escalation volume, and release flag history."
EXP-01220,2022-02-21,2022-Q1,android,search-recommendations,coupon fallback,running,234324,83.86,83.56,-0.3,latency increased,ATLAS-5365,"Decision note: compare product analytics with Grafana p95, support escalation volume, and release flag history."
EXP-01221,2022-02-23,2022-Q1,store-kiosk,order-ledger,payment retry UX,won,54694,82.07,83.76,1.69,latency neutral,ATLAS-2354,"Decision note: compare product analytics with Grafana p95, support escalation volume, and release flag history."
EXP-01222,2022-02-24,2022-Q1,store-kiosk,notification-service,inventory warning,inconclusive,110470,73.26,75.28,2.03,no clear impact,ATLAS-1510,"Decision note: compare product analytics with Grafana p95, support escalation volume, and release flag history."
EXP-01223,2022-02-25,2022-Q1,web,cart-service,address validation,inconclusive,129781,78.16,80.86,2.7,latency neutral,ATLAS-1619,"Decision note: compare product analytics with Grafana p95, support escalation volume, and release flag history."
EXP-01224,2022-02-26,2022-Q1,web,checkout-api,tax quote cache,running,29726,88.64,91.35,2.71,latency increased,ATLAS-1085,"Decision note: compare product analytics with Grafana p95, support escalation volume, and release flag history."
EXP-01225,2022-02-27,2022-Q1,partner-api,payment-orchestrator,payment retry UX,won,213097,72.4,72.69,0.29,no clear impact,ATLAS-1876,"Decision note: compare product analytics with Grafana p95, support escalation volume, and release flag history."
EXP-01226,2022-02-28,2022-Q1,partner-api,search-recommendations,one-click reorder,draft,83181,81.93,80.62,-1.31,support tickets increased,ATLAS-1069,"Decision note: compare product analytics with Grafana p95, support escalation volume, and release flag history."
EXP-01227,2022-03-01,2022-Q1,mobile-web,order-ledger,coupon fallback,won,25354,73.35,73.4,0.05,latency neutral,ATLAS-2559,"Decision note: compare product analytics with Grafana p95, support escalation volume, and release flag history."
EXP-01228,2022-03-02,2022-Q1,android,payment-orchestrator,one-click reorder,inconclusive,110103,82.25,86.4,4.15,latency neutral,ATLAS-2336,"Decision note: compare product analytics with Grafana p95, support escalation volume, and release flag history."
EXP-01229,2022-03-04,2022-Q1,partner-api,cart-service,coupon fallback,lost,207621,73.81,72.47,-1.34,support tickets increased,ATLAS-3243,"Decision note: compare product analytics with Grafana p95, support escalation volume, and release flag history."
EXP-01230,2022-03-05,2022-Q1,web,checkout-api,tax quote cache,inconclusive,14889,80.12,79.06,-1.06,conversion improved,ATLAS-5465,"Decision note: compare product analytics with Grafana p95, support escalation volume, and release flag history."
EXP-01231,2022-03-06,2022-Q1,web,payment-orchestrator,address validation,won,21948,84.46,84.86,0.4,support tickets increased,ATLAS-1198,"Decision note: compare product analytics with Grafana p95, support escalation volume, and release flag history."
EXP-01232,2022-03-07,2022-Q1,partner-api,cart-service,payment retry UX,draft,238837,76.73,78.21,1.48,latency increased,ATLAS-4375,"Decision note: compare product analytics with Grafana p95, support escalation volume, and release flag history."
EXP-01233,2022-03-08,2022-Q1,ios,notification-service,inventory warning,running,193121,72.25,72.19,-0.05,support tickets increased,ATLAS-3509,"Decision note: compare product analytics with Grafana p95, support escalation volume, and release flag history."
EXP-01234,2022-03-09,2022-Q1,web,checkout-api,one-click reorder,won,232959,74.54,72.11,-2.42,support tickets increased,ATLAS-1649,"Decision note: compare product analytics with Grafana p95, support escalation volume, and release flag history."
EXP-01235,2022-03-10,2022-Q1,mobile-web,order-ledger,payment retry UX,won,219132,88.94,94.55,5.61,conversion improved,ATLAS-1013,"Decision note: compare product analytics with Grafana p95, support escalation volume, and release flag history."
EXP-01236,2022-03-11,2022-Q1,ios,loyalty-service,inventory warning,draft,136889,77.53,78.65,1.12,conversion improved,ATLAS-4547,"Decision note: compare product analytics with Grafana p95, support escalation volume, and release flag history."
EXP-01237,2022-03-12,2022-Q1,android,order-ledger,payment retry UX,inconclusive,4269,83.34,84.71,1.37,support tickets increased,ATLAS-5858,"Decision note: compare product analytics with Grafana p95, support escalation volume, and release flag history."
EXP-01238,2022-03-14,2022-Q1,web,loyalty-service,loyalty prompt,won,30111,81.49,82.16,0.67,latency increased,ATLAS-2477,"Decision note: compare product analytics with Grafana p95, support escalation volume, and release flag history."
EXP-01239,2022-03-15,2022-Q1,partner-api,analytics-pipeline,address validation,inconclusive,57221,81.54,82.93,1.39,no clear impact,ATLAS-5821,"Decision note: compare product analytics with Grafana p95, support escalation volume, and release flag history."
EXP-01240,2022-03-16,2022-Q1,store-kiosk,tax-service,one-click reorder,draft,70524,76.07,76.17,0.09,conversion improved,ATLAS-6182,"Decision note: compare product analytics with Grafana p95, support escalation volume, and release flag history."
EXP-01241,2022-03-17,2022-Q1,web,payment-orchestrator,payment retry UX,won,199738,72.88,75.47,2.59,no clear impact,ATLAS-1805,"Decision note: compare product analytics with Grafana p95, support escalation volume, and release flag history."
EXP-01242,2022-03-18,2022-Q1,android,loyalty-service,coupon fallback,draft,35264,72.81,69.13,-3.68,support tickets increased,ATLAS-3558,"Decision note: compare product analytics with Grafana p95, support escalation volume, and release flag history."
EXP-01243,2022-03-19,2022-Q1,ios,loyalty-service,tax quote cache,draft,122301,75.39,74.02,-1.37,support tickets increased,ATLAS-5158,"Decision note: compare product analytics with Grafana p95, support escalation volume, and release flag history."
EXP-01244,2022-03-20,2022-Q1,ios,pricing-engine,checkout button copy,draft,60356,77.87,79.68,1.82,no clear impact,ATLAS-5654,"Decision note: compare product analytics with Grafana p95, support escalation volume, and release flag history."
EXP-01245,2022-03-21,2022-Q1,web,pricing-engine,checkout button copy,rolled back,12892,76.1,79.52,3.43,no clear impact,ATLAS-4851,"Decision note: compare product analytics with Grafana p95, support escalation volume, and release flag history."
EXP-01246,2022-03-23,2022-Q1,mobile-web,cart-service,checkout button copy,rolled back,13994,86.87,90.49,3.62,conversion improved,ATLAS-3835,"Decision note: compare product analytics with Grafana p95, support escalation volume, and release flag history."
EXP-01247,2022-03-24,2022-Q1,web,loyalty-service,tax quote cache,inconclusive,176815,88.74,87.98,-0.76,support tickets increased,ATLAS-1503,"Decision note: compare product analytics with Grafana p95, support escalation volume, and release flag history."
EXP-01248,2022-03-25,2022-Q1,ios,loyalty-service,checkout button copy,lost,144575,87.07,90.46,3.39,conversion improved,ATLAS-5885,"Decision note: compare product analytics with Grafana p95, support escalation volume, and release flag history."
EXP-01249,2022-03-26,2022-Q1,partner-api,search-recommendations,coupon fallback,inconclusive,15468,75.33,76.5,1.17,support tickets increased,ATLAS-4951,"Decision note: compare product analytics with Grafana p95, support escalation volume, and release flag history."
EXP-01250,2022-03-27,2022-Q1,web,search-recommendations,one-click reorder,running,196327,79.65,78.11,-1.54,conversion improved,ATLAS-5131,"Decision note: compare product analytics with Grafana p95, support escalation volume, and release flag history."
EXP-01251,2022-03-28,2022-Q1,mobile-web,auth-gateway,loyalty prompt,lost,57679,73.42,78.02,4.6,no clear impact,ATLAS-4508,"Decision note: compare product analytics with Grafana p95, support escalation volume, and release flag history."
EXP-01252,2022-03-29,2022-Q1,android,order-ledger,address validation,draft,11627,90.61,90.77,0.17,no clear impact,ATLAS-6128,"Decision note: compare product analytics with Grafana p95, support escalation volume, and release flag history."
EXP-01253,2022-03-30,2022-Q1,partner-api,loyalty-service,checkout button copy,lost,112425,79.41,78.84,-0.58,support tickets increased,ATLAS-4238,"Decision note: compare product analytics with Grafana p95, support escalation volume, and release flag history."
EXP-01254,2022-03-31,2022-Q1,web,inventory-reservation,coupon fallback,won,199192,72.02,76.12,4.1,latency increased,ATLAS-3135,"Decision note: compare product analytics with Grafana p95, support escalation volume, and release flag history."
EXP-01255,2022-04-02,2022-Q2,ios,order-ledger,payment retry UX,draft,232178,90.69,87.09,-3.59,conversion improved,ATLAS-3875,"Decision note: compare product analytics with Grafana p95, support escalation volume, and release flag history."
EXP-01256,2022-04-03,2022-Q2,ios,inventory-reservation,address validation,running,81513,89.78,91.14,1.36,support tickets increased,ATLAS-2674,"Decision note: compare product analytics with Grafana p95, support escalation volume, and release flag history."
EXP-01257,2022-04-04,2022-Q2,store-kiosk,checkout-api,coupon fallback,rolled back,186508,80.16,78.49,-1.67,latency neutral,ATLAS-1509,"Decision note: compare product analytics with Grafana p95, support escalation volume, and release flag history."
EXP-01258,2022-04-05,2022-Q2,partner-api,checkout-api,checkout button copy,inconclusive,17151,88.11,85.87,-2.24,no clear impact,ATLAS-2327,"Decision note: compare product analytics with Grafana p95, support escalation volume, and release flag history."
EXP-01259,2022-04-06,2022-Q2,android,order-ledger,payment retry UX,lost,21451,88.29,90.91,2.62,no clear impact,ATLAS-3009,"Decision note: compare product analytics with Grafana p95, support escalation volume, and release flag history."
EXP-01260,2022-04-07,2022-Q2,android,inventory-reservation,coupon fallback,lost,93720,86.35,87.95,1.6,latency neutral,ATLAS-5663,"Decision note: compare product analytics with Grafana p95, support escalation volume, and release flag history."
EXP-01261,2022-04-08,2022-Q2,android,search-recommendations,one-click reorder,draft,198987,88.55,90.32,1.77,latency increased,ATLAS-4083,"Decision note: compare product analytics with Grafana p95, support escalation volume, and release flag history."
EXP-01262,2022-04-09,2022-Q2,web,loyalty-service,tax quote cache,lost,55876,75.63,76.32,0.69,support tickets increased,ATLAS-6086,"Decision note: compare product analytics with Grafana p95, support escalation volume, and release flag history."
EXP-01263,2022-04-11,2022-Q2,store-kiosk,notification-service,address validation,lost,152264,80.5,82.91,2.41,no clear impact,ATLAS-2292,"Decision note: compare product analytics with Grafana p95, support escalation volume, and release flag history."
EXP-01264,2022-04-12,2022-Q2,ios,cart-service,checkout button copy,draft,45959,76.25,79.03,2.79,latency increased,ATLAS-3618,"Decision note: compare product analytics with Grafana p95, support escalation volume, and release flag history."
EXP-01265,2022-04-13,2022-Q2,android,analytics-pipeline,checkout button copy,draft,123512,78.28,75.03,-3.25,no clear impact,ATLAS-3076,"Decision note: compare product analytics with Grafana p95, support escalation volume, and release flag history."
EXP-01266,2022-04-14,2022-Q2,android,pricing-engine,tax quote cache,lost,124767,86.03,84.1,-1.93,latency neutral,ATLAS-3521,"Decision note: compare product analytics with Grafana p95, support escalation volume, and release flag history."
EXP-01267,2022-04-15,2022-Q2,web,pricing-engine,address validation,lost,60950,80.43,83.73,3.3,no clear impact,ATLAS-5625,"Decision note: compare product analytics with Grafana p95, support escalation volume, and release flag history."
EXP-01268,2022-04-16,2022-Q2,mobile-web,checkout-api,checkout button copy,draft,236951,72.27,71.38,-0.89,support tickets increased,ATLAS-5357,"Decision note: compare product analytics with Grafana p95, support escalation volume, and release flag history."
EXP-01269,2022-04-17,2022-Q2,partner-api,loyalty-service,inventory warning,inconclusive,147794,85.02,84.89,-0.13,latency increased,ATLAS-4347,"Decision note: compare product analytics with Grafana p95, support escalation volume, and release flag history."
EXP-01270,2022-04-18,2022-Q2,web,search-recommendations,coupon fallback,inconclusive,66100,86.38,88.91,2.52,no clear impact,ATLAS-1363,"Decision note: compare product analytics with Grafana p95, support escalation volume, and release flag history."
EXP-01271,2022-04-19,2022-Q2,android,tax-service,tax quote cache,rolled back,3858,86.13,87.27,1.14,conversion improved,ATLAS-5006,"Decision note: compare product analytics with Grafana p95, support escalation volume, and release flag history."
EXP-01272,2022-04-21,2022-Q2,mobile-web,auth-gateway,checkout button copy,won,119460,72.91,74.09,1.18,no clear impact,ATLAS-5424,"Decision note: compare product analytics with Grafana p95, support escalation volume, and release flag history."
EXP-01273,2022-04-22,2022-Q2,android,auth-gateway,checkout button copy,rolled back,49440,81.62,84.11,2.48,support tickets increased,ATLAS-3313,"Decision note: compare product analytics with Grafana p95, support escalation volume, and release flag history."
EXP-01274,2022-04-23,2022-Q2,android,order-ledger,payment retry UX,lost,116065,80.42,81.36,0.95,no clear impact,ATLAS-1331,"Decision note: compare product analytics with Grafana p95, support escalation volume, and release flag history."
EXP-01275,2022-04-24,2022-Q2,ios,tax-service,inventory warning,running,56508,85.53,84.7,-0.84,latency neutral,ATLAS-3510,"Decision note: compare product analytics with Grafana p95, support escalation volume, and release flag history."
EXP-01276,2022-04-25,2022-Q2,web,payment-orchestrator,loyalty prompt,running,32293,76.71,80.06,3.35,conversion improved,ATLAS-3118,"Decision note: compare product analytics with Grafana p95, support escalation volume, and release flag history."
EXP-01277,2022-04-26,2022-Q2,store-kiosk,notification-service,inventory warning,won,81770,89.86,88.54,-1.32,latency increased,ATLAS-3038,"Decision note: compare product analytics with Grafana p95, support escalation volume, and release flag history."
EXP-01278,2022-04-27,2022-Q2,partner-api,notification-service,tax quote cache,lost,183851,85.04,81.66,-3.38,no clear impact,ATLAS-1816,"Decision note: compare product analytics with Grafana p95, support escalation volume, and release flag history."
EXP-01279,2022-04-28,2022-Q2,partner-api,inventory-reservation,checkout button copy,lost,57756,89.64,90.09,0.45,support tickets increased,ATLAS-4627,"Decision note: compare product analytics with Grafana p95, support escalation volume, and release flag history."
EXP-01280,2022-04-30,2022-Q2,store-kiosk,checkout-api,one-click reorder,inconclusive,173292,77.72,78.88,1.16,support tickets increased,ATLAS-1827,"Decision note: compare product analytics with Grafana p95, support escalation volume, and release flag history."
EXP-01281,2022-05-01,2022-Q2,ios,order-ledger,address validation,lost,105726,87.6,88.8,1.19,latency neutral,ATLAS-1852,"Decision note: compare product analytics with Grafana p95, support escalation volume, and release flag history."
EXP-01282,2022-05-02,2022-Q2,web,search-recommendations,checkout button copy,lost,24399,75.61,77.47,1.86,support tickets increased,ATLAS-1933,"Decision note: compare product analytics with Grafana p95, support escalation volume, and release flag history."
EXP-01283,2022-05-03,2022-Q2,web,analytics-pipeline,coupon fallback,won,108722,84.91,88.13,3.22,no clear impact,ATLAS-3074,"Decision note: compare product analytics with Grafana p95, support escalation volume, and release flag history."
EXP-01284,2022-05-04,2022-Q2,web,pricing-engine,inventory warning,inconclusive,217590,89.56,93.61,4.05,support tickets increased,ATLAS-5715,"Decision note: compare product analytics with Grafana p95, support escalation volume, and release flag history."
EXP-01285,2022-05-05,2022-Q2,mobile-web,loyalty-service,inventory warning,rolled back,109739,73.08,76.44,3.36,no clear impact,ATLAS-3596,"Decision note: compare product analytics with Grafana p95, support escalation volume, and release flag history."
EXP-01286,2022-05-06,2022-Q2,store-kiosk,payment-orchestrator,address validation,lost,202089,83.26,81.03,-2.23,conversion improved,ATLAS-2784,"Decision note: compare product analytics with Grafana p95, support escalation volume, and release flag history."
EXP-01287,2022-05-07,2022-Q2,web,search-recommendations,inventory warning,lost,30191,72.39,74.12,1.73,latency increased,ATLAS-4655,"Decision note: compare product analytics with Grafana p95, support escalation volume, and release flag history."
EXP-01288,2022-05-08,2022-Q2,ios,payment-orchestrator,one-click reorder,inconclusive,110106,72.84,71.13,-1.72,latency increased,ATLAS-2320,"Decision note: compare product analytics with Grafana p95, support escalation volume, and release flag history."
EXP-01289,2022-05-10,2022-Q2,store-kiosk,order-ledger,loyalty prompt,lost,149032,82.05,78.5,-3.54,no clear impact,ATLAS-4889,"Decision note: compare product analytics with Grafana p95, support escalation volume, and release flag history."
EXP-01290,2022-05-11,2022-Q2,store-kiosk,inventory-reservation,inventory warning,draft,207634,84.57,86.92,2.35,latency neutral,ATLAS-5681,"Decision note: compare product analytics with Grafana p95, support escalation volume, and release flag history."
EXP-01291,2022-05-12,2022-Q2,android,order-ledger,address validation,inconclusive,233358,87.83,88.19,0.36,latency neutral,ATLAS-1403,"Decision note: compare product analytics with Grafana p95, support escalation volume, and release flag history."
EXP-01292,2022-05-13,2022-Q2,partner-api,tax-service,payment retry UX,won,56253,80.55,78.02,-2.53,latency neutral,ATLAS-3794,"Decision note: compare product analytics with Grafana p95, support escalation volume, and release flag history."
EXP-01293,2022-05-14,2022-Q2,partner-api,checkout-api,tax quote cache,lost,232085,76.6,76.11,-0.5,conversion improved,ATLAS-4638,"Decision note: compare product analytics with Grafana p95, support escalation volume, and release flag history."
EXP-01294,2022-05-15,2022-Q2,store-kiosk,auth-gateway,checkout button copy,rolled back,18457,86.36,88.44,2.07,latency neutral,ATLAS-3431,"Decision note: compare product analytics with Grafana p95, support escalation volume, and release flag history."
EXP-01295,2022-05-16,2022-Q2,partner-api,inventory-reservation,payment retry UX,running,99455,87.61,87.73,0.13,no clear impact,ATLAS-2820,"Decision note: compare product analytics with Grafana p95, support escalation volume, and release flag history."
EXP-01296,2022-05-17,2022-Q2,mobile-web,inventory-reservation,inventory warning,won,3511,85.41,82.77,-2.64,conversion improved,ATLAS-1522,"Decision note: compare product analytics with Grafana p95, support escalation volume, and release flag history."
EXP-01297,2022-05-19,2022-Q2,web,auth-gateway,tax quote cache,draft,97978,82.59,80.91,-1.68,support tickets increased,ATLAS-5430,"Decision note: compare product analytics with Grafana p95, support escalation volume, and release flag history."
EXP-01298,2022-05-20,2022-Q2,store-kiosk,notification-service,tax quote cache,lost,47586,89.39,92.68,3.29,support tickets increased,ATLAS-4425,"Decision note: compare product analytics with Grafana p95, support escalation volume, and release flag history."
EXP-01299,2022-05-21,2022-Q2,android,loyalty-service,payment retry UX,inconclusive,178594,86.1,83.83,-2.27,support tickets increased,ATLAS-1024,"Decision note: compare product analytics with Grafana p95, support escalation volume, and release flag history."
EXP-01300,2022-05-22,2022-Q2,mobile-web,payment-orchestrator,loyalty prompt,running,51032,73.52,78.16,4.65,latency increased,ATLAS-5578,"Decision note: compare product analytics with Grafana p95, support escalation volume, and release flag history."
EXP-01301,2022-05-23,2022-Q2,web,inventory-reservation,coupon fallback,running,137259,89.84,93.21,3.37,latency increased,ATLAS-2352,"Decision note: compare product analytics with Grafana p95, support escalation volume, and release flag history."
EXP-01302,2022-05-24,2022-Q2,mobile-web,tax-service,tax quote cache,draft,162476,72.18,72.33,0.16,latency increased,ATLAS-4761,"Decision note: compare product analytics with Grafana p95, support escalation volume, and release flag history."
EXP-01303,2022-05-25,2022-Q2,store-kiosk,loyalty-service,payment retry UX,draft,187794,80.91,80.85,-0.06,support tickets increased,ATLAS-3840,"Decision note: compare product analytics with Grafana p95, support escalation volume, and release flag history."
EXP-01304,2022-05-26,2022-Q2,web,loyalty-service,tax quote cache,inconclusive,137732,83.56,89.98,6.42,conversion improved,ATLAS-1042,"Decision note: compare product analytics with Grafana p95, support escalation volume, and release flag history."
EXP-01305,2022-05-27,2022-Q2,store-kiosk,checkout-api,tax quote cache,inconclusive,27336,80.97,83.89,2.92,latency neutral,ATLAS-4027,"Decision note: compare product analytics with Grafana p95, support escalation volume, and release flag history."
EXP-01306,2022-05-29,2022-Q2,web,auth-gateway,payment retry UX,rolled back,225955,84.79,85.91,1.12,no clear impact,ATLAS-5194,"Decision note: compare product analytics with Grafana p95, support escalation volume, and release flag history."
EXP-01307,2022-05-30,2022-Q2,android,auth-gateway,payment retry UX,draft,177883,80.55,82.65,2.1,support tickets increased,ATLAS-1319,"Decision note: compare product analytics with Grafana p95, support escalation volume, and release flag history."
EXP-01308,2022-05-31,2022-Q2,web,payment-orchestrator,address validation,rolled back,206104,79.87,82.75,2.88,support tickets increased,ATLAS-2136,"Decision note: compare product analytics with Grafana p95, support escalation volume, and release flag history."
EXP-01309,2022-06-01,2022-Q2,store-kiosk,cart-service,loyalty prompt,inconclusive,89341,84.03,83.82,-0.22,support tickets increased,ATLAS-5672,"Decision note: compare product analytics with Grafana p95, support escalation volume, and release flag history."
EXP-01310,2022-06-02,2022-Q2,web,tax-service,loyalty prompt,draft,18796,80.48,80.56,0.08,support tickets increased,ATLAS-4022,"Decision note: compare product analytics with Grafana p95, support escalation volume, and release flag history."
EXP-01311,2022-06-03,2022-Q2,ios,analytics-pipeline,address validation,rolled back,47350,90.32,93.03,2.7,latency neutral,ATLAS-3276,"Decision note: compare product analytics with Grafana p95, support escalation volume, and release flag history."
EXP-01312,2022-06-04,2022-Q2,android,pricing-engine,checkout button copy,inconclusive,84956,80.07,84.51,4.44,latency neutral,ATLAS-3731,"Decision note: compare product analytics with Grafana p95, support escalation volume, and release flag history."
EXP-01313,2022-06-05,2022-Q2,mobile-web,inventory-reservation,address validation,lost,192307,74.97,75.62,0.65,conversion improved,ATLAS-2018,"Decision note: compare product analytics with Grafana p95, support escalation volume, and release flag history."
EXP-01314,2022-06-07,2022-Q2,partner-api,analytics-pipeline,checkout button copy,won,194273,77.42,82.91,5.49,latency neutral,ATLAS-3808,"Decision note: compare product analytics with Grafana p95, support escalation volume, and release flag history."
EXP-01315,2022-06-08,2022-Q2,store-kiosk,tax-service,loyalty prompt,running,39063,88.1,91.83,3.73,no clear impact,ATLAS-3197,"Decision note: compare product analytics with Grafana p95, support escalation volume, and release flag history."
EXP-01316,2022-06-09,2022-Q2,mobile-web,tax-service,checkout button copy,rolled back,150397,82.47,87.96,5.49,conversion improved,ATLAS-5501,"Decision note: compare product analytics with Grafana p95, support escalation volume, and release flag history."
EXP-01317,2022-06-10,2022-Q2,partner-api,loyalty-service,payment retry UX,draft,30378,89.45,92.18,2.73,support tickets increased,ATLAS-5165,"Decision note: compare product analytics with Grafana p95, support escalation volume, and release flag history."
EXP-01318,2022-06-11,2022-Q2,android,checkout-api,one-click reorder,won,167183,86.12,81.2,-4.92,no clear impact,ATLAS-4366,"Decision note: compare product analytics with Grafana p95, support escalation volume, and release flag history."
EXP-01319,2022-06-12,2022-Q2,ios,payment-orchestrator,checkout button copy,running,107277,76.41,76.58,0.16,no clear impact,ATLAS-5041,"Decision note: compare product analytics with Grafana p95, support escalation volume, and release flag history."
EXP-01320,2022-06-13,2022-Q2,ios,analytics-pipeline,address validation,running,65944,88.14,88.24,0.1,support tickets increased,ATLAS-3356,"Decision note: compare product analytics with Grafana p95, support escalation volume, and release flag history."
EXP-01321,2022-06-14,2022-Q2,mobile-web,checkout-api,checkout button copy,won,201900,76.65,75.98,-0.67,conversion improved,ATLAS-1442,"Decision note: compare product analytics with Grafana p95, support escalation volume, and release flag history."
EXP-01322,2022-06-15,2022-Q2,store-kiosk,loyalty-service,inventory warning,rolled back,189809,85.85,87.84,1.99,support tickets increased,ATLAS-2609,"Decision note: compare product analytics with Grafana p95, support escalation volume, and release flag history."
EXP-01323,2022-06-17,2022-Q2,web,analytics-pipeline,loyalty prompt,running,228409,74.53,75.28,0.75,latency increased,ATLAS-1340,"Decision note: compare product analytics with Grafana p95, support escalation volume, and release flag history."
EXP-01324,2022-06-18,2022-Q2,android,analytics-pipeline,tax quote cache,draft,40290,87.37,89.48,2.11,latency neutral,ATLAS-2752,"Decision note: compare product analytics with Grafana p95, support escalation volume, and release flag history."
EXP-01325,2022-06-19,2022-Q2,android,pricing-engine,one-click reorder,lost,59228,87.0,86.14,-0.85,support tickets increased,ATLAS-1454,"Decision note: compare product analytics with Grafana p95, support escalation volume, and release flag history."
EXP-01326,2022-06-20,2022-Q2,partner-api,checkout-api,address validation,lost,45528,75.58,75.74,0.16,no clear impact,ATLAS-2678,"Decision note: compare product analytics with Grafana p95, support escalation volume, and release flag history."
EXP-01327,2022-06-21,2022-Q2,web,cart-service,inventory warning,won,232913,88.7,89.54,0.84,conversion improved,ATLAS-5461,"Decision note: compare product analytics with Grafana p95, support escalation volume, and release flag history."
EXP-01328,2022-06-22,2022-Q2,web,inventory-reservation,tax quote cache,running,7865,88.55,87.56,-1.0,support tickets increased,ATLAS-3212,"Decision note: compare product analytics with Grafana p95, support escalation volume, and release flag history."
EXP-01329,2022-06-23,2022-Q2,partner-api,tax-service,loyalty prompt,draft,8140,72.42,71.96,-0.46,conversion improved,ATLAS-4452,"Decision note: compare product analytics with Grafana p95, support escalation volume, and release flag history."
EXP-01330,2022-06-24,2022-Q2,store-kiosk,tax-service,payment retry UX,rolled back,187811,84.37,84.18,-0.19,latency neutral,ATLAS-3496,"Decision note: compare product analytics with Grafana p95, support escalation volume, and release flag history."
EXP-01331,2022-06-26,2022-Q2,android,notification-service,payment retry UX,lost,68927,74.66,72.23,-2.43,latency neutral,ATLAS-5461,"Decision note: compare product analytics with Grafana p95, support escalation volume, and release flag history."
EXP-01332,2022-06-27,2022-Q2,mobile-web,auth-gateway,payment retry UX,draft,23247,88.88,89.98,1.11,latency neutral,ATLAS-2459,"Decision note: compare product analytics with Grafana p95, support escalation volume, and release flag history."
EXP-01333,2022-06-28,2022-Q2,mobile-web,inventory-reservation,checkout button copy,running,96884,84.91,81.63,-3.29,conversion improved,ATLAS-1812,"Decision note: compare product analytics with Grafana p95, support escalation volume, and release flag history."
EXP-01334,2022-06-29,2022-Q2,web,payment-orchestrator,inventory warning,lost,76374,89.86,90.92,1.06,latency increased,ATLAS-2560,"Decision note: compare product analytics with Grafana p95, support escalation volume, and release flag history."
EXP-01335,2022-06-30,2022-Q2,web,checkout-api,checkout button copy,inconclusive,33277,90.67,94.58,3.9,support tickets increased,ATLAS-5949,"Decision note: compare product analytics with Grafana p95, support escalation volume, and release flag history."
EXP-01336,2022-07-01,2022-Q3,mobile-web,pricing-engine,one-click reorder,won,176238,79.08,82.61,3.52,latency increased,ATLAS-3287,"Decision note: compare product analytics with Grafana p95, support escalation volume, and release flag history."
EXP-01337,2022-07-02,2022-Q3,android,cart-service,coupon fallback,draft,184907,73.73,74.48,0.74,latency increased,ATLAS-2622,"Decision note: compare product analytics with Grafana p95, support escalation volume, and release flag history."
EXP-01338,2022-07-03,2022-Q3,ios,cart-service,tax quote cache,won,153187,88.71,90.3,1.59,latency increased,ATLAS-3141,"Decision note: compare product analytics with Grafana p95, support escalation volume, and release flag history."
EXP-01339,2022-07-04,2022-Q3,mobile-web,tax-service,checkout button copy,inconclusive,85562,76.93,77.5,0.56,no clear impact,ATLAS-1288,"Decision note: compare product analytics with Grafana p95, support escalation volume, and release flag history."
EXP-01340,2022-07-06,2022-Q3,android,inventory-reservation,one-click reorder,running,214451,83.41,88.58,5.17,latency neutral,ATLAS-3749,"Decision note: compare product analytics with Grafana p95, support escalation volume, and release flag history."
EXP-01341,2022-07-07,2022-Q3,store-kiosk,cart-service,one-click reorder,won,47653,83.23,81.67,-1.56,no clear impact,ATLAS-1474,"Decision note: compare product analytics with Grafana p95, support escalation volume, and release flag history."
EXP-01342,2022-07-08,2022-Q3,web,inventory-reservation,address validation,draft,114994,81.02,84.66,3.64,support tickets increased,ATLAS-5517,"Decision note: compare product analytics with Grafana p95, support escalation volume, and release flag history."
EXP-01343,2022-07-09,2022-Q3,android,order-ledger,inventory warning,inconclusive,195416,85.55,86.7,1.15,latency neutral,ATLAS-1328,"Decision note: compare product analytics with Grafana p95, support escalation volume, and release flag history."
EXP-01344,2022-07-10,2022-Q3,store-kiosk,notification-service,address validation,running,70624,78.9,82.43,3.53,no clear impact,ATLAS-3679,"Decision note: compare product analytics with Grafana p95, support escalation volume, and release flag history."
EXP-01345,2022-07-11,2022-Q3,web,order-ledger,tax quote cache,running,14781,81.62,80.08,-1.54,latency increased,ATLAS-5931,"Decision note: compare product analytics with Grafana p95, support escalation volume, and release flag history."
EXP-01346,2022-07-12,2022-Q3,mobile-web,loyalty-service,coupon fallback,draft,87702,85.52,82.89,-2.62,latency neutral,ATLAS-2307,"Decision note: compare product analytics with Grafana p95, support escalation volume, and release flag history."
EXP-01347,2022-07-13,2022-Q3,store-kiosk,analytics-pipeline,checkout button copy,running,144159,75.56,73.87,-1.69,latency increased,ATLAS-5491,"Decision note: compare product analytics with Grafana p95, support escalation volume, and release flag history."
EXP-01348,2022-07-15,2022-Q3,web,cart-service,loyalty prompt,won,95755,77.69,77.85,0.16,no clear impact,ATLAS-5970,"Decision note: compare product analytics with Grafana p95, support escalation volume, and release flag history."
EXP-01349,2022-07-16,2022-Q3,mobile-web,pricing-engine,one-click reorder,draft,122606,87.45,87.55,0.1,conversion improved,ATLAS-4647,"Decision note: compare product analytics with Grafana p95, support escalation volume, and release flag history."
EXP-01350,2022-07-17,2022-Q3,mobile-web,pricing-engine,inventory warning,running,101211,74.3,72.58,-1.72,support tickets increased,ATLAS-2144,"Decision note: compare product analytics with Grafana p95, support escalation volume, and release flag history."
EXP-01351,2022-07-18,2022-Q3,ios,notification-service,payment retry UX,won,111483,83.22,81.84,-1.38,latency neutral,ATLAS-4955,"Decision note: compare product analytics with Grafana p95, support escalation volume, and release flag history."
EXP-01352,2022-07-19,2022-Q3,ios,tax-service,tax quote cache,lost,7358,75.67,75.77,0.11,support tickets increased,ATLAS-5475,"Decision note: compare product analytics with Grafana p95, support escalation volume, and release flag history."
EXP-01353,2022-07-20,2022-Q3,web,auth-gateway,checkout button copy,won,186413,86.63,84.39,-2.24,latency increased,ATLAS-2035,"Decision note: compare product analytics with Grafana p95, support escalation volume, and release flag history."
EXP-01354,2022-07-21,2022-Q3,web,auth-gateway,inventory warning,draft,74993,79.41,80.66,1.24,latency neutral,ATLAS-4016,"Decision note: compare product analytics with Grafana p95, support escalation volume, and release flag history."
EXP-01355,2022-07-22,2022-Q3,android,search-recommendations,address validation,running,97378,83.74,81.06,-2.67,support tickets increased,ATLAS-5781,"Decision note: compare product analytics with Grafana p95, support escalation volume, and release flag history."
EXP-01356,2022-07-23,2022-Q3,partner-api,notification-service,checkout button copy,lost,98150,75.3,74.6,-0.7,no clear impact,ATLAS-2070,"Decision note: compare product analytics with Grafana p95, support escalation volume, and release flag history."
EXP-01357,2022-07-25,2022-Q3,store-kiosk,tax-service,inventory warning,lost,86195,90.02,92.64,2.63,latency neutral,ATLAS-3035,"Decision note: compare product analytics with Grafana p95, support escalation volume, and release flag history."
EXP-01358,2022-07-26,2022-Q3,store-kiosk,analytics-pipeline,one-click reorder,inconclusive,119872,83.32,85.38,2.06,support tickets increased,ATLAS-3603,"Decision note: compare product analytics with Grafana p95, support escalation volume, and release flag history."
EXP-01359,2022-07-27,2022-Q3,mobile-web,checkout-api,inventory warning,rolled back,209537,80.04,83.3,3.26,latency neutral,ATLAS-3974,"Decision note: compare product analytics with Grafana p95, support escalation volume, and release flag history."
EXP-01360,2022-07-28,2022-Q3,ios,pricing-engine,loyalty prompt,draft,178870,82.58,80.72,-1.86,support tickets increased,ATLAS-4473,"Decision note: compare product analytics with Grafana p95, support escalation volume, and release flag history."
EXP-01361,2022-07-29,2022-Q3,ios,notification-service,one-click reorder,won,174232,84.87,84.95,0.08,no clear impact,ATLAS-1257,"Decision note: compare product analytics with Grafana p95, support escalation volume, and release flag history."
EXP-01362,2022-07-30,2022-Q3,android,cart-service,payment retry UX,rolled back,176119,89.88,89.35,-0.54,latency increased,ATLAS-3927,"Decision note: compare product analytics with Grafana p95, support escalation volume, and release flag history."
EXP-01363,2022-07-31,2022-Q3,ios,pricing-engine,inventory warning,inconclusive,110201,77.01,79.02,2.01,conversion improved,ATLAS-6120,"Decision note: compare product analytics with Grafana p95, support escalation volume, and release flag history."
EXP-01364,2022-08-01,2022-Q3,android,payment-orchestrator,coupon fallback,running,87430,87.28,82.92,-4.36,latency neutral,ATLAS-3618,"Decision note: compare product analytics with Grafana p95, support escalation volume, and release flag history."
EXP-01365,2022-08-03,2022-Q3,android,payment-orchestrator,one-click reorder,running,156931,78.49,78.95,0.46,support tickets increased,ATLAS-4875,"Decision note: compare product analytics with Grafana p95, support escalation volume, and release flag history."
EXP-01366,2022-08-04,2022-Q3,mobile-web,checkout-api,tax quote cache,running,219453,76.48,77.31,0.83,no clear impact,ATLAS-6111,"Decision note: compare product analytics with Grafana p95, support escalation volume, and release flag history."
EXP-01367,2022-08-05,2022-Q3,web,cart-service,tax quote cache,running,129623,76.16,78.8,2.64,no clear impact,ATLAS-5824,"Decision note: compare product analytics with Grafana p95, support escalation volume, and release flag history."
EXP-01368,2022-08-06,2022-Q3,partner-api,analytics-pipeline,tax quote cache,running,212705,88.09,85.47,-2.62,latency neutral,ATLAS-3125,"Decision note: compare product analytics with Grafana p95, support escalation volume, and release flag history."
EXP-01369,2022-08-07,2022-Q3,partner-api,notification-service,address validation,won,212278,76.32,77.64,1.32,support tickets increased,ATLAS-3151,"Decision note: compare product analytics with Grafana p95, support escalation volume, and release flag history."
EXP-01370,2022-08-08,2022-Q3,partner-api,notification-service,tax quote cache,won,90066,89.87,86.97,-2.9,latency neutral,ATLAS-4321,"Decision note: compare product analytics with Grafana p95, support escalation volume, and release flag history."
EXP-01371,2022-08-09,2022-Q3,partner-api,search-recommendations,checkout button copy,inconclusive,132513,72.73,73.9,1.17,conversion improved,ATLAS-3346,"Decision note: compare product analytics with Grafana p95, support escalation volume, and release flag history."
EXP-01372,2022-08-10,2022-Q3,mobile-web,pricing-engine,address validation,draft,203198,80.43,84.11,3.69,latency neutral,ATLAS-3856,"Decision note: compare product analytics with Grafana p95, support escalation volume, and release flag history."
EXP-01373,2022-08-11,2022-Q3,android,checkout-api,coupon fallback,rolled back,225115,76.74,78.52,1.78,support tickets increased,ATLAS-3891,"Decision note: compare product analytics with Grafana p95, support escalation volume, and release flag history."
EXP-01374,2022-08-13,2022-Q3,ios,analytics-pipeline,coupon fallback,draft,19874,85.57,78.51,-7.06,no clear impact,ATLAS-1275,"Decision note: compare product analytics with Grafana p95, support escalation volume, and release flag history."
EXP-01375,2022-08-14,2022-Q3,mobile-web,loyalty-service,address validation,lost,24471,73.45,73.49,0.04,support tickets increased,ATLAS-1084,"Decision note: compare product analytics with Grafana p95, support escalation volume, and release flag history."
EXP-01376,2022-08-15,2022-Q3,web,checkout-api,payment retry UX,won,207521,73.51,72.72,-0.79,support tickets increased,ATLAS-2183,"Decision note: compare product analytics with Grafana p95, support escalation volume, and release flag history."
EXP-01377,2022-08-16,2022-Q3,android,order-ledger,loyalty prompt,rolled back,176544,74.82,78.98,4.16,latency neutral,ATLAS-4143,"Decision note: compare product analytics with Grafana p95, support escalation volume, and release flag history."
EXP-01378,2022-08-17,2022-Q3,store-kiosk,checkout-api,payment retry UX,draft,213028,73.89,75.79,1.9,no clear impact,ATLAS-5264,"Decision note: compare product analytics with Grafana p95, support escalation volume, and release flag history."
EXP-01379,2022-08-18,2022-Q3,android,inventory-reservation,tax quote cache,running,138437,83.91,84.67,0.76,latency neutral,ATLAS-2929,"Decision note: compare product analytics with Grafana p95, support escalation volume, and release flag history."
EXP-01380,2022-08-19,2022-Q3,mobile-web,pricing-engine,payment retry UX,rolled back,59313,76.53,75.44,-1.09,no clear impact,ATLAS-4474,"Decision note: compare product analytics with Grafana p95, support escalation volume, and release flag history."
EXP-01381,2022-08-20,2022-Q3,partner-api,loyalty-service,checkout button copy,rolled back,210931,77.93,78.6,0.67,conversion improved,ATLAS-2168,"Decision note: compare product analytics with Grafana p95, support escalation volume, and release flag history."
EXP-01382,2022-08-22,2022-Q3,android,pricing-engine,checkout button copy,rolled back,145713,90.77,91.5,0.73,latency neutral,ATLAS-5631,"Decision note: compare product analytics with Grafana p95, support escalation volume, and release flag history."
EXP-01383,2022-08-23,2022-Q3,android,tax-service,loyalty prompt,lost,5892,85.11,86.75,1.64,conversion improved,ATLAS-5077,"Decision note: compare product analytics with Grafana p95, support escalation volume, and release flag history."
EXP-01384,2022-08-24,2022-Q3,partner-api,order-ledger,address validation,inconclusive,172254,83.08,82.08,-0.99,latency increased,ATLAS-3861,"Decision note: compare product analytics with Grafana p95, support escalation volume, and release flag history."
EXP-01385,2022-08-25,2022-Q3,partner-api,order-ledger,address validation,rolled back,238013,85.16,85.55,0.39,latency neutral,ATLAS-4069,"Decision note: compare product analytics with Grafana p95, support escalation volume, and release flag history."
EXP-01386,2022-08-26,2022-Q3,partner-api,notification-service,loyalty prompt,lost,169564,88.64,86.39,-2.24,support tickets increased,ATLAS-5804,"Decision note: compare product analytics with Grafana p95, support escalation volume, and release flag history."
EXP-01387,2022-08-27,2022-Q3,android,notification-service,tax quote cache,lost,159132,77.53,84.91,7.39,latency increased,ATLAS-1239,"Decision note: compare product analytics with Grafana p95, support escalation volume, and release flag history."
EXP-01388,2022-08-28,2022-Q3,ios,notification-service,payment retry UX,rolled back,224603,88.52,87.21,-1.32,no clear impact,ATLAS-4477,"Decision note: compare product analytics with Grafana p95, support escalation volume, and release flag history."
EXP-01389,2022-08-29,2022-Q3,android,tax-service,tax quote cache,won,221409,88.31,91.72,3.41,support tickets increased,ATLAS-4978,"Decision note: compare product analytics with Grafana p95, support escalation volume, and release flag history."
EXP-01390,2022-08-30,2022-Q3,partner-api,inventory-reservation,payment retry UX,inconclusive,127795,89.55,91.51,1.96,conversion improved,ATLAS-3908,"Decision note: compare product analytics with Grafana p95, support escalation volume, and release flag history."
EXP-01391,2022-09-01,2022-Q3,store-kiosk,cart-service,payment retry UX,rolled back,154737,80.72,81.27,0.54,support tickets increased,ATLAS-2803,"Decision note: compare product analytics with Grafana p95, support escalation volume, and release flag history."
EXP-01392,2022-09-02,2022-Q3,mobile-web,tax-service,inventory warning,inconclusive,77977,75.27,80.45,5.18,no clear impact,ATLAS-1585,"Decision note: compare product analytics with Grafana p95, support escalation volume, and release flag history."
EXP-01393,2022-09-03,2022-Q3,partner-api,analytics-pipeline,tax quote cache,inconclusive,126410,86.3,92.45,6.15,latency neutral,ATLAS-5094,"Decision note: compare product analytics with Grafana p95, support escalation volume, and release flag history."
EXP-01394,2022-09-04,2022-Q3,web,analytics-pipeline,tax quote cache,running,168620,89.82,92.42,2.59,latency neutral,ATLAS-2490,"Decision note: compare product analytics with Grafana p95, support escalation volume, and release flag history."
EXP-01395,2022-09-05,2022-Q3,android,inventory-reservation,payment retry UX,running,108611,87.13,85.68,-1.45,support tickets increased,ATLAS-5909,"Decision note: compare product analytics with Grafana p95, support escalation volume, and release flag history."
EXP-01396,2022-09-06,2022-Q3,ios,order-ledger,tax quote cache,inconclusive,56408,78.66,80.84,2.18,support tickets increased,ATLAS-3486,"Decision note: compare product analytics with Grafana p95, support escalation volume, and release flag history."
EXP-01397,2022-09-07,2022-Q3,mobile-web,tax-service,address validation,inconclusive,202996,83.2,84.65,1.45,latency neutral,ATLAS-4533,"Decision note: compare product analytics with Grafana p95, support escalation volume, and release flag history."
EXP-01398,2022-09-08,2022-Q3,mobile-web,notification-service,coupon fallback,won,61377,83.39,84.38,0.99,support tickets increased,ATLAS-3092,"Decision note: compare product analytics with Grafana p95, support escalation volume, and release flag history."
EXP-01399,2022-09-09,2022-Q3,partner-api,loyalty-service,address validation,rolled back,78713,74.47,78.47,4.0,no clear impact,ATLAS-1336,"Decision note: compare product analytics with Grafana p95, support escalation volume, and release flag history."
EXP-01400,2022-09-11,2022-Q3,partner-api,notification-service,tax quote cache,rolled back,213516,86.1,86.35,0.26,support tickets increased,ATLAS-4625,"Decision note: compare product analytics with Grafana p95, support escalation volume, and release flag history."
EXP-01401,2022-09-12,2022-Q3,mobile-web,payment-orchestrator,one-click reorder,won,190743,83.68,84.51,0.83,support tickets increased,ATLAS-4576,"Decision note: compare product analytics with Grafana p95, support escalation volume, and release flag history."
EXP-01402,2022-09-13,2022-Q3,partner-api,notification-service,coupon fallback,inconclusive,135554,88.46,88.05,-0.41,support tickets increased,ATLAS-5942,"Decision note: compare product analytics with Grafana p95, support escalation volume, and release flag history."
EXP-01403,2022-09-14,2022-Q3,mobile-web,checkout-api,coupon fallback,inconclusive,210483,87.81,90.68,2.87,no clear impact,ATLAS-1272,"Decision note: compare product analytics with Grafana p95, support escalation volume, and release flag history."
EXP-01404,2022-09-15,2022-Q3,mobile-web,auth-gateway,payment retry UX,inconclusive,68313,75.14,75.9,0.76,latency neutral,ATLAS-4355,"Decision note: compare product analytics with Grafana p95, support escalation volume, and release flag history."
EXP-01405,2022-09-16,2022-Q3,partner-api,cart-service,loyalty prompt,rolled back,228403,82.04,85.77,3.73,conversion improved,ATLAS-1812,"Decision note: compare product analytics with Grafana p95, support escalation volume, and release flag history."
EXP-01406,2022-09-17,2022-Q3,web,inventory-reservation,loyalty prompt,rolled back,221890,75.23,75.98,0.74,conversion improved,ATLAS-2191,"Decision note: compare product analytics with Grafana p95, support escalation volume, and release flag history."
EXP-01407,2022-09-18,2022-Q3,android,notification-service,address validation,inconclusive,157274,81.5,80.37,-1.13,latency neutral,ATLAS-2454,"Decision note: compare product analytics with Grafana p95, support escalation volume, and release flag history."
EXP-01408,2022-09-20,2022-Q3,mobile-web,notification-service,address validation,won,50191,86.5,84.91,-1.59,conversion improved,ATLAS-4715,"Decision note: compare product analytics with Grafana p95, support escalation volume, and release flag history."
EXP-01409,2022-09-21,2022-Q3,android,pricing-engine,inventory warning,inconclusive,156489,85.05,85.97,0.92,support tickets increased,ATLAS-3865,"Decision note: compare product analytics with Grafana p95, support escalation volume, and release flag history."
EXP-01410,2022-09-22,2022-Q3,partner-api,auth-gateway,payment retry UX,won,223278,74.07,79.71,5.64,latency increased,ATLAS-5895,"Decision note: compare product analytics with Grafana p95, support escalation volume, and release flag history."
EXP-01411,2022-09-23,2022-Q3,store-kiosk,checkout-api,inventory warning,draft,91851,82.9,85.53,2.63,latency neutral,ATLAS-1119,"Decision note: compare product analytics with Grafana p95, support escalation volume, and release flag history."
EXP-01412,2022-09-24,2022-Q3,web,search-recommendations,payment retry UX,running,158861,74.77,76.57,1.8,support tickets increased,ATLAS-4701,"Decision note: compare product analytics with Grafana p95, support escalation volume, and release flag history."
EXP-01413,2022-09-25,2022-Q3,partner-api,analytics-pipeline,address validation,running,162247,72.76,66.96,-5.8,latency increased,ATLAS-3408,"Decision note: compare product analytics with Grafana p95, support escalation volume, and release flag history."
EXP-01414,2022-09-26,2022-Q3,android,analytics-pipeline,one-click reorder,won,26867,88.06,85.68,-2.38,latency increased,ATLAS-1615,"Decision note: compare product analytics with Grafana p95, support escalation volume, and release flag history."
EXP-01415,2022-09-27,2022-Q3,web,checkout-api,address validation,draft,64157,90.63,93.5,2.87,latency increased,ATLAS-5208,"Decision note: compare product analytics with Grafana p95, support escalation volume, and release flag history."
EXP-01416,2022-09-28,2022-Q3,web,payment-orchestrator,checkout button copy,won,101388,83.58,85.76,2.18,no clear impact,ATLAS-2441,"Decision note: compare product analytics with Grafana p95, support escalation volume, and release flag history."
EXP-01417,2022-09-30,2022-Q3,mobile-web,analytics-pipeline,tax quote cache,running,128514,90.95,93.51,2.56,latency increased,ATLAS-5142,"Decision note: compare product analytics with Grafana p95, support escalation volume, and release flag history."
EXP-01418,2022-10-01,2022-Q4,mobile-web,inventory-reservation,coupon fallback,lost,143670,82.91,84.06,1.14,latency neutral,ATLAS-2280,"Decision note: compare product analytics with Grafana p95, support escalation volume, and release flag history."
EXP-01419,2022-10-02,2022-Q4,store-kiosk,cart-service,one-click reorder,rolled back,9012,84.11,87.59,3.47,conversion improved,ATLAS-3113,"Decision note: compare product analytics with Grafana p95, support escalation volume, and release flag history."
EXP-01420,2022-10-03,2022-Q4,ios,loyalty-service,tax quote cache,lost,140367,72.22,75.15,2.93,latency neutral,ATLAS-3763,"Decision note: compare product analytics with Grafana p95, support escalation volume, and release flag history."
EXP-01421,2022-10-04,2022-Q4,store-kiosk,inventory-reservation,loyalty prompt,running,69622,88.77,93.58,4.81,support tickets increased,ATLAS-1182,"Decision note: compare product analytics with Grafana p95, support escalation volume, and release flag history."
EXP-01422,2022-10-05,2022-Q4,web,payment-orchestrator,one-click reorder,lost,213237,90.88,87.75,-3.14,conversion improved,ATLAS-4567,"Decision note: compare product analytics with Grafana p95, support escalation volume, and release flag history."
EXP-01423,2022-10-06,2022-Q4,store-kiosk,order-ledger,coupon fallback,lost,93841,86.6,90.19,3.59,no clear impact,ATLAS-6162,"Decision note: compare product analytics with Grafana p95, support escalation volume, and release flag history."
EXP-01424,2022-10-07,2022-Q4,ios,cart-service,loyalty prompt,draft,31248,89.08,90.91,1.83,conversion improved,ATLAS-2609,"Decision note: compare product analytics with Grafana p95, support escalation volume, and release flag history."
EXP-01425,2022-10-09,2022-Q4,store-kiosk,order-ledger,checkout button copy,draft,227785,75.95,77.96,2.01,latency increased,ATLAS-3763,"Decision note: compare product analytics with Grafana p95, support escalation volume, and release flag history."
EXP-01426,2022-10-10,2022-Q4,web,notification-service,loyalty prompt,won,121744,87.29,87.7,0.41,latency increased,ATLAS-4747,"Decision note: compare product analytics with Grafana p95, support escalation volume, and release flag history."
EXP-01427,2022-10-11,2022-Q4,mobile-web,auth-gateway,checkout button copy,draft,142086,73.83,73.31,-0.52,conversion improved,ATLAS-5753,"Decision note: compare product analytics with Grafana p95, support escalation volume, and release flag history."
EXP-01428,2022-10-12,2022-Q4,ios,checkout-api,payment retry UX,won,198757,72.89,72.93,0.04,no clear impact,ATLAS-3759,"Decision note: compare product analytics with Grafana p95, support escalation volume, and release flag history."
EXP-01429,2022-10-13,2022-Q4,android,pricing-engine,tax quote cache,draft,78016,80.82,84.09,3.27,latency neutral,ATLAS-4931,"Decision note: compare product analytics with Grafana p95, support escalation volume, and release flag history."
EXP-01430,2022-10-14,2022-Q4,store-kiosk,loyalty-service,address validation,won,43729,80.46,82.08,1.62,conversion improved,ATLAS-4719,"Decision note: compare product analytics with Grafana p95, support escalation volume, and release flag history."
EXP-01431,2022-10-15,2022-Q4,ios,order-ledger,checkout button copy,won,63739,73.23,78.93,5.7,conversion improved,ATLAS-3878,"Decision note: compare product analytics with Grafana p95, support escalation volume, and release flag history."
EXP-01432,2022-10-16,2022-Q4,android,inventory-reservation,inventory warning,draft,213908,88.76,87.89,-0.87,support tickets increased,ATLAS-2010,"Decision note: compare product analytics with Grafana p95, support escalation volume, and release flag history."
EXP-01433,2022-10-17,2022-Q4,store-kiosk,order-ledger,one-click reorder,won,209905,77.5,78.92,1.42,no clear impact,ATLAS-1911,"Decision note: compare product analytics with Grafana p95, support escalation volume, and release flag history."
EXP-01434,2022-10-19,2022-Q4,ios,search-recommendations,coupon fallback,draft,113776,75.11,73.98,-1.13,latency increased,ATLAS-5264,"Decision note: compare product analytics with Grafana p95, support escalation volume, and release flag history."
EXP-01435,2022-10-20,2022-Q4,web,loyalty-service,loyalty prompt,running,29643,82.03,82.53,0.5,latency neutral,ATLAS-1500,"Decision note: compare product analytics with Grafana p95, support escalation volume, and release flag history."
EXP-01436,2022-10-21,2022-Q4,android,notification-service,coupon fallback,lost,199900,74.44,74.76,0.31,latency neutral,ATLAS-1713,"Decision note: compare product analytics with Grafana p95, support escalation volume, and release flag history."
EXP-01437,2022-10-22,2022-Q4,store-kiosk,payment-orchestrator,loyalty prompt,lost,102199,79.76,75.66,-4.11,conversion improved,ATLAS-5599,"Decision note: compare product analytics with Grafana p95, support escalation volume, and release flag history."
EXP-01438,2022-10-23,2022-Q4,store-kiosk,order-ledger,checkout button copy,draft,237806,75.54,77.14,1.6,support tickets increased,ATLAS-1208,"Decision note: compare product analytics with Grafana p95, support escalation volume, and release flag history."
EXP-01439,2022-10-24,2022-Q4,partner-api,search-recommendations,one-click reorder,won,201216,78.79,80.2,1.41,latency increased,ATLAS-3133,"Decision note: compare product analytics with Grafana p95, support escalation volume, and release flag history."
EXP-01440,2022-10-25,2022-Q4,android,pricing-engine,loyalty prompt,inconclusive,57915,75.35,77.19,1.84,latency increased,ATLAS-2474,"Decision note: compare product analytics with Grafana p95, support escalation volume, and release flag history."
EXP-01441,2022-10-26,2022-Q4,store-kiosk,pricing-engine,coupon fallback,won,74806,77.57,79.02,1.45,support tickets increased,ATLAS-2176,"Decision note: compare product analytics with Grafana p95, support escalation volume, and release flag history."
EXP-01442,2022-10-28,2022-Q4,partner-api,order-ledger,address validation,draft,178998,78.37,76.56,-1.81,latency neutral,ATLAS-2322,"Decision note: compare product analytics with Grafana p95, support escalation volume, and release flag history."
EXP-01443,2022-10-29,2022-Q4,web,analytics-pipeline,address validation,running,235026,76.94,74.63,-2.31,conversion improved,ATLAS-1423,"Decision note: compare product analytics with Grafana p95, support escalation volume, and release flag history."
EXP-01444,2022-10-30,2022-Q4,ios,tax-service,payment retry UX,running,4170,86.2,87.13,0.93,conversion improved,ATLAS-1797,"Decision note: compare product analytics with Grafana p95, support escalation volume, and release flag history."
EXP-01445,2022-10-31,2022-Q4,android,analytics-pipeline,inventory warning,inconclusive,232788,90.21,91.82,1.61,no clear impact,ATLAS-1951,"Decision note: compare product analytics with Grafana p95, support escalation volume, and release flag history."
EXP-01446,2022-11-01,2022-Q4,android,auth-gateway,checkout button copy,won,236418,80.5,82.02,1.52,latency increased,ATLAS-5259,"Decision note: compare product analytics with Grafana p95, support escalation volume, and release flag history."
EXP-01447,2022-11-02,2022-Q4,mobile-web,analytics-pipeline,loyalty prompt,won,104161,90.61,95.69,5.07,latency neutral,ATLAS-6013,"Decision note: compare product analytics with Grafana p95, support escalation volume, and release flag history."
EXP-01448,2022-11-03,2022-Q4,mobile-web,auth-gateway,tax quote cache,inconclusive,13692,84.34,87.5,3.16,latency neutral,ATLAS-2026,"Decision note: compare product analytics with Grafana p95, support escalation volume, and release flag history."
EXP-01449,2022-11-04,2022-Q4,partner-api,notification-service,one-click reorder,draft,133851,74.34,79.88,5.54,conversion improved,ATLAS-4263,"Decision note: compare product analytics with Grafana p95, support escalation volume, and release flag history."
EXP-01450,2022-11-05,2022-Q4,store-kiosk,search-recommendations,coupon fallback,rolled back,39595,77.04,78.95,1.91,no clear impact,ATLAS-5533,"Decision note: compare product analytics with Grafana p95, support escalation volume, and release flag history."
EXP-01451,2022-11-07,2022-Q4,partner-api,auth-gateway,inventory warning,won,72638,79.74,76.68,-3.05,latency increased,ATLAS-1527,"Decision note: compare product analytics with Grafana p95, support escalation volume, and release flag history."
EXP-01452,2022-11-08,2022-Q4,partner-api,auth-gateway,inventory warning,won,53385,80.2,76.93,-3.27,no clear impact,ATLAS-2501,"Decision note: compare product analytics with Grafana p95, support escalation volume, and release flag history."
EXP-01453,2022-11-09,2022-Q4,partner-api,search-recommendations,address validation,draft,188195,85.14,89.37,4.23,latency neutral,ATLAS-1355,"Decision note: compare product analytics with Grafana p95, support escalation volume, and release flag history."
EXP-01454,2022-11-10,2022-Q4,web,order-ledger,checkout button copy,inconclusive,170985,76.11,77.44,1.33,latency neutral,ATLAS-2229,"Decision note: compare product analytics with Grafana p95, support escalation volume, and release flag history."
EXP-01455,2022-11-11,2022-Q4,partner-api,search-recommendations,payment retry UX,draft,79038,85.68,89.43,3.74,no clear impact,ATLAS-4331,"Decision note: compare product analytics with Grafana p95, support escalation volume, and release flag history."
EXP-01456,2022-11-12,2022-Q4,mobile-web,cart-service,payment retry UX,rolled back,102986,76.76,70.99,-5.77,support tickets increased,ATLAS-5229,"Decision note: compare product analytics with Grafana p95, support escalation volume, and release flag history."
EXP-01457,2022-11-13,2022-Q4,ios,analytics-pipeline,inventory warning,won,104102,75.69,74.84,-0.86,latency neutral,ATLAS-4681,"Decision note: compare product analytics with Grafana p95, support escalation volume, and release flag history."
EXP-01458,2022-11-14,2022-Q4,partner-api,search-recommendations,payment retry UX,draft,42992,88.92,91.57,2.65,support tickets increased,ATLAS-1577,"Decision note: compare product analytics with Grafana p95, support escalation volume, and release flag history."
EXP-01459,2022-11-16,2022-Q4,partner-api,pricing-engine,payment retry UX,draft,105740,81.4,82.42,1.02,no clear impact,ATLAS-3961,"Decision note: compare product analytics with Grafana p95, support escalation volume, and release flag history."
EXP-01460,2022-11-17,2022-Q4,android,pricing-engine,loyalty prompt,rolled back,73743,89.86,90.85,1.0,latency increased,ATLAS-3419,"Decision note: compare product analytics with Grafana p95, support escalation volume, and release flag history."
EXP-01461,2022-11-18,2022-Q4,mobile-web,auth-gateway,checkout button copy,won,6352,89.44,90.13,0.69,no clear impact,ATLAS-1748,"Decision note: compare product analytics with Grafana p95, support escalation volume, and release flag history."
EXP-01462,2022-11-19,2022-Q4,partner-api,inventory-reservation,address validation,won,204483,78.81,75.23,-3.59,latency neutral,ATLAS-4833,"Decision note: compare product analytics with Grafana p95, support escalation volume, and release flag history."
EXP-01463,2022-11-20,2022-Q4,ios,order-ledger,address validation,lost,5888,77.3,81.81,4.51,no clear impact,ATLAS-4095,"Decision note: compare product analytics with Grafana p95, support escalation volume, and release flag history."
EXP-01464,2022-11-21,2022-Q4,mobile-web,auth-gateway,one-click reorder,running,230700,82.66,83.56,0.9,support tickets increased,ATLAS-1509,"Decision note: compare product analytics with Grafana p95, support escalation volume, and release flag history."
EXP-01465,2022-11-22,2022-Q4,store-kiosk,loyalty-service,inventory warning,draft,181295,84.34,87.92,3.58,support tickets increased,ATLAS-3659,"Decision note: compare product analytics with Grafana p95, support escalation volume, and release flag history."
EXP-01466,2022-11-23,2022-Q4,mobile-web,checkout-api,loyalty prompt,running,47044,86.77,89.38,2.62,support tickets increased,ATLAS-2660,"Decision note: compare product analytics with Grafana p95, support escalation volume, and release flag history."
EXP-01467,2022-11-24,2022-Q4,partner-api,auth-gateway,loyalty prompt,won,177217,83.74,82.46,-1.28,support tickets increased,ATLAS-2889,"Decision note: compare product analytics with Grafana p95, support escalation volume, and release flag history."
EXP-01468,2022-11-26,2022-Q4,partner-api,checkout-api,tax quote cache,lost,193627,89.56,92.43,2.87,conversion improved,ATLAS-2933,"Decision note: compare product analytics with Grafana p95, support escalation volume, and release flag history."
EXP-01469,2022-11-27,2022-Q4,partner-api,search-recommendations,payment retry UX,inconclusive,155986,89.17,92.63,3.47,support tickets increased,ATLAS-4374,"Decision note: compare product analytics with Grafana p95, support escalation volume, and release flag history."
EXP-01470,2022-11-28,2022-Q4,mobile-web,search-recommendations,inventory warning,lost,223546,80.55,82.7,2.15,latency increased,ATLAS-4922,"Decision note: compare product analytics with Grafana p95, support escalation volume, and release flag history."
EXP-01471,2022-11-29,2022-Q4,store-kiosk,pricing-engine,inventory warning,draft,88282,77.29,73.65,-3.64,conversion improved,ATLAS-3067,"Decision note: compare product analytics with Grafana p95, support escalation volume, and release flag history."
EXP-01472,2022-11-30,2022-Q4,ios,notification-service,checkout button copy,draft,152232,79.45,80.7,1.25,support tickets increased,ATLAS-3491,"Decision note: compare product analytics with Grafana p95, support escalation volume, and release flag history."
EXP-01473,2022-12-01,2022-Q4,store-kiosk,cart-service,loyalty prompt,draft,239578,76.72,77.65,0.93,latency increased,ATLAS-5005,"Decision note: compare product analytics with Grafana p95, support escalation volume, and release flag history."
EXP-01474,2022-12-02,2022-Q4,store-kiosk,loyalty-service,address validation,running,224234,76.76,74.59,-2.17,conversion improved,ATLAS-5247,"Decision note: compare product analytics with Grafana p95, support escalation volume, and release flag history."
EXP-01475,2022-12-03,2022-Q4,mobile-web,search-recommendations,checkout button copy,inconclusive,223088,73.52,77.7,4.18,support tickets increased,ATLAS-3657,"Decision note: compare product analytics with Grafana p95, support escalation volume, and release flag history."
EXP-01476,2022-12-05,2022-Q4,store-kiosk,search-recommendations,payment retry UX,won,194983,76.3,77.75,1.45,latency neutral,ATLAS-4650,"Decision note: compare product analytics with Grafana p95, support escalation volume, and release flag history."
EXP-01477,2022-12-06,2022-Q4,mobile-web,auth-gateway,inventory warning,won,150955,88.68,90.33,1.65,no clear impact,ATLAS-5552,"Decision note: compare product analytics with Grafana p95, support escalation volume, and release flag history."
EXP-01478,2022-12-07,2022-Q4,android,tax-service,checkout button copy,inconclusive,30056,83.03,81.78,-1.25,no clear impact,ATLAS-1072,"Decision note: compare product analytics with Grafana p95, support escalation volume, and release flag history."
EXP-01479,2022-12-08,2022-Q4,mobile-web,cart-service,loyalty prompt,inconclusive,77237,86.54,91.08,4.54,support tickets increased,ATLAS-3943,"Decision note: compare product analytics with Grafana p95, support escalation volume, and release flag history."
EXP-01480,2022-12-09,2022-Q4,mobile-web,loyalty-service,address validation,won,27743,72.07,74.13,2.06,support tickets increased,ATLAS-1607,"Decision note: compare product analytics with Grafana p95, support escalation volume, and release flag history."
EXP-01481,2022-12-10,2022-Q4,web,inventory-reservation,inventory warning,inconclusive,160951,79.47,79.45,-0.03,no clear impact,ATLAS-4539,"Decision note: compare product analytics with Grafana p95, support escalation volume, and release flag history."
EXP-01482,2022-12-11,2022-Q4,partner-api,payment-orchestrator,one-click reorder,rolled back,150023,90.15,90.52,0.37,no clear impact,ATLAS-3590,"Decision note: compare product analytics with Grafana p95, support escalation volume, and release flag history."
EXP-01483,2022-12-12,2022-Q4,store-kiosk,analytics-pipeline,tax quote cache,running,98532,82.61,82.27,-0.34,conversion improved,ATLAS-2366,"Decision note: compare product analytics with Grafana p95, support escalation volume, and release flag history."
EXP-01484,2022-12-13,2022-Q4,mobile-web,checkout-api,payment retry UX,rolled back,168820,79.34,82.21,2.87,latency neutral,ATLAS-2167,"Decision note: compare product analytics with Grafana p95, support escalation volume, and release flag history."
EXP-01485,2022-12-15,2022-Q4,store-kiosk,checkout-api,coupon fallback,rolled back,225928,76.27,75.25,-1.02,latency increased,ATLAS-4995,"Decision note: compare product analytics with Grafana p95, support escalation volume, and release flag history."
EXP-01486,2022-12-16,2022-Q4,mobile-web,order-ledger,inventory warning,lost,210036,87.85,89.98,2.13,no clear impact,ATLAS-4027,"Decision note: compare product analytics with Grafana p95, support escalation volume, and release flag history."
EXP-01487,2022-12-17,2022-Q4,mobile-web,auth-gateway,address validation,lost,29008,80.66,83.96,3.3,latency neutral,ATLAS-3242,"Decision note: compare product analytics with Grafana p95, support escalation volume, and release flag history."
EXP-01488,2022-12-18,2022-Q4,android,checkout-api,inventory warning,draft,192863,82.85,81.93,-0.92,no clear impact,ATLAS-4078,"Decision note: compare product analytics with Grafana p95, support escalation volume, and release flag history."
EXP-01489,2022-12-19,2022-Q4,android,checkout-api,inventory warning,running,161528,86.19,88.36,2.16,latency neutral,ATLAS-1239,"Decision note: compare product analytics with Grafana p95, support escalation volume, and release flag history."
EXP-01490,2022-12-20,2022-Q4,ios,search-recommendations,tax quote cache,rolled back,123916,88.73,89.1,0.37,no clear impact,ATLAS-2875,"Decision note: compare product analytics with Grafana p95, support escalation volume, and release flag history."
EXP-01491,2022-12-21,2022-Q4,partner-api,cart-service,one-click reorder,rolled back,146418,78.94,82.92,3.98,no clear impact,ATLAS-2895,"Decision note: compare product analytics with Grafana p95, support escalation volume, and release flag history."
EXP-01492,2022-12-22,2022-Q4,android,search-recommendations,coupon fallback,lost,175910,75.02,78.38,3.36,no clear impact,ATLAS-1830,"Decision note: compare product analytics with Grafana p95, support escalation volume, and release flag history."
EXP-01493,2022-12-24,2022-Q4,android,checkout-api,one-click reorder,inconclusive,152596,79.51,78.36,-1.15,no clear impact,ATLAS-1896,"Decision note: compare product analytics with Grafana p95, support escalation volume, and release flag history."
EXP-01494,2022-12-25,2022-Q4,web,loyalty-service,address validation,lost,138576,74.64,74.15,-0.49,conversion improved,ATLAS-3045,"Decision note: compare product analytics with Grafana p95, support escalation volume, and release flag history."
EXP-01495,2022-12-26,2022-Q4,partner-api,analytics-pipeline,loyalty prompt,running,65578,83.26,86.21,2.95,latency increased,ATLAS-4520,"Decision note: compare product analytics with Grafana p95, support escalation volume, and release flag history."
EXP-01496,2022-12-27,2022-Q4,web,cart-service,coupon fallback,inconclusive,107871,90.62,86.26,-4.36,no clear impact,ATLAS-3638,"Decision note: compare product analytics with Grafana p95, support escalation volume, and release flag history."
EXP-01497,2022-12-28,2022-Q4,android,auth-gateway,coupon fallback,running,63188,89.83,90.41,0.58,latency increased,ATLAS-1543,"Decision note: compare product analytics with Grafana p95, support escalation volume, and release flag history."
EXP-01498,2022-12-29,2022-Q4,partner-api,tax-service,inventory warning,lost,26964,80.45,78.43,-2.02,support tickets increased,ATLAS-5297,"Decision note: compare product analytics with Grafana p95, support escalation volume, and release flag history."
EXP-01499,2022-12-30,2022-Q4,ios,order-ledger,loyalty prompt,running,105518,77.85,80.18,2.33,latency neutral,ATLAS-2352,"Decision note: compare product analytics with Grafana p95, support escalation volume, and release flag history."
EXP-01500,2022-12-31,2022-Q4,mobile-web,notification-service,checkout button copy,running,48883,74.2,72.5,-1.7,latency neutral,ATLAS-2610,"Decision note: compare product analytics with Grafana p95, support escalation volume, and release flag history."
EXP-01501,2023-01-01,2023-Q1,partner-api,search-recommendations,tax quote cache,draft,37264,82.13,82.74,0.6,support tickets increased,ATLAS-2203,"Decision note: compare product analytics with Grafana p95, support escalation volume, and release flag history."
EXP-01502,2023-01-03,2023-Q1,store-kiosk,notification-service,inventory warning,inconclusive,57484,86.48,86.87,0.4,latency increased,ATLAS-3093,"Decision note: compare product analytics with Grafana p95, support escalation volume, and release flag history."
EXP-01503,2023-01-04,2023-Q1,android,loyalty-service,inventory warning,running,239898,74.05,72.13,-1.92,latency neutral,ATLAS-5589,"Decision note: compare product analytics with Grafana p95, support escalation volume, and release flag history."
EXP-01504,2023-01-05,2023-Q1,store-kiosk,loyalty-service,tax quote cache,draft,218847,84.28,83.77,-0.51,conversion improved,ATLAS-3434,"Decision note: compare product analytics with Grafana p95, support escalation volume, and release flag history."
EXP-01505,2023-01-06,2023-Q1,android,order-ledger,inventory warning,draft,126734,77.31,74.77,-2.54,latency increased,ATLAS-2817,"Decision note: compare product analytics with Grafana p95, support escalation volume, and release flag history."
EXP-01506,2023-01-07,2023-Q1,mobile-web,pricing-engine,loyalty prompt,inconclusive,124445,79.52,82.29,2.77,no clear impact,ATLAS-2994,"Decision note: compare product analytics with Grafana p95, support escalation volume, and release flag history."
EXP-01507,2023-01-08,2023-Q1,store-kiosk,auth-gateway,tax quote cache,running,158864,86.17,86.36,0.19,no clear impact,ATLAS-3701,"Decision note: compare product analytics with Grafana p95, support escalation volume, and release flag history."
EXP-01508,2023-01-09,2023-Q1,ios,notification-service,inventory warning,inconclusive,111128,86.42,91.54,5.13,latency neutral,ATLAS-4908,"Decision note: compare product analytics with Grafana p95, support escalation volume, and release flag history."
EXP-01509,2023-01-10,2023-Q1,web,payment-orchestrator,tax quote cache,running,4769,78.56,79.9,1.34,latency neutral,ATLAS-4426,"Decision note: compare product analytics with Grafana p95, support escalation volume, and release flag history."
EXP-01510,2023-01-12,2023-Q1,partner-api,analytics-pipeline,address validation,inconclusive,120745,90.13,85.7,-4.43,latency neutral,ATLAS-6045,"Decision note: compare product analytics with Grafana p95, support escalation volume, and release flag history."
EXP-01511,2023-01-13,2023-Q1,web,search-recommendations,one-click reorder,draft,212305,72.28,71.32,-0.96,no clear impact,ATLAS-3543,"Decision note: compare product analytics with Grafana p95, support escalation volume, and release flag history."
EXP-01512,2023-01-14,2023-Q1,mobile-web,checkout-api,address validation,lost,18990,84.17,84.36,0.19,conversion improved,ATLAS-4140,"Decision note: compare product analytics with Grafana p95, support escalation volume, and release flag history."
EXP-01513,2023-01-15,2023-Q1,web,tax-service,tax quote cache,running,184359,80.19,84.88,4.69,latency neutral,ATLAS-6031,"Decision note: compare product analytics with Grafana p95, support escalation volume, and release flag history."
EXP-01514,2023-01-16,2023-Q1,android,notification-service,one-click reorder,inconclusive,203101,72.74,76.97,4.22,latency increased,ATLAS-4562,"Decision note: compare product analytics with Grafana p95, support escalation volume, and release flag history."
EXP-01515,2023-01-17,2023-Q1,web,inventory-reservation,address validation,rolled back,87086,77.88,77.87,-0.02,latency neutral,ATLAS-2945,"Decision note: compare product analytics with Grafana p95, support escalation volume, and release flag history."
EXP-01516,2023-01-18,2023-Q1,android,cart-service,loyalty prompt,running,84578,76.51,78.43,1.92,latency increased,ATLAS-2551,"Decision note: compare product analytics with Grafana p95, support escalation volume, and release flag history."
EXP-01517,2023-01-19,2023-Q1,store-kiosk,analytics-pipeline,one-click reorder,inconclusive,139076,88.28,87.74,-0.54,latency neutral,ATLAS-3795,"Decision note: compare product analytics with Grafana p95, support escalation volume, and release flag history."
EXP-01518,2023-01-20,2023-Q1,web,auth-gateway,loyalty prompt,inconclusive,4066,89.61,94.66,5.05,conversion improved,ATLAS-3125,"Decision note: compare product analytics with Grafana p95, support escalation volume, and release flag history."
EXP-01519,2023-01-22,2023-Q1,android,cart-service,address validation,inconclusive,136017,72.06,74.57,2.52,latency increased,ATLAS-1481,"Decision note: compare product analytics with Grafana p95, support escalation volume, and release flag history."
EXP-01520,2023-01-23,2023-Q1,mobile-web,inventory-reservation,loyalty prompt,rolled back,179808,84.59,83.62,-0.97,latency increased,ATLAS-1193,"Decision note: compare product analytics with Grafana p95, support escalation volume, and release flag history."
EXP-01521,2023-01-24,2023-Q1,android,inventory-reservation,one-click reorder,running,238618,77.57,83.38,5.81,latency increased,ATLAS-1646,"Decision note: compare product analytics with Grafana p95, support escalation volume, and release flag history."
EXP-01522,2023-01-25,2023-Q1,web,tax-service,loyalty prompt,running,150073,90.31,92.33,2.02,conversion improved,ATLAS-5037,"Decision note: compare product analytics with Grafana p95, support escalation volume, and release flag history."
EXP-01523,2023-01-26,2023-Q1,android,notification-service,checkout button copy,rolled back,77572,82.66,80.28,-2.38,latency increased,ATLAS-2481,"Decision note: compare product analytics with Grafana p95, support escalation volume, and release flag history."
EXP-01524,2023-01-27,2023-Q1,ios,tax-service,one-click reorder,inconclusive,159621,77.89,77.16,-0.73,latency increased,ATLAS-4304,"Decision note: compare product analytics with Grafana p95, support escalation volume, and release flag history."
EXP-01525,2023-01-28,2023-Q1,mobile-web,inventory-reservation,loyalty prompt,draft,182503,77.44,81.58,4.15,conversion improved,ATLAS-6045,"Decision note: compare product analytics with Grafana p95, support escalation volume, and release flag history."
EXP-01526,2023-01-29,2023-Q1,android,tax-service,payment retry UX,draft,126649,88.68,92.23,3.55,conversion improved,ATLAS-1498,"Decision note: compare product analytics with Grafana p95, support escalation volume, and release flag history."
EXP-01527,2023-01-31,2023-Q1,web,cart-service,tax quote cache,draft,56377,87.26,90.49,3.23,no clear impact,ATLAS-3161,"Decision note: compare product analytics with Grafana p95, support escalation volume, and release flag history."
EXP-01528,2023-02-01,2023-Q1,partner-api,search-recommendations,tax quote cache,inconclusive,147400,75.92,79.69,3.77,latency neutral,ATLAS-1173,"Decision note: compare product analytics with Grafana p95, support escalation volume, and release flag history."
EXP-01529,2023-02-02,2023-Q1,ios,search-recommendations,coupon fallback,inconclusive,41856,87.98,90.0,2.02,conversion improved,ATLAS-3350,"Decision note: compare product analytics with Grafana p95, support escalation volume, and release flag history."
EXP-01530,2023-02-03,2023-Q1,android,search-recommendations,address validation,inconclusive,196918,72.94,75.2,2.26,conversion improved,ATLAS-3873,"Decision note: compare product analytics with Grafana p95, support escalation volume, and release flag history."
EXP-01531,2023-02-04,2023-Q1,android,order-ledger,checkout button copy,lost,186236,86.41,87.6,1.19,support tickets increased,ATLAS-3818,"Decision note: compare product analytics with Grafana p95, support escalation volume, and release flag history."
EXP-01532,2023-02-05,2023-Q1,store-kiosk,tax-service,payment retry UX,lost,207362,88.67,90.2,1.53,conversion improved,ATLAS-3368,"Decision note: compare product analytics with Grafana p95, support escalation volume, and release flag history."
EXP-01533,2023-02-06,2023-Q1,store-kiosk,cart-service,checkout button copy,won,228089,78.65,77.55,-1.1,latency increased,ATLAS-2444,"Decision note: compare product analytics with Grafana p95, support escalation volume, and release flag history."
EXP-01534,2023-02-07,2023-Q1,web,cart-service,loyalty prompt,inconclusive,74884,87.15,89.71,2.55,no clear impact,ATLAS-3293,"Decision note: compare product analytics with Grafana p95, support escalation volume, and release flag history."
EXP-01535,2023-02-08,2023-Q1,web,loyalty-service,checkout button copy,lost,146532,74.64,75.81,1.17,latency increased,ATLAS-5706,"Decision note: compare product analytics with Grafana p95, support escalation volume, and release flag history."
EXP-01536,2023-02-10,2023-Q1,web,auth-gateway,coupon fallback,won,203198,81.77,82.9,1.13,latency neutral,ATLAS-1294,"Decision note: compare product analytics with Grafana p95, support escalation volume, and release flag history."
EXP-01537,2023-02-11,2023-Q1,ios,loyalty-service,payment retry UX,inconclusive,91927,89.54,93.21,3.67,latency neutral,ATLAS-6080,"Decision note: compare product analytics with Grafana p95, support escalation volume, and release flag history."
EXP-01538,2023-02-12,2023-Q1,android,analytics-pipeline,one-click reorder,inconclusive,66859,81.47,85.1,3.63,latency neutral,ATLAS-1173,"Decision note: compare product analytics with Grafana p95, support escalation volume, and release flag history."
EXP-01539,2023-02-13,2023-Q1,android,pricing-engine,payment retry UX,lost,58953,88.57,91.55,2.98,latency neutral,ATLAS-2166,"Decision note: compare product analytics with Grafana p95, support escalation volume, and release flag history."
EXP-01540,2023-02-14,2023-Q1,web,order-ledger,checkout button copy,inconclusive,202539,74.03,73.29,-0.74,latency increased,ATLAS-3438,"Decision note: compare product analytics with Grafana p95, support escalation volume, and release flag history."
EXP-01541,2023-02-15,2023-Q1,mobile-web,order-ledger,payment retry UX,inconclusive,12579,75.62,78.16,2.54,support tickets increased,ATLAS-3340,"Decision note: compare product analytics with Grafana p95, support escalation volume, and release flag history."
EXP-01542,2023-02-16,2023-Q1,web,cart-service,one-click reorder,running,130163,84.83,84.55,-0.28,latency increased,ATLAS-2621,"Decision note: compare product analytics with Grafana p95, support escalation volume, and release flag history."
EXP-01543,2023-02-17,2023-Q1,ios,pricing-engine,payment retry UX,inconclusive,149441,84.45,84.41,-0.03,support tickets increased,ATLAS-3530,"Decision note: compare product analytics with Grafana p95, support escalation volume, and release flag history."
EXP-01544,2023-02-19,2023-Q1,mobile-web,checkout-api,checkout button copy,rolled back,51531,77.91,76.76,-1.14,latency increased,ATLAS-5730,"Decision note: compare product analytics with Grafana p95, support escalation volume, and release flag history."
EXP-01545,2023-02-20,2023-Q1,store-kiosk,cart-service,checkout button copy,running,185971,89.28,87.67,-1.61,conversion improved,ATLAS-1609,"Decision note: compare product analytics with Grafana p95, support escalation volume, and release flag history."
EXP-01546,2023-02-21,2023-Q1,ios,notification-service,address validation,draft,50519,80.06,79.47,-0.59,support tickets increased,ATLAS-3307,"Decision note: compare product analytics with Grafana p95, support escalation volume, and release flag history."
EXP-01547,2023-02-22,2023-Q1,store-kiosk,tax-service,one-click reorder,running,126109,81.78,78.93,-2.84,no clear impact,ATLAS-2445,"Decision note: compare product analytics with Grafana p95, support escalation volume, and release flag history."
EXP-01548,2023-02-23,2023-Q1,android,payment-orchestrator,inventory warning,rolled back,80867,90.0,89.28,-0.72,latency increased,ATLAS-3235,"Decision note: compare product analytics with Grafana p95, support escalation volume, and release flag history."
EXP-01549,2023-02-24,2023-Q1,android,cart-service,tax quote cache,running,216482,80.96,81.78,0.82,conversion improved,ATLAS-1782,"Decision note: compare product analytics with Grafana p95, support escalation volume, and release flag history."
EXP-01550,2023-02-25,2023-Q1,ios,pricing-engine,address validation,draft,184592,89.69,86.26,-3.42,latency increased,ATLAS-2627,"Decision note: compare product analytics with Grafana p95, support escalation volume, and release flag history."
EXP-01551,2023-02-26,2023-Q1,store-kiosk,analytics-pipeline,loyalty prompt,rolled back,150125,73.3,76.46,3.16,latency neutral,ATLAS-2565,"Decision note: compare product analytics with Grafana p95, support escalation volume, and release flag history."
EXP-01552,2023-02-27,2023-Q1,android,pricing-engine,address validation,inconclusive,189516,81.4,80.11,-1.29,no clear impact,ATLAS-2088,"Decision note: compare product analytics with Grafana p95, support escalation volume, and release flag history."
EXP-01553,2023-03-01,2023-Q1,android,pricing-engine,one-click reorder,rolled back,125343,74.27,75.19,0.92,conversion improved,ATLAS-2701,"Decision note: compare product analytics with Grafana p95, support escalation volume, and release flag history."
EXP-01554,2023-03-02,2023-Q1,web,payment-orchestrator,loyalty prompt,won,213577,82.19,78.19,-4.0,latency neutral,ATLAS-5830,"Decision note: compare product analytics with Grafana p95, support escalation volume, and release flag history."
EXP-01555,2023-03-03,2023-Q1,mobile-web,checkout-api,checkout button copy,inconclusive,122451,77.66,72.27,-5.39,support tickets increased,ATLAS-3441,"Decision note: compare product analytics with Grafana p95, support escalation volume, and release flag history."
EXP-01556,2023-03-04,2023-Q1,ios,checkout-api,checkout button copy,running,217921,73.07,75.3,2.23,no clear impact,ATLAS-2490,"Decision note: compare product analytics with Grafana p95, support escalation volume, and release flag history."
EXP-01557,2023-03-05,2023-Q1,partner-api,analytics-pipeline,checkout button copy,rolled back,69134,84.69,84.68,-0.01,support tickets increased,ATLAS-4799,"Decision note: compare product analytics with Grafana p95, support escalation volume, and release flag history."
EXP-01558,2023-03-06,2023-Q1,ios,analytics-pipeline,loyalty prompt,draft,56734,88.87,87.78,-1.1,support tickets increased,ATLAS-1859,"Decision note: compare product analytics with Grafana p95, support escalation volume, and release flag history."
EXP-01559,2023-03-07,2023-Q1,store-kiosk,inventory-reservation,address validation,inconclusive,95224,86.99,86.87,-0.12,no clear impact,ATLAS-3366,"Decision note: compare product analytics with Grafana p95, support escalation volume, and release flag history."
EXP-01560,2023-03-08,2023-Q1,ios,notification-service,loyalty prompt,lost,121618,82.96,83.36,0.4,no clear impact,ATLAS-3942,"Decision note: compare product analytics with Grafana p95, support escalation volume, and release flag history."
EXP-01561,2023-03-10,2023-Q1,android,payment-orchestrator,inventory warning,draft,151647,76.22,75.87,-0.34,support tickets increased,ATLAS-3672,"Decision note: compare product analytics with Grafana p95, support escalation volume, and release flag history."
EXP-01562,2023-03-11,2023-Q1,partner-api,order-ledger,checkout button copy,lost,90273,83.31,79.58,-3.73,latency increased,ATLAS-2200,"Decision note: compare product analytics with Grafana p95, support escalation volume, and release flag history."
EXP-01563,2023-03-12,2023-Q1,web,search-recommendations,address validation,running,137680,76.64,80.32,3.67,latency increased,ATLAS-2864,"Decision note: compare product analytics with Grafana p95, support escalation volume, and release flag history."
EXP-01564,2023-03-13,2023-Q1,partner-api,auth-gateway,coupon fallback,rolled back,193333,73.26,72.44,-0.82,support tickets increased,ATLAS-3961,"Decision note: compare product analytics with Grafana p95, support escalation volume, and release flag history."
EXP-01565,2023-03-14,2023-Q1,android,inventory-reservation,payment retry UX,draft,19057,90.98,90.89,-0.1,no clear impact,ATLAS-4432,"Decision note: compare product analytics with Grafana p95, support escalation volume, and release flag history."
EXP-01566,2023-03-15,2023-Q1,partner-api,inventory-reservation,loyalty prompt,rolled back,106174,88.7,91.66,2.96,conversion improved,ATLAS-4142,"Decision note: compare product analytics with Grafana p95, support escalation volume, and release flag history."
EXP-01567,2023-03-16,2023-Q1,android,payment-orchestrator,address validation,rolled back,144981,83.77,83.14,-0.63,no clear impact,ATLAS-1513,"Decision note: compare product analytics with Grafana p95, support escalation volume, and release flag history."
EXP-01568,2023-03-17,2023-Q1,android,pricing-engine,checkout button copy,running,107746,90.0,95.06,5.06,support tickets increased,ATLAS-4936,"Decision note: compare product analytics with Grafana p95, support escalation volume, and release flag history."
EXP-01569,2023-03-18,2023-Q1,ios,pricing-engine,coupon fallback,won,60178,89.12,92.48,3.36,latency neutral,ATLAS-5855,"Decision note: compare product analytics with Grafana p95, support escalation volume, and release flag history."
EXP-01570,2023-03-20,2023-Q1,partner-api,payment-orchestrator,one-click reorder,inconclusive,214238,86.36,88.93,2.57,support tickets increased,ATLAS-4055,"Decision note: compare product analytics with Grafana p95, support escalation volume, and release flag history."
EXP-01571,2023-03-21,2023-Q1,web,checkout-api,address validation,rolled back,129052,88.39,84.89,-3.51,support tickets increased,ATLAS-3500,"Decision note: compare product analytics with Grafana p95, support escalation volume, and release flag history."
EXP-01572,2023-03-22,2023-Q1,android,cart-service,one-click reorder,inconclusive,116966,81.62,82.66,1.04,support tickets increased,ATLAS-5731,"Decision note: compare product analytics with Grafana p95, support escalation volume, and release flag history."
EXP-01573,2023-03-23,2023-Q1,partner-api,search-recommendations,tax quote cache,won,220025,74.6,74.04,-0.56,conversion improved,ATLAS-3939,"Decision note: compare product analytics with Grafana p95, support escalation volume, and release flag history."
EXP-01574,2023-03-24,2023-Q1,store-kiosk,checkout-api,checkout button copy,won,88771,77.59,78.59,1.0,support tickets increased,ATLAS-4251,"Decision note: compare product analytics with Grafana p95, support escalation volume, and release flag history."
EXP-01575,2023-03-25,2023-Q1,store-kiosk,loyalty-service,payment retry UX,running,188202,75.85,77.55,1.7,latency increased,ATLAS-1193,"Decision note: compare product analytics with Grafana p95, support escalation volume, and release flag history."
EXP-01576,2023-03-26,2023-Q1,store-kiosk,analytics-pipeline,tax quote cache,inconclusive,62232,82.51,83.83,1.31,support tickets increased,ATLAS-5347,"Decision note: compare product analytics with Grafana p95, support escalation volume, and release flag history."
EXP-01577,2023-03-27,2023-Q1,ios,pricing-engine,checkout button copy,lost,137601,86.5,87.28,0.78,latency neutral,ATLAS-3812,"Decision note: compare product analytics with Grafana p95, support escalation volume, and release flag history."
EXP-01578,2023-03-28,2023-Q1,android,analytics-pipeline,coupon fallback,running,103456,75.18,70.0,-5.18,no clear impact,ATLAS-4748,"Decision note: compare product analytics with Grafana p95, support escalation volume, and release flag history."
EXP-01579,2023-03-30,2023-Q1,store-kiosk,tax-service,one-click reorder,rolled back,37159,72.66,72.67,0.01,support tickets increased,ATLAS-1015,"Decision note: compare product analytics with Grafana p95, support escalation volume, and release flag history."
EXP-01580,2023-03-31,2023-Q1,partner-api,loyalty-service,payment retry UX,rolled back,86985,90.68,91.82,1.13,conversion improved,ATLAS-1995,"Decision note: compare product analytics with Grafana p95, support escalation volume, and release flag history."
EXP-01581,2023-04-01,2023-Q2,partner-api,analytics-pipeline,inventory warning,draft,22541,75.89,79.38,3.49,latency neutral,ATLAS-4919,"Decision note: compare product analytics with Grafana p95, support escalation volume, and release flag history."
EXP-01582,2023-04-02,2023-Q2,partner-api,cart-service,tax quote cache,inconclusive,68708,81.11,85.38,4.27,latency increased,ATLAS-3037,"Decision note: compare product analytics with Grafana p95, support escalation volume, and release flag history."
EXP-01583,2023-04-03,2023-Q2,ios,payment-orchestrator,loyalty prompt,rolled back,31698,78.02,80.39,2.38,latency neutral,ATLAS-2385,"Decision note: compare product analytics with Grafana p95, support escalation volume, and release flag history."
EXP-01584,2023-04-04,2023-Q2,ios,analytics-pipeline,address validation,draft,83375,77.9,76.13,-1.77,support tickets increased,ATLAS-2069,"Decision note: compare product analytics with Grafana p95, support escalation volume, and release flag history."
EXP-01585,2023-04-05,2023-Q2,ios,tax-service,loyalty prompt,inconclusive,167914,74.76,75.68,0.92,conversion improved,ATLAS-2457,"Decision note: compare product analytics with Grafana p95, support escalation volume, and release flag history."
EXP-01586,2023-04-06,2023-Q2,web,notification-service,payment retry UX,inconclusive,43527,85.81,85.55,-0.26,support tickets increased,ATLAS-1904,"Decision note: compare product analytics with Grafana p95, support escalation volume, and release flag history."
EXP-01587,2023-04-08,2023-Q2,android,inventory-reservation,payment retry UX,won,194912,88.04,89.04,1.0,no clear impact,ATLAS-4937,"Decision note: compare product analytics with Grafana p95, support escalation volume, and release flag history."
EXP-01588,2023-04-09,2023-Q2,store-kiosk,search-recommendations,payment retry UX,draft,208164,83.92,88.02,4.1,support tickets increased,ATLAS-5408,"Decision note: compare product analytics with Grafana p95, support escalation volume, and release flag history."
EXP-01589,2023-04-10,2023-Q2,web,pricing-engine,checkout button copy,draft,146665,81.8,83.3,1.5,support tickets increased,ATLAS-5582,"Decision note: compare product analytics with Grafana p95, support escalation volume, and release flag history."
EXP-01590,2023-04-11,2023-Q2,partner-api,tax-service,loyalty prompt,draft,208478,82.22,83.88,1.66,latency increased,ATLAS-4722,"Decision note: compare product analytics with Grafana p95, support escalation volume, and release flag history."
EXP-01591,2023-04-12,2023-Q2,store-kiosk,tax-service,inventory warning,inconclusive,60745,88.78,87.36,-1.41,latency increased,ATLAS-5518,"Decision note: compare product analytics with Grafana p95, support escalation volume, and release flag history."
EXP-01592,2023-04-13,2023-Q2,store-kiosk,pricing-engine,loyalty prompt,inconclusive,224206,73.28,72.45,-0.82,no clear impact,ATLAS-2918,"Decision note: compare product analytics with Grafana p95, support escalation volume, and release flag history."
EXP-01593,2023-04-14,2023-Q2,partner-api,tax-service,checkout button copy,draft,160629,89.32,91.05,1.74,latency neutral,ATLAS-3396,"Decision note: compare product analytics with Grafana p95, support escalation volume, and release flag history."
EXP-01594,2023-04-15,2023-Q2,ios,pricing-engine,one-click reorder,won,95746,88.52,86.15,-2.37,latency increased,ATLAS-5204,"Decision note: compare product analytics with Grafana p95, support escalation volume, and release flag history."
EXP-01595,2023-04-16,2023-Q2,android,notification-service,address validation,lost,82892,78.28,78.76,0.48,no clear impact,ATLAS-5004,"Decision note: compare product analytics with Grafana p95, support escalation volume, and release flag history."
EXP-01596,2023-04-18,2023-Q2,mobile-web,order-ledger,coupon fallback,running,66809,75.49,75.12,-0.37,latency neutral,ATLAS-1608,"Decision note: compare product analytics with Grafana p95, support escalation volume, and release flag history."
EXP-01597,2023-04-19,2023-Q2,ios,pricing-engine,address validation,rolled back,210292,83.6,85.89,2.29,support tickets increased,ATLAS-3435,"Decision note: compare product analytics with Grafana p95, support escalation volume, and release flag history."
EXP-01598,2023-04-20,2023-Q2,store-kiosk,order-ledger,address validation,draft,121160,89.75,90.79,1.04,support tickets increased,ATLAS-5417,"Decision note: compare product analytics with Grafana p95, support escalation volume, and release flag history."
EXP-01599,2023-04-21,2023-Q2,web,tax-service,address validation,rolled back,73107,72.5,70.91,-1.59,no clear impact,ATLAS-2004,"Decision note: compare product analytics with Grafana p95, support escalation volume, and release flag history."
EXP-01600,2023-04-22,2023-Q2,ios,order-ledger,one-click reorder,draft,72635,79.65,77.99,-1.66,no clear impact,ATLAS-3325,"Decision note: compare product analytics with Grafana p95, support escalation volume, and release flag history."
EXP-01601,2023-04-23,2023-Q2,android,order-ledger,loyalty prompt,running,210268,80.7,86.76,6.06,latency neutral,ATLAS-1552,"Decision note: compare product analytics with Grafana p95, support escalation volume, and release flag history."
EXP-01602,2023-04-24,2023-Q2,mobile-web,notification-service,loyalty prompt,lost,239529,86.27,87.32,1.05,no clear impact,ATLAS-2952,"Decision note: compare product analytics with Grafana p95, support escalation volume, and release flag history."
EXP-01603,2023-04-25,2023-Q2,store-kiosk,checkout-api,payment retry UX,won,160494,79.87,83.5,3.63,latency neutral,ATLAS-4107,"Decision note: compare product analytics with Grafana p95, support escalation volume, and release flag history."
EXP-01604,2023-04-27,2023-Q2,partner-api,auth-gateway,inventory warning,rolled back,19381,88.62,92.7,4.08,conversion improved,ATLAS-2432,"Decision note: compare product analytics with Grafana p95, support escalation volume, and release flag history."
EXP-01605,2023-04-28,2023-Q2,web,analytics-pipeline,checkout button copy,rolled back,42167,89.92,91.24,1.32,no clear impact,ATLAS-2023,"Decision note: compare product analytics with Grafana p95, support escalation volume, and release flag history."
EXP-01606,2023-04-29,2023-Q2,android,loyalty-service,tax quote cache,running,219281,77.9,78.56,0.66,conversion improved,ATLAS-2967,"Decision note: compare product analytics with Grafana p95, support escalation volume, and release flag history."
EXP-01607,2023-04-30,2023-Q2,web,loyalty-service,checkout button copy,rolled back,82338,88.02,88.18,0.16,support tickets increased,ATLAS-4606,"Decision note: compare product analytics with Grafana p95, support escalation volume, and release flag history."
EXP-01608,2023-05-01,2023-Q2,ios,inventory-reservation,tax quote cache,lost,135152,89.67,92.69,3.02,latency neutral,ATLAS-1137,"Decision note: compare product analytics with Grafana p95, support escalation volume, and release flag history."
EXP-01609,2023-05-02,2023-Q2,web,inventory-reservation,tax quote cache,won,142253,74.84,77.37,2.53,latency increased,ATLAS-2144,"Decision note: compare product analytics with Grafana p95, support escalation volume, and release flag history."
EXP-01610,2023-05-03,2023-Q2,ios,search-recommendations,checkout button copy,won,112163,90.24,88.3,-1.94,conversion improved,ATLAS-1769,"Decision note: compare product analytics with Grafana p95, support escalation volume, and release flag history."
EXP-01611,2023-05-04,2023-Q2,mobile-web,cart-service,one-click reorder,won,91162,87.1,89.33,2.23,latency increased,ATLAS-3238,"Decision note: compare product analytics with Grafana p95, support escalation volume, and release flag history."
EXP-01612,2023-05-05,2023-Q2,mobile-web,order-ledger,checkout button copy,inconclusive,4020,79.49,79.11,-0.38,latency increased,ATLAS-3952,"Decision note: compare product analytics with Grafana p95, support escalation volume, and release flag history."
EXP-01613,2023-05-07,2023-Q2,partner-api,order-ledger,inventory warning,draft,219028,77.87,76.75,-1.12,support tickets increased,ATLAS-1012,"Decision note: compare product analytics with Grafana p95, support escalation volume, and release flag history."
EXP-01614,2023-05-08,2023-Q2,ios,cart-service,loyalty prompt,inconclusive,130186,75.67,78.93,3.26,conversion improved,ATLAS-5634,"Decision note: compare product analytics with Grafana p95, support escalation volume, and release flag history."
EXP-01615,2023-05-09,2023-Q2,partner-api,pricing-engine,inventory warning,lost,3697,79.77,79.58,-0.19,no clear impact,ATLAS-5542,"Decision note: compare product analytics with Grafana p95, support escalation volume, and release flag history."
EXP-01616,2023-05-10,2023-Q2,store-kiosk,inventory-reservation,one-click reorder,draft,160623,88.36,93.06,4.71,latency neutral,ATLAS-4056,"Decision note: compare product analytics with Grafana p95, support escalation volume, and release flag history."
EXP-01617,2023-05-11,2023-Q2,ios,notification-service,tax quote cache,won,85781,79.96,76.18,-3.78,no clear impact,ATLAS-2044,"Decision note: compare product analytics with Grafana p95, support escalation volume, and release flag history."
EXP-01618,2023-05-12,2023-Q2,partner-api,auth-gateway,tax quote cache,running,126425,79.68,80.1,0.42,conversion improved,ATLAS-1294,"Decision note: compare product analytics with Grafana p95, support escalation volume, and release flag history."
EXP-01619,2023-05-13,2023-Q2,ios,pricing-engine,coupon fallback,won,20608,85.33,86.63,1.3,support tickets increased,ATLAS-1232,"Decision note: compare product analytics with Grafana p95, support escalation volume, and release flag history."
EXP-01620,2023-05-14,2023-Q2,ios,search-recommendations,inventory warning,won,217990,85.14,88.16,3.02,no clear impact,ATLAS-1383,"Decision note: compare product analytics with Grafana p95, support escalation volume, and release flag history."
EXP-01621,2023-05-16,2023-Q2,mobile-web,order-ledger,coupon fallback,running,26674,86.6,89.5,2.9,latency neutral,ATLAS-5110,"Decision note: compare product analytics with Grafana p95, support escalation volume, and release flag history."
EXP-01622,2023-05-17,2023-Q2,partner-api,pricing-engine,payment retry UX,rolled back,231772,85.19,83.41,-1.78,support tickets increased,ATLAS-4995,"Decision note: compare product analytics with Grafana p95, support escalation volume, and release flag history."
EXP-01623,2023-05-18,2023-Q2,store-kiosk,cart-service,tax quote cache,won,154849,77.14,79.47,2.32,no clear impact,ATLAS-4059,"Decision note: compare product analytics with Grafana p95, support escalation volume, and release flag history."
EXP-01624,2023-05-19,2023-Q2,store-kiosk,order-ledger,tax quote cache,inconclusive,167867,78.86,76.92,-1.95,support tickets increased,ATLAS-1799,"Decision note: compare product analytics with Grafana p95, support escalation volume, and release flag history."
EXP-01625,2023-05-20,2023-Q2,mobile-web,inventory-reservation,loyalty prompt,won,46408,72.78,73.04,0.26,latency neutral,ATLAS-2806,"Decision note: compare product analytics with Grafana p95, support escalation volume, and release flag history."
EXP-01626,2023-05-21,2023-Q2,mobile-web,notification-service,inventory warning,draft,112328,73.79,74.38,0.59,no clear impact,ATLAS-2740,"Decision note: compare product analytics with Grafana p95, support escalation volume, and release flag history."
EXP-01627,2023-05-22,2023-Q2,mobile-web,order-ledger,one-click reorder,draft,148127,82.28,81.58,-0.71,latency increased,ATLAS-3510,"Decision note: compare product analytics with Grafana p95, support escalation volume, and release flag history."
EXP-01628,2023-05-23,2023-Q2,web,tax-service,loyalty prompt,rolled back,184018,89.22,88.4,-0.82,latency neutral,ATLAS-5305,"Decision note: compare product analytics with Grafana p95, support escalation volume, and release flag history."
EXP-01629,2023-05-24,2023-Q2,store-kiosk,auth-gateway,coupon fallback,draft,202530,87.62,84.98,-2.64,support tickets increased,ATLAS-1387,"Decision note: compare product analytics with Grafana p95, support escalation volume, and release flag history."
EXP-01630,2023-05-26,2023-Q2,partner-api,cart-service,loyalty prompt,rolled back,127577,87.1,87.68,0.58,latency increased,ATLAS-1736,"Decision note: compare product analytics with Grafana p95, support escalation volume, and release flag history."
EXP-01631,2023-05-27,2023-Q2,web,loyalty-service,tax quote cache,draft,200076,75.97,73.21,-2.77,conversion improved,ATLAS-1477,"Decision note: compare product analytics with Grafana p95, support escalation volume, and release flag history."
EXP-01632,2023-05-28,2023-Q2,web,notification-service,address validation,won,126187,85.35,87.96,2.61,latency increased,ATLAS-5637,"Decision note: compare product analytics with Grafana p95, support escalation volume, and release flag history."
EXP-01633,2023-05-29,2023-Q2,partner-api,auth-gateway,checkout button copy,rolled back,38354,80.53,78.99,-1.54,latency neutral,ATLAS-3439,"Decision note: compare product analytics with Grafana p95, support escalation volume, and release flag history."
EXP-01634,2023-05-30,2023-Q2,mobile-web,auth-gateway,one-click reorder,rolled back,129743,90.96,91.17,0.2,support tickets increased,ATLAS-4733,"Decision note: compare product analytics with Grafana p95, support escalation volume, and release flag history."
EXP-01635,2023-05-31,2023-Q2,ios,loyalty-service,checkout button copy,running,3753,79.97,83.13,3.17,conversion improved,ATLAS-1998,"Decision note: compare product analytics with Grafana p95, support escalation volume, and release flag history."
EXP-01636,2023-06-01,2023-Q2,ios,analytics-pipeline,loyalty prompt,lost,159688,85.99,87.94,1.95,support tickets increased,ATLAS-5409,"Decision note: compare product analytics with Grafana p95, support escalation volume, and release flag history."
EXP-01637,2023-06-02,2023-Q2,web,search-recommendations,one-click reorder,won,23367,78.35,78.17,-0.18,no clear impact,ATLAS-3940,"Decision note: compare product analytics with Grafana p95, support escalation volume, and release flag history."
EXP-01638,2023-06-04,2023-Q2,android,notification-service,loyalty prompt,inconclusive,150594,72.83,70.9,-1.93,conversion improved,ATLAS-5147,"Decision note: compare product analytics with Grafana p95, support escalation volume, and release flag history."
EXP-01639,2023-06-05,2023-Q2,partner-api,cart-service,payment retry UX,won,135438,76.22,78.55,2.33,no clear impact,ATLAS-2167,"Decision note: compare product analytics with Grafana p95, support escalation volume, and release flag history."
EXP-01640,2023-06-06,2023-Q2,web,cart-service,coupon fallback,rolled back,117453,81.86,83.54,1.67,no clear impact,ATLAS-1274,"Decision note: compare product analytics with Grafana p95, support escalation volume, and release flag history."
EXP-01641,2023-06-07,2023-Q2,web,loyalty-service,loyalty prompt,inconclusive,201789,84.08,88.98,4.9,latency increased,ATLAS-2391,"Decision note: compare product analytics with Grafana p95, support escalation volume, and release flag history."
EXP-01642,2023-06-08,2023-Q2,android,checkout-api,tax quote cache,won,213341,89.31,87.15,-2.16,latency neutral,ATLAS-2882,"Decision note: compare product analytics with Grafana p95, support escalation volume, and release flag history."
EXP-01643,2023-06-09,2023-Q2,android,analytics-pipeline,payment retry UX,draft,124407,76.35,75.94,-0.41,support tickets increased,ATLAS-5134,"Decision note: compare product analytics with Grafana p95, support escalation volume, and release flag history."
EXP-01644,2023-06-10,2023-Q2,store-kiosk,loyalty-service,checkout button copy,draft,169080,81.8,81.08,-0.72,latency neutral,ATLAS-5021,"Decision note: compare product analytics with Grafana p95, support escalation volume, and release flag history."
EXP-01645,2023-06-11,2023-Q2,android,search-recommendations,inventory warning,rolled back,229065,83.87,85.31,1.44,latency neutral,ATLAS-3641,"Decision note: compare product analytics with Grafana p95, support escalation volume, and release flag history."
EXP-01646,2023-06-12,2023-Q2,store-kiosk,pricing-engine,address validation,rolled back,69328,81.62,79.48,-2.14,no clear impact,ATLAS-3263,"Decision note: compare product analytics with Grafana p95, support escalation volume, and release flag history."
EXP-01647,2023-06-14,2023-Q2,store-kiosk,auth-gateway,tax quote cache,running,75390,84.7,86.39,1.7,support tickets increased,ATLAS-5281,"Decision note: compare product analytics with Grafana p95, support escalation volume, and release flag history."
EXP-01648,2023-06-15,2023-Q2,store-kiosk,inventory-reservation,payment retry UX,won,191717,85.4,84.71,-0.69,support tickets increased,ATLAS-5494,"Decision note: compare product analytics with Grafana p95, support escalation volume, and release flag history."
EXP-01649,2023-06-16,2023-Q2,android,analytics-pipeline,tax quote cache,inconclusive,136179,85.28,88.25,2.97,latency neutral,ATLAS-1258,"Decision note: compare product analytics with Grafana p95, support escalation volume, and release flag history."
EXP-01650,2023-06-17,2023-Q2,ios,notification-service,address validation,rolled back,85039,85.97,88.4,2.42,conversion improved,ATLAS-5431,"Decision note: compare product analytics with Grafana p95, support escalation volume, and release flag history."
EXP-01651,2023-06-18,2023-Q2,web,tax-service,tax quote cache,inconclusive,86790,82.65,82.77,0.11,latency neutral,ATLAS-5391,"Decision note: compare product analytics with Grafana p95, support escalation volume, and release flag history."
EXP-01652,2023-06-19,2023-Q2,ios,auth-gateway,inventory warning,running,99154,78.5,79.97,1.47,support tickets increased,ATLAS-4570,"Decision note: compare product analytics with Grafana p95, support escalation volume, and release flag history."
EXP-01653,2023-06-20,2023-Q2,ios,loyalty-service,inventory warning,lost,25678,74.83,75.07,0.25,latency neutral,ATLAS-6151,"Decision note: compare product analytics with Grafana p95, support escalation volume, and release flag history."
EXP-01654,2023-06-21,2023-Q2,web,analytics-pipeline,payment retry UX,lost,96475,89.3,91.77,2.47,latency increased,ATLAS-4170,"Decision note: compare product analytics with Grafana p95, support escalation volume, and release flag history."
EXP-01655,2023-06-23,2023-Q2,mobile-web,inventory-reservation,tax quote cache,rolled back,60654,72.07,73.53,1.47,support tickets increased,ATLAS-4755,"Decision note: compare product analytics with Grafana p95, support escalation volume, and release flag history."
EXP-01656,2023-06-24,2023-Q2,web,loyalty-service,checkout button copy,draft,130299,77.4,78.46,1.05,latency neutral,ATLAS-4267,"Decision note: compare product analytics with Grafana p95, support escalation volume, and release flag history."
EXP-01657,2023-06-25,2023-Q2,store-kiosk,search-recommendations,coupon fallback,lost,112625,90.59,93.59,2.99,latency neutral,ATLAS-3587,"Decision note: compare product analytics with Grafana p95, support escalation volume, and release flag history."
EXP-01658,2023-06-26,2023-Q2,mobile-web,analytics-pipeline,loyalty prompt,draft,22634,74.14,74.41,0.27,latency increased,ATLAS-2957,"Decision note: compare product analytics with Grafana p95, support escalation volume, and release flag history."
EXP-01659,2023-06-27,2023-Q2,partner-api,order-ledger,one-click reorder,lost,59258,72.62,74.25,1.63,latency increased,ATLAS-2537,"Decision note: compare product analytics with Grafana p95, support escalation volume, and release flag history."
EXP-01660,2023-06-28,2023-Q2,store-kiosk,analytics-pipeline,tax quote cache,won,158020,73.02,76.66,3.64,conversion improved,ATLAS-4847,"Decision note: compare product analytics with Grafana p95, support escalation volume, and release flag history."
EXP-01661,2023-06-29,2023-Q2,store-kiosk,analytics-pipeline,payment retry UX,rolled back,125965,87.67,86.73,-0.93,latency neutral,ATLAS-5853,"Decision note: compare product analytics with Grafana p95, support escalation volume, and release flag history."
EXP-01662,2023-06-30,2023-Q2,android,loyalty-service,checkout button copy,running,163788,86.42,89.5,3.08,support tickets increased,ATLAS-1050,"Decision note: compare product analytics with Grafana p95, support escalation volume, and release flag history."
EXP-01663,2023-07-01,2023-Q3,partner-api,notification-service,checkout button copy,won,15505,78.42,79.49,1.07,conversion improved,ATLAS-4040,"Decision note: compare product analytics with Grafana p95, support escalation volume, and release flag history."
EXP-01664,2023-07-03,2023-Q3,mobile-web,analytics-pipeline,payment retry UX,running,168961,73.83,74.26,0.43,latency neutral,ATLAS-5246,"Decision note: compare product analytics with Grafana p95, support escalation volume, and release flag history."
EXP-01665,2023-07-04,2023-Q3,android,auth-gateway,coupon fallback,lost,169859,85.71,88.96,3.25,no clear impact,ATLAS-2903,"Decision note: compare product analytics with Grafana p95, support escalation volume, and release flag history."
EXP-01666,2023-07-05,2023-Q3,android,checkout-api,checkout button copy,rolled back,63431,77.58,80.74,3.16,no clear impact,ATLAS-2741,"Decision note: compare product analytics with Grafana p95, support escalation volume, and release flag history."
EXP-01667,2023-07-06,2023-Q3,store-kiosk,order-ledger,one-click reorder,won,196268,82.86,82.78,-0.08,latency neutral,ATLAS-4999,"Decision note: compare product analytics with Grafana p95, support escalation volume, and release flag history."
EXP-01668,2023-07-07,2023-Q3,store-kiosk,checkout-api,loyalty prompt,running,54748,72.2,71.95,-0.26,no clear impact,ATLAS-1701,"Decision note: compare product analytics with Grafana p95, support escalation volume, and release flag history."
EXP-01669,2023-07-08,2023-Q3,partner-api,auth-gateway,checkout button copy,running,129395,79.39,80.09,0.7,latency neutral,ATLAS-1998,"Decision note: compare product analytics with Grafana p95, support escalation volume, and release flag history."
EXP-01670,2023-07-09,2023-Q3,partner-api,payment-orchestrator,inventory warning,running,2980,90.79,89.2,-1.59,conversion improved,ATLAS-2424,"Decision note: compare product analytics with Grafana p95, support escalation volume, and release flag history."
EXP-01671,2023-07-10,2023-Q3,android,search-recommendations,one-click reorder,rolled back,129391,81.95,83.85,1.91,latency increased,ATLAS-5130,"Decision note: compare product analytics with Grafana p95, support escalation volume, and release flag history."
EXP-01672,2023-07-12,2023-Q3,web,search-recommendations,address validation,rolled back,44656,84.51,82.93,-1.58,conversion improved,ATLAS-4956,"Decision note: compare product analytics with Grafana p95, support escalation volume, and release flag history."
EXP-01673,2023-07-13,2023-Q3,ios,order-ledger,payment retry UX,rolled back,166810,87.4,90.0,2.59,conversion improved,ATLAS-4184,"Decision note: compare product analytics with Grafana p95, support escalation volume, and release flag history."
EXP-01674,2023-07-14,2023-Q3,ios,auth-gateway,one-click reorder,inconclusive,213948,82.07,83.04,0.97,latency neutral,ATLAS-3238,"Decision note: compare product analytics with Grafana p95, support escalation volume, and release flag history."
EXP-01675,2023-07-15,2023-Q3,ios,order-ledger,loyalty prompt,rolled back,83570,72.77,72.92,0.15,no clear impact,ATLAS-5073,"Decision note: compare product analytics with Grafana p95, support escalation volume, and release flag history."
EXP-01676,2023-07-16,2023-Q3,store-kiosk,order-ledger,address validation,inconclusive,176545,78.35,79.65,1.3,support tickets increased,ATLAS-5999,"Decision note: compare product analytics with Grafana p95, support escalation volume, and release flag history."
EXP-01677,2023-07-17,2023-Q3,web,order-ledger,coupon fallback,won,17109,82.11,78.29,-3.82,conversion improved,ATLAS-2326,"Decision note: compare product analytics with Grafana p95, support escalation volume, and release flag history."
EXP-01678,2023-07-18,2023-Q3,web,cart-service,payment retry UX,won,143593,88.74,88.5,-0.24,latency neutral,ATLAS-6164,"Decision note: compare product analytics with Grafana p95, support escalation volume, and release flag history."
EXP-01679,2023-07-19,2023-Q3,android,checkout-api,tax quote cache,won,14153,87.16,85.53,-1.63,conversion improved,ATLAS-1599,"Decision note: compare product analytics with Grafana p95, support escalation volume, and release flag history."
EXP-01680,2023-07-20,2023-Q3,partner-api,pricing-engine,coupon fallback,won,55321,85.13,83.96,-1.18,no clear impact,ATLAS-3180,"Decision note: compare product analytics with Grafana p95, support escalation volume, and release flag history."
EXP-01681,2023-07-22,2023-Q3,android,checkout-api,inventory warning,lost,61432,76.51,75.27,-1.24,conversion improved,ATLAS-3135,"Decision note: compare product analytics with Grafana p95, support escalation volume, and release flag history."
EXP-01682,2023-07-23,2023-Q3,android,auth-gateway,coupon fallback,running,186123,72.13,78.99,6.86,support tickets increased,ATLAS-1765,"Decision note: compare product analytics with Grafana p95, support escalation volume, and release flag history."
EXP-01683,2023-07-24,2023-Q3,ios,payment-orchestrator,payment retry UX,lost,142796,75.09,78.1,3.0,latency neutral,ATLAS-6055,"Decision note: compare product analytics with Grafana p95, support escalation volume, and release flag history."
EXP-01684,2023-07-25,2023-Q3,partner-api,payment-orchestrator,payment retry UX,running,4635,75.38,76.3,0.92,conversion improved,ATLAS-2374,"Decision note: compare product analytics with Grafana p95, support escalation volume, and release flag history."
EXP-01685,2023-07-26,2023-Q3,store-kiosk,checkout-api,tax quote cache,inconclusive,206978,74.58,74.18,-0.4,support tickets increased,ATLAS-2539,"Decision note: compare product analytics with Grafana p95, support escalation volume, and release flag history."
EXP-01686,2023-07-27,2023-Q3,partner-api,loyalty-service,checkout button copy,won,91675,84.02,82.03,-1.98,latency increased,ATLAS-2463,"Decision note: compare product analytics with Grafana p95, support escalation volume, and release flag history."
EXP-01687,2023-07-28,2023-Q3,store-kiosk,notification-service,loyalty prompt,won,237492,85.25,85.99,0.74,support tickets increased,ATLAS-1343,"Decision note: compare product analytics with Grafana p95, support escalation volume, and release flag history."
EXP-01688,2023-07-29,2023-Q3,android,search-recommendations,loyalty prompt,running,158761,83.98,84.11,0.13,conversion improved,ATLAS-4694,"Decision note: compare product analytics with Grafana p95, support escalation volume, and release flag history."
EXP-01689,2023-07-31,2023-Q3,mobile-web,tax-service,coupon fallback,running,183998,83.52,83.05,-0.47,latency neutral,ATLAS-1019,"Decision note: compare product analytics with Grafana p95, support escalation volume, and release flag history."
EXP-01690,2023-08-01,2023-Q3,android,payment-orchestrator,address validation,inconclusive,39658,76.06,72.9,-3.16,conversion improved,ATLAS-2391,"Decision note: compare product analytics with Grafana p95, support escalation volume, and release flag history."
EXP-01691,2023-08-02,2023-Q3,mobile-web,inventory-reservation,inventory warning,lost,17152,87.25,89.73,2.48,latency increased,ATLAS-1079,"Decision note: compare product analytics with Grafana p95, support escalation volume, and release flag history."
EXP-01692,2023-08-03,2023-Q3,ios,inventory-reservation,checkout button copy,running,197182,83.53,87.8,4.27,support tickets increased,ATLAS-2331,"Decision note: compare product analytics with Grafana p95, support escalation volume, and release flag history."
EXP-01693,2023-08-04,2023-Q3,web,order-ledger,tax quote cache,lost,73650,84.86,88.63,3.78,no clear impact,ATLAS-1551,"Decision note: compare product analytics with Grafana p95, support escalation volume, and release flag history."
EXP-01694,2023-08-05,2023-Q3,mobile-web,pricing-engine,coupon fallback,lost,190114,77.55,77.8,0.25,no clear impact,ATLAS-1024,"Decision note: compare product analytics with Grafana p95, support escalation volume, and release flag history."
EXP-01695,2023-08-06,2023-Q3,store-kiosk,tax-service,one-click reorder,inconclusive,199852,90.12,90.05,-0.07,conversion improved,ATLAS-1109,"Decision note: compare product analytics with Grafana p95, support escalation volume, and release flag history."
EXP-01696,2023-08-07,2023-Q3,ios,tax-service,tax quote cache,inconclusive,46692,86.18,83.69,-2.48,support tickets increased,ATLAS-1415,"Decision note: compare product analytics with Grafana p95, support escalation volume, and release flag history."
EXP-01697,2023-08-08,2023-Q3,ios,cart-service,tax quote cache,inconclusive,59909,88.91,88.09,-0.82,latency increased,ATLAS-1695,"Decision note: compare product analytics with Grafana p95, support escalation volume, and release flag history."
EXP-01698,2023-08-10,2023-Q3,ios,search-recommendations,loyalty prompt,inconclusive,144453,90.74,92.86,2.12,latency increased,ATLAS-5083,"Decision note: compare product analytics with Grafana p95, support escalation volume, and release flag history."
EXP-01699,2023-08-11,2023-Q3,android,notification-service,loyalty prompt,draft,67679,80.14,80.46,0.31,conversion improved,ATLAS-2459,"Decision note: compare product analytics with Grafana p95, support escalation volume, and release flag history."
EXP-01700,2023-08-12,2023-Q3,mobile-web,payment-orchestrator,coupon fallback,running,149484,73.99,74.26,0.27,latency neutral,ATLAS-4104,"Decision note: compare product analytics with Grafana p95, support escalation volume, and release flag history."
EXP-01701,2023-08-13,2023-Q3,mobile-web,payment-orchestrator,checkout button copy,won,219846,83.78,85.84,2.06,latency neutral,ATLAS-2378,"Decision note: compare product analytics with Grafana p95, support escalation volume, and release flag history."
EXP-01702,2023-08-14,2023-Q3,ios,search-recommendations,loyalty prompt,won,86877,82.58,86.72,4.14,conversion improved,ATLAS-2618,"Decision note: compare product analytics with Grafana p95, support escalation volume, and release flag history."
EXP-01703,2023-08-15,2023-Q3,web,payment-orchestrator,checkout button copy,won,59160,79.77,80.23,0.46,latency neutral,ATLAS-5525,"Decision note: compare product analytics with Grafana p95, support escalation volume, and release flag history."
EXP-01704,2023-08-16,2023-Q3,web,payment-orchestrator,loyalty prompt,draft,226176,78.27,76.81,-1.46,support tickets increased,ATLAS-1254,"Decision note: compare product analytics with Grafana p95, support escalation volume, and release flag history."
EXP-01705,2023-08-17,2023-Q3,android,order-ledger,inventory warning,draft,185253,74.6,72.74,-1.87,conversion improved,ATLAS-2907,"Decision note: compare product analytics with Grafana p95, support escalation volume, and release flag history."
EXP-01706,2023-08-19,2023-Q3,store-kiosk,pricing-engine,one-click reorder,won,25126,77.22,77.6,0.38,conversion improved,ATLAS-5939,"Decision note: compare product analytics with Grafana p95, support escalation volume, and release flag history."
EXP-01707,2023-08-20,2023-Q3,ios,cart-service,inventory warning,inconclusive,173678,81.46,80.31,-1.15,support tickets increased,ATLAS-4896,"Decision note: compare product analytics with Grafana p95, support escalation volume, and release flag history."
EXP-01708,2023-08-21,2023-Q3,ios,notification-service,one-click reorder,running,43537,82.59,83.51,0.92,no clear impact,ATLAS-1932,"Decision note: compare product analytics with Grafana p95, support escalation volume, and release flag history."
EXP-01709,2023-08-22,2023-Q3,web,auth-gateway,coupon fallback,lost,31389,76.73,76.72,-0.01,no clear impact,ATLAS-4064,"Decision note: compare product analytics with Grafana p95, support escalation volume, and release flag history."
EXP-01710,2023-08-23,2023-Q3,android,search-recommendations,loyalty prompt,lost,86656,72.04,73.47,1.42,support tickets increased,ATLAS-3116,"Decision note: compare product analytics with Grafana p95, support escalation volume, and release flag history."
EXP-01711,2023-08-24,2023-Q3,store-kiosk,auth-gateway,loyalty prompt,rolled back,63906,75.98,77.86,1.89,no clear impact,ATLAS-3700,"Decision note: compare product analytics with Grafana p95, support escalation volume, and release flag history."
EXP-01712,2023-08-25,2023-Q3,mobile-web,notification-service,coupon fallback,draft,118505,72.81,72.94,0.13,conversion improved,ATLAS-1096,"Decision note: compare product analytics with Grafana p95, support escalation volume, and release flag history."
EXP-01713,2023-08-26,2023-Q3,android,notification-service,checkout button copy,won,45799,79.22,79.72,0.5,support tickets increased,ATLAS-4391,"Decision note: compare product analytics with Grafana p95, support escalation volume, and release flag history."
EXP-01714,2023-08-27,2023-Q3,store-kiosk,cart-service,address validation,inconclusive,46375,83.41,81.95,-1.46,no clear impact,ATLAS-4109,"Decision note: compare product analytics with Grafana p95, support escalation volume, and release flag history."
EXP-01715,2023-08-29,2023-Q3,web,analytics-pipeline,payment retry UX,lost,103240,89.94,90.09,0.15,latency increased,ATLAS-5953,"Decision note: compare product analytics with Grafana p95, support escalation volume, and release flag history."
EXP-01716,2023-08-30,2023-Q3,web,pricing-engine,inventory warning,lost,201734,82.34,82.35,0.01,support tickets increased,ATLAS-2396,"Decision note: compare product analytics with Grafana p95, support escalation volume, and release flag history."
EXP-01717,2023-08-31,2023-Q3,web,analytics-pipeline,payment retry UX,inconclusive,198096,73.21,75.26,2.04,latency neutral,ATLAS-5108,"Decision note: compare product analytics with Grafana p95, support escalation volume, and release flag history."
EXP-01718,2023-09-01,2023-Q3,mobile-web,search-recommendations,one-click reorder,won,196743,83.17,78.92,-4.25,no clear impact,ATLAS-4950,"Decision note: compare product analytics with Grafana p95, support escalation volume, and release flag history."
EXP-01719,2023-09-02,2023-Q3,store-kiosk,loyalty-service,one-click reorder,rolled back,68267,87.76,90.95,3.18,latency increased,ATLAS-5598,"Decision note: compare product analytics with Grafana p95, support escalation volume, and release flag history."
EXP-01720,2023-09-03,2023-Q3,ios,analytics-pipeline,payment retry UX,lost,84528,84.31,86.37,2.06,support tickets increased,ATLAS-3580,"Decision note: compare product analytics with Grafana p95, support escalation volume, and release flag history."
EXP-01721,2023-09-04,2023-Q3,mobile-web,checkout-api,address validation,running,166710,86.03,84.35,-1.69,latency neutral,ATLAS-4782,"Decision note: compare product analytics with Grafana p95, support escalation volume, and release flag history."
EXP-01722,2023-09-05,2023-Q3,ios,analytics-pipeline,inventory warning,won,15629,83.21,80.11,-3.11,latency increased,ATLAS-4016,"Decision note: compare product analytics with Grafana p95, support escalation volume, and release flag history."
EXP-01723,2023-09-07,2023-Q3,android,loyalty-service,one-click reorder,inconclusive,235821,79.8,78.69,-1.12,support tickets increased,ATLAS-2938,"Decision note: compare product analytics with Grafana p95, support escalation volume, and release flag history."
EXP-01724,2023-09-08,2023-Q3,partner-api,analytics-pipeline,loyalty prompt,rolled back,189483,74.44,74.3,-0.14,latency increased,ATLAS-2174,"Decision note: compare product analytics with Grafana p95, support escalation volume, and release flag history."
EXP-01725,2023-09-09,2023-Q3,ios,auth-gateway,address validation,lost,163449,86.56,87.13,0.57,support tickets increased,ATLAS-4575,"Decision note: compare product analytics with Grafana p95, support escalation volume, and release flag history."
EXP-01726,2023-09-10,2023-Q3,partner-api,inventory-reservation,tax quote cache,lost,144353,82.31,85.57,3.26,latency increased,ATLAS-2280,"Decision note: compare product analytics with Grafana p95, support escalation volume, and release flag history."
EXP-01727,2023-09-11,2023-Q3,web,cart-service,tax quote cache,rolled back,140062,76.46,74.34,-2.12,no clear impact,ATLAS-3825,"Decision note: compare product analytics with Grafana p95, support escalation volume, and release flag history."
EXP-01728,2023-09-12,2023-Q3,mobile-web,inventory-reservation,tax quote cache,rolled back,80831,89.9,89.05,-0.85,latency neutral,ATLAS-5797,"Decision note: compare product analytics with Grafana p95, support escalation volume, and release flag history."
EXP-01729,2023-09-13,2023-Q3,android,search-recommendations,tax quote cache,draft,22536,74.54,74.58,0.03,no clear impact,ATLAS-1114,"Decision note: compare product analytics with Grafana p95, support escalation volume, and release flag history."
EXP-01730,2023-09-14,2023-Q3,partner-api,checkout-api,loyalty prompt,lost,17929,89.63,89.91,0.28,latency increased,ATLAS-3449,"Decision note: compare product analytics with Grafana p95, support escalation volume, and release flag history."
EXP-01731,2023-09-15,2023-Q3,web,loyalty-service,loyalty prompt,draft,112749,75.67,76.21,0.54,latency increased,ATLAS-5325,"Decision note: compare product analytics with Grafana p95, support escalation volume, and release flag history."
EXP-01732,2023-09-17,2023-Q3,android,cart-service,one-click reorder,won,57724,84.89,86.38,1.49,support tickets increased,ATLAS-3030,"Decision note: compare product analytics with Grafana p95, support escalation volume, and release flag history."
EXP-01733,2023-09-18,2023-Q3,mobile-web,payment-orchestrator,checkout button copy,rolled back,55997,80.21,79.99,-0.22,conversion improved,ATLAS-5879,"Decision note: compare product analytics with Grafana p95, support escalation volume, and release flag history."
EXP-01734,2023-09-19,2023-Q3,store-kiosk,loyalty-service,address validation,rolled back,127317,83.34,87.13,3.79,support tickets increased,ATLAS-4457,"Decision note: compare product analytics with Grafana p95, support escalation volume, and release flag history."
EXP-01735,2023-09-20,2023-Q3,web,tax-service,inventory warning,running,83216,74.5,75.17,0.66,conversion improved,ATLAS-5541,"Decision note: compare product analytics with Grafana p95, support escalation volume, and release flag history."
EXP-01736,2023-09-21,2023-Q3,web,checkout-api,tax quote cache,draft,199039,89.08,90.72,1.64,no clear impact,ATLAS-4808,"Decision note: compare product analytics with Grafana p95, support escalation volume, and release flag history."
EXP-01737,2023-09-22,2023-Q3,web,inventory-reservation,address validation,rolled back,54947,77.36,79.56,2.2,latency neutral,ATLAS-2128,"Decision note: compare product analytics with Grafana p95, support escalation volume, and release flag history."
EXP-01738,2023-09-23,2023-Q3,mobile-web,inventory-reservation,one-click reorder,inconclusive,123553,87.94,88.96,1.02,conversion improved,ATLAS-1727,"Decision note: compare product analytics with Grafana p95, support escalation volume, and release flag history."
EXP-01739,2023-09-24,2023-Q3,mobile-web,order-ledger,payment retry UX,lost,188537,82.62,84.72,2.1,conversion improved,ATLAS-4800,"Decision note: compare product analytics with Grafana p95, support escalation volume, and release flag history."
EXP-01740,2023-09-25,2023-Q3,web,search-recommendations,address validation,running,62025,80.13,80.06,-0.07,support tickets increased,ATLAS-5958,"Decision note: compare product analytics with Grafana p95, support escalation volume, and release flag history."
EXP-01741,2023-09-27,2023-Q3,store-kiosk,analytics-pipeline,checkout button copy,won,136404,83.76,84.72,0.96,support tickets increased,ATLAS-4672,"Decision note: compare product analytics with Grafana p95, support escalation volume, and release flag history."
EXP-01742,2023-09-28,2023-Q3,store-kiosk,pricing-engine,one-click reorder,rolled back,53110,89.4,93.87,4.47,support tickets increased,ATLAS-2483,"Decision note: compare product analytics with Grafana p95, support escalation volume, and release flag history."
EXP-01743,2023-09-29,2023-Q3,mobile-web,payment-orchestrator,payment retry UX,inconclusive,96562,90.99,89.88,-1.11,no clear impact,ATLAS-1869,"Decision note: compare product analytics with Grafana p95, support escalation volume, and release flag history."
EXP-01744,2023-09-30,2023-Q3,web,analytics-pipeline,loyalty prompt,running,8424,82.37,83.95,1.58,support tickets increased,ATLAS-5409,"Decision note: compare product analytics with Grafana p95, support escalation volume, and release flag history."
EXP-01745,2023-10-01,2023-Q4,android,pricing-engine,checkout button copy,rolled back,222668,85.99,86.82,0.83,latency increased,ATLAS-2656,"Decision note: compare product analytics with Grafana p95, support escalation volume, and release flag history."
EXP-01746,2023-10-02,2023-Q4,partner-api,search-recommendations,inventory warning,lost,204180,79.1,83.34,4.24,conversion improved,ATLAS-4690,"Decision note: compare product analytics with Grafana p95, support escalation volume, and release flag history."
EXP-01747,2023-10-03,2023-Q4,store-kiosk,notification-service,checkout button copy,inconclusive,120020,88.26,91.69,3.43,no clear impact,ATLAS-5056,"Decision note: compare product analytics with Grafana p95, support escalation volume, and release flag history."
EXP-01748,2023-10-04,2023-Q4,partner-api,inventory-reservation,coupon fallback,running,103912,88.16,88.41,0.26,no clear impact,ATLAS-2943,"Decision note: compare product analytics with Grafana p95, support escalation volume, and release flag history."
EXP-01749,2023-10-06,2023-Q4,android,notification-service,coupon fallback,rolled back,205727,73.44,75.37,1.93,latency neutral,ATLAS-4914,"Decision note: compare product analytics with Grafana p95, support escalation volume, and release flag history."
EXP-01750,2023-10-07,2023-Q4,store-kiosk,notification-service,checkout button copy,inconclusive,214777,82.83,81.66,-1.17,latency increased,ATLAS-1296,"Decision note: compare product analytics with Grafana p95, support escalation volume, and release flag history."
EXP-01751,2023-10-08,2023-Q4,store-kiosk,pricing-engine,tax quote cache,inconclusive,167383,74.5,76.32,1.82,conversion improved,ATLAS-5024,"Decision note: compare product analytics with Grafana p95, support escalation volume, and release flag history."
EXP-01752,2023-10-09,2023-Q4,web,search-recommendations,payment retry UX,running,142525,82.2,80.88,-1.32,support tickets increased,ATLAS-1173,"Decision note: compare product analytics with Grafana p95, support escalation volume, and release flag history."
EXP-01753,2023-10-10,2023-Q4,web,search-recommendations,inventory warning,draft,199780,82.98,83.01,0.03,latency neutral,ATLAS-4401,"Decision note: compare product analytics with Grafana p95, support escalation volume, and release flag history."
EXP-01754,2023-10-11,2023-Q4,mobile-web,analytics-pipeline,payment retry UX,lost,227538,89.74,91.11,1.37,latency increased,ATLAS-3593,"Decision note: compare product analytics with Grafana p95, support escalation volume, and release flag history."
EXP-01755,2023-10-12,2023-Q4,android,pricing-engine,checkout button copy,won,145286,72.13,70.88,-1.25,support tickets increased,ATLAS-4743,"Decision note: compare product analytics with Grafana p95, support escalation volume, and release flag history."
EXP-01756,2023-10-13,2023-Q4,store-kiosk,analytics-pipeline,coupon fallback,inconclusive,210800,88.23,85.74,-2.5,support tickets increased,ATLAS-5648,"Decision note: compare product analytics with Grafana p95, support escalation volume, and release flag history."
EXP-01757,2023-10-14,2023-Q4,ios,search-recommendations,inventory warning,lost,57800,77.46,74.64,-2.82,latency increased,ATLAS-5114,"Decision note: compare product analytics with Grafana p95, support escalation volume, and release flag history."
EXP-01758,2023-10-16,2023-Q4,partner-api,checkout-api,checkout button copy,draft,45680,73.85,80.53,6.68,latency increased,ATLAS-3328,"Decision note: compare product analytics with Grafana p95, support escalation volume, and release flag history."
EXP-01759,2023-10-17,2023-Q4,mobile-web,analytics-pipeline,one-click reorder,rolled back,58943,77.32,78.66,1.34,conversion improved,ATLAS-2562,"Decision note: compare product analytics with Grafana p95, support escalation volume, and release flag history."
EXP-01760,2023-10-18,2023-Q4,partner-api,inventory-reservation,inventory warning,won,230797,75.01,73.27,-1.74,support tickets increased,ATLAS-2637,"Decision note: compare product analytics with Grafana p95, support escalation volume, and release flag history."
EXP-01761,2023-10-19,2023-Q4,ios,order-ledger,inventory warning,won,56010,81.04,82.44,1.4,latency increased,ATLAS-4916,"Decision note: compare product analytics with Grafana p95, support escalation volume, and release flag history."
EXP-01762,2023-10-20,2023-Q4,android,inventory-reservation,address validation,inconclusive,145477,72.75,70.32,-2.43,latency neutral,ATLAS-1842,"Decision note: compare product analytics with Grafana p95, support escalation volume, and release flag history."
EXP-01763,2023-10-21,2023-Q4,ios,pricing-engine,payment retry UX,running,7692,89.65,94.49,4.85,latency neutral,ATLAS-6185,"Decision note: compare product analytics with Grafana p95, support escalation volume, and release flag history."
EXP-01764,2023-10-22,2023-Q4,ios,notification-service,inventory warning,running,63904,85.77,86.39,0.62,latency neutral,ATLAS-4610,"Decision note: compare product analytics with Grafana p95, support escalation volume, and release flag history."
EXP-01765,2023-10-23,2023-Q4,mobile-web,auth-gateway,one-click reorder,lost,97282,86.2,85.25,-0.94,support tickets increased,ATLAS-5791,"Decision note: compare product analytics with Grafana p95, support escalation volume, and release flag history."
EXP-01766,2023-10-25,2023-Q4,mobile-web,loyalty-service,address validation,lost,123846,89.5,88.23,-1.27,no clear impact,ATLAS-1447,"Decision note: compare product analytics with Grafana p95, support escalation volume, and release flag history."
EXP-01767,2023-10-26,2023-Q4,web,order-ledger,checkout button copy,running,137152,74.89,76.18,1.29,no clear impact,ATLAS-1234,"Decision note: compare product analytics with Grafana p95, support escalation volume, and release flag history."
EXP-01768,2023-10-27,2023-Q4,store-kiosk,loyalty-service,tax quote cache,draft,154498,78.2,75.1,-3.11,latency increased,ATLAS-2274,"Decision note: compare product analytics with Grafana p95, support escalation volume, and release flag history."
EXP-01769,2023-10-28,2023-Q4,partner-api,tax-service,inventory warning,rolled back,51217,77.02,74.96,-2.06,latency neutral,ATLAS-3555,"Decision note: compare product analytics with Grafana p95, support escalation volume, and release flag history."
EXP-01770,2023-10-29,2023-Q4,web,loyalty-service,address validation,draft,209037,74.07,73.77,-0.3,latency increased,ATLAS-1966,"Decision note: compare product analytics with Grafana p95, support escalation volume, and release flag history."
EXP-01771,2023-10-30,2023-Q4,store-kiosk,checkout-api,address validation,won,51163,76.71,81.06,4.35,conversion improved,ATLAS-1259,"Decision note: compare product analytics with Grafana p95, support escalation volume, and release flag history."
EXP-01772,2023-10-31,2023-Q4,ios,cart-service,tax quote cache,won,94666,89.74,91.63,1.89,support tickets increased,ATLAS-5768,"Decision note: compare product analytics with Grafana p95, support escalation volume, and release flag history."
EXP-01773,2023-11-01,2023-Q4,android,auth-gateway,inventory warning,draft,91466,89.88,91.38,1.5,conversion improved,ATLAS-5982,"Decision note: compare product analytics with Grafana p95, support escalation volume, and release flag history."
EXP-01774,2023-11-02,2023-Q4,store-kiosk,notification-service,coupon fallback,won,98943,82.04,84.41,2.36,latency increased,ATLAS-3254,"Decision note: compare product analytics with Grafana p95, support escalation volume, and release flag history."
EXP-01775,2023-11-04,2023-Q4,android,checkout-api,address validation,lost,196807,76.22,77.74,1.51,no clear impact,ATLAS-1451,"Decision note: compare product analytics with Grafana p95, support escalation volume, and release flag history."
EXP-01776,2023-11-05,2023-Q4,android,auth-gateway,one-click reorder,won,25647,75.47,77.76,2.29,no clear impact,ATLAS-2017,"Decision note: compare product analytics with Grafana p95, support escalation volume, and release flag history."
EXP-01777,2023-11-06,2023-Q4,partner-api,notification-service,checkout button copy,inconclusive,58297,73.84,74.87,1.03,latency neutral,ATLAS-1201,"Decision note: compare product analytics with Grafana p95, support escalation volume, and release flag history."
EXP-01778,2023-11-07,2023-Q4,partner-api,pricing-engine,one-click reorder,inconclusive,69342,73.32,74.81,1.49,support tickets increased,ATLAS-1177,"Decision note: compare product analytics with Grafana p95, support escalation volume, and release flag history."
EXP-01779,2023-11-08,2023-Q4,ios,loyalty-service,coupon fallback,draft,129758,87.32,87.07,-0.25,latency neutral,ATLAS-1843,"Decision note: compare product analytics with Grafana p95, support escalation volume, and release flag history."
EXP-01780,2023-11-09,2023-Q4,android,search-recommendations,tax quote cache,draft,92955,85.48,86.29,0.81,latency increased,ATLAS-1355,"Decision note: compare product analytics with Grafana p95, support escalation volume, and release flag history."
EXP-01781,2023-11-10,2023-Q4,web,checkout-api,tax quote cache,inconclusive,146841,88.69,93.38,4.69,support tickets increased,ATLAS-3258,"Decision note: compare product analytics with Grafana p95, support escalation volume, and release flag history."
EXP-01782,2023-11-11,2023-Q4,store-kiosk,checkout-api,checkout button copy,won,102530,89.33,88.32,-1.01,latency increased,ATLAS-3286,"Decision note: compare product analytics with Grafana p95, support escalation volume, and release flag history."
EXP-01783,2023-11-13,2023-Q4,android,checkout-api,tax quote cache,rolled back,126504,86.33,86.19,-0.14,conversion improved,ATLAS-4007,"Decision note: compare product analytics with Grafana p95, support escalation volume, and release flag history."
EXP-01784,2023-11-14,2023-Q4,store-kiosk,auth-gateway,checkout button copy,won,213004,86.58,85.26,-1.32,latency increased,ATLAS-5132,"Decision note: compare product analytics with Grafana p95, support escalation volume, and release flag history."
EXP-01785,2023-11-15,2023-Q4,android,loyalty-service,coupon fallback,lost,9677,78.01,77.78,-0.23,latency increased,ATLAS-5588,"Decision note: compare product analytics with Grafana p95, support escalation volume, and release flag history."
EXP-01786,2023-11-16,2023-Q4,android,pricing-engine,coupon fallback,inconclusive,91804,86.8,87.36,0.57,latency neutral,ATLAS-3595,"Decision note: compare product analytics with Grafana p95, support escalation volume, and release flag history."
EXP-01787,2023-11-17,2023-Q4,android,loyalty-service,one-click reorder,draft,190709,88.78,85.03,-3.75,no clear impact,ATLAS-5614,"Decision note: compare product analytics with Grafana p95, support escalation volume, and release flag history."
EXP-01788,2023-11-18,2023-Q4,mobile-web,inventory-reservation,loyalty prompt,lost,122147,81.8,81.82,0.02,support tickets increased,ATLAS-5034,"Decision note: compare product analytics with Grafana p95, support escalation volume, and release flag history."
EXP-01789,2023-11-19,2023-Q4,mobile-web,search-recommendations,one-click reorder,lost,214250,80.33,84.93,4.6,support tickets increased,ATLAS-5528,"Decision note: compare product analytics with Grafana p95, support escalation volume, and release flag history."
EXP-01790,2023-11-20,2023-Q4,partner-api,search-recommendations,tax quote cache,won,178884,79.99,82.93,2.94,support tickets increased,ATLAS-3314,"Decision note: compare product analytics with Grafana p95, support escalation volume, and release flag history."
EXP-01791,2023-11-21,2023-Q4,partner-api,loyalty-service,inventory warning,inconclusive,145919,90.35,93.22,2.87,no clear impact,ATLAS-1538,"Decision note: compare product analytics with Grafana p95, support escalation volume, and release flag history."
EXP-01792,2023-11-23,2023-Q4,mobile-web,payment-orchestrator,coupon fallback,won,12973,88.31,89.96,1.65,latency increased,ATLAS-2485,"Decision note: compare product analytics with Grafana p95, support escalation volume, and release flag history."
EXP-01793,2023-11-24,2023-Q4,android,order-ledger,tax quote cache,inconclusive,163458,75.44,75.35,-0.09,support tickets increased,ATLAS-6059,"Decision note: compare product analytics with Grafana p95, support escalation volume, and release flag history."
EXP-01794,2023-11-25,2023-Q4,store-kiosk,inventory-reservation,coupon fallback,inconclusive,223262,81.5,85.84,4.34,no clear impact,ATLAS-5909,"Decision note: compare product analytics with Grafana p95, support escalation volume, and release flag history."
EXP-01795,2023-11-26,2023-Q4,android,notification-service,loyalty prompt,rolled back,225875,82.74,77.95,-4.79,support tickets increased,ATLAS-4104,"Decision note: compare product analytics with Grafana p95, support escalation volume, and release flag history."
EXP-01796,2023-11-27,2023-Q4,mobile-web,auth-gateway,inventory warning,running,89009,75.88,74.68,-1.2,no clear impact,ATLAS-1282,"Decision note: compare product analytics with Grafana p95, support escalation volume, and release flag history."
EXP-01797,2023-11-28,2023-Q4,partner-api,payment-orchestrator,inventory warning,draft,189070,82.66,85.85,3.19,support tickets increased,ATLAS-2723,"Decision note: compare product analytics with Grafana p95, support escalation volume, and release flag history."
EXP-01798,2023-11-29,2023-Q4,web,order-ledger,payment retry UX,lost,41398,88.88,87.79,-1.09,latency increased,ATLAS-2658,"Decision note: compare product analytics with Grafana p95, support escalation volume, and release flag history."
EXP-01799,2023-11-30,2023-Q4,android,search-recommendations,one-click reorder,running,136982,83.78,80.5,-3.28,no clear impact,ATLAS-3486,"Decision note: compare product analytics with Grafana p95, support escalation volume, and release flag history."
EXP-01800,2023-12-02,2023-Q4,partner-api,notification-service,address validation,rolled back,55226,73.86,73.76,-0.1,conversion improved,ATLAS-5196,"Decision note: compare product analytics with Grafana p95, support escalation volume, and release flag history."
EXP-01801,2023-12-03,2023-Q4,android,order-ledger,address validation,draft,171105,75.87,73.5,-2.36,no clear impact,ATLAS-2839,"Decision note: compare product analytics with Grafana p95, support escalation volume, and release flag history."
EXP-01802,2023-12-04,2023-Q4,mobile-web,pricing-engine,address validation,draft,158056,79.34,79.64,0.3,no clear impact,ATLAS-3479,"Decision note: compare product analytics with Grafana p95, support escalation volume, and release flag history."
EXP-01803,2023-12-05,2023-Q4,partner-api,tax-service,one-click reorder,rolled back,210973,84.12,83.16,-0.96,latency neutral,ATLAS-5188,"Decision note: compare product analytics with Grafana p95, support escalation volume, and release flag history."
EXP-01804,2023-12-06,2023-Q4,store-kiosk,checkout-api,inventory warning,running,219594,87.1,85.0,-2.1,support tickets increased,ATLAS-3647,"Decision note: compare product analytics with Grafana p95, support escalation volume, and release flag history."
EXP-01805,2023-12-07,2023-Q4,partner-api,auth-gateway,loyalty prompt,draft,138911,82.12,79.64,-2.48,no clear impact,ATLAS-4025,"Decision note: compare product analytics with Grafana p95, support escalation volume, and release flag history."
EXP-01806,2023-12-08,2023-Q4,android,tax-service,loyalty prompt,won,120221,89.99,92.1,2.11,support tickets increased,ATLAS-5810,"Decision note: compare product analytics with Grafana p95, support escalation volume, and release flag history."
EXP-01807,2023-12-09,2023-Q4,ios,auth-gateway,inventory warning,lost,25351,73.83,77.15,3.32,conversion improved,ATLAS-2700,"Decision note: compare product analytics with Grafana p95, support escalation volume, and release flag history."
EXP-01808,2023-12-10,2023-Q4,store-kiosk,loyalty-service,address validation,draft,7047,73.35,75.61,2.26,conversion improved,ATLAS-4941,"Decision note: compare product analytics with Grafana p95, support escalation volume, and release flag history."
EXP-01809,2023-12-12,2023-Q4,mobile-web,notification-service,coupon fallback,lost,19524,84.56,87.49,2.93,latency neutral,ATLAS-5789,"Decision note: compare product analytics with Grafana p95, support escalation volume, and release flag history."
EXP-01810,2023-12-13,2023-Q4,android,cart-service,loyalty prompt,rolled back,222220,86.77,89.48,2.72,latency neutral,ATLAS-4943,"Decision note: compare product analytics with Grafana p95, support escalation volume, and release flag history."
EXP-01811,2023-12-14,2023-Q4,mobile-web,search-recommendations,one-click reorder,running,142251,83.69,86.89,3.2,latency increased,ATLAS-1688,"Decision note: compare product analytics with Grafana p95, support escalation volume, and release flag history."
EXP-01812,2023-12-15,2023-Q4,partner-api,checkout-api,inventory warning,lost,137097,90.88,91.26,0.37,no clear impact,ATLAS-4747,"Decision note: compare product analytics with Grafana p95, support escalation volume, and release flag history."
EXP-01813,2023-12-16,2023-Q4,web,tax-service,tax quote cache,won,187969,72.96,68.35,-4.61,no clear impact,ATLAS-6117,"Decision note: compare product analytics with Grafana p95, support escalation volume, and release flag history."
EXP-01814,2023-12-17,2023-Q4,mobile-web,checkout-api,coupon fallback,draft,51017,79.56,78.16,-1.4,no clear impact,ATLAS-1781,"Decision note: compare product analytics with Grafana p95, support escalation volume, and release flag history."
EXP-01815,2023-12-18,2023-Q4,partner-api,auth-gateway,address validation,inconclusive,87046,72.7,71.93,-0.77,conversion improved,ATLAS-3456,"Decision note: compare product analytics with Grafana p95, support escalation volume, and release flag history."
EXP-01816,2023-12-19,2023-Q4,partner-api,tax-service,loyalty prompt,rolled back,113583,79.0,83.36,4.36,support tickets increased,ATLAS-5868,"Decision note: compare product analytics with Grafana p95, support escalation volume, and release flag history."
EXP-01817,2023-12-21,2023-Q4,partner-api,payment-orchestrator,address validation,won,222595,88.41,87.46,-0.95,support tickets increased,ATLAS-4640,"Decision note: compare product analytics with Grafana p95, support escalation volume, and release flag history."
EXP-01818,2023-12-22,2023-Q4,ios,inventory-reservation,payment retry UX,draft,75728,80.85,80.3,-0.54,no clear impact,ATLAS-4585,"Decision note: compare product analytics with Grafana p95, support escalation volume, and release flag history."
EXP-01819,2023-12-23,2023-Q4,android,payment-orchestrator,inventory warning,won,121949,72.74,71.89,-0.85,no clear impact,ATLAS-1363,"Decision note: compare product analytics with Grafana p95, support escalation volume, and release flag history."
EXP-01820,2023-12-24,2023-Q4,store-kiosk,payment-orchestrator,one-click reorder,draft,97773,86.06,87.4,1.34,no clear impact,ATLAS-2554,"Decision note: compare product analytics with Grafana p95, support escalation volume, and release flag history."
EXP-01821,2023-12-25,2023-Q4,android,cart-service,one-click reorder,draft,127637,89.59,86.84,-2.74,conversion improved,ATLAS-4814,"Decision note: compare product analytics with Grafana p95, support escalation volume, and release flag history."
EXP-01822,2023-12-26,2023-Q4,ios,search-recommendations,loyalty prompt,rolled back,109536,73.11,72.96,-0.15,latency neutral,ATLAS-4449,"Decision note: compare product analytics with Grafana p95, support escalation volume, and release flag history."
EXP-01823,2023-12-27,2023-Q4,ios,loyalty-service,payment retry UX,draft,75618,76.87,75.56,-1.31,no clear impact,ATLAS-3309,"Decision note: compare product analytics with Grafana p95, support escalation volume, and release flag history."
EXP-01824,2023-12-28,2023-Q4,partner-api,search-recommendations,inventory warning,rolled back,141285,83.24,82.31,-0.92,no clear impact,ATLAS-1780,"Decision note: compare product analytics with Grafana p95, support escalation volume, and release flag history."
EXP-01825,2023-12-29,2023-Q4,android,analytics-pipeline,tax quote cache,inconclusive,32671,80.01,80.24,0.23,no clear impact,ATLAS-2621,"Decision note: compare product analytics with Grafana p95, support escalation volume, and release flag history."
EXP-01826,2023-12-31,2023-Q4,partner-api,tax-service,coupon fallback,running,35265,86.46,86.06,-0.4,conversion improved,ATLAS-5833,"Decision note: compare product analytics with Grafana p95, support escalation volume, and release flag history."
EXP-01827,2024-01-01,2024-Q1,mobile-web,search-recommendations,checkout button copy,lost,127044,86.16,89.54,3.38,support tickets increased,ATLAS-4170,"Decision note: compare product analytics with Grafana p95, support escalation volume, and release flag history."
EXP-01828,2024-01-02,2024-Q1,store-kiosk,tax-service,tax quote cache,inconclusive,216197,72.41,77.71,5.3,latency neutral,ATLAS-1480,"Decision note: compare product analytics with Grafana p95, support escalation volume, and release flag history."
EXP-01829,2024-01-03,2024-Q1,ios,payment-orchestrator,address validation,inconclusive,105678,72.39,75.04,2.66,latency increased,ATLAS-5684,"Decision note: compare product analytics with Grafana p95, support escalation volume, and release flag history."
EXP-01830,2024-01-04,2024-Q1,ios,pricing-engine,inventory warning,running,104129,89.76,88.77,-0.98,latency neutral,ATLAS-4704,"Decision note: compare product analytics with Grafana p95, support escalation volume, and release flag history."
EXP-01831,2024-01-05,2024-Q1,mobile-web,pricing-engine,one-click reorder,lost,160890,75.42,75.73,0.31,latency neutral,ATLAS-4983,"Decision note: compare product analytics with Grafana p95, support escalation volume, and release flag history."
EXP-01832,2024-01-06,2024-Q1,web,order-ledger,loyalty prompt,draft,140858,86.58,88.5,1.92,support tickets increased,ATLAS-5429,"Decision note: compare product analytics with Grafana p95, support escalation volume, and release flag history."
EXP-01833,2024-01-07,2024-Q1,ios,notification-service,address validation,draft,188140,88.47,85.37,-3.11,latency neutral,ATLAS-3788,"Decision note: compare product analytics with Grafana p95, support escalation volume, and release flag history."
EXP-01834,2024-01-09,2024-Q1,store-kiosk,pricing-engine,inventory warning,lost,61665,78.06,79.25,1.19,latency increased,ATLAS-5035,"Decision note: compare product analytics with Grafana p95, support escalation volume, and release flag history."
EXP-01835,2024-01-10,2024-Q1,mobile-web,analytics-pipeline,checkout button copy,won,64877,76.57,76.64,0.06,latency increased,ATLAS-1012,"Decision note: compare product analytics with Grafana p95, support escalation volume, and release flag history."
EXP-01836,2024-01-11,2024-Q1,store-kiosk,notification-service,payment retry UX,won,63379,78.7,79.47,0.77,latency increased,ATLAS-4493,"Decision note: compare product analytics with Grafana p95, support escalation volume, and release flag history."
EXP-01837,2024-01-12,2024-Q1,mobile-web,notification-service,coupon fallback,won,123316,87.47,87.59,0.13,no clear impact,ATLAS-4782,"Decision note: compare product analytics with Grafana p95, support escalation volume, and release flag history."
EXP-01838,2024-01-13,2024-Q1,partner-api,auth-gateway,tax quote cache,running,39899,76.47,78.35,1.88,support tickets increased,ATLAS-4340,"Decision note: compare product analytics with Grafana p95, support escalation volume, and release flag history."
EXP-01839,2024-01-14,2024-Q1,android,notification-service,payment retry UX,rolled back,128344,80.65,82.5,1.85,latency increased,ATLAS-3804,"Decision note: compare product analytics with Grafana p95, support escalation volume, and release flag history."
EXP-01840,2024-01-15,2024-Q1,store-kiosk,tax-service,inventory warning,lost,75487,85.33,86.15,0.82,no clear impact,ATLAS-5620,"Decision note: compare product analytics with Grafana p95, support escalation volume, and release flag history."
EXP-01841,2024-01-16,2024-Q1,android,cart-service,tax quote cache,running,81867,86.32,89.69,3.37,conversion improved,ATLAS-2415,"Decision note: compare product analytics with Grafana p95, support escalation volume, and release flag history."
EXP-01842,2024-01-17,2024-Q1,ios,pricing-engine,inventory warning,lost,87372,81.7,82.49,0.79,conversion improved,ATLAS-3899,"Decision note: compare product analytics with Grafana p95, support escalation volume, and release flag history."
EXP-01843,2024-01-19,2024-Q1,ios,cart-service,tax quote cache,running,100234,89.53,89.24,-0.29,no clear impact,ATLAS-4545,"Decision note: compare product analytics with Grafana p95, support escalation volume, and release flag history."
EXP-01844,2024-01-20,2024-Q1,android,search-recommendations,payment retry UX,won,185313,88.62,88.25,-0.36,support tickets increased,ATLAS-2828,"Decision note: compare product analytics with Grafana p95, support escalation volume, and release flag history."
EXP-01845,2024-01-21,2024-Q1,ios,pricing-engine,coupon fallback,won,56733,81.02,82.53,1.51,latency neutral,ATLAS-5075,"Decision note: compare product analytics with Grafana p95, support escalation volume, and release flag history."
EXP-01846,2024-01-22,2024-Q1,android,inventory-reservation,loyalty prompt,inconclusive,17740,78.8,82.47,3.67,latency neutral,ATLAS-4317,"Decision note: compare product analytics with Grafana p95, support escalation volume, and release flag history."
EXP-01847,2024-01-23,2024-Q1,partner-api,pricing-engine,one-click reorder,inconclusive,112233,87.44,87.51,0.07,latency neutral,ATLAS-1859,"Decision note: compare product analytics with Grafana p95, support escalation volume, and release flag history."
EXP-01848,2024-01-24,2024-Q1,partner-api,auth-gateway,inventory warning,rolled back,53418,89.83,90.22,0.39,conversion improved,ATLAS-4415,"Decision note: compare product analytics with Grafana p95, support escalation volume, and release flag history."
EXP-01849,2024-01-25,2024-Q1,partner-api,auth-gateway,payment retry UX,won,67666,89.01,86.83,-2.18,latency neutral,ATLAS-2022,"Decision note: compare product analytics with Grafana p95, support escalation volume, and release flag history."
EXP-01850,2024-01-26,2024-Q1,mobile-web,auth-gateway,one-click reorder,running,154825,86.11,89.78,3.66,conversion improved,ATLAS-4834,"Decision note: compare product analytics with Grafana p95, support escalation volume, and release flag history."
EXP-01851,2024-01-28,2024-Q1,android,order-ledger,payment retry UX,draft,113388,79.31,79.65,0.34,conversion improved,ATLAS-4431,"Decision note: compare product analytics with Grafana p95, support escalation volume, and release flag history."
EXP-01852,2024-01-29,2024-Q1,web,cart-service,checkout button copy,running,93227,88.33,87.77,-0.56,conversion improved,ATLAS-5916,"Decision note: compare product analytics with Grafana p95, support escalation volume, and release flag history."
EXP-01853,2024-01-30,2024-Q1,web,analytics-pipeline,loyalty prompt,inconclusive,205817,74.19,73.88,-0.3,latency increased,ATLAS-4946,"Decision note: compare product analytics with Grafana p95, support escalation volume, and release flag history."
EXP-01854,2024-01-31,2024-Q1,ios,cart-service,payment retry UX,rolled back,204522,84.41,90.59,6.17,no clear impact,ATLAS-3215,"Decision note: compare product analytics with Grafana p95, support escalation volume, and release flag history."
EXP-01855,2024-02-01,2024-Q1,web,inventory-reservation,one-click reorder,draft,161876,87.31,87.62,0.3,support tickets increased,ATLAS-6094,"Decision note: compare product analytics with Grafana p95, support escalation volume, and release flag history."
EXP-01856,2024-02-02,2024-Q1,android,checkout-api,address validation,running,70197,87.99,89.29,1.3,latency neutral,ATLAS-4398,"Decision note: compare product analytics with Grafana p95, support escalation volume, and release flag history."
EXP-01857,2024-02-03,2024-Q1,partner-api,notification-service,tax quote cache,won,189665,86.17,87.45,1.28,conversion improved,ATLAS-1999,"Decision note: compare product analytics with Grafana p95, support escalation volume, and release flag history."
EXP-01858,2024-02-04,2024-Q1,store-kiosk,analytics-pipeline,address validation,running,82701,78.43,77.49,-0.94,no clear impact,ATLAS-3654,"Decision note: compare product analytics with Grafana p95, support escalation volume, and release flag history."
EXP-01859,2024-02-05,2024-Q1,android,checkout-api,payment retry UX,running,186616,72.74,75.44,2.7,latency neutral,ATLAS-6107,"Decision note: compare product analytics with Grafana p95, support escalation volume, and release flag history."
EXP-01860,2024-02-07,2024-Q1,store-kiosk,loyalty-service,loyalty prompt,running,205693,73.12,72.85,-0.27,conversion improved,ATLAS-3829,"Decision note: compare product analytics with Grafana p95, support escalation volume, and release flag history."
EXP-01861,2024-02-08,2024-Q1,android,analytics-pipeline,address validation,draft,222703,77.09,77.37,0.29,support tickets increased,ATLAS-3042,"Decision note: compare product analytics with Grafana p95, support escalation volume, and release flag history."
EXP-01862,2024-02-09,2024-Q1,partner-api,loyalty-service,checkout button copy,inconclusive,147514,87.14,88.76,1.61,no clear impact,ATLAS-3341,"Decision note: compare product analytics with Grafana p95, support escalation volume, and release flag history."
EXP-01863,2024-02-10,2024-Q1,ios,loyalty-service,tax quote cache,lost,79053,78.11,77.78,-0.33,latency increased,ATLAS-3143,"Decision note: compare product analytics with Grafana p95, support escalation volume, and release flag history."
EXP-01864,2024-02-11,2024-Q1,ios,order-ledger,loyalty prompt,rolled back,16406,77.95,79.03,1.08,no clear impact,ATLAS-5427,"Decision note: compare product analytics with Grafana p95, support escalation volume, and release flag history."
EXP-01865,2024-02-12,2024-Q1,mobile-web,search-recommendations,payment retry UX,rolled back,188582,72.84,74.16,1.32,latency neutral,ATLAS-5856,"Decision note: compare product analytics with Grafana p95, support escalation volume, and release flag history."
EXP-01866,2024-02-13,2024-Q1,mobile-web,search-recommendations,inventory warning,running,17533,72.56,76.5,3.95,support tickets increased,ATLAS-5001,"Decision note: compare product analytics with Grafana p95, support escalation volume, and release flag history."
EXP-01867,2024-02-14,2024-Q1,ios,payment-orchestrator,address validation,rolled back,105895,75.44,75.61,0.17,latency increased,ATLAS-1582,"Decision note: compare product analytics with Grafana p95, support escalation volume, and release flag history."
EXP-01868,2024-02-16,2024-Q1,web,notification-service,one-click reorder,lost,52783,73.19,73.35,0.16,conversion improved,ATLAS-4077,"Decision note: compare product analytics with Grafana p95, support escalation volume, and release flag history."
EXP-01869,2024-02-17,2024-Q1,android,order-ledger,address validation,draft,188874,90.73,91.7,0.97,latency increased,ATLAS-3704,"Decision note: compare product analytics with Grafana p95, support escalation volume, and release flag history."
EXP-01870,2024-02-18,2024-Q1,store-kiosk,notification-service,one-click reorder,lost,168392,81.33,81.08,-0.25,conversion improved,ATLAS-2659,"Decision note: compare product analytics with Grafana p95, support escalation volume, and release flag history."
EXP-01871,2024-02-19,2024-Q1,android,cart-service,checkout button copy,rolled back,122062,74.51,74.3,-0.21,no clear impact,ATLAS-5391,"Decision note: compare product analytics with Grafana p95, support escalation volume, and release flag history."
EXP-01872,2024-02-20,2024-Q1,partner-api,search-recommendations,checkout button copy,lost,236586,75.86,77.52,1.66,conversion improved,ATLAS-5971,"Decision note: compare product analytics with Grafana p95, support escalation volume, and release flag history."
EXP-01873,2024-02-21,2024-Q1,partner-api,analytics-pipeline,payment retry UX,rolled back,125400,74.28,76.17,1.89,conversion improved,ATLAS-5120,"Decision note: compare product analytics with Grafana p95, support escalation volume, and release flag history."
EXP-01874,2024-02-22,2024-Q1,partner-api,auth-gateway,address validation,draft,94898,79.78,79.93,0.16,latency neutral,ATLAS-2892,"Decision note: compare product analytics with Grafana p95, support escalation volume, and release flag history."
EXP-01875,2024-02-23,2024-Q1,web,order-ledger,one-click reorder,won,215222,73.13,72.15,-0.98,no clear impact,ATLAS-5063,"Decision note: compare product analytics with Grafana p95, support escalation volume, and release flag history."
EXP-01876,2024-02-24,2024-Q1,store-kiosk,pricing-engine,inventory warning,lost,225083,75.46,76.36,0.9,support tickets increased,ATLAS-5696,"Decision note: compare product analytics with Grafana p95, support escalation volume, and release flag history."
EXP-01877,2024-02-26,2024-Q1,partner-api,order-ledger,checkout button copy,running,231550,89.76,91.58,1.82,support tickets increased,ATLAS-1876,"Decision note: compare product analytics with Grafana p95, support escalation volume, and release flag history."
EXP-01878,2024-02-27,2024-Q1,store-kiosk,tax-service,inventory warning,rolled back,98008,77.81,79.51,1.7,latency increased,ATLAS-2558,"Decision note: compare product analytics with Grafana p95, support escalation volume, and release flag history."
EXP-01879,2024-02-28,2024-Q1,mobile-web,checkout-api,loyalty prompt,lost,100495,72.17,74.1,1.92,conversion improved,ATLAS-5832,"Decision note: compare product analytics with Grafana p95, support escalation volume, and release flag history."
EXP-01880,2024-02-29,2024-Q1,store-kiosk,inventory-reservation,checkout button copy,inconclusive,63108,87.82,86.13,-1.69,no clear impact,ATLAS-3965,"Decision note: compare product analytics with Grafana p95, support escalation volume, and release flag history."
EXP-01881,2024-03-01,2024-Q1,ios,inventory-reservation,payment retry UX,running,202501,75.37,77.78,2.41,latency increased,ATLAS-6130,"Decision note: compare product analytics with Grafana p95, support escalation volume, and release flag history."
EXP-01882,2024-03-02,2024-Q1,ios,checkout-api,coupon fallback,inconclusive,15739,80.17,78.9,-1.27,support tickets increased,ATLAS-5561,"Decision note: compare product analytics with Grafana p95, support escalation volume, and release flag history."
EXP-01883,2024-03-03,2024-Q1,partner-api,order-ledger,one-click reorder,lost,139765,79.12,82.88,3.76,conversion improved,ATLAS-2917,"Decision note: compare product analytics with Grafana p95, support escalation volume, and release flag history."
EXP-01884,2024-03-04,2024-Q1,mobile-web,pricing-engine,payment retry UX,inconclusive,75788,90.24,88.62,-1.63,conversion improved,ATLAS-4511,"Decision note: compare product analytics with Grafana p95, support escalation volume, and release flag history."
EXP-01885,2024-03-06,2024-Q1,ios,tax-service,checkout button copy,lost,83716,90.99,95.14,4.15,conversion improved,ATLAS-1058,"Decision note: compare product analytics with Grafana p95, support escalation volume, and release flag history."
EXP-01886,2024-03-07,2024-Q1,android,auth-gateway,one-click reorder,lost,213348,81.11,83.62,2.51,support tickets increased,ATLAS-2432,"Decision note: compare product analytics with Grafana p95, support escalation volume, and release flag history."
EXP-01887,2024-03-08,2024-Q1,web,notification-service,inventory warning,lost,181849,75.13,77.77,2.64,latency increased,ATLAS-1452,"Decision note: compare product analytics with Grafana p95, support escalation volume, and release flag history."
EXP-01888,2024-03-09,2024-Q1,android,inventory-reservation,coupon fallback,won,152971,89.6,89.43,-0.17,latency increased,ATLAS-1930,"Decision note: compare product analytics with Grafana p95, support escalation volume, and release flag history."
EXP-01889,2024-03-10,2024-Q1,android,checkout-api,checkout button copy,won,186120,86.29,92.47,6.18,support tickets increased,ATLAS-1385,"Decision note: compare product analytics with Grafana p95, support escalation volume, and release flag history."
EXP-01890,2024-03-11,2024-Q1,store-kiosk,checkout-api,loyalty prompt,lost,2732,79.93,77.77,-2.16,latency neutral,ATLAS-5228,"Decision note: compare product analytics with Grafana p95, support escalation volume, and release flag history."
EXP-01891,2024-03-12,2024-Q1,mobile-web,order-ledger,one-click reorder,won,46665,74.85,76.22,1.37,latency neutral,ATLAS-4676,"Decision note: compare product analytics with Grafana p95, support escalation volume, and release flag history."
EXP-01892,2024-03-13,2024-Q1,ios,tax-service,payment retry UX,inconclusive,183488,75.46,77.82,2.36,no clear impact,ATLAS-4973,"Decision note: compare product analytics with Grafana p95, support escalation volume, and release flag history."
EXP-01893,2024-03-14,2024-Q1,ios,loyalty-service,loyalty prompt,inconclusive,15558,76.26,73.55,-2.71,conversion improved,ATLAS-5824,"Decision note: compare product analytics with Grafana p95, support escalation volume, and release flag history."
EXP-01894,2024-03-16,2024-Q1,mobile-web,cart-service,tax quote cache,inconclusive,130531,88.11,90.16,2.05,latency neutral,ATLAS-3083,"Decision note: compare product analytics with Grafana p95, support escalation volume, and release flag history."
EXP-01895,2024-03-17,2024-Q1,mobile-web,pricing-engine,one-click reorder,lost,238647,86.36,86.89,0.53,conversion improved,ATLAS-1306,"Decision note: compare product analytics with Grafana p95, support escalation volume, and release flag history."
EXP-01896,2024-03-18,2024-Q1,mobile-web,auth-gateway,tax quote cache,inconclusive,165077,75.09,74.62,-0.47,latency neutral,ATLAS-1084,"Decision note: compare product analytics with Grafana p95, support escalation volume, and release flag history."
EXP-01897,2024-03-19,2024-Q1,mobile-web,search-recommendations,one-click reorder,draft,150112,85.51,89.22,3.71,no clear impact,ATLAS-4227,"Decision note: compare product analytics with Grafana p95, support escalation volume, and release flag history."
EXP-01898,2024-03-20,2024-Q1,android,payment-orchestrator,coupon fallback,inconclusive,196327,75.46,80.12,4.65,no clear impact,ATLAS-1402,"Decision note: compare product analytics with Grafana p95, support escalation volume, and release flag history."
EXP-01899,2024-03-21,2024-Q1,mobile-web,analytics-pipeline,payment retry UX,draft,136691,88.36,89.77,1.41,no clear impact,ATLAS-2528,"Decision note: compare product analytics with Grafana p95, support escalation volume, and release flag history."
EXP-01900,2024-03-22,2024-Q1,android,auth-gateway,loyalty prompt,running,170846,85.87,90.24,4.37,conversion improved,ATLAS-4043,"Decision note: compare product analytics with Grafana p95, support escalation volume, and release flag history."
EXP-01901,2024-03-23,2024-Q1,web,auth-gateway,payment retry UX,lost,96578,83.88,83.79,-0.09,latency neutral,ATLAS-1377,"Decision note: compare product analytics with Grafana p95, support escalation volume, and release flag history."
EXP-01902,2024-03-25,2024-Q1,android,analytics-pipeline,loyalty prompt,won,105399,76.17,78.29,2.11,conversion improved,ATLAS-1872,"Decision note: compare product analytics with Grafana p95, support escalation volume, and release flag history."
EXP-01903,2024-03-26,2024-Q1,store-kiosk,tax-service,checkout button copy,draft,33014,89.71,90.32,0.61,latency neutral,ATLAS-2422,"Decision note: compare product analytics with Grafana p95, support escalation volume, and release flag history."
EXP-01904,2024-03-27,2024-Q1,store-kiosk,auth-gateway,coupon fallback,running,147402,86.04,89.22,3.17,latency neutral,ATLAS-5432,"Decision note: compare product analytics with Grafana p95, support escalation volume, and release flag history."
EXP-01905,2024-03-28,2024-Q1,store-kiosk,search-recommendations,payment retry UX,draft,43267,73.42,74.89,1.47,no clear impact,ATLAS-1230,"Decision note: compare product analytics with Grafana p95, support escalation volume, and release flag history."
EXP-01906,2024-03-29,2024-Q1,ios,pricing-engine,checkout button copy,won,7351,76.95,78.88,1.93,support tickets increased,ATLAS-4922,"Decision note: compare product analytics with Grafana p95, support escalation volume, and release flag history."
EXP-01907,2024-03-30,2024-Q1,ios,cart-service,coupon fallback,rolled back,208839,78.23,75.9,-2.33,latency increased,ATLAS-2393,"Decision note: compare product analytics with Grafana p95, support escalation volume, and release flag history."
EXP-01908,2024-03-31,2024-Q1,android,notification-service,payment retry UX,lost,10368,85.42,86.29,0.87,no clear impact,ATLAS-4845,"Decision note: compare product analytics with Grafana p95, support escalation volume, and release flag history."
EXP-01909,2024-04-01,2024-Q2,partner-api,payment-orchestrator,coupon fallback,lost,183368,79.16,79.54,0.38,latency neutral,ATLAS-3725,"Decision note: compare product analytics with Grafana p95, support escalation volume, and release flag history."
EXP-01910,2024-04-02,2024-Q2,partner-api,pricing-engine,checkout button copy,lost,192981,85.8,85.72,-0.08,latency increased,ATLAS-5355,"Decision note: compare product analytics with Grafana p95, support escalation volume, and release flag history."
EXP-01911,2024-04-04,2024-Q2,partner-api,order-ledger,address validation,draft,236543,87.7,88.06,0.37,support tickets increased,ATLAS-5218,"Decision note: compare product analytics with Grafana p95, support escalation volume, and release flag history."
EXP-01912,2024-04-05,2024-Q2,ios,notification-service,loyalty prompt,won,167527,73.23,75.83,2.6,conversion improved,ATLAS-6037,"Decision note: compare product analytics with Grafana p95, support escalation volume, and release flag history."
EXP-01913,2024-04-06,2024-Q2,mobile-web,order-ledger,address validation,rolled back,115595,85.62,86.65,1.02,no clear impact,ATLAS-3371,"Decision note: compare product analytics with Grafana p95, support escalation volume, and release flag history."
EXP-01914,2024-04-07,2024-Q2,ios,pricing-engine,loyalty prompt,inconclusive,94162,85.6,89.34,3.74,latency increased,ATLAS-5715,"Decision note: compare product analytics with Grafana p95, support escalation volume, and release flag history."
EXP-01915,2024-04-08,2024-Q2,ios,cart-service,address validation,running,130529,73.71,76.67,2.96,latency neutral,ATLAS-5369,"Decision note: compare product analytics with Grafana p95, support escalation volume, and release flag history."
EXP-01916,2024-04-09,2024-Q2,partner-api,loyalty-service,payment retry UX,running,203731,83.76,81.8,-1.95,conversion improved,ATLAS-4692,"Decision note: compare product analytics with Grafana p95, support escalation volume, and release flag history."
EXP-01917,2024-04-10,2024-Q2,android,cart-service,coupon fallback,draft,35319,86.35,86.52,0.17,latency neutral,ATLAS-1523,"Decision note: compare product analytics with Grafana p95, support escalation volume, and release flag history."
EXP-01918,2024-04-11,2024-Q2,partner-api,notification-service,payment retry UX,draft,188264,72.36,76.67,4.31,no clear impact,ATLAS-1755,"Decision note: compare product analytics with Grafana p95, support escalation volume, and release flag history."
EXP-01919,2024-04-12,2024-Q2,android,pricing-engine,coupon fallback,draft,2989,78.01,79.69,1.68,latency increased,ATLAS-2103,"Decision note: compare product analytics with Grafana p95, support escalation volume, and release flag history."
EXP-01920,2024-04-14,2024-Q2,web,notification-service,payment retry UX,rolled back,184924,82.66,82.75,0.09,latency neutral,ATLAS-3691,"Decision note: compare product analytics with Grafana p95, support escalation volume, and release flag history."
EXP-01921,2024-04-15,2024-Q2,android,payment-orchestrator,payment retry UX,rolled back,145295,80.31,80.7,0.4,latency increased,ATLAS-2337,"Decision note: compare product analytics with Grafana p95, support escalation volume, and release flag history."
EXP-01922,2024-04-16,2024-Q2,mobile-web,inventory-reservation,coupon fallback,rolled back,238418,88.93,91.43,2.51,support tickets increased,ATLAS-3050,"Decision note: compare product analytics with Grafana p95, support escalation volume, and release flag history."
EXP-01923,2024-04-17,2024-Q2,mobile-web,payment-orchestrator,inventory warning,inconclusive,183398,74.48,76.64,2.16,no clear impact,ATLAS-5196,"Decision note: compare product analytics with Grafana p95, support escalation volume, and release flag history."
EXP-01924,2024-04-18,2024-Q2,partner-api,auth-gateway,address validation,inconclusive,173198,84.67,85.42,0.75,latency neutral,ATLAS-5445,"Decision note: compare product analytics with Grafana p95, support escalation volume, and release flag history."
EXP-01925,2024-04-19,2024-Q2,store-kiosk,pricing-engine,coupon fallback,lost,27227,83.0,86.78,3.77,latency increased,ATLAS-1520,"Decision note: compare product analytics with Grafana p95, support escalation volume, and release flag history."
EXP-01926,2024-04-20,2024-Q2,store-kiosk,search-recommendations,loyalty prompt,running,113113,80.23,81.36,1.13,no clear impact,ATLAS-5267,"Decision note: compare product analytics with Grafana p95, support escalation volume, and release flag history."
EXP-01927,2024-04-21,2024-Q2,ios,analytics-pipeline,address validation,lost,109605,75.28,75.05,-0.24,latency increased,ATLAS-3051,"Decision note: compare product analytics with Grafana p95, support escalation volume, and release flag history."
EXP-01928,2024-04-23,2024-Q2,android,checkout-api,checkout button copy,inconclusive,69406,82.76,81.6,-1.16,conversion improved,ATLAS-1814,"Decision note: compare product analytics with Grafana p95, support escalation volume, and release flag history."
EXP-01929,2024-04-24,2024-Q2,web,order-ledger,address validation,won,40336,78.29,76.63,-1.66,support tickets increased,ATLAS-2232,"Decision note: compare product analytics with Grafana p95, support escalation volume, and release flag history."
EXP-01930,2024-04-25,2024-Q2,android,auth-gateway,checkout button copy,won,84601,85.66,88.44,2.78,latency increased,ATLAS-5585,"Decision note: compare product analytics with Grafana p95, support escalation volume, and release flag history."
EXP-01931,2024-04-26,2024-Q2,partner-api,loyalty-service,address validation,inconclusive,64612,88.72,88.53,-0.19,support tickets increased,ATLAS-1439,"Decision note: compare product analytics with Grafana p95, support escalation volume, and release flag history."
EXP-01932,2024-04-27,2024-Q2,mobile-web,inventory-reservation,payment retry UX,draft,41290,78.81,80.05,1.24,support tickets increased,ATLAS-2150,"Decision note: compare product analytics with Grafana p95, support escalation volume, and release flag history."
EXP-01933,2024-04-28,2024-Q2,store-kiosk,pricing-engine,address validation,running,5756,73.11,74.7,1.58,latency neutral,ATLAS-1408,"Decision note: compare product analytics with Grafana p95, support escalation volume, and release flag history."
EXP-01934,2024-04-29,2024-Q2,ios,pricing-engine,coupon fallback,running,4826,79.19,77.55,-1.64,latency increased,ATLAS-5166,"Decision note: compare product analytics with Grafana p95, support escalation volume, and release flag history."
EXP-01935,2024-04-30,2024-Q2,ios,checkout-api,loyalty prompt,running,129382,77.9,76.11,-1.79,latency increased,ATLAS-2644,"Decision note: compare product analytics with Grafana p95, support escalation volume, and release flag history."
EXP-01936,2024-05-01,2024-Q2,android,analytics-pipeline,address validation,running,138813,90.3,93.5,3.2,latency neutral,ATLAS-1519,"Decision note: compare product analytics with Grafana p95, support escalation volume, and release flag history."
EXP-01937,2024-05-03,2024-Q2,ios,inventory-reservation,one-click reorder,rolled back,58287,88.09,87.66,-0.42,latency neutral,ATLAS-2458,"Decision note: compare product analytics with Grafana p95, support escalation volume, and release flag history."
EXP-01938,2024-05-04,2024-Q2,ios,auth-gateway,inventory warning,lost,75765,88.24,89.68,1.44,no clear impact,ATLAS-1032,"Decision note: compare product analytics with Grafana p95, support escalation volume, and release flag history."
EXP-01939,2024-05-05,2024-Q2,mobile-web,notification-service,payment retry UX,lost,83399,76.78,80.92,4.13,latency neutral,ATLAS-1142,"Decision note: compare product analytics with Grafana p95, support escalation volume, and release flag history."
EXP-01940,2024-05-06,2024-Q2,ios,notification-service,one-click reorder,draft,151184,81.65,79.98,-1.68,no clear impact,ATLAS-5397,"Decision note: compare product analytics with Grafana p95, support escalation volume, and release flag history."
EXP-01941,2024-05-07,2024-Q2,web,inventory-reservation,coupon fallback,running,93859,87.83,87.61,-0.23,support tickets increased,ATLAS-3990,"Decision note: compare product analytics with Grafana p95, support escalation volume, and release flag history."
EXP-01942,2024-05-08,2024-Q2,mobile-web,pricing-engine,one-click reorder,lost,46491,79.06,84.18,5.12,no clear impact,ATLAS-4453,"Decision note: compare product analytics with Grafana p95, support escalation volume, and release flag history."
EXP-01943,2024-05-09,2024-Q2,mobile-web,notification-service,address validation,inconclusive,199122,72.3,74.03,1.73,latency increased,ATLAS-1498,"Decision note: compare product analytics with Grafana p95, support escalation volume, and release flag history."
EXP-01944,2024-05-10,2024-Q2,mobile-web,payment-orchestrator,inventory warning,draft,59346,82.23,83.17,0.94,conversion improved,ATLAS-3310,"Decision note: compare product analytics with Grafana p95, support escalation volume, and release flag history."
EXP-01945,2024-05-12,2024-Q2,android,notification-service,address validation,rolled back,136017,78.12,80.72,2.6,latency increased,ATLAS-2164,"Decision note: compare product analytics with Grafana p95, support escalation volume, and release flag history."
EXP-01946,2024-05-13,2024-Q2,web,auth-gateway,address validation,inconclusive,216602,72.27,71.04,-1.23,conversion improved,ATLAS-5877,"Decision note: compare product analytics with Grafana p95, support escalation volume, and release flag history."
EXP-01947,2024-05-14,2024-Q2,partner-api,checkout-api,one-click reorder,running,172161,82.62,85.43,2.81,latency neutral,ATLAS-2922,"Decision note: compare product analytics with Grafana p95, support escalation volume, and release flag history."
EXP-01948,2024-05-15,2024-Q2,web,analytics-pipeline,payment retry UX,won,112075,90.46,95.12,4.66,no clear impact,ATLAS-2514,"Decision note: compare product analytics with Grafana p95, support escalation volume, and release flag history."
EXP-01949,2024-05-16,2024-Q2,android,search-recommendations,checkout button copy,lost,152582,84.74,83.42,-1.32,conversion improved,ATLAS-4227,"Decision note: compare product analytics with Grafana p95, support escalation volume, and release flag history."
EXP-01950,2024-05-17,2024-Q2,android,inventory-reservation,coupon fallback,lost,21236,84.49,84.29,-0.2,no clear impact,ATLAS-5105,"Decision note: compare product analytics with Grafana p95, support escalation volume, and release flag history."
EXP-01951,2024-05-18,2024-Q2,ios,loyalty-service,inventory warning,lost,191363,82.38,82.04,-0.34,latency neutral,ATLAS-3097,"Decision note: compare product analytics with Grafana p95, support escalation volume, and release flag history."
EXP-01952,2024-05-19,2024-Q2,web,payment-orchestrator,checkout button copy,rolled back,174980,89.21,93.6,4.38,support tickets increased,ATLAS-2012,"Decision note: compare product analytics with Grafana p95, support escalation volume, and release flag history."
EXP-01953,2024-05-20,2024-Q2,store-kiosk,loyalty-service,tax quote cache,lost,155860,84.87,87.83,2.96,latency increased,ATLAS-2791,"Decision note: compare product analytics with Grafana p95, support escalation volume, and release flag history."
EXP-01954,2024-05-22,2024-Q2,android,order-ledger,tax quote cache,rolled back,171355,72.8,73.64,0.84,latency increased,ATLAS-3891,"Decision note: compare product analytics with Grafana p95, support escalation volume, and release flag history."
EXP-01955,2024-05-23,2024-Q2,mobile-web,notification-service,checkout button copy,draft,96318,86.66,90.98,4.32,latency neutral,ATLAS-5207,"Decision note: compare product analytics with Grafana p95, support escalation volume, and release flag history."
EXP-01956,2024-05-24,2024-Q2,ios,auth-gateway,loyalty prompt,inconclusive,133082,75.03,81.04,6.01,latency increased,ATLAS-4959,"Decision note: compare product analytics with Grafana p95, support escalation volume, and release flag history."
EXP-01957,2024-05-25,2024-Q2,android,search-recommendations,loyalty prompt,won,88190,85.46,83.45,-2.02,latency increased,ATLAS-3069,"Decision note: compare product analytics with Grafana p95, support escalation volume, and release flag history."
EXP-01958,2024-05-26,2024-Q2,android,auth-gateway,one-click reorder,inconclusive,18210,76.67,79.19,2.52,support tickets increased,ATLAS-5161,"Decision note: compare product analytics with Grafana p95, support escalation volume, and release flag history."
EXP-01959,2024-05-27,2024-Q2,mobile-web,pricing-engine,checkout button copy,won,66485,88.47,89.49,1.03,no clear impact,ATLAS-3992,"Decision note: compare product analytics with Grafana p95, support escalation volume, and release flag history."
EXP-01960,2024-05-28,2024-Q2,android,auth-gateway,one-click reorder,draft,165755,78.05,77.03,-1.02,latency increased,ATLAS-3293,"Decision note: compare product analytics with Grafana p95, support escalation volume, and release flag history."
EXP-01961,2024-05-29,2024-Q2,mobile-web,checkout-api,tax quote cache,draft,209620,80.86,82.02,1.15,support tickets increased,ATLAS-5239,"Decision note: compare product analytics with Grafana p95, support escalation volume, and release flag history."
EXP-01962,2024-05-31,2024-Q2,partner-api,analytics-pipeline,loyalty prompt,inconclusive,62618,82.19,82.92,0.74,support tickets increased,ATLAS-2203,"Decision note: compare product analytics with Grafana p95, support escalation volume, and release flag history."
EXP-01963,2024-06-01,2024-Q2,store-kiosk,loyalty-service,address validation,inconclusive,215885,73.09,75.09,2.0,latency increased,ATLAS-3165,"Decision note: compare product analytics with Grafana p95, support escalation volume, and release flag history."
EXP-01964,2024-06-02,2024-Q2,partner-api,loyalty-service,one-click reorder,inconclusive,128287,81.27,78.99,-2.28,latency neutral,ATLAS-4640,"Decision note: compare product analytics with Grafana p95, support escalation volume, and release flag history."
EXP-01965,2024-06-03,2024-Q2,web,search-recommendations,one-click reorder,won,215493,80.96,85.3,4.34,latency increased,ATLAS-5188,"Decision note: compare product analytics with Grafana p95, support escalation volume, and release flag history."
EXP-01966,2024-06-04,2024-Q2,mobile-web,payment-orchestrator,inventory warning,won,170342,81.72,82.19,0.47,conversion improved,ATLAS-2211,"Decision note: compare product analytics with Grafana p95, support escalation volume, and release flag history."
EXP-01967,2024-06-05,2024-Q2,mobile-web,search-recommendations,payment retry UX,draft,39392,88.46,89.65,1.19,latency increased,ATLAS-4674,"Decision note: compare product analytics with Grafana p95, support escalation volume, and release flag history."
EXP-01968,2024-06-06,2024-Q2,web,inventory-reservation,address validation,won,228028,85.17,88.32,3.15,latency increased,ATLAS-2982,"Decision note: compare product analytics with Grafana p95, support escalation volume, and release flag history."
EXP-01969,2024-06-07,2024-Q2,ios,order-ledger,loyalty prompt,running,159338,81.85,81.05,-0.8,no clear impact,ATLAS-3126,"Decision note: compare product analytics with Grafana p95, support escalation volume, and release flag history."
EXP-01970,2024-06-08,2024-Q2,mobile-web,loyalty-service,loyalty prompt,running,88486,77.14,77.82,0.68,conversion improved,ATLAS-2316,"Decision note: compare product analytics with Grafana p95, support escalation volume, and release flag history."
EXP-01971,2024-06-10,2024-Q2,web,cart-service,inventory warning,running,122269,74.77,75.99,1.21,latency neutral,ATLAS-3176,"Decision note: compare product analytics with Grafana p95, support escalation volume, and release flag history."
EXP-01972,2024-06-11,2024-Q2,android,inventory-reservation,one-click reorder,lost,22703,76.75,82.13,5.38,latency neutral,ATLAS-1309,"Decision note: compare product analytics with Grafana p95, support escalation volume, and release flag history."
EXP-01973,2024-06-12,2024-Q2,mobile-web,cart-service,tax quote cache,running,92755,83.47,82.44,-1.03,no clear impact,ATLAS-4494,"Decision note: compare product analytics with Grafana p95, support escalation volume, and release flag history."
EXP-01974,2024-06-13,2024-Q2,web,cart-service,inventory warning,rolled back,90385,77.52,81.43,3.9,no clear impact,ATLAS-2466,"Decision note: compare product analytics with Grafana p95, support escalation volume, and release flag history."
EXP-01975,2024-06-14,2024-Q2,web,pricing-engine,inventory warning,draft,137464,86.51,93.14,6.63,latency neutral,ATLAS-3680,"Decision note: compare product analytics with Grafana p95, support escalation volume, and release flag history."
EXP-01976,2024-06-15,2024-Q2,store-kiosk,loyalty-service,one-click reorder,running,152594,77.43,78.61,1.18,latency increased,ATLAS-5135,"Decision note: compare product analytics with Grafana p95, support escalation volume, and release flag history."
EXP-01977,2024-06-16,2024-Q2,partner-api,tax-service,tax quote cache,inconclusive,18762,88.77,89.44,0.67,latency increased,ATLAS-3042,"Decision note: compare product analytics with Grafana p95, support escalation volume, and release flag history."
EXP-01978,2024-06-17,2024-Q2,store-kiosk,cart-service,checkout button copy,rolled back,181718,90.68,90.59,-0.09,conversion improved,ATLAS-5893,"Decision note: compare product analytics with Grafana p95, support escalation volume, and release flag history."
EXP-01979,2024-06-19,2024-Q2,mobile-web,cart-service,payment retry UX,draft,10026,75.83,78.8,2.97,latency neutral,ATLAS-3825,"Decision note: compare product analytics with Grafana p95, support escalation volume, and release flag history."
EXP-01980,2024-06-20,2024-Q2,mobile-web,notification-service,address validation,rolled back,182057,73.08,71.06,-2.02,latency increased,ATLAS-3650,"Decision note: compare product analytics with Grafana p95, support escalation volume, and release flag history."
EXP-01981,2024-06-21,2024-Q2,android,cart-service,inventory warning,lost,53408,89.25,89.69,0.45,no clear impact,ATLAS-3948,"Decision note: compare product analytics with Grafana p95, support escalation volume, and release flag history."
EXP-01982,2024-06-22,2024-Q2,partner-api,pricing-engine,address validation,lost,155324,81.66,82.44,0.78,latency neutral,ATLAS-5436,"Decision note: compare product analytics with Grafana p95, support escalation volume, and release flag history."
EXP-01983,2024-06-23,2024-Q2,store-kiosk,cart-service,one-click reorder,running,19136,90.34,95.73,5.38,latency neutral,ATLAS-1830,"Decision note: compare product analytics with Grafana p95, support escalation volume, and release flag history."
EXP-01984,2024-06-24,2024-Q2,web,analytics-pipeline,checkout button copy,lost,122535,86.64,87.74,1.1,latency neutral,ATLAS-4704,"Decision note: compare product analytics with Grafana p95, support escalation volume, and release flag history."
EXP-01985,2024-06-25,2024-Q2,ios,notification-service,address validation,running,152793,81.66,81.99,0.33,support tickets increased,ATLAS-5061,"Decision note: compare product analytics with Grafana p95, support escalation volume, and release flag history."
EXP-01986,2024-06-26,2024-Q2,mobile-web,search-recommendations,inventory warning,won,80065,89.2,88.9,-0.3,conversion improved,ATLAS-4213,"Decision note: compare product analytics with Grafana p95, support escalation volume, and release flag history."
EXP-01987,2024-06-27,2024-Q2,mobile-web,inventory-reservation,address validation,rolled back,188214,79.98,83.19,3.21,conversion improved,ATLAS-2981,"Decision note: compare product analytics with Grafana p95, support escalation volume, and release flag history."
EXP-01988,2024-06-29,2024-Q2,android,checkout-api,inventory warning,lost,146837,90.87,91.74,0.87,support tickets increased,ATLAS-3679,"Decision note: compare product analytics with Grafana p95, support escalation volume, and release flag history."
EXP-01989,2024-06-30,2024-Q2,store-kiosk,checkout-api,checkout button copy,running,55903,89.29,88.49,-0.79,latency increased,ATLAS-5144,"Decision note: compare product analytics with Grafana p95, support escalation volume, and release flag history."
EXP-01990,2024-07-01,2024-Q3,mobile-web,notification-service,payment retry UX,won,113123,79.96,79.95,-0.0,conversion improved,ATLAS-3740,"Decision note: compare product analytics with Grafana p95, support escalation volume, and release flag history."
EXP-01991,2024-07-02,2024-Q3,ios,notification-service,one-click reorder,lost,237709,84.28,82.07,-2.21,support tickets increased,ATLAS-4198,"Decision note: compare product analytics with Grafana p95, support escalation volume, and release flag history."
EXP-01992,2024-07-03,2024-Q3,mobile-web,inventory-reservation,tax quote cache,running,38508,81.95,80.21,-1.74,conversion improved,ATLAS-1167,"Decision note: compare product analytics with Grafana p95, support escalation volume, and release flag history."
EXP-01993,2024-07-04,2024-Q3,partner-api,notification-service,coupon fallback,draft,9622,80.5,83.5,3.0,support tickets increased,ATLAS-5723,"Decision note: compare product analytics with Grafana p95, support escalation volume, and release flag history."
EXP-01994,2024-07-05,2024-Q3,web,inventory-reservation,one-click reorder,inconclusive,201109,76.48,78.93,2.45,latency neutral,ATLAS-1850,"Decision note: compare product analytics with Grafana p95, support escalation volume, and release flag history."
EXP-01995,2024-07-06,2024-Q3,partner-api,search-recommendations,one-click reorder,rolled back,38204,83.39,90.3,6.91,conversion improved,ATLAS-4782,"Decision note: compare product analytics with Grafana p95, support escalation volume, and release flag history."
EXP-01996,2024-07-08,2024-Q3,store-kiosk,notification-service,tax quote cache,running,101843,87.54,87.89,0.34,latency neutral,ATLAS-1383,"Decision note: compare product analytics with Grafana p95, support escalation volume, and release flag history."
EXP-01997,2024-07-09,2024-Q3,ios,analytics-pipeline,loyalty prompt,won,116002,90.01,89.39,-0.62,latency increased,ATLAS-3805,"Decision note: compare product analytics with Grafana p95, support escalation volume, and release flag history."
EXP-01998,2024-07-10,2024-Q3,partner-api,search-recommendations,payment retry UX,won,127711,79.22,80.69,1.47,latency neutral,ATLAS-1817,"Decision note: compare product analytics with Grafana p95, support escalation volume, and release flag history."
EXP-01999,2024-07-11,2024-Q3,web,auth-gateway,address validation,draft,170868,82.98,85.33,2.34,no clear impact,ATLAS-4483,"Decision note: compare product analytics with Grafana p95, support escalation volume, and release flag history."
EXP-02000,2024-07-12,2024-Q3,web,notification-service,checkout button copy,inconclusive,214716,84.3,88.15,3.85,support tickets increased,ATLAS-4919,"Decision note: compare product analytics with Grafana p95, support escalation volume, and release flag history."
EXP-02001,2024-07-13,2024-Q3,ios,search-recommendations,tax quote cache,won,122626,73.94,74.89,0.94,no clear impact,ATLAS-3277,"Decision note: compare product analytics with Grafana p95, support escalation volume, and release flag history."
EXP-02002,2024-07-14,2024-Q3,partner-api,loyalty-service,coupon fallback,lost,202801,81.57,84.56,2.99,conversion improved,ATLAS-1345,"Decision note: compare product analytics with Grafana p95, support escalation volume, and release flag history."
EXP-02003,2024-07-15,2024-Q3,mobile-web,checkout-api,checkout button copy,inconclusive,218492,85.11,87.89,2.78,latency increased,ATLAS-3991,"Decision note: compare product analytics with Grafana p95, support escalation volume, and release flag history."
EXP-02004,2024-07-16,2024-Q3,partner-api,auth-gateway,one-click reorder,lost,24279,77.5,78.67,1.16,support tickets increased,ATLAS-3887,"Decision note: compare product analytics with Grafana p95, support escalation volume, and release flag history."
EXP-02005,2024-07-18,2024-Q3,store-kiosk,auth-gateway,payment retry UX,running,58170,84.61,85.22,0.61,latency neutral,ATLAS-1889,"Decision note: compare product analytics with Grafana p95, support escalation volume, and release flag history."
EXP-02006,2024-07-19,2024-Q3,mobile-web,notification-service,payment retry UX,lost,221505,84.97,87.05,2.08,support tickets increased,ATLAS-4949,"Decision note: compare product analytics with Grafana p95, support escalation volume, and release flag history."
EXP-02007,2024-07-20,2024-Q3,mobile-web,inventory-reservation,coupon fallback,won,188128,76.49,79.87,3.38,conversion improved,ATLAS-5078,"Decision note: compare product analytics with Grafana p95, support escalation volume, and release flag history."
EXP-02008,2024-07-21,2024-Q3,store-kiosk,notification-service,payment retry UX,draft,203973,74.12,77.02,2.89,latency increased,ATLAS-1982,"Decision note: compare product analytics with Grafana p95, support escalation volume, and release flag history."
EXP-02009,2024-07-22,2024-Q3,android,pricing-engine,coupon fallback,running,15461,86.54,85.96,-0.58,conversion improved,ATLAS-3245,"Decision note: compare product analytics with Grafana p95, support escalation volume, and release flag history."
EXP-02010,2024-07-23,2024-Q3,store-kiosk,order-ledger,one-click reorder,running,47270,81.79,81.67,-0.11,latency neutral,ATLAS-4677,"Decision note: compare product analytics with Grafana p95, support escalation volume, and release flag history."
EXP-02011,2024-07-24,2024-Q3,ios,auth-gateway,loyalty prompt,rolled back,170778,78.95,83.9,4.95,conversion improved,ATLAS-1230,"Decision note: compare product analytics with Grafana p95, support escalation volume, and release flag history."
EXP-02012,2024-07-25,2024-Q3,ios,auth-gateway,payment retry UX,rolled back,149186,74.59,75.12,0.53,latency neutral,ATLAS-5323,"Decision note: compare product analytics with Grafana p95, support escalation volume, and release flag history."
EXP-02013,2024-07-27,2024-Q3,partner-api,payment-orchestrator,inventory warning,inconclusive,120803,88.82,87.73,-1.1,no clear impact,ATLAS-2887,"Decision note: compare product analytics with Grafana p95, support escalation volume, and release flag history."
EXP-02014,2024-07-28,2024-Q3,partner-api,payment-orchestrator,inventory warning,lost,44373,76.27,76.74,0.46,latency increased,ATLAS-5926,"Decision note: compare product analytics with Grafana p95, support escalation volume, and release flag history."
EXP-02015,2024-07-29,2024-Q3,ios,auth-gateway,address validation,won,119804,72.25,74.15,1.9,conversion improved,ATLAS-5070,"Decision note: compare product analytics with Grafana p95, support escalation volume, and release flag history."
EXP-02016,2024-07-30,2024-Q3,ios,inventory-reservation,inventory warning,rolled back,31167,84.66,84.29,-0.37,conversion improved,ATLAS-2306,"Decision note: compare product analytics with Grafana p95, support escalation volume, and release flag history."
EXP-02017,2024-07-31,2024-Q3,partner-api,pricing-engine,coupon fallback,inconclusive,211932,75.67,77.17,1.5,latency neutral,ATLAS-5315,"Decision note: compare product analytics with Grafana p95, support escalation volume, and release flag history."
EXP-02018,2024-08-01,2024-Q3,partner-api,tax-service,loyalty prompt,inconclusive,33710,90.67,92.71,2.04,latency increased,ATLAS-5927,"Decision note: compare product analytics with Grafana p95, support escalation volume, and release flag history."
EXP-02019,2024-08-02,2024-Q3,store-kiosk,payment-orchestrator,address validation,won,80119,87.65,85.73,-1.92,latency increased,ATLAS-3812,"Decision note: compare product analytics with Grafana p95, support escalation volume, and release flag history."
EXP-02020,2024-08-03,2024-Q3,partner-api,notification-service,coupon fallback,lost,124557,77.76,75.33,-2.43,latency neutral,ATLAS-4735,"Decision note: compare product analytics with Grafana p95, support escalation volume, and release flag history."
EXP-02021,2024-08-04,2024-Q3,web,inventory-reservation,payment retry UX,inconclusive,36886,88.57,88.38,-0.2,support tickets increased,ATLAS-3536,"Decision note: compare product analytics with Grafana p95, support escalation volume, and release flag history."
EXP-02022,2024-08-06,2024-Q3,ios,notification-service,loyalty prompt,rolled back,6230,89.24,90.08,0.84,support tickets increased,ATLAS-5022,"Decision note: compare product analytics with Grafana p95, support escalation volume, and release flag history."
EXP-02023,2024-08-07,2024-Q3,mobile-web,inventory-reservation,one-click reorder,lost,163892,79.31,78.78,-0.53,latency neutral,ATLAS-5399,"Decision note: compare product analytics with Grafana p95, support escalation volume, and release flag history."
EXP-02024,2024-08-08,2024-Q3,ios,pricing-engine,address validation,draft,234776,78.97,79.01,0.04,conversion improved,ATLAS-3383,"Decision note: compare product analytics with Grafana p95, support escalation volume, and release flag history."
EXP-02025,2024-08-09,2024-Q3,android,search-recommendations,coupon fallback,inconclusive,145117,76.75,76.81,0.06,support tickets increased,ATLAS-2538,"Decision note: compare product analytics with Grafana p95, support escalation volume, and release flag history."
EXP-02026,2024-08-10,2024-Q3,mobile-web,notification-service,inventory warning,won,142206,73.77,78.87,5.1,latency neutral,ATLAS-4605,"Decision note: compare product analytics with Grafana p95, support escalation volume, and release flag history."
EXP-02027,2024-08-11,2024-Q3,partner-api,search-recommendations,coupon fallback,rolled back,134375,89.74,90.46,0.72,latency increased,ATLAS-1112,"Decision note: compare product analytics with Grafana p95, support escalation volume, and release flag history."
EXP-02028,2024-08-12,2024-Q3,ios,inventory-reservation,payment retry UX,rolled back,23464,86.24,87.52,1.28,no clear impact,ATLAS-1871,"Decision note: compare product analytics with Grafana p95, support escalation volume, and release flag history."
EXP-02029,2024-08-13,2024-Q3,store-kiosk,payment-orchestrator,coupon fallback,inconclusive,18034,80.64,80.64,-0.0,latency neutral,ATLAS-4491,"Decision note: compare product analytics with Grafana p95, support escalation volume, and release flag history."
EXP-02030,2024-08-15,2024-Q3,android,pricing-engine,payment retry UX,running,4919,78.92,78.1,-0.83,latency increased,ATLAS-3545,"Decision note: compare product analytics with Grafana p95, support escalation volume, and release flag history."
EXP-02031,2024-08-16,2024-Q3,store-kiosk,search-recommendations,one-click reorder,rolled back,92292,85.42,89.26,3.84,support tickets increased,ATLAS-2240,"Decision note: compare product analytics with Grafana p95, support escalation volume, and release flag history."
EXP-02032,2024-08-17,2024-Q3,partner-api,loyalty-service,loyalty prompt,inconclusive,57995,72.92,69.7,-3.22,no clear impact,ATLAS-4310,"Decision note: compare product analytics with Grafana p95, support escalation volume, and release flag history."
EXP-02033,2024-08-18,2024-Q3,mobile-web,inventory-reservation,inventory warning,draft,154936,89.35,91.8,2.46,latency increased,ATLAS-1617,"Decision note: compare product analytics with Grafana p95, support escalation volume, and release flag history."
EXP-02034,2024-08-19,2024-Q3,ios,inventory-reservation,loyalty prompt,rolled back,144740,72.07,73.53,1.46,latency neutral,ATLAS-3927,"Decision note: compare product analytics with Grafana p95, support escalation volume, and release flag history."
EXP-02035,2024-08-20,2024-Q3,store-kiosk,cart-service,one-click reorder,draft,148710,89.18,93.62,4.44,latency increased,ATLAS-1518,"Decision note: compare product analytics with Grafana p95, support escalation volume, and release flag history."
EXP-02036,2024-08-21,2024-Q3,android,payment-orchestrator,inventory warning,rolled back,182849,83.12,79.33,-3.79,no clear impact,ATLAS-4518,"Decision note: compare product analytics with Grafana p95, support escalation volume, and release flag history."
EXP-02037,2024-08-22,2024-Q3,ios,analytics-pipeline,checkout button copy,rolled back,94024,86.25,86.88,0.63,conversion improved,ATLAS-3778,"Decision note: compare product analytics with Grafana p95, support escalation volume, and release flag history."
EXP-02038,2024-08-23,2024-Q3,web,loyalty-service,coupon fallback,draft,133590,84.86,84.74,-0.11,latency neutral,ATLAS-3666,"Decision note: compare product analytics with Grafana p95, support escalation volume, and release flag history."
EXP-02039,2024-08-25,2024-Q3,partner-api,payment-orchestrator,address validation,draft,134813,72.68,77.83,5.15,latency increased,ATLAS-1335,"Decision note: compare product analytics with Grafana p95, support escalation volume, and release flag history."
EXP-02040,2024-08-26,2024-Q3,web,checkout-api,payment retry UX,won,75075,79.12,79.77,0.64,conversion improved,ATLAS-3232,"Decision note: compare product analytics with Grafana p95, support escalation volume, and release flag history."
EXP-02041,2024-08-27,2024-Q3,android,search-recommendations,checkout button copy,won,215470,85.33,86.33,1.0,no clear impact,ATLAS-5867,"Decision note: compare product analytics with Grafana p95, support escalation volume, and release flag history."
EXP-02042,2024-08-28,2024-Q3,android,analytics-pipeline,loyalty prompt,lost,204221,77.08,77.49,0.41,latency neutral,ATLAS-5644,"Decision note: compare product analytics with Grafana p95, support escalation volume, and release flag history."
EXP-02043,2024-08-29,2024-Q3,store-kiosk,search-recommendations,payment retry UX,draft,238469,74.3,76.6,2.3,no clear impact,ATLAS-2029,"Decision note: compare product analytics with Grafana p95, support escalation volume, and release flag history."
EXP-02044,2024-08-30,2024-Q3,web,loyalty-service,tax quote cache,lost,238059,79.72,76.95,-2.77,latency increased,ATLAS-2478,"Decision note: compare product analytics with Grafana p95, support escalation volume, and release flag history."
EXP-02045,2024-08-31,2024-Q3,ios,loyalty-service,tax quote cache,rolled back,235230,84.01,88.66,4.65,conversion improved,ATLAS-2456,"Decision note: compare product analytics with Grafana p95, support escalation volume, and release flag history."
EXP-02046,2024-09-01,2024-Q3,web,tax-service,coupon fallback,rolled back,136246,88.05,89.21,1.16,latency increased,ATLAS-4345,"Decision note: compare product analytics with Grafana p95, support escalation volume, and release flag history."
EXP-02047,2024-09-03,2024-Q3,web,search-recommendations,checkout button copy,won,233909,77.12,75.1,-2.03,latency increased,ATLAS-2206,"Decision note: compare product analytics with Grafana p95, support escalation volume, and release flag history."
EXP-02048,2024-09-04,2024-Q3,ios,search-recommendations,one-click reorder,lost,33029,88.63,89.92,1.29,support tickets increased,ATLAS-2581,"Decision note: compare product analytics with Grafana p95, support escalation volume, and release flag history."
EXP-02049,2024-09-05,2024-Q3,partner-api,order-ledger,loyalty prompt,lost,33401,85.03,86.95,1.92,conversion improved,ATLAS-3607,"Decision note: compare product analytics with Grafana p95, support escalation volume, and release flag history."
EXP-02050,2024-09-06,2024-Q3,ios,inventory-reservation,loyalty prompt,won,95259,81.79,85.74,3.95,support tickets increased,ATLAS-2345,"Decision note: compare product analytics with Grafana p95, support escalation volume, and release flag history."
EXP-02051,2024-09-07,2024-Q3,mobile-web,payment-orchestrator,payment retry UX,lost,165134,88.11,91.22,3.11,no clear impact,ATLAS-3715,"Decision note: compare product analytics with Grafana p95, support escalation volume, and release flag history."
EXP-02052,2024-09-08,2024-Q3,ios,pricing-engine,inventory warning,inconclusive,133568,89.57,88.93,-0.64,latency neutral,ATLAS-1991,"Decision note: compare product analytics with Grafana p95, support escalation volume, and release flag history."
EXP-02053,2024-09-09,2024-Q3,store-kiosk,notification-service,payment retry UX,running,46949,90.97,93.09,2.12,support tickets increased,ATLAS-5089,"Decision note: compare product analytics with Grafana p95, support escalation volume, and release flag history."
EXP-02054,2024-09-10,2024-Q3,store-kiosk,cart-service,checkout button copy,draft,37775,74.95,71.57,-3.38,no clear impact,ATLAS-4108,"Decision note: compare product analytics with Grafana p95, support escalation volume, and release flag history."
EXP-02055,2024-09-11,2024-Q3,ios,inventory-reservation,checkout button copy,rolled back,92166,84.14,82.89,-1.25,latency neutral,ATLAS-4688,"Decision note: compare product analytics with Grafana p95, support escalation volume, and release flag history."
EXP-02056,2024-09-13,2024-Q3,android,pricing-engine,inventory warning,rolled back,131893,72.88,74.3,1.42,latency increased,ATLAS-1466,"Decision note: compare product analytics with Grafana p95, support escalation volume, and release flag history."
EXP-02057,2024-09-14,2024-Q3,partner-api,analytics-pipeline,coupon fallback,rolled back,175353,87.34,86.74,-0.6,conversion improved,ATLAS-1699,"Decision note: compare product analytics with Grafana p95, support escalation volume, and release flag history."
EXP-02058,2024-09-15,2024-Q3,mobile-web,checkout-api,checkout button copy,rolled back,54269,75.48,74.16,-1.32,support tickets increased,ATLAS-5513,"Decision note: compare product analytics with Grafana p95, support escalation volume, and release flag history."
EXP-02059,2024-09-16,2024-Q3,mobile-web,analytics-pipeline,address validation,running,137087,89.59,90.41,0.81,latency increased,ATLAS-2937,"Decision note: compare product analytics with Grafana p95, support escalation volume, and release flag history."
EXP-02060,2024-09-17,2024-Q3,ios,inventory-reservation,address validation,draft,30108,83.59,84.62,1.03,latency increased,ATLAS-1361,"Decision note: compare product analytics with Grafana p95, support escalation volume, and release flag history."
EXP-02061,2024-09-18,2024-Q3,android,checkout-api,tax quote cache,won,129052,84.4,83.2,-1.2,latency neutral,ATLAS-5879,"Decision note: compare product analytics with Grafana p95, support escalation volume, and release flag history."
EXP-02062,2024-09-19,2024-Q3,mobile-web,cart-service,loyalty prompt,inconclusive,182377,84.42,89.73,5.31,no clear impact,ATLAS-5690,"Decision note: compare product analytics with Grafana p95, support escalation volume, and release flag history."
EXP-02063,2024-09-20,2024-Q3,ios,cart-service,loyalty prompt,running,114567,73.57,74.6,1.03,latency neutral,ATLAS-3503,"Decision note: compare product analytics with Grafana p95, support escalation volume, and release flag history."
EXP-02064,2024-09-22,2024-Q3,partner-api,checkout-api,payment retry UX,rolled back,141510,87.81,85.83,-1.98,support tickets increased,ATLAS-2402,"Decision note: compare product analytics with Grafana p95, support escalation volume, and release flag history."
EXP-02065,2024-09-23,2024-Q3,android,cart-service,checkout button copy,running,157923,83.57,85.88,2.3,support tickets increased,ATLAS-4690,"Decision note: compare product analytics with Grafana p95, support escalation volume, and release flag history."
EXP-02066,2024-09-24,2024-Q3,mobile-web,search-recommendations,checkout button copy,lost,157416,74.06,74.21,0.15,no clear impact,ATLAS-3571,"Decision note: compare product analytics with Grafana p95, support escalation volume, and release flag history."
EXP-02067,2024-09-25,2024-Q3,store-kiosk,analytics-pipeline,inventory warning,lost,122778,89.65,88.17,-1.48,support tickets increased,ATLAS-2256,"Decision note: compare product analytics with Grafana p95, support escalation volume, and release flag history."
EXP-02068,2024-09-26,2024-Q3,store-kiosk,tax-service,tax quote cache,rolled back,130386,73.6,77.68,4.08,conversion improved,ATLAS-4849,"Decision note: compare product analytics with Grafana p95, support escalation volume, and release flag history."
EXP-02069,2024-09-27,2024-Q3,ios,search-recommendations,one-click reorder,won,86041,81.58,83.08,1.51,no clear impact,ATLAS-1876,"Decision note: compare product analytics with Grafana p95, support escalation volume, and release flag history."
EXP-02070,2024-09-28,2024-Q3,store-kiosk,order-ledger,tax quote cache,draft,6612,78.44,79.91,1.48,latency increased,ATLAS-2931,"Decision note: compare product analytics with Grafana p95, support escalation volume, and release flag history."
EXP-02071,2024-09-29,2024-Q3,mobile-web,notification-service,checkout button copy,draft,229356,79.46,80.23,0.77,conversion improved,ATLAS-2063,"Decision note: compare product analytics with Grafana p95, support escalation volume, and release flag history."
EXP-02072,2024-09-30,2024-Q3,web,notification-service,inventory warning,rolled back,44238,89.45,92.83,3.38,conversion improved,ATLAS-3768,"Decision note: compare product analytics with Grafana p95, support escalation volume, and release flag history."
EXP-02073,2024-10-02,2024-Q4,ios,cart-service,checkout button copy,lost,166200,90.98,86.79,-4.19,latency neutral,ATLAS-3658,"Decision note: compare product analytics with Grafana p95, support escalation volume, and release flag history."
EXP-02074,2024-10-03,2024-Q4,mobile-web,checkout-api,inventory warning,running,53011,74.86,78.97,4.1,latency neutral,ATLAS-2132,"Decision note: compare product analytics with Grafana p95, support escalation volume, and release flag history."
EXP-02075,2024-10-04,2024-Q4,partner-api,loyalty-service,coupon fallback,won,111003,84.98,88.7,3.72,latency neutral,ATLAS-4727,"Decision note: compare product analytics with Grafana p95, support escalation volume, and release flag history."
EXP-02076,2024-10-05,2024-Q4,partner-api,pricing-engine,inventory warning,running,7841,82.92,84.49,1.57,support tickets increased,ATLAS-3450,"Decision note: compare product analytics with Grafana p95, support escalation volume, and release flag history."
EXP-02077,2024-10-06,2024-Q4,android,search-recommendations,coupon fallback,running,4062,77.6,79.51,1.91,latency increased,ATLAS-3675,"Decision note: compare product analytics with Grafana p95, support escalation volume, and release flag history."
EXP-02078,2024-10-07,2024-Q4,mobile-web,analytics-pipeline,payment retry UX,inconclusive,79642,76.27,75.56,-0.7,latency increased,ATLAS-4755,"Decision note: compare product analytics with Grafana p95, support escalation volume, and release flag history."
EXP-02079,2024-10-08,2024-Q4,mobile-web,analytics-pipeline,coupon fallback,rolled back,234059,74.38,74.84,0.46,support tickets increased,ATLAS-4603,"Decision note: compare product analytics with Grafana p95, support escalation volume, and release flag history."
EXP-02080,2024-10-09,2024-Q4,ios,pricing-engine,loyalty prompt,rolled back,106539,81.64,85.66,4.02,conversion improved,ATLAS-2535,"Decision note: compare product analytics with Grafana p95, support escalation volume, and release flag history."
EXP-02081,2024-10-11,2024-Q4,ios,order-ledger,payment retry UX,draft,89258,78.25,80.04,1.79,no clear impact,ATLAS-5573,"Decision note: compare product analytics with Grafana p95, support escalation volume, and release flag history."
EXP-02082,2024-10-12,2024-Q4,web,checkout-api,coupon fallback,won,116231,80.92,78.83,-2.09,support tickets increased,ATLAS-3749,"Decision note: compare product analytics with Grafana p95, support escalation volume, and release flag history."
EXP-02083,2024-10-13,2024-Q4,web,analytics-pipeline,inventory warning,draft,72910,75.29,77.87,2.58,no clear impact,ATLAS-2680,"Decision note: compare product analytics with Grafana p95, support escalation volume, and release flag history."
EXP-02084,2024-10-14,2024-Q4,store-kiosk,tax-service,loyalty prompt,inconclusive,160602,76.76,77.81,1.04,latency neutral,ATLAS-1539,"Decision note: compare product analytics with Grafana p95, support escalation volume, and release flag history."
EXP-02085,2024-10-15,2024-Q4,mobile-web,search-recommendations,tax quote cache,draft,200845,74.32,76.14,1.82,latency increased,ATLAS-3375,"Decision note: compare product analytics with Grafana p95, support escalation volume, and release flag history."
EXP-02086,2024-10-16,2024-Q4,partner-api,pricing-engine,coupon fallback,lost,220440,86.8,85.17,-1.64,no clear impact,ATLAS-4839,"Decision note: compare product analytics with Grafana p95, support escalation volume, and release flag history."
EXP-02087,2024-10-17,2024-Q4,android,pricing-engine,coupon fallback,draft,168584,76.73,76.91,0.18,conversion improved,ATLAS-4512,"Decision note: compare product analytics with Grafana p95, support escalation volume, and release flag history."
EXP-02088,2024-10-18,2024-Q4,web,analytics-pipeline,coupon fallback,draft,47807,88.7,91.43,2.73,latency neutral,ATLAS-1972,"Decision note: compare product analytics with Grafana p95, support escalation volume, and release flag history."
EXP-02089,2024-10-19,2024-Q4,partner-api,notification-service,loyalty prompt,lost,72287,74.09,77.38,3.29,support tickets increased,ATLAS-1357,"Decision note: compare product analytics with Grafana p95, support escalation volume, and release flag history."
EXP-02090,2024-10-21,2024-Q4,mobile-web,order-ledger,inventory warning,rolled back,73107,86.9,84.08,-2.82,no clear impact,ATLAS-6167,"Decision note: compare product analytics with Grafana p95, support escalation volume, and release flag history."
EXP-02091,2024-10-22,2024-Q4,web,search-recommendations,tax quote cache,lost,107752,74.8,70.21,-4.58,latency increased,ATLAS-4807,"Decision note: compare product analytics with Grafana p95, support escalation volume, and release flag history."
EXP-02092,2024-10-23,2024-Q4,web,cart-service,address validation,won,19831,73.88,73.3,-0.59,support tickets increased,ATLAS-1953,"Decision note: compare product analytics with Grafana p95, support escalation volume, and release flag history."
EXP-02093,2024-10-24,2024-Q4,android,search-recommendations,loyalty prompt,inconclusive,46933,73.22,74.92,1.7,latency increased,ATLAS-3352,"Decision note: compare product analytics with Grafana p95, support escalation volume, and release flag history."
EXP-02094,2024-10-25,2024-Q4,store-kiosk,loyalty-service,address validation,inconclusive,162070,80.08,81.24,1.16,conversion improved,ATLAS-5264,"Decision note: compare product analytics with Grafana p95, support escalation volume, and release flag history."
EXP-02095,2024-10-26,2024-Q4,web,auth-gateway,loyalty prompt,draft,143642,90.04,93.41,3.38,latency increased,ATLAS-3105,"Decision note: compare product analytics with Grafana p95, support escalation volume, and release flag history."
EXP-02096,2024-10-27,2024-Q4,web,order-ledger,inventory warning,running,82527,88.25,90.85,2.61,no clear impact,ATLAS-3414,"Decision note: compare product analytics with Grafana p95, support escalation volume, and release flag history."
EXP-02097,2024-10-28,2024-Q4,web,tax-service,address validation,lost,185626,75.07,71.65,-3.42,latency increased,ATLAS-1933,"Decision note: compare product analytics with Grafana p95, support escalation volume, and release flag history."
EXP-02098,2024-10-29,2024-Q4,store-kiosk,pricing-engine,coupon fallback,inconclusive,52373,72.96,77.07,4.1,latency increased,ATLAS-4973,"Decision note: compare product analytics with Grafana p95, support escalation volume, and release flag history."
EXP-02099,2024-10-31,2024-Q4,mobile-web,pricing-engine,address validation,lost,173733,79.58,83.6,4.01,no clear impact,ATLAS-5357,"Decision note: compare product analytics with Grafana p95, support escalation volume, and release flag history."
EXP-02100,2024-11-01,2024-Q4,android,pricing-engine,address validation,rolled back,187070,79.5,78.41,-1.09,conversion improved,ATLAS-1251,"Decision note: compare product analytics with Grafana p95, support escalation volume, and release flag history."
EXP-02101,2024-11-02,2024-Q4,android,cart-service,tax quote cache,won,41728,72.82,78.56,5.74,conversion improved,ATLAS-5470,"Decision note: compare product analytics with Grafana p95, support escalation volume, and release flag history."
EXP-02102,2024-11-03,2024-Q4,store-kiosk,order-ledger,payment retry UX,won,214469,72.06,70.27,-1.79,latency increased,ATLAS-4502,"Decision note: compare product analytics with Grafana p95, support escalation volume, and release flag history."
EXP-02103,2024-11-04,2024-Q4,android,order-ledger,tax quote cache,inconclusive,155265,85.83,83.7,-2.14,latency increased,ATLAS-5727,"Decision note: compare product analytics with Grafana p95, support escalation volume, and release flag history."
EXP-02104,2024-11-05,2024-Q4,store-kiosk,inventory-reservation,payment retry UX,running,94726,79.37,80.84,1.47,support tickets increased,ATLAS-2190,"Decision note: compare product analytics with Grafana p95, support escalation volume, and release flag history."
EXP-02105,2024-11-06,2024-Q4,android,loyalty-service,address validation,draft,47244,84.67,84.48,-0.19,conversion improved,ATLAS-5654,"Decision note: compare product analytics with Grafana p95, support escalation volume, and release flag history."
EXP-02106,2024-11-07,2024-Q4,web,cart-service,coupon fallback,draft,146332,85.42,85.58,0.16,support tickets increased,ATLAS-5373,"Decision note: compare product analytics with Grafana p95, support escalation volume, and release flag history."
EXP-02107,2024-11-09,2024-Q4,android,checkout-api,one-click reorder,won,178983,90.08,88.84,-1.24,latency increased,ATLAS-3812,"Decision note: compare product analytics with Grafana p95, support escalation volume, and release flag history."
EXP-02108,2024-11-10,2024-Q4,mobile-web,order-ledger,coupon fallback,draft,215010,80.96,81.44,0.47,latency increased,ATLAS-3158,"Decision note: compare product analytics with Grafana p95, support escalation volume, and release flag history."
EXP-02109,2024-11-11,2024-Q4,store-kiosk,tax-service,checkout button copy,won,23262,79.19,80.26,1.07,latency increased,ATLAS-1570,"Decision note: compare product analytics with Grafana p95, support escalation volume, and release flag history."
EXP-02110,2024-11-12,2024-Q4,partner-api,loyalty-service,one-click reorder,running,104564,84.93,88.08,3.15,support tickets increased,ATLAS-5479,"Decision note: compare product analytics with Grafana p95, support escalation volume, and release flag history."
EXP-02111,2024-11-13,2024-Q4,mobile-web,payment-orchestrator,one-click reorder,won,176287,89.94,90.45,0.5,no clear impact,ATLAS-1572,"Decision note: compare product analytics with Grafana p95, support escalation volume, and release flag history."
EXP-02112,2024-11-14,2024-Q4,mobile-web,cart-service,address validation,won,20322,76.59,73.69,-2.89,latency increased,ATLAS-1329,"Decision note: compare product analytics with Grafana p95, support escalation volume, and release flag history."
EXP-02113,2024-11-15,2024-Q4,web,notification-service,address validation,rolled back,94512,72.31,75.15,2.84,latency neutral,ATLAS-2386,"Decision note: compare product analytics with Grafana p95, support escalation volume, and release flag history."
EXP-02114,2024-11-16,2024-Q4,partner-api,pricing-engine,coupon fallback,draft,33148,87.08,87.2,0.12,support tickets increased,ATLAS-5152,"Decision note: compare product analytics with Grafana p95, support escalation volume, and release flag history."
EXP-02115,2024-11-17,2024-Q4,partner-api,inventory-reservation,checkout button copy,lost,175915,82.5,84.82,2.32,support tickets increased,ATLAS-2295,"Decision note: compare product analytics with Grafana p95, support escalation volume, and release flag history."
EXP-02116,2024-11-19,2024-Q4,store-kiosk,payment-orchestrator,one-click reorder,rolled back,212956,82.26,78.99,-3.27,conversion improved,ATLAS-5637,"Decision note: compare product analytics with Grafana p95, support escalation volume, and release flag history."
EXP-02117,2024-11-20,2024-Q4,ios,analytics-pipeline,tax quote cache,inconclusive,75139,72.96,69.4,-3.56,no clear impact,ATLAS-3814,"Decision note: compare product analytics with Grafana p95, support escalation volume, and release flag history."
EXP-02118,2024-11-21,2024-Q4,store-kiosk,inventory-reservation,payment retry UX,rolled back,74269,87.27,87.64,0.37,latency increased,ATLAS-1365,"Decision note: compare product analytics with Grafana p95, support escalation volume, and release flag history."
EXP-02119,2024-11-22,2024-Q4,android,tax-service,payment retry UX,rolled back,116158,84.08,79.67,-4.41,latency increased,ATLAS-4803,"Decision note: compare product analytics with Grafana p95, support escalation volume, and release flag history."
EXP-02120,2024-11-23,2024-Q4,ios,analytics-pipeline,one-click reorder,draft,210935,82.85,89.92,7.07,no clear impact,ATLAS-2879,"Decision note: compare product analytics with Grafana p95, support escalation volume, and release flag history."
EXP-02121,2024-11-24,2024-Q4,ios,cart-service,inventory warning,rolled back,47406,80.77,83.91,3.14,no clear impact,ATLAS-4953,"Decision note: compare product analytics with Grafana p95, support escalation volume, and release flag history."
EXP-02122,2024-11-25,2024-Q4,web,loyalty-service,loyalty prompt,won,115475,83.36,84.46,1.11,latency increased,ATLAS-1497,"Decision note: compare product analytics with Grafana p95, support escalation volume, and release flag history."
EXP-02123,2024-11-26,2024-Q4,store-kiosk,notification-service,checkout button copy,lost,163819,87.44,90.25,2.81,latency neutral,ATLAS-5147,"Decision note: compare product analytics with Grafana p95, support escalation volume, and release flag history."
EXP-02124,2024-11-28,2024-Q4,partner-api,auth-gateway,loyalty prompt,lost,120345,74.15,76.18,2.03,no clear impact,ATLAS-3360,"Decision note: compare product analytics with Grafana p95, support escalation volume, and release flag history."
EXP-02125,2024-11-29,2024-Q4,web,analytics-pipeline,one-click reorder,lost,113275,82.9,85.17,2.27,support tickets increased,ATLAS-2315,"Decision note: compare product analytics with Grafana p95, support escalation volume, and release flag history."
EXP-02126,2024-11-30,2024-Q4,mobile-web,analytics-pipeline,payment retry UX,won,209206,81.76,79.55,-2.21,latency neutral,ATLAS-2446,"Decision note: compare product analytics with Grafana p95, support escalation volume, and release flag history."
EXP-02127,2024-12-01,2024-Q4,store-kiosk,analytics-pipeline,coupon fallback,inconclusive,28965,85.49,78.25,-7.25,no clear impact,ATLAS-4433,"Decision note: compare product analytics with Grafana p95, support escalation volume, and release flag history."
EXP-02128,2024-12-02,2024-Q4,partner-api,tax-service,tax quote cache,inconclusive,45949,81.08,82.97,1.89,latency neutral,ATLAS-3589,"Decision note: compare product analytics with Grafana p95, support escalation volume, and release flag history."
EXP-02129,2024-12-03,2024-Q4,mobile-web,payment-orchestrator,checkout button copy,lost,238459,77.93,75.27,-2.66,latency increased,ATLAS-1550,"Decision note: compare product analytics with Grafana p95, support escalation volume, and release flag history."
EXP-02130,2024-12-04,2024-Q4,android,payment-orchestrator,checkout button copy,lost,34770,76.16,77.19,1.04,latency neutral,ATLAS-4670,"Decision note: compare product analytics with Grafana p95, support escalation volume, and release flag history."
EXP-02131,2024-12-05,2024-Q4,partner-api,order-ledger,loyalty prompt,rolled back,96780,78.39,79.77,1.38,latency neutral,ATLAS-5955,"Decision note: compare product analytics with Grafana p95, support escalation volume, and release flag history."
EXP-02132,2024-12-06,2024-Q4,web,loyalty-service,payment retry UX,rolled back,126747,82.81,82.92,0.11,conversion improved,ATLAS-4924,"Decision note: compare product analytics with Grafana p95, support escalation volume, and release flag history."
EXP-02133,2024-12-08,2024-Q4,android,analytics-pipeline,payment retry UX,rolled back,178214,76.5,74.84,-1.66,conversion improved,ATLAS-1253,"Decision note: compare product analytics with Grafana p95, support escalation volume, and release flag history."
EXP-02134,2024-12-09,2024-Q4,android,pricing-engine,coupon fallback,inconclusive,37090,79.55,78.26,-1.29,latency neutral,ATLAS-1079,"Decision note: compare product analytics with Grafana p95, support escalation volume, and release flag history."
EXP-02135,2024-12-10,2024-Q4,store-kiosk,analytics-pipeline,loyalty prompt,rolled back,18747,86.52,84.84,-1.69,support tickets increased,ATLAS-1037,"Decision note: compare product analytics with Grafana p95, support escalation volume, and release flag history."
EXP-02136,2024-12-11,2024-Q4,partner-api,order-ledger,payment retry UX,rolled back,197618,73.55,74.36,0.81,latency neutral,ATLAS-6141,"Decision note: compare product analytics with Grafana p95, support escalation volume, and release flag history."
EXP-02137,2024-12-12,2024-Q4,store-kiosk,notification-service,one-click reorder,running,76078,79.77,76.5,-3.26,conversion improved,ATLAS-3438,"Decision note: compare product analytics with Grafana p95, support escalation volume, and release flag history."
EXP-02138,2024-12-13,2024-Q4,web,auth-gateway,address validation,rolled back,155324,77.51,80.43,2.92,latency increased,ATLAS-5457,"Decision note: compare product analytics with Grafana p95, support escalation volume, and release flag history."
EXP-02139,2024-12-14,2024-Q4,partner-api,inventory-reservation,address validation,lost,161550,77.04,74.49,-2.55,latency increased,ATLAS-2782,"Decision note: compare product analytics with Grafana p95, support escalation volume, and release flag history."
EXP-02140,2024-12-15,2024-Q4,partner-api,notification-service,address validation,running,164675,79.02,84.25,5.23,conversion improved,ATLAS-3366,"Decision note: compare product analytics with Grafana p95, support escalation volume, and release flag history."
EXP-02141,2024-12-17,2024-Q4,android,notification-service,loyalty prompt,rolled back,60806,79.92,79.91,-0.02,conversion improved,ATLAS-4097,"Decision note: compare product analytics with Grafana p95, support escalation volume, and release flag history."
EXP-02142,2024-12-18,2024-Q4,store-kiosk,tax-service,inventory warning,rolled back,25232,90.34,90.75,0.41,support tickets increased,ATLAS-6063,"Decision note: compare product analytics with Grafana p95, support escalation volume, and release flag history."
EXP-02143,2024-12-19,2024-Q4,android,pricing-engine,inventory warning,running,64077,73.25,74.23,0.97,latency increased,ATLAS-2450,"Decision note: compare product analytics with Grafana p95, support escalation volume, and release flag history."
EXP-02144,2024-12-20,2024-Q4,android,order-ledger,one-click reorder,lost,16035,82.63,86.02,3.4,no clear impact,ATLAS-3315,"Decision note: compare product analytics with Grafana p95, support escalation volume, and release flag history."
EXP-02145,2024-12-21,2024-Q4,ios,inventory-reservation,payment retry UX,inconclusive,81764,72.66,77.12,4.47,latency increased,ATLAS-5332,"Decision note: compare product analytics with Grafana p95, support escalation volume, and release flag history."
EXP-02146,2024-12-22,2024-Q4,ios,order-ledger,tax quote cache,won,62174,90.09,94.19,4.1,latency neutral,ATLAS-3537,"Decision note: compare product analytics with Grafana p95, support escalation volume, and release flag history."
EXP-02147,2024-12-23,2024-Q4,ios,loyalty-service,inventory warning,won,184039,79.47,82.51,3.04,latency neutral,ATLAS-5539,"Decision note: compare product analytics with Grafana p95, support escalation volume, and release flag history."
EXP-02148,2024-12-24,2024-Q4,web,search-recommendations,loyalty prompt,running,136742,86.18,86.75,0.57,support tickets increased,ATLAS-3024,"Decision note: compare product analytics with Grafana p95, support escalation volume, and release flag history."
EXP-02149,2024-12-25,2024-Q4,mobile-web,analytics-pipeline,tax quote cache,running,161421,72.22,76.51,4.29,latency increased,ATLAS-1490,"Decision note: compare product analytics with Grafana p95, support escalation volume, and release flag history."
EXP-02150,2024-12-27,2024-Q4,android,tax-service,coupon fallback,won,52013,80.87,83.89,3.02,latency neutral,ATLAS-1089,"Decision note: compare product analytics with Grafana p95, support escalation volume, and release flag history."
EXP-02151,2024-12-28,2024-Q4,web,notification-service,inventory warning,won,50696,86.77,88.1,1.33,no clear impact,ATLAS-1312,"Decision note: compare product analytics with Grafana p95, support escalation volume, and release flag history."
EXP-02152,2024-12-29,2024-Q4,mobile-web,loyalty-service,coupon fallback,inconclusive,177239,74.9,75.18,0.27,latency neutral,ATLAS-4479,"Decision note: compare product analytics with Grafana p95, support escalation volume, and release flag history."
EXP-02153,2024-12-30,2024-Q4,android,search-recommendations,coupon fallback,rolled back,221428,78.32,76.33,-1.99,latency increased,ATLAS-1397,"Decision note: compare product analytics with Grafana p95, support escalation volume, and release flag history."
EXP-02154,2024-12-31,2024-Q4,web,cart-service,address validation,won,178866,84.44,88.28,3.84,conversion improved,ATLAS-3825,"Decision note: compare product analytics with Grafana p95, support escalation volume, and release flag history."
EXP-02155,2025-01-01,2025-Q1,partner-api,notification-service,inventory warning,lost,86839,87.93,88.87,0.93,latency neutral,ATLAS-3964,"Decision note: compare product analytics with Grafana p95, support escalation volume, and release flag history."
EXP-02156,2025-01-02,2025-Q1,store-kiosk,payment-orchestrator,loyalty prompt,rolled back,83146,83.82,86.2,2.38,no clear impact,ATLAS-6039,"Decision note: compare product analytics with Grafana p95, support escalation volume, and release flag history."
EXP-02157,2025-01-03,2025-Q1,ios,payment-orchestrator,coupon fallback,inconclusive,158621,81.56,85.09,3.53,latency increased,ATLAS-4407,"Decision note: compare product analytics with Grafana p95, support escalation volume, and release flag history."
EXP-02158,2025-01-05,2025-Q1,android,order-ledger,loyalty prompt,rolled back,121949,80.42,84.34,3.92,conversion improved,ATLAS-4940,"Decision note: compare product analytics with Grafana p95, support escalation volume, and release flag history."
EXP-02159,2025-01-06,2025-Q1,partner-api,notification-service,loyalty prompt,rolled back,101485,79.12,82.11,2.99,latency neutral,ATLAS-5115,"Decision note: compare product analytics with Grafana p95, support escalation volume, and release flag history."
EXP-02160,2025-01-07,2025-Q1,store-kiosk,analytics-pipeline,coupon fallback,draft,228100,76.92,78.79,1.88,no clear impact,ATLAS-2596,"Decision note: compare product analytics with Grafana p95, support escalation volume, and release flag history."
EXP-02161,2025-01-08,2025-Q1,partner-api,tax-service,loyalty prompt,rolled back,88402,90.63,92.17,1.54,latency increased,ATLAS-5075,"Decision note: compare product analytics with Grafana p95, support escalation volume, and release flag history."
EXP-02162,2025-01-09,2025-Q1,store-kiosk,tax-service,checkout button copy,won,208381,80.87,86.81,5.94,latency increased,ATLAS-3538,"Decision note: compare product analytics with Grafana p95, support escalation volume, and release flag history."
EXP-02163,2025-01-10,2025-Q1,store-kiosk,auth-gateway,address validation,draft,142978,77.38,75.78,-1.61,latency increased,ATLAS-5261,"Decision note: compare product analytics with Grafana p95, support escalation volume, and release flag history."
EXP-02164,2025-01-11,2025-Q1,partner-api,search-recommendations,checkout button copy,rolled back,109281,80.49,82.2,1.71,no clear impact,ATLAS-3453,"Decision note: compare product analytics with Grafana p95, support escalation volume, and release flag history."
EXP-02165,2025-01-12,2025-Q1,mobile-web,payment-orchestrator,loyalty prompt,inconclusive,145219,80.67,81.28,0.61,conversion improved,ATLAS-1528,"Decision note: compare product analytics with Grafana p95, support escalation volume, and release flag history."
EXP-02166,2025-01-13,2025-Q1,partner-api,inventory-reservation,coupon fallback,running,28691,83.67,84.58,0.92,conversion improved,ATLAS-4514,"Decision note: compare product analytics with Grafana p95, support escalation volume, and release flag history."
EXP-02167,2025-01-15,2025-Q1,web,auth-gateway,tax quote cache,lost,222441,87.76,85.25,-2.5,latency increased,ATLAS-5698,"Decision note: compare product analytics with Grafana p95, support escalation volume, and release flag history."
EXP-02168,2025-01-16,2025-Q1,mobile-web,checkout-api,tax quote cache,running,207433,73.02,75.79,2.77,support tickets increased,ATLAS-4452,"Decision note: compare product analytics with Grafana p95, support escalation volume, and release flag history."
EXP-02169,2025-01-17,2025-Q1,ios,payment-orchestrator,one-click reorder,running,115819,80.97,84.55,3.58,conversion improved,ATLAS-1371,"Decision note: compare product analytics with Grafana p95, support escalation volume, and release flag history."
EXP-02170,2025-01-18,2025-Q1,ios,search-recommendations,inventory warning,draft,124997,75.15,76.11,0.96,conversion improved,ATLAS-4183,"Decision note: compare product analytics with Grafana p95, support escalation volume, and release flag history."
EXP-02171,2025-01-19,2025-Q1,mobile-web,order-ledger,payment retry UX,won,185536,76.45,78.28,1.83,support tickets increased,ATLAS-3125,"Decision note: compare product analytics with Grafana p95, support escalation volume, and release flag history."
EXP-02172,2025-01-20,2025-Q1,partner-api,notification-service,coupon fallback,won,231891,81.51,79.67,-1.84,support tickets increased,ATLAS-5705,"Decision note: compare product analytics with Grafana p95, support escalation volume, and release flag history."
EXP-02173,2025-01-21,2025-Q1,ios,payment-orchestrator,inventory warning,draft,186653,88.16,83.31,-4.85,support tickets increased,ATLAS-2976,"Decision note: compare product analytics with Grafana p95, support escalation volume, and release flag history."
EXP-02174,2025-01-22,2025-Q1,mobile-web,loyalty-service,address validation,won,166403,84.8,83.59,-1.21,no clear impact,ATLAS-3050,"Decision note: compare product analytics with Grafana p95, support escalation volume, and release flag history."
EXP-02175,2025-01-24,2025-Q1,partner-api,payment-orchestrator,coupon fallback,won,96480,83.29,82.51,-0.78,support tickets increased,ATLAS-3792,"Decision note: compare product analytics with Grafana p95, support escalation volume, and release flag history."
EXP-02176,2025-01-25,2025-Q1,mobile-web,checkout-api,inventory warning,lost,159129,90.6,92.04,1.45,latency increased,ATLAS-4435,"Decision note: compare product analytics with Grafana p95, support escalation volume, and release flag history."
EXP-02177,2025-01-26,2025-Q1,web,inventory-reservation,address validation,lost,44996,82.09,79.59,-2.5,support tickets increased,ATLAS-2213,"Decision note: compare product analytics with Grafana p95, support escalation volume, and release flag history."
EXP-02178,2025-01-27,2025-Q1,web,loyalty-service,one-click reorder,lost,70690,90.15,90.2,0.05,latency increased,ATLAS-3792,"Decision note: compare product analytics with Grafana p95, support escalation volume, and release flag history."
EXP-02179,2025-01-28,2025-Q1,partner-api,notification-service,one-click reorder,draft,49674,73.63,80.21,6.58,latency increased,ATLAS-4577,"Decision note: compare product analytics with Grafana p95, support escalation volume, and release flag history."
EXP-02180,2025-01-29,2025-Q1,mobile-web,tax-service,checkout button copy,running,109430,73.66,71.67,-1.99,support tickets increased,ATLAS-4822,"Decision note: compare product analytics with Grafana p95, support escalation volume, and release flag history."
EXP-02181,2025-01-30,2025-Q1,web,analytics-pipeline,one-click reorder,lost,215056,86.67,90.38,3.71,latency neutral,ATLAS-2364,"Decision note: compare product analytics with Grafana p95, support escalation volume, and release flag history."
EXP-02182,2025-01-31,2025-Q1,ios,tax-service,one-click reorder,lost,48182,82.71,85.95,3.24,latency increased,ATLAS-5524,"Decision note: compare product analytics with Grafana p95, support escalation volume, and release flag history."
EXP-02183,2025-02-01,2025-Q1,web,auth-gateway,payment retry UX,won,209808,73.71,73.29,-0.42,no clear impact,ATLAS-3851,"Decision note: compare product analytics with Grafana p95, support escalation volume, and release flag history."
EXP-02184,2025-02-03,2025-Q1,ios,loyalty-service,inventory warning,running,139278,74.0,79.57,5.58,support tickets increased,ATLAS-3818,"Decision note: compare product analytics with Grafana p95, support escalation volume, and release flag history."
EXP-02185,2025-02-04,2025-Q1,store-kiosk,payment-orchestrator,coupon fallback,won,160117,84.01,80.83,-3.18,latency neutral,ATLAS-1482,"Decision note: compare product analytics with Grafana p95, support escalation volume, and release flag history."
EXP-02186,2025-02-05,2025-Q1,ios,tax-service,loyalty prompt,draft,70428,86.48,92.24,5.75,support tickets increased,ATLAS-2582,"Decision note: compare product analytics with Grafana p95, support escalation volume, and release flag history."
EXP-02187,2025-02-06,2025-Q1,web,inventory-reservation,one-click reorder,won,86021,77.12,79.66,2.54,support tickets increased,ATLAS-2882,"Decision note: compare product analytics with Grafana p95, support escalation volume, and release flag history."
EXP-02188,2025-02-07,2025-Q1,partner-api,payment-orchestrator,payment retry UX,rolled back,181714,84.92,82.82,-2.1,no clear impact,ATLAS-5631,"Decision note: compare product analytics with Grafana p95, support escalation volume, and release flag history."
EXP-02189,2025-02-08,2025-Q1,web,auth-gateway,coupon fallback,rolled back,199760,88.04,85.0,-3.04,support tickets increased,ATLAS-2165,"Decision note: compare product analytics with Grafana p95, support escalation volume, and release flag history."
EXP-02190,2025-02-09,2025-Q1,partner-api,payment-orchestrator,address validation,won,42709,85.45,82.15,-3.3,latency increased,ATLAS-4301,"Decision note: compare product analytics with Grafana p95, support escalation volume, and release flag history."
EXP-02191,2025-02-10,2025-Q1,store-kiosk,tax-service,one-click reorder,won,237060,81.49,82.37,0.88,no clear impact,ATLAS-6051,"Decision note: compare product analytics with Grafana p95, support escalation volume, and release flag history."
EXP-02192,2025-02-12,2025-Q1,web,tax-service,tax quote cache,inconclusive,150656,72.69,73.43,0.75,support tickets increased,ATLAS-1783,"Decision note: compare product analytics with Grafana p95, support escalation volume, and release flag history."
EXP-02193,2025-02-13,2025-Q1,web,analytics-pipeline,checkout button copy,draft,62976,88.46,88.95,0.49,latency neutral,ATLAS-2991,"Decision note: compare product analytics with Grafana p95, support escalation volume, and release flag history."
EXP-02194,2025-02-14,2025-Q1,store-kiosk,pricing-engine,tax quote cache,rolled back,125542,88.12,89.39,1.27,conversion improved,ATLAS-5307,"Decision note: compare product analytics with Grafana p95, support escalation volume, and release flag history."
EXP-02195,2025-02-15,2025-Q1,android,tax-service,address validation,inconclusive,147919,79.85,83.82,3.97,latency neutral,ATLAS-4156,"Decision note: compare product analytics with Grafana p95, support escalation volume, and release flag history."
EXP-02196,2025-02-16,2025-Q1,store-kiosk,analytics-pipeline,one-click reorder,won,134468,76.17,79.49,3.32,no clear impact,ATLAS-4132,"Decision note: compare product analytics with Grafana p95, support escalation volume, and release flag history."
EXP-02197,2025-02-17,2025-Q1,android,notification-service,payment retry UX,won,77092,73.63,76.98,3.35,conversion improved,ATLAS-5940,"Decision note: compare product analytics with Grafana p95, support escalation volume, and release flag history."
EXP-02198,2025-02-18,2025-Q1,store-kiosk,notification-service,coupon fallback,running,37664,86.76,89.85,3.09,latency increased,ATLAS-3541,"Decision note: compare product analytics with Grafana p95, support escalation volume, and release flag history."
EXP-02199,2025-02-19,2025-Q1,partner-api,loyalty-service,inventory warning,rolled back,167713,75.11,75.17,0.05,latency neutral,ATLAS-4160,"Decision note: compare product analytics with Grafana p95, support escalation volume, and release flag history."
EXP-02200,2025-02-20,2025-Q1,android,payment-orchestrator,coupon fallback,rolled back,26529,82.17,86.78,4.61,latency increased,ATLAS-1243,"Decision note: compare product analytics with Grafana p95, support escalation volume, and release flag history."
EXP-02201,2025-02-22,2025-Q1,partner-api,cart-service,checkout button copy,inconclusive,161932,90.11,91.13,1.01,no clear impact,ATLAS-1603,"Decision note: compare product analytics with Grafana p95, support escalation volume, and release flag history."
EXP-02202,2025-02-23,2025-Q1,ios,notification-service,checkout button copy,inconclusive,14487,88.58,87.4,-1.18,conversion improved,ATLAS-2736,"Decision note: compare product analytics with Grafana p95, support escalation volume, and release flag history."
EXP-02203,2025-02-24,2025-Q1,web,payment-orchestrator,inventory warning,running,102168,89.06,87.71,-1.35,support tickets increased,ATLAS-5865,"Decision note: compare product analytics with Grafana p95, support escalation volume, and release flag history."
EXP-02204,2025-02-25,2025-Q1,store-kiosk,cart-service,tax quote cache,rolled back,118672,73.08,75.23,2.15,support tickets increased,ATLAS-1914,"Decision note: compare product analytics with Grafana p95, support escalation volume, and release flag history."
EXP-02205,2025-02-26,2025-Q1,ios,order-ledger,coupon fallback,draft,238594,76.86,79.24,2.38,no clear impact,ATLAS-4596,"Decision note: compare product analytics with Grafana p95, support escalation volume, and release flag history."
EXP-02206,2025-02-27,2025-Q1,web,payment-orchestrator,payment retry UX,won,85590,84.56,87.93,3.37,latency neutral,ATLAS-4156,"Decision note: compare product analytics with Grafana p95, support escalation volume, and release flag history."
EXP-02207,2025-02-28,2025-Q1,android,analytics-pipeline,address validation,running,113561,79.57,81.35,1.78,no clear impact,ATLAS-2965,"Decision note: compare product analytics with Grafana p95, support escalation volume, and release flag history."
EXP-02208,2025-03-01,2025-Q1,partner-api,tax-service,loyalty prompt,rolled back,108383,86.75,86.31,-0.44,latency increased,ATLAS-4788,"Decision note: compare product analytics with Grafana p95, support escalation volume, and release flag history."
EXP-02209,2025-03-03,2025-Q1,ios,tax-service,tax quote cache,running,98365,89.68,89.33,-0.35,latency increased,ATLAS-4831,"Decision note: compare product analytics with Grafana p95, support escalation volume, and release flag history."
EXP-02210,2025-03-04,2025-Q1,web,order-ledger,loyalty prompt,rolled back,234118,77.9,76.1,-1.8,latency increased,ATLAS-2075,"Decision note: compare product analytics with Grafana p95, support escalation volume, and release flag history."
EXP-02211,2025-03-05,2025-Q1,web,checkout-api,inventory warning,draft,95675,85.14,85.36,0.22,latency increased,ATLAS-1851,"Decision note: compare product analytics with Grafana p95, support escalation volume, and release flag history."
EXP-02212,2025-03-06,2025-Q1,partner-api,order-ledger,checkout button copy,draft,21960,85.51,86.85,1.34,no clear impact,ATLAS-1167,"Decision note: compare product analytics with Grafana p95, support escalation volume, and release flag history."
EXP-02213,2025-03-07,2025-Q1,web,search-recommendations,address validation,lost,158509,81.66,84.36,2.7,no clear impact,ATLAS-2498,"Decision note: compare product analytics with Grafana p95, support escalation volume, and release flag history."
EXP-02214,2025-03-08,2025-Q1,store-kiosk,order-ledger,coupon fallback,inconclusive,147870,76.26,77.57,1.31,latency increased,ATLAS-4638,"Decision note: compare product analytics with Grafana p95, support escalation volume, and release flag history."
EXP-02215,2025-03-09,2025-Q1,store-kiosk,inventory-reservation,inventory warning,rolled back,180957,82.1,84.23,2.13,no clear impact,ATLAS-2181,"Decision note: compare product analytics with Grafana p95, support escalation volume, and release flag history."
EXP-02216,2025-03-10,2025-Q1,web,pricing-engine,tax quote cache,inconclusive,130727,79.65,77.78,-1.88,no clear impact,ATLAS-2606,"Decision note: compare product analytics with Grafana p95, support escalation volume, and release flag history."
EXP-02217,2025-03-11,2025-Q1,store-kiosk,inventory-reservation,loyalty prompt,draft,46798,81.86,84.87,3.01,conversion improved,ATLAS-5686,"Decision note: compare product analytics with Grafana p95, support escalation volume, and release flag history."
EXP-02218,2025-03-13,2025-Q1,store-kiosk,tax-service,one-click reorder,inconclusive,153111,85.56,89.77,4.21,latency neutral,ATLAS-2215,"Decision note: compare product analytics with Grafana p95, support escalation volume, and release flag history."
EXP-02219,2025-03-14,2025-Q1,android,analytics-pipeline,one-click reorder,draft,183179,77.94,76.52,-1.42,conversion improved,ATLAS-4294,"Decision note: compare product analytics with Grafana p95, support escalation volume, and release flag history."
EXP-02220,2025-03-15,2025-Q1,ios,order-ledger,one-click reorder,won,107711,83.9,82.92,-0.98,no clear impact,ATLAS-3697,"Decision note: compare product analytics with Grafana p95, support escalation volume, and release flag history."
EXP-02221,2025-03-16,2025-Q1,ios,payment-orchestrator,one-click reorder,won,230601,80.55,81.19,0.64,no clear impact,ATLAS-5187,"Decision note: compare product analytics with Grafana p95, support escalation volume, and release flag history."
EXP-02222,2025-03-17,2025-Q1,android,cart-service,payment retry UX,inconclusive,84699,89.97,90.93,0.96,latency increased,ATLAS-1748,"Decision note: compare product analytics with Grafana p95, support escalation volume, and release flag history."
EXP-02223,2025-03-18,2025-Q1,web,search-recommendations,coupon fallback,draft,61724,73.88,75.07,1.19,support tickets increased,ATLAS-2288,"Decision note: compare product analytics with Grafana p95, support escalation volume, and release flag history."
EXP-02224,2025-03-19,2025-Q1,mobile-web,payment-orchestrator,checkout button copy,inconclusive,35814,73.4,67.88,-5.52,no clear impact,ATLAS-3553,"Decision note: compare product analytics with Grafana p95, support escalation volume, and release flag history."
EXP-02225,2025-03-20,2025-Q1,android,search-recommendations,address validation,draft,8169,80.95,80.31,-0.64,support tickets increased,ATLAS-2696,"Decision note: compare product analytics with Grafana p95, support escalation volume, and release flag history."
EXP-02226,2025-03-22,2025-Q1,android,cart-service,loyalty prompt,inconclusive,78920,89.29,90.62,1.33,latency increased,ATLAS-2148,"Decision note: compare product analytics with Grafana p95, support escalation volume, and release flag history."
EXP-02227,2025-03-23,2025-Q1,mobile-web,notification-service,payment retry UX,running,89801,75.76,76.74,0.98,support tickets increased,ATLAS-3452,"Decision note: compare product analytics with Grafana p95, support escalation volume, and release flag history."
EXP-02228,2025-03-24,2025-Q1,web,payment-orchestrator,inventory warning,running,149134,84.44,84.73,0.29,conversion improved,ATLAS-2470,"Decision note: compare product analytics with Grafana p95, support escalation volume, and release flag history."
EXP-02229,2025-03-25,2025-Q1,web,auth-gateway,payment retry UX,won,53613,81.09,82.86,1.77,conversion improved,ATLAS-1705,"Decision note: compare product analytics with Grafana p95, support escalation volume, and release flag history."
EXP-02230,2025-03-26,2025-Q1,store-kiosk,loyalty-service,one-click reorder,rolled back,180827,82.43,79.88,-2.56,latency increased,ATLAS-3860,"Decision note: compare product analytics with Grafana p95, support escalation volume, and release flag history."
EXP-02231,2025-03-27,2025-Q1,android,inventory-reservation,inventory warning,lost,51517,82.89,82.99,0.1,latency neutral,ATLAS-1592,"Decision note: compare product analytics with Grafana p95, support escalation volume, and release flag history."
EXP-02232,2025-03-28,2025-Q1,mobile-web,auth-gateway,payment retry UX,inconclusive,27336,75.05,71.6,-3.45,latency increased,ATLAS-4104,"Decision note: compare product analytics with Grafana p95, support escalation volume, and release flag history."
EXP-02233,2025-03-29,2025-Q1,android,pricing-engine,payment retry UX,rolled back,5276,78.19,78.34,0.15,conversion improved,ATLAS-4230,"Decision note: compare product analytics with Grafana p95, support escalation volume, and release flag history."
EXP-02234,2025-03-30,2025-Q1,ios,loyalty-service,address validation,rolled back,95929,73.59,74.82,1.23,no clear impact,ATLAS-1538,"Decision note: compare product analytics with Grafana p95, support escalation volume, and release flag history."
EXP-02235,2025-04-01,2025-Q2,mobile-web,auth-gateway,payment retry UX,running,61993,75.04,72.82,-2.22,latency neutral,ATLAS-5763,"Decision note: compare product analytics with Grafana p95, support escalation volume, and release flag history."
EXP-02236,2025-04-02,2025-Q2,partner-api,pricing-engine,address validation,inconclusive,121755,81.77,82.11,0.34,latency increased,ATLAS-1269,"Decision note: compare product analytics with Grafana p95, support escalation volume, and release flag history."
EXP-02237,2025-04-03,2025-Q2,web,payment-orchestrator,loyalty prompt,rolled back,151388,82.24,84.86,2.62,support tickets increased,ATLAS-5752,"Decision note: compare product analytics with Grafana p95, support escalation volume, and release flag history."
EXP-02238,2025-04-04,2025-Q2,store-kiosk,tax-service,payment retry UX,rolled back,55440,86.58,91.67,5.09,support tickets increased,ATLAS-1706,"Decision note: compare product analytics with Grafana p95, support escalation volume, and release flag history."
EXP-02239,2025-04-05,2025-Q2,android,checkout-api,inventory warning,inconclusive,5851,90.89,93.19,2.3,latency increased,ATLAS-2118,"Decision note: compare product analytics with Grafana p95, support escalation volume, and release flag history."
EXP-02240,2025-04-06,2025-Q2,web,inventory-reservation,coupon fallback,draft,44041,85.54,87.08,1.54,latency increased,ATLAS-2505,"Decision note: compare product analytics with Grafana p95, support escalation volume, and release flag history."
EXP-02241,2025-04-07,2025-Q2,ios,cart-service,address validation,running,125444,84.21,84.9,0.69,latency neutral,ATLAS-1740,"Decision note: compare product analytics with Grafana p95, support escalation volume, and release flag history."
EXP-02242,2025-04-08,2025-Q2,ios,search-recommendations,loyalty prompt,won,5500,85.77,87.6,1.83,support tickets increased,ATLAS-6085,"Decision note: compare product analytics with Grafana p95, support escalation volume, and release flag history."
EXP-02243,2025-04-10,2025-Q2,partner-api,analytics-pipeline,coupon fallback,lost,171214,88.41,86.85,-1.56,latency neutral,ATLAS-5603,"Decision note: compare product analytics with Grafana p95, support escalation volume, and release flag history."
EXP-02244,2025-04-11,2025-Q2,android,search-recommendations,inventory warning,draft,31688,79.41,78.52,-0.89,support tickets increased,ATLAS-4137,"Decision note: compare product analytics with Grafana p95, support escalation volume, and release flag history."
EXP-02245,2025-04-12,2025-Q2,android,inventory-reservation,one-click reorder,running,55924,81.83,82.08,0.26,support tickets increased,ATLAS-2894,"Decision note: compare product analytics with Grafana p95, support escalation volume, and release flag history."
EXP-02246,2025-04-13,2025-Q2,mobile-web,tax-service,address validation,running,165620,82.56,82.84,0.28,latency increased,ATLAS-3706,"Decision note: compare product analytics with Grafana p95, support escalation volume, and release flag history."
EXP-02247,2025-04-14,2025-Q2,store-kiosk,order-ledger,tax quote cache,lost,89453,85.47,83.39,-2.07,latency neutral,ATLAS-3199,"Decision note: compare product analytics with Grafana p95, support escalation volume, and release flag history."
EXP-02248,2025-04-15,2025-Q2,store-kiosk,auth-gateway,one-click reorder,draft,105088,75.2,76.24,1.05,latency neutral,ATLAS-3203,"Decision note: compare product analytics with Grafana p95, support escalation volume, and release flag history."
EXP-02249,2025-04-16,2025-Q2,partner-api,cart-service,coupon fallback,inconclusive,154375,77.67,77.62,-0.04,no clear impact,ATLAS-5469,"Decision note: compare product analytics with Grafana p95, support escalation volume, and release flag history."
EXP-02250,2025-04-17,2025-Q2,partner-api,order-ledger,payment retry UX,won,153298,73.57,72.31,-1.26,no clear impact,ATLAS-3273,"Decision note: compare product analytics with Grafana p95, support escalation volume, and release flag history."
EXP-02251,2025-04-18,2025-Q2,partner-api,payment-orchestrator,coupon fallback,running,213626,90.29,92.63,2.34,no clear impact,ATLAS-4393,"Decision note: compare product analytics with Grafana p95, support escalation volume, and release flag history."
EXP-02252,2025-04-20,2025-Q2,partner-api,payment-orchestrator,checkout button copy,won,50331,89.17,88.42,-0.75,latency increased,ATLAS-5319,"Decision note: compare product analytics with Grafana p95, support escalation volume, and release flag history."
EXP-02253,2025-04-21,2025-Q2,android,cart-service,tax quote cache,lost,57834,72.38,70.59,-1.8,conversion improved,ATLAS-2701,"Decision note: compare product analytics with Grafana p95, support escalation volume, and release flag history."
EXP-02254,2025-04-22,2025-Q2,android,search-recommendations,coupon fallback,rolled back,129510,82.33,83.53,1.2,no clear impact,ATLAS-6117,"Decision note: compare product analytics with Grafana p95, support escalation volume, and release flag history."
EXP-02255,2025-04-23,2025-Q2,android,auth-gateway,loyalty prompt,running,233785,80.67,81.52,0.85,latency increased,ATLAS-2758,"Decision note: compare product analytics with Grafana p95, support escalation volume, and release flag history."
EXP-02256,2025-04-24,2025-Q2,partner-api,payment-orchestrator,coupon fallback,won,149175,75.82,76.06,0.24,support tickets increased,ATLAS-2082,"Decision note: compare product analytics with Grafana p95, support escalation volume, and release flag history."
EXP-02257,2025-04-25,2025-Q2,web,loyalty-service,inventory warning,running,165784,78.22,76.11,-2.11,no clear impact,ATLAS-2857,"Decision note: compare product analytics with Grafana p95, support escalation volume, and release flag history."
EXP-02258,2025-04-26,2025-Q2,web,tax-service,checkout button copy,won,186853,90.95,91.98,1.02,no clear impact,ATLAS-5154,"Decision note: compare product analytics with Grafana p95, support escalation volume, and release flag history."
EXP-02259,2025-04-27,2025-Q2,ios,checkout-api,tax quote cache,lost,70596,73.67,74.3,0.63,conversion improved,ATLAS-5459,"Decision note: compare product analytics with Grafana p95, support escalation volume, and release flag history."
EXP-02260,2025-04-28,2025-Q2,mobile-web,notification-service,one-click reorder,inconclusive,5581,87.06,91.68,4.62,no clear impact,ATLAS-3979,"Decision note: compare product analytics with Grafana p95, support escalation volume, and release flag history."
EXP-02261,2025-04-30,2025-Q2,mobile-web,cart-service,coupon fallback,draft,163078,83.09,86.33,3.24,support tickets increased,ATLAS-5485,"Decision note: compare product analytics with Grafana p95, support escalation volume, and release flag history."
EXP-02262,2025-05-01,2025-Q2,mobile-web,inventory-reservation,address validation,won,199682,88.88,91.24,2.36,conversion improved,ATLAS-2834,"Decision note: compare product analytics with Grafana p95, support escalation volume, and release flag history."
EXP-02263,2025-05-02,2025-Q2,android,inventory-reservation,one-click reorder,running,230269,88.02,84.45,-3.57,conversion improved,ATLAS-5479,"Decision note: compare product analytics with Grafana p95, support escalation volume, and release flag history."
EXP-02264,2025-05-03,2025-Q2,ios,pricing-engine,address validation,inconclusive,60875,85.24,85.74,0.5,support tickets increased,ATLAS-1849,"Decision note: compare product analytics with Grafana p95, support escalation volume, and release flag history."
EXP-02265,2025-05-04,2025-Q2,ios,checkout-api,checkout button copy,won,120645,79.88,79.7,-0.18,conversion improved,ATLAS-4535,"Decision note: compare product analytics with Grafana p95, support escalation volume, and release flag history."
EXP-02266,2025-05-05,2025-Q2,mobile-web,search-recommendations,address validation,draft,148053,72.06,69.65,-2.41,support tickets increased,ATLAS-4752,"Decision note: compare product analytics with Grafana p95, support escalation volume, and release flag history."
EXP-02267,2025-05-06,2025-Q2,store-kiosk,loyalty-service,coupon fallback,lost,36251,74.94,76.29,1.35,support tickets increased,ATLAS-6143,"Decision note: compare product analytics with Grafana p95, support escalation volume, and release flag history."
EXP-02268,2025-05-07,2025-Q2,android,loyalty-service,tax quote cache,running,113394,73.16,76.41,3.26,no clear impact,ATLAS-1894,"Decision note: compare product analytics with Grafana p95, support escalation volume, and release flag history."
EXP-02269,2025-05-09,2025-Q2,mobile-web,cart-service,address validation,won,211707,79.06,79.62,0.56,latency increased,ATLAS-4605,"Decision note: compare product analytics with Grafana p95, support escalation volume, and release flag history."
EXP-02270,2025-05-10,2025-Q2,web,notification-service,loyalty prompt,running,20611,72.7,73.3,0.6,latency neutral,ATLAS-5336,"Decision note: compare product analytics with Grafana p95, support escalation volume, and release flag history."
EXP-02271,2025-05-11,2025-Q2,android,loyalty-service,checkout button copy,draft,81921,76.09,71.83,-4.27,latency increased,ATLAS-2843,"Decision note: compare product analytics with Grafana p95, support escalation volume, and release flag history."
EXP-02272,2025-05-12,2025-Q2,partner-api,search-recommendations,address validation,inconclusive,154709,85.34,84.8,-0.54,latency neutral,ATLAS-2381,"Decision note: compare product analytics with Grafana p95, support escalation volume, and release flag history."
EXP-02273,2025-05-13,2025-Q2,android,payment-orchestrator,loyalty prompt,draft,161370,89.94,89.6,-0.34,conversion improved,ATLAS-4583,"Decision note: compare product analytics with Grafana p95, support escalation volume, and release flag history."
EXP-02274,2025-05-14,2025-Q2,android,loyalty-service,tax quote cache,rolled back,170998,80.29,78.26,-2.03,support tickets increased,ATLAS-1935,"Decision note: compare product analytics with Grafana p95, support escalation volume, and release flag history."
EXP-02275,2025-05-15,2025-Q2,ios,payment-orchestrator,coupon fallback,lost,149760,77.45,75.56,-1.89,latency increased,ATLAS-5386,"Decision note: compare product analytics with Grafana p95, support escalation volume, and release flag history."
EXP-02276,2025-05-16,2025-Q2,ios,auth-gateway,one-click reorder,running,17763,79.38,81.77,2.39,latency neutral,ATLAS-5442,"Decision note: compare product analytics with Grafana p95, support escalation volume, and release flag history."
EXP-02277,2025-05-17,2025-Q2,partner-api,analytics-pipeline,one-click reorder,running,10033,76.88,75.52,-1.36,no clear impact,ATLAS-2472,"Decision note: compare product analytics with Grafana p95, support escalation volume, and release flag history."
EXP-02278,2025-05-19,2025-Q2,store-kiosk,loyalty-service,payment retry UX,lost,103844,78.85,80.94,2.08,latency neutral,ATLAS-3378,"Decision note: compare product analytics with Grafana p95, support escalation volume, and release flag history."
EXP-02279,2025-05-20,2025-Q2,ios,cart-service,checkout button copy,inconclusive,17953,74.03,74.05,0.02,latency increased,ATLAS-4591,"Decision note: compare product analytics with Grafana p95, support escalation volume, and release flag history."
EXP-02280,2025-05-21,2025-Q2,web,notification-service,payment retry UX,rolled back,229263,86.88,86.86,-0.02,latency increased,ATLAS-4357,"Decision note: compare product analytics with Grafana p95, support escalation volume, and release flag history."
EXP-02281,2025-05-22,2025-Q2,partner-api,pricing-engine,payment retry UX,draft,19288,86.73,90.71,3.98,latency increased,ATLAS-5374,"Decision note: compare product analytics with Grafana p95, support escalation volume, and release flag history."
EXP-02282,2025-05-23,2025-Q2,web,loyalty-service,loyalty prompt,draft,106500,77.67,80.03,2.36,support tickets increased,ATLAS-3776,"Decision note: compare product analytics with Grafana p95, support escalation volume, and release flag history."
EXP-02283,2025-05-24,2025-Q2,mobile-web,inventory-reservation,loyalty prompt,running,62609,73.37,71.46,-1.91,support tickets increased,ATLAS-2180,"Decision note: compare product analytics with Grafana p95, support escalation volume, and release flag history."
EXP-02284,2025-05-25,2025-Q2,ios,loyalty-service,payment retry UX,rolled back,210782,75.85,71.21,-4.64,support tickets increased,ATLAS-1110,"Decision note: compare product analytics with Grafana p95, support escalation volume, and release flag history."
EXP-02285,2025-05-26,2025-Q2,partner-api,checkout-api,address validation,rolled back,187484,82.07,84.68,2.61,support tickets increased,ATLAS-1593,"Decision note: compare product analytics with Grafana p95, support escalation volume, and release flag history."
EXP-02286,2025-05-28,2025-Q2,ios,tax-service,loyalty prompt,lost,67934,88.13,88.04,-0.09,latency increased,ATLAS-2796,"Decision note: compare product analytics with Grafana p95, support escalation volume, and release flag history."
EXP-02287,2025-05-29,2025-Q2,partner-api,cart-service,inventory warning,running,38088,89.52,95.03,5.51,conversion improved,ATLAS-5354,"Decision note: compare product analytics with Grafana p95, support escalation volume, and release flag history."
EXP-02288,2025-05-30,2025-Q2,store-kiosk,auth-gateway,address validation,rolled back,214810,89.09,87.69,-1.4,no clear impact,ATLAS-4106,"Decision note: compare product analytics with Grafana p95, support escalation volume, and release flag history."
EXP-02289,2025-05-31,2025-Q2,android,tax-service,loyalty prompt,running,99168,81.55,82.93,1.38,latency increased,ATLAS-6092,"Decision note: compare product analytics with Grafana p95, support escalation volume, and release flag history."
EXP-02290,2025-06-01,2025-Q2,android,payment-orchestrator,address validation,won,230813,76.28,73.52,-2.76,conversion improved,ATLAS-5143,"Decision note: compare product analytics with Grafana p95, support escalation volume, and release flag history."
EXP-02291,2025-06-02,2025-Q2,ios,order-ledger,one-click reorder,draft,28000,85.9,86.17,0.27,support tickets increased,ATLAS-4215,"Decision note: compare product analytics with Grafana p95, support escalation volume, and release flag history."
EXP-02292,2025-06-03,2025-Q2,android,tax-service,coupon fallback,draft,13404,73.25,69.25,-4.0,support tickets increased,ATLAS-2307,"Decision note: compare product analytics with Grafana p95, support escalation volume, and release flag history."
EXP-02293,2025-06-04,2025-Q2,ios,notification-service,address validation,lost,77473,82.72,84.81,2.09,conversion improved,ATLAS-2833,"Decision note: compare product analytics with Grafana p95, support escalation volume, and release flag history."
EXP-02294,2025-06-05,2025-Q2,web,loyalty-service,loyalty prompt,running,173713,73.1,72.91,-0.18,no clear impact,ATLAS-5238,"Decision note: compare product analytics with Grafana p95, support escalation volume, and release flag history."
EXP-02295,2025-06-07,2025-Q2,web,payment-orchestrator,address validation,draft,67047,79.54,81.8,2.26,latency increased,ATLAS-1316,"Decision note: compare product analytics with Grafana p95, support escalation volume, and release flag history."
EXP-02296,2025-06-08,2025-Q2,partner-api,inventory-reservation,tax quote cache,draft,19425,87.16,81.88,-5.28,latency neutral,ATLAS-5666,"Decision note: compare product analytics with Grafana p95, support escalation volume, and release flag history."
EXP-02297,2025-06-09,2025-Q2,partner-api,payment-orchestrator,payment retry UX,inconclusive,205216,78.93,76.89,-2.05,latency neutral,ATLAS-3032,"Decision note: compare product analytics with Grafana p95, support escalation volume, and release flag history."
EXP-02298,2025-06-10,2025-Q2,partner-api,payment-orchestrator,inventory warning,running,65350,83.41,84.78,1.37,support tickets increased,ATLAS-3311,"Decision note: compare product analytics with Grafana p95, support escalation volume, and release flag history."
EXP-02299,2025-06-11,2025-Q2,mobile-web,inventory-reservation,one-click reorder,draft,74617,89.88,90.42,0.54,no clear impact,ATLAS-3569,"Decision note: compare product analytics with Grafana p95, support escalation volume, and release flag history."
EXP-02300,2025-06-12,2025-Q2,android,checkout-api,inventory warning,running,111190,90.08,92.0,1.92,conversion improved,ATLAS-2175,"Decision note: compare product analytics with Grafana p95, support escalation volume, and release flag history."
EXP-02301,2025-06-13,2025-Q2,web,loyalty-service,loyalty prompt,rolled back,230425,75.05,78.19,3.14,support tickets increased,ATLAS-3464,"Decision note: compare product analytics with Grafana p95, support escalation volume, and release flag history."
EXP-02302,2025-06-14,2025-Q2,web,tax-service,coupon fallback,won,9098,81.36,81.85,0.5,no clear impact,ATLAS-1309,"Decision note: compare product analytics with Grafana p95, support escalation volume, and release flag history."
EXP-02303,2025-06-16,2025-Q2,partner-api,inventory-reservation,payment retry UX,draft,202020,78.55,82.89,4.34,latency increased,ATLAS-5689,"Decision note: compare product analytics with Grafana p95, support escalation volume, and release flag history."
EXP-02304,2025-06-17,2025-Q2,ios,order-ledger,checkout button copy,rolled back,96634,78.63,77.38,-1.26,no clear impact,ATLAS-4832,"Decision note: compare product analytics with Grafana p95, support escalation volume, and release flag history."
EXP-02305,2025-06-18,2025-Q2,android,checkout-api,one-click reorder,running,124005,75.06,76.97,1.91,conversion improved,ATLAS-5300,"Decision note: compare product analytics with Grafana p95, support escalation volume, and release flag history."
EXP-02306,2025-06-19,2025-Q2,mobile-web,loyalty-service,address validation,inconclusive,142714,75.12,73.58,-1.54,support tickets increased,ATLAS-5960,"Decision note: compare product analytics with Grafana p95, support escalation volume, and release flag history."
EXP-02307,2025-06-20,2025-Q2,android,payment-orchestrator,tax quote cache,inconclusive,167969,89.44,89.7,0.26,latency neutral,ATLAS-1846,"Decision note: compare product analytics with Grafana p95, support escalation volume, and release flag history."
EXP-02308,2025-06-21,2025-Q2,mobile-web,pricing-engine,payment retry UX,won,57230,72.76,73.86,1.09,conversion improved,ATLAS-5796,"Decision note: compare product analytics with Grafana p95, support escalation volume, and release flag history."
EXP-02309,2025-06-22,2025-Q2,android,loyalty-service,coupon fallback,running,210441,80.12,80.56,0.44,support tickets increased,ATLAS-5121,"Decision note: compare product analytics with Grafana p95, support escalation volume, and release flag history."
EXP-02310,2025-06-23,2025-Q2,store-kiosk,payment-orchestrator,inventory warning,draft,209832,88.73,88.36,-0.37,latency neutral,ATLAS-5415,"Decision note: compare product analytics with Grafana p95, support escalation volume, and release flag history."
EXP-02311,2025-06-24,2025-Q2,android,payment-orchestrator,payment retry UX,rolled back,97468,87.81,89.17,1.36,latency increased,ATLAS-1868,"Decision note: compare product analytics with Grafana p95, support escalation volume, and release flag history."
EXP-02312,2025-06-26,2025-Q2,partner-api,tax-service,payment retry UX,won,198813,80.63,79.04,-1.59,latency increased,ATLAS-1445,"Decision note: compare product analytics with Grafana p95, support escalation volume, and release flag history."
EXP-02313,2025-06-27,2025-Q2,ios,auth-gateway,checkout button copy,running,59121,75.47,72.51,-2.96,no clear impact,ATLAS-5537,"Decision note: compare product analytics with Grafana p95, support escalation volume, and release flag history."
EXP-02314,2025-06-28,2025-Q2,web,tax-service,loyalty prompt,running,186764,76.26,83.62,7.36,no clear impact,ATLAS-3861,"Decision note: compare product analytics with Grafana p95, support escalation volume, and release flag history."
EXP-02315,2025-06-29,2025-Q2,web,loyalty-service,inventory warning,rolled back,116784,83.02,87.34,4.32,latency increased,ATLAS-4606,"Decision note: compare product analytics with Grafana p95, support escalation volume, and release flag history."
EXP-02316,2025-06-30,2025-Q2,android,auth-gateway,tax quote cache,rolled back,119319,80.32,83.4,3.09,conversion improved,ATLAS-2135,"Decision note: compare product analytics with Grafana p95, support escalation volume, and release flag history."
EXP-02317,2025-07-01,2025-Q3,store-kiosk,pricing-engine,loyalty prompt,won,106526,90.86,91.42,0.56,no clear impact,ATLAS-5513,"Decision note: compare product analytics with Grafana p95, support escalation volume, and release flag history."
EXP-02318,2025-07-02,2025-Q3,store-kiosk,payment-orchestrator,tax quote cache,inconclusive,101217,90.02,87.01,-3.0,conversion improved,ATLAS-6124,"Decision note: compare product analytics with Grafana p95, support escalation volume, and release flag history."
EXP-02319,2025-07-03,2025-Q3,ios,loyalty-service,address validation,inconclusive,179319,73.03,74.72,1.69,conversion improved,ATLAS-1051,"Decision note: compare product analytics with Grafana p95, support escalation volume, and release flag history."
EXP-02320,2025-07-05,2025-Q3,partner-api,auth-gateway,tax quote cache,won,166416,78.61,79.74,1.12,conversion improved,ATLAS-5577,"Decision note: compare product analytics with Grafana p95, support escalation volume, and release flag history."
EXP-02321,2025-07-06,2025-Q3,android,loyalty-service,one-click reorder,won,158471,82.39,83.09,0.7,no clear impact,ATLAS-3860,"Decision note: compare product analytics with Grafana p95, support escalation volume, and release flag history."
EXP-02322,2025-07-07,2025-Q3,store-kiosk,checkout-api,loyalty prompt,lost,66938,80.96,83.36,2.41,no clear impact,ATLAS-3264,"Decision note: compare product analytics with Grafana p95, support escalation volume, and release flag history."
EXP-02323,2025-07-08,2025-Q3,mobile-web,inventory-reservation,address validation,running,28498,74.84,77.77,2.92,no clear impact,ATLAS-3848,"Decision note: compare product analytics with Grafana p95, support escalation volume, and release flag history."
EXP-02324,2025-07-09,2025-Q3,partner-api,notification-service,payment retry UX,inconclusive,105426,77.49,80.22,2.72,support tickets increased,ATLAS-2170,"Decision note: compare product analytics with Grafana p95, support escalation volume, and release flag history."
EXP-02325,2025-07-10,2025-Q3,partner-api,inventory-reservation,one-click reorder,running,37406,84.91,87.32,2.41,conversion improved,ATLAS-5640,"Decision note: compare product analytics with Grafana p95, support escalation volume, and release flag history."
EXP-02326,2025-07-11,2025-Q3,android,order-ledger,inventory warning,draft,140594,86.15,86.71,0.56,latency neutral,ATLAS-2211,"Decision note: compare product analytics with Grafana p95, support escalation volume, and release flag history."
EXP-02327,2025-07-12,2025-Q3,ios,pricing-engine,one-click reorder,rolled back,20261,77.07,80.0,2.93,latency neutral,ATLAS-2714,"Decision note: compare product analytics with Grafana p95, support escalation volume, and release flag history."
EXP-02328,2025-07-13,2025-Q3,web,notification-service,loyalty prompt,rolled back,82366,79.83,80.55,0.72,no clear impact,ATLAS-4045,"Decision note: compare product analytics with Grafana p95, support escalation volume, and release flag history."
EXP-02329,2025-07-15,2025-Q3,mobile-web,notification-service,checkout button copy,lost,18776,86.05,89.53,3.47,conversion improved,ATLAS-5991,"Decision note: compare product analytics with Grafana p95, support escalation volume, and release flag history."
EXP-02330,2025-07-16,2025-Q3,partner-api,notification-service,one-click reorder,won,70803,90.79,93.53,2.74,support tickets increased,ATLAS-4316,"Decision note: compare product analytics with Grafana p95, support escalation volume, and release flag history."
EXP-02331,2025-07-17,2025-Q3,store-kiosk,analytics-pipeline,tax quote cache,rolled back,157073,72.49,76.18,3.68,conversion improved,ATLAS-2604,"Decision note: compare product analytics with Grafana p95, support escalation volume, and release flag history."
EXP-02332,2025-07-18,2025-Q3,store-kiosk,tax-service,loyalty prompt,draft,100169,77.87,76.26,-1.61,latency increased,ATLAS-3607,"Decision note: compare product analytics with Grafana p95, support escalation volume, and release flag history."
EXP-02333,2025-07-19,2025-Q3,android,payment-orchestrator,loyalty prompt,draft,142239,88.56,94.0,5.44,conversion improved,ATLAS-4445,"Decision note: compare product analytics with Grafana p95, support escalation volume, and release flag history."
EXP-02334,2025-07-20,2025-Q3,mobile-web,pricing-engine,payment retry UX,draft,114254,90.95,89.88,-1.07,conversion improved,ATLAS-3229,"Decision note: compare product analytics with Grafana p95, support escalation volume, and release flag history."
EXP-02335,2025-07-21,2025-Q3,ios,cart-service,inventory warning,lost,204786,81.84,80.36,-1.49,no clear impact,ATLAS-5448,"Decision note: compare product analytics with Grafana p95, support escalation volume, and release flag history."
EXP-02336,2025-07-22,2025-Q3,web,payment-orchestrator,one-click reorder,draft,202163,86.64,87.71,1.07,latency neutral,ATLAS-4202,"Decision note: compare product analytics with Grafana p95, support escalation volume, and release flag history."
EXP-02337,2025-07-24,2025-Q3,mobile-web,notification-service,checkout button copy,rolled back,216394,80.55,79.75,-0.81,conversion improved,ATLAS-5320,"Decision note: compare product analytics with Grafana p95, support escalation volume, and release flag history."
EXP-02338,2025-07-25,2025-Q3,web,tax-service,address validation,running,17799,86.42,87.63,1.21,support tickets increased,ATLAS-5026,"Decision note: compare product analytics with Grafana p95, support escalation volume, and release flag history."
EXP-02339,2025-07-26,2025-Q3,mobile-web,payment-orchestrator,address validation,running,9197,83.52,84.31,0.79,conversion improved,ATLAS-4858,"Decision note: compare product analytics with Grafana p95, support escalation volume, and release flag history."
EXP-02340,2025-07-27,2025-Q3,web,checkout-api,address validation,inconclusive,117142,84.1,84.5,0.39,latency increased,ATLAS-3849,"Decision note: compare product analytics with Grafana p95, support escalation volume, and release flag history."
EXP-02341,2025-07-28,2025-Q3,ios,cart-service,loyalty prompt,draft,136381,86.4,83.85,-2.55,support tickets increased,ATLAS-4626,"Decision note: compare product analytics with Grafana p95, support escalation volume, and release flag history."
EXP-02342,2025-07-29,2025-Q3,partner-api,analytics-pipeline,address validation,rolled back,215178,76.91,74.56,-2.35,support tickets increased,ATLAS-4785,"Decision note: compare product analytics with Grafana p95, support escalation volume, and release flag history."
EXP-02343,2025-07-30,2025-Q3,store-kiosk,checkout-api,one-click reorder,won,91967,80.78,80.54,-0.24,conversion improved,ATLAS-3471,"Decision note: compare product analytics with Grafana p95, support escalation volume, and release flag history."
EXP-02344,2025-07-31,2025-Q3,mobile-web,cart-service,checkout button copy,rolled back,63935,84.2,85.65,1.45,no clear impact,ATLAS-5357,"Decision note: compare product analytics with Grafana p95, support escalation volume, and release flag history."
EXP-02345,2025-08-01,2025-Q3,web,tax-service,tax quote cache,rolled back,111981,80.64,80.81,0.17,conversion improved,ATLAS-4980,"Decision note: compare product analytics with Grafana p95, support escalation volume, and release flag history."
EXP-02346,2025-08-03,2025-Q3,android,loyalty-service,payment retry UX,lost,13359,82.67,80.49,-2.18,support tickets increased,ATLAS-1216,"Decision note: compare product analytics with Grafana p95, support escalation volume, and release flag history."
EXP-02347,2025-08-04,2025-Q3,mobile-web,checkout-api,one-click reorder,draft,182808,73.6,73.98,0.38,latency neutral,ATLAS-4371,"Decision note: compare product analytics with Grafana p95, support escalation volume, and release flag history."
EXP-02348,2025-08-05,2025-Q3,web,pricing-engine,loyalty prompt,inconclusive,100310,85.4,84.8,-0.6,no clear impact,ATLAS-1689,"Decision note: compare product analytics with Grafana p95, support escalation volume, and release flag history."
EXP-02349,2025-08-06,2025-Q3,web,pricing-engine,loyalty prompt,running,169746,89.72,90.56,0.84,support tickets increased,ATLAS-1882,"Decision note: compare product analytics with Grafana p95, support escalation volume, and release flag history."
EXP-02350,2025-08-07,2025-Q3,ios,search-recommendations,one-click reorder,won,13604,81.69,84.12,2.44,no clear impact,ATLAS-4210,"Decision note: compare product analytics with Grafana p95, support escalation volume, and release flag history."
EXP-02351,2025-08-08,2025-Q3,store-kiosk,payment-orchestrator,payment retry UX,inconclusive,58223,74.04,72.45,-1.59,support tickets increased,ATLAS-5935,"Decision note: compare product analytics with Grafana p95, support escalation volume, and release flag history."
EXP-02352,2025-08-09,2025-Q3,mobile-web,checkout-api,checkout button copy,lost,22814,72.49,70.92,-1.58,latency neutral,ATLAS-3763,"Decision note: compare product analytics with Grafana p95, support escalation volume, and release flag history."
EXP-02353,2025-08-10,2025-Q3,ios,pricing-engine,inventory warning,draft,149827,86.36,86.21,-0.15,no clear impact,ATLAS-2298,"Decision note: compare product analytics with Grafana p95, support escalation volume, and release flag history."
EXP-02354,2025-08-12,2025-Q3,partner-api,inventory-reservation,checkout button copy,won,193910,79.37,80.58,1.21,conversion improved,ATLAS-5206,"Decision note: compare product analytics with Grafana p95, support escalation volume, and release flag history."
EXP-02355,2025-08-13,2025-Q3,partner-api,search-recommendations,payment retry UX,draft,77564,79.29,76.9,-2.39,conversion improved,ATLAS-3346,"Decision note: compare product analytics with Grafana p95, support escalation volume, and release flag history."
EXP-02356,2025-08-14,2025-Q3,store-kiosk,tax-service,checkout button copy,lost,75316,84.15,83.75,-0.4,conversion improved,ATLAS-4739,"Decision note: compare product analytics with Grafana p95, support escalation volume, and release flag history."
EXP-02357,2025-08-15,2025-Q3,android,checkout-api,payment retry UX,rolled back,166205,75.29,73.35,-1.94,latency neutral,ATLAS-4463,"Decision note: compare product analytics with Grafana p95, support escalation volume, and release flag history."
EXP-02358,2025-08-16,2025-Q3,store-kiosk,checkout-api,tax quote cache,won,199916,73.45,74.76,1.31,latency neutral,ATLAS-3569,"Decision note: compare product analytics with Grafana p95, support escalation volume, and release flag history."
EXP-02359,2025-08-17,2025-Q3,partner-api,checkout-api,payment retry UX,running,239238,86.15,88.74,2.59,conversion improved,ATLAS-1875,"Decision note: compare product analytics with Grafana p95, support escalation volume, and release flag history."
EXP-02360,2025-08-18,2025-Q3,partner-api,cart-service,checkout button copy,running,180078,82.1,86.46,4.36,latency neutral,ATLAS-2615,"Decision note: compare product analytics with Grafana p95, support escalation volume, and release flag history."
EXP-02361,2025-08-19,2025-Q3,partner-api,analytics-pipeline,coupon fallback,draft,47997,86.27,88.06,1.79,latency increased,ATLAS-1026,"Decision note: compare product analytics with Grafana p95, support escalation volume, and release flag history."
EXP-02362,2025-08-20,2025-Q3,ios,loyalty-service,loyalty prompt,won,117692,77.75,78.82,1.07,support tickets increased,ATLAS-4163,"Decision note: compare product analytics with Grafana p95, support escalation volume, and release flag history."
EXP-02363,2025-08-22,2025-Q3,web,payment-orchestrator,tax quote cache,inconclusive,236109,80.37,81.82,1.45,latency neutral,ATLAS-2946,"Decision note: compare product analytics with Grafana p95, support escalation volume, and release flag history."
EXP-02364,2025-08-23,2025-Q3,android,payment-orchestrator,coupon fallback,won,91429,86.41,85.6,-0.81,latency increased,ATLAS-5858,"Decision note: compare product analytics with Grafana p95, support escalation volume, and release flag history."
EXP-02365,2025-08-24,2025-Q3,web,order-ledger,payment retry UX,won,42990,87.46,89.52,2.06,support tickets increased,ATLAS-3370,"Decision note: compare product analytics with Grafana p95, support escalation volume, and release flag history."
EXP-02366,2025-08-25,2025-Q3,partner-api,auth-gateway,payment retry UX,won,222732,81.92,83.44,1.52,conversion improved,ATLAS-2468,"Decision note: compare product analytics with Grafana p95, support escalation volume, and release flag history."
EXP-02367,2025-08-26,2025-Q3,ios,notification-service,checkout button copy,lost,70540,90.06,89.21,-0.85,latency increased,ATLAS-4836,"Decision note: compare product analytics with Grafana p95, support escalation volume, and release flag history."
EXP-02368,2025-08-27,2025-Q3,store-kiosk,tax-service,payment retry UX,lost,78001,75.3,79.52,4.21,support tickets increased,ATLAS-4019,"Decision note: compare product analytics with Grafana p95, support escalation volume, and release flag history."
EXP-02369,2025-08-28,2025-Q3,mobile-web,search-recommendations,address validation,rolled back,205124,85.97,85.44,-0.53,latency increased,ATLAS-2518,"Decision note: compare product analytics with Grafana p95, support escalation volume, and release flag history."
EXP-02370,2025-08-29,2025-Q3,android,tax-service,checkout button copy,inconclusive,125257,84.57,80.03,-4.55,support tickets increased,ATLAS-1259,"Decision note: compare product analytics with Grafana p95, support escalation volume, and release flag history."
EXP-02371,2025-08-31,2025-Q3,web,cart-service,payment retry UX,draft,86394,77.25,83.31,6.06,conversion improved,ATLAS-5023,"Decision note: compare product analytics with Grafana p95, support escalation volume, and release flag history."
EXP-02372,2025-09-01,2025-Q3,mobile-web,analytics-pipeline,payment retry UX,won,235472,87.33,90.1,2.78,support tickets increased,ATLAS-2034,"Decision note: compare product analytics with Grafana p95, support escalation volume, and release flag history."
EXP-02373,2025-09-02,2025-Q3,web,checkout-api,coupon fallback,draft,185016,72.41,69.93,-2.49,conversion improved,ATLAS-1846,"Decision note: compare product analytics with Grafana p95, support escalation volume, and release flag history."
EXP-02374,2025-09-03,2025-Q3,ios,inventory-reservation,inventory warning,draft,120221,76.36,77.06,0.7,latency neutral,ATLAS-4481,"Decision note: compare product analytics with Grafana p95, support escalation volume, and release flag history."
EXP-02375,2025-09-04,2025-Q3,android,notification-service,tax quote cache,running,37668,72.43,74.44,2.01,no clear impact,ATLAS-3714,"Decision note: compare product analytics with Grafana p95, support escalation volume, and release flag history."
EXP-02376,2025-09-05,2025-Q3,ios,auth-gateway,tax quote cache,inconclusive,152555,73.23,76.51,3.28,no clear impact,ATLAS-6034,"Decision note: compare product analytics with Grafana p95, support escalation volume, and release flag history."
EXP-02377,2025-09-06,2025-Q3,mobile-web,inventory-reservation,inventory warning,lost,198401,78.04,76.12,-1.92,latency increased,ATLAS-5420,"Decision note: compare product analytics with Grafana p95, support escalation volume, and release flag history."
EXP-02378,2025-09-07,2025-Q3,partner-api,notification-service,checkout button copy,won,157973,87.3,92.29,4.99,no clear impact,ATLAS-4936,"Decision note: compare product analytics with Grafana p95, support escalation volume, and release flag history."
EXP-02379,2025-09-08,2025-Q3,android,cart-service,one-click reorder,running,92846,82.55,86.62,4.06,conversion improved,ATLAS-3278,"Decision note: compare product analytics with Grafana p95, support escalation volume, and release flag history."
EXP-02380,2025-09-10,2025-Q3,mobile-web,analytics-pipeline,payment retry UX,won,39249,88.8,88.34,-0.46,no clear impact,ATLAS-6117,"Decision note: compare product analytics with Grafana p95, support escalation volume, and release flag history."
EXP-02381,2025-09-11,2025-Q3,web,checkout-api,inventory warning,inconclusive,226870,86.8,87.41,0.62,conversion improved,ATLAS-5983,"Decision note: compare product analytics with Grafana p95, support escalation volume, and release flag history."
EXP-02382,2025-09-12,2025-Q3,ios,loyalty-service,checkout button copy,won,9525,89.02,89.12,0.1,latency neutral,ATLAS-4682,"Decision note: compare product analytics with Grafana p95, support escalation volume, and release flag history."
EXP-02383,2025-09-13,2025-Q3,partner-api,cart-service,checkout button copy,rolled back,90605,84.99,84.88,-0.11,latency neutral,ATLAS-5916,"Decision note: compare product analytics with Grafana p95, support escalation volume, and release flag history."
EXP-02384,2025-09-14,2025-Q3,ios,checkout-api,payment retry UX,won,42662,75.01,76.03,1.02,no clear impact,ATLAS-1728,"Decision note: compare product analytics with Grafana p95, support escalation volume, and release flag history."
EXP-02385,2025-09-15,2025-Q3,mobile-web,order-ledger,address validation,rolled back,9024,86.54,86.48,-0.06,latency neutral,ATLAS-1061,"Decision note: compare product analytics with Grafana p95, support escalation volume, and release flag history."
EXP-02386,2025-09-16,2025-Q3,web,cart-service,one-click reorder,won,154411,88.23,89.75,1.52,latency neutral,ATLAS-2671,"Decision note: compare product analytics with Grafana p95, support escalation volume, and release flag history."
EXP-02387,2025-09-17,2025-Q3,web,notification-service,tax quote cache,rolled back,167568,77.47,82.94,5.47,latency neutral,ATLAS-2224,"Decision note: compare product analytics with Grafana p95, support escalation volume, and release flag history."
EXP-02388,2025-09-19,2025-Q3,store-kiosk,order-ledger,one-click reorder,won,7357,84.89,84.96,0.07,support tickets increased,ATLAS-5986,"Decision note: compare product analytics with Grafana p95, support escalation volume, and release flag history."
EXP-02389,2025-09-20,2025-Q3,android,payment-orchestrator,coupon fallback,inconclusive,105918,78.78,83.43,4.65,no clear impact,ATLAS-1607,"Decision note: compare product analytics with Grafana p95, support escalation volume, and release flag history."
EXP-02390,2025-09-21,2025-Q3,partner-api,order-ledger,address validation,draft,187959,76.3,80.99,4.7,conversion improved,ATLAS-3608,"Decision note: compare product analytics with Grafana p95, support escalation volume, and release flag history."
EXP-02391,2025-09-22,2025-Q3,partner-api,inventory-reservation,checkout button copy,draft,227505,84.5,86.05,1.55,no clear impact,ATLAS-5476,"Decision note: compare product analytics with Grafana p95, support escalation volume, and release flag history."
EXP-02392,2025-09-23,2025-Q3,partner-api,order-ledger,coupon fallback,draft,135206,78.1,77.34,-0.77,no clear impact,ATLAS-1592,"Decision note: compare product analytics with Grafana p95, support escalation volume, and release flag history."
EXP-02393,2025-09-24,2025-Q3,mobile-web,tax-service,inventory warning,draft,66826,73.84,73.57,-0.27,latency neutral,ATLAS-2061,"Decision note: compare product analytics with Grafana p95, support escalation volume, and release flag history."
EXP-02394,2025-09-25,2025-Q3,android,auth-gateway,address validation,running,9441,80.21,85.13,4.92,latency increased,ATLAS-1162,"Decision note: compare product analytics with Grafana p95, support escalation volume, and release flag history."
EXP-02395,2025-09-26,2025-Q3,web,payment-orchestrator,one-click reorder,inconclusive,32516,84.55,87.59,3.04,latency neutral,ATLAS-3804,"Decision note: compare product analytics with Grafana p95, support escalation volume, and release flag history."
EXP-02396,2025-09-27,2025-Q3,mobile-web,payment-orchestrator,checkout button copy,won,102125,90.37,90.35,-0.03,no clear impact,ATLAS-3469,"Decision note: compare product analytics with Grafana p95, support escalation volume, and release flag history."
EXP-02397,2025-09-29,2025-Q3,web,cart-service,inventory warning,draft,114274,87.25,87.4,0.16,latency neutral,ATLAS-4921,"Decision note: compare product analytics with Grafana p95, support escalation volume, and release flag history."
EXP-02398,2025-09-30,2025-Q3,mobile-web,loyalty-service,checkout button copy,rolled back,35838,84.78,85.74,0.97,support tickets increased,ATLAS-4287,"Decision note: compare product analytics with Grafana p95, support escalation volume, and release flag history."
EXP-02399,2025-10-01,2025-Q4,android,inventory-reservation,checkout button copy,draft,98645,90.88,93.75,2.88,conversion improved,ATLAS-4788,"Decision note: compare product analytics with Grafana p95, support escalation volume, and release flag history."
EXP-02400,2025-10-02,2025-Q4,store-kiosk,notification-service,tax quote cache,running,194865,82.74,86.39,3.65,conversion improved,ATLAS-3056,"Decision note: compare product analytics with Grafana p95, support escalation volume, and release flag history."
EXP-02401,2025-10-03,2025-Q4,partner-api,search-recommendations,address validation,running,180191,78.35,79.87,1.52,conversion improved,ATLAS-5743,"Decision note: compare product analytics with Grafana p95, support escalation volume, and release flag history."
EXP-02402,2025-10-04,2025-Q4,ios,search-recommendations,inventory warning,rolled back,21266,90.39,90.09,-0.3,support tickets increased,ATLAS-4847,"Decision note: compare product analytics with Grafana p95, support escalation volume, and release flag history."
EXP-02403,2025-10-05,2025-Q4,web,tax-service,tax quote cache,running,80246,77.36,77.34,-0.02,latency increased,ATLAS-6179,"Decision note: compare product analytics with Grafana p95, support escalation volume, and release flag history."
EXP-02404,2025-10-06,2025-Q4,mobile-web,inventory-reservation,address validation,draft,3110,80.0,82.73,2.73,support tickets increased,ATLAS-5813,"Decision note: compare product analytics with Grafana p95, support escalation volume, and release flag history."
EXP-02405,2025-10-08,2025-Q4,android,checkout-api,address validation,draft,148327,89.75,92.89,3.14,latency neutral,ATLAS-1658,"Decision note: compare product analytics with Grafana p95, support escalation volume, and release flag history."
EXP-02406,2025-10-09,2025-Q4,partner-api,analytics-pipeline,tax quote cache,running,65562,81.31,85.65,4.34,conversion improved,ATLAS-5654,"Decision note: compare product analytics with Grafana p95, support escalation volume, and release flag history."
EXP-02407,2025-10-10,2025-Q4,android,loyalty-service,coupon fallback,rolled back,54202,88.25,85.42,-2.84,support tickets increased,ATLAS-2082,"Decision note: compare product analytics with Grafana p95, support escalation volume, and release flag history."
EXP-02408,2025-10-11,2025-Q4,android,notification-service,coupon fallback,running,189643,84.4,82.44,-1.95,no clear impact,ATLAS-1053,"Decision note: compare product analytics with Grafana p95, support escalation volume, and release flag history."
EXP-02409,2025-10-12,2025-Q4,mobile-web,analytics-pipeline,tax quote cache,inconclusive,144049,81.03,84.56,3.53,no clear impact,ATLAS-1415,"Decision note: compare product analytics with Grafana p95, support escalation volume, and release flag history."
EXP-02410,2025-10-13,2025-Q4,partner-api,order-ledger,address validation,lost,147991,82.19,81.47,-0.71,support tickets increased,ATLAS-1600,"Decision note: compare product analytics with Grafana p95, support escalation volume, and release flag history."
EXP-02411,2025-10-14,2025-Q4,mobile-web,tax-service,coupon fallback,draft,209894,79.92,80.52,0.6,latency neutral,ATLAS-4774,"Decision note: compare product analytics with Grafana p95, support escalation volume, and release flag history."
EXP-02412,2025-10-15,2025-Q4,ios,search-recommendations,one-click reorder,running,163613,84.75,88.32,3.57,support tickets increased,ATLAS-2479,"Decision note: compare product analytics with Grafana p95, support escalation volume, and release flag history."
EXP-02413,2025-10-16,2025-Q4,android,pricing-engine,one-click reorder,draft,20552,87.28,85.99,-1.29,conversion improved,ATLAS-4629,"Decision note: compare product analytics with Grafana p95, support escalation volume, and release flag history."
EXP-02414,2025-10-18,2025-Q4,partner-api,inventory-reservation,payment retry UX,won,110346,75.1,81.76,6.65,latency neutral,ATLAS-3679,"Decision note: compare product analytics with Grafana p95, support escalation volume, and release flag history."
EXP-02415,2025-10-19,2025-Q4,ios,notification-service,inventory warning,lost,200374,88.19,91.04,2.85,no clear impact,ATLAS-3795,"Decision note: compare product analytics with Grafana p95, support escalation volume, and release flag history."
EXP-02416,2025-10-20,2025-Q4,partner-api,analytics-pipeline,inventory warning,lost,107272,87.6,84.34,-3.26,latency neutral,ATLAS-1078,"Decision note: compare product analytics with Grafana p95, support escalation volume, and release flag history."
EXP-02417,2025-10-21,2025-Q4,android,auth-gateway,inventory warning,rolled back,178295,84.62,86.46,1.85,latency neutral,ATLAS-6005,"Decision note: compare product analytics with Grafana p95, support escalation volume, and release flag history."
EXP-02418,2025-10-22,2025-Q4,web,cart-service,address validation,inconclusive,71768,87.0,87.74,0.74,no clear impact,ATLAS-6162,"Decision note: compare product analytics with Grafana p95, support escalation volume, and release flag history."
EXP-02419,2025-10-23,2025-Q4,android,inventory-reservation,coupon fallback,running,147032,82.31,81.04,-1.27,latency increased,ATLAS-2055,"Decision note: compare product analytics with Grafana p95, support escalation volume, and release flag history."
EXP-02420,2025-10-24,2025-Q4,ios,cart-service,tax quote cache,running,161893,88.5,89.29,0.79,support tickets increased,ATLAS-5832,"Decision note: compare product analytics with Grafana p95, support escalation volume, and release flag history."
EXP-02421,2025-10-25,2025-Q4,web,order-ledger,inventory warning,rolled back,156241,75.66,80.0,4.33,latency increased,ATLAS-1388,"Decision note: compare product analytics with Grafana p95, support escalation volume, and release flag history."
EXP-02422,2025-10-27,2025-Q4,android,search-recommendations,tax quote cache,lost,137132,83.98,86.47,2.49,latency increased,ATLAS-4821,"Decision note: compare product analytics with Grafana p95, support escalation volume, and release flag history."
EXP-02423,2025-10-28,2025-Q4,ios,cart-service,coupon fallback,inconclusive,53551,79.04,84.53,5.48,support tickets increased,ATLAS-1431,"Decision note: compare product analytics with Grafana p95, support escalation volume, and release flag history."
EXP-02424,2025-10-29,2025-Q4,mobile-web,analytics-pipeline,one-click reorder,draft,195697,86.8,88.6,1.8,no clear impact,ATLAS-5730,"Decision note: compare product analytics with Grafana p95, support escalation volume, and release flag history."
EXP-02425,2025-10-30,2025-Q4,partner-api,order-ledger,payment retry UX,draft,6842,83.86,83.15,-0.71,no clear impact,ATLAS-1532,"Decision note: compare product analytics with Grafana p95, support escalation volume, and release flag history."
EXP-02426,2025-10-31,2025-Q4,web,pricing-engine,one-click reorder,draft,14153,79.77,80.51,0.74,latency neutral,ATLAS-4952,"Decision note: compare product analytics with Grafana p95, support escalation volume, and release flag history."
EXP-02427,2025-11-01,2025-Q4,mobile-web,auth-gateway,inventory warning,draft,32885,89.98,90.96,0.97,conversion improved,ATLAS-4446,"Decision note: compare product analytics with Grafana p95, support escalation volume, and release flag history."
EXP-02428,2025-11-02,2025-Q4,store-kiosk,notification-service,coupon fallback,rolled back,43433,76.51,74.99,-1.52,latency increased,ATLAS-4981,"Decision note: compare product analytics with Grafana p95, support escalation volume, and release flag history."
EXP-02429,2025-11-03,2025-Q4,partner-api,cart-service,loyalty prompt,rolled back,191594,82.18,81.89,-0.29,no clear impact,ATLAS-2973,"Decision note: compare product analytics with Grafana p95, support escalation volume, and release flag history."
EXP-02430,2025-11-04,2025-Q4,mobile-web,auth-gateway,one-click reorder,running,31901,73.59,73.33,-0.26,support tickets increased,ATLAS-3400,"Decision note: compare product analytics with Grafana p95, support escalation volume, and release flag history."
EXP-02431,2025-11-06,2025-Q4,android,search-recommendations,tax quote cache,won,82686,89.66,86.69,-2.97,support tickets increased,ATLAS-2037,"Decision note: compare product analytics with Grafana p95, support escalation volume, and release flag history."
EXP-02432,2025-11-07,2025-Q4,mobile-web,cart-service,tax quote cache,running,136903,74.91,72.26,-2.66,latency increased,ATLAS-2506,"Decision note: compare product analytics with Grafana p95, support escalation volume, and release flag history."
EXP-02433,2025-11-08,2025-Q4,partner-api,order-ledger,payment retry UX,rolled back,20037,77.7,77.7,0.0,latency neutral,ATLAS-6181,"Decision note: compare product analytics with Grafana p95, support escalation volume, and release flag history."
EXP-02434,2025-11-09,2025-Q4,android,cart-service,one-click reorder,inconclusive,80183,79.69,81.8,2.11,no clear impact,ATLAS-5964,"Decision note: compare product analytics with Grafana p95, support escalation volume, and release flag history."
EXP-02435,2025-11-10,2025-Q4,web,loyalty-service,checkout button copy,draft,110705,77.78,77.55,-0.22,no clear impact,ATLAS-5906,"Decision note: compare product analytics with Grafana p95, support escalation volume, and release flag history."
EXP-02436,2025-11-11,2025-Q4,partner-api,payment-orchestrator,address validation,won,182421,90.16,87.57,-2.6,support tickets increased,ATLAS-4792,"Decision note: compare product analytics with Grafana p95, support escalation volume, and release flag history."
EXP-02437,2025-11-12,2025-Q4,store-kiosk,tax-service,coupon fallback,running,131260,75.09,76.23,1.14,latency neutral,ATLAS-2696,"Decision note: compare product analytics with Grafana p95, support escalation volume, and release flag history."
EXP-02438,2025-11-13,2025-Q4,store-kiosk,inventory-reservation,payment retry UX,inconclusive,118697,75.83,75.77,-0.06,support tickets increased,ATLAS-1986,"Decision note: compare product analytics with Grafana p95, support escalation volume, and release flag history."
EXP-02439,2025-11-14,2025-Q4,web,tax-service,checkout button copy,running,47261,76.45,78.81,2.36,latency increased,ATLAS-3185,"Decision note: compare product analytics with Grafana p95, support escalation volume, and release flag history."
EXP-02440,2025-11-16,2025-Q4,android,analytics-pipeline,checkout button copy,running,162962,86.82,85.66,-1.16,latency neutral,ATLAS-5412,"Decision note: compare product analytics with Grafana p95, support escalation volume, and release flag history."
EXP-02441,2025-11-17,2025-Q4,web,checkout-api,loyalty prompt,lost,106678,88.58,86.58,-2.0,support tickets increased,ATLAS-2716,"Decision note: compare product analytics with Grafana p95, support escalation volume, and release flag history."
EXP-02442,2025-11-18,2025-Q4,ios,inventory-reservation,inventory warning,won,136926,80.38,79.97,-0.42,latency increased,ATLAS-4844,"Decision note: compare product analytics with Grafana p95, support escalation volume, and release flag history."
EXP-02443,2025-11-19,2025-Q4,web,tax-service,address validation,draft,51669,84.77,86.04,1.26,conversion improved,ATLAS-5019,"Decision note: compare product analytics with Grafana p95, support escalation volume, and release flag history."
EXP-02444,2025-11-20,2025-Q4,mobile-web,payment-orchestrator,loyalty prompt,draft,22308,88.25,89.65,1.4,support tickets increased,ATLAS-1680,"Decision note: compare product analytics with Grafana p95, support escalation volume, and release flag history."
EXP-02445,2025-11-21,2025-Q4,store-kiosk,analytics-pipeline,checkout button copy,won,55744,79.37,80.64,1.28,no clear impact,ATLAS-1556,"Decision note: compare product analytics with Grafana p95, support escalation volume, and release flag history."
EXP-02446,2025-11-22,2025-Q4,store-kiosk,analytics-pipeline,tax quote cache,rolled back,65073,78.03,80.97,2.94,support tickets increased,ATLAS-2479,"Decision note: compare product analytics with Grafana p95, support escalation volume, and release flag history."
EXP-02447,2025-11-23,2025-Q4,ios,search-recommendations,one-click reorder,inconclusive,133362,72.84,76.91,4.08,latency increased,ATLAS-4553,"Decision note: compare product analytics with Grafana p95, support escalation volume, and release flag history."
EXP-02448,2025-11-25,2025-Q4,android,search-recommendations,loyalty prompt,inconclusive,52568,75.33,75.51,0.18,conversion improved,ATLAS-2145,"Decision note: compare product analytics with Grafana p95, support escalation volume, and release flag history."
EXP-02449,2025-11-26,2025-Q4,store-kiosk,inventory-reservation,inventory warning,won,153987,76.32,76.55,0.23,latency increased,ATLAS-4924,"Decision note: compare product analytics with Grafana p95, support escalation volume, and release flag history."
EXP-02450,2025-11-27,2025-Q4,web,loyalty-service,payment retry UX,rolled back,22713,82.47,86.34,3.88,no clear impact,ATLAS-4270,"Decision note: compare product analytics with Grafana p95, support escalation volume, and release flag history."
EXP-02451,2025-11-28,2025-Q4,ios,checkout-api,address validation,lost,116510,79.47,84.61,5.13,latency neutral,ATLAS-1839,"Decision note: compare product analytics with Grafana p95, support escalation volume, and release flag history."
EXP-02452,2025-11-29,2025-Q4,android,cart-service,coupon fallback,lost,197483,72.53,78.26,5.73,support tickets increased,ATLAS-5461,"Decision note: compare product analytics with Grafana p95, support escalation volume, and release flag history."
EXP-02453,2025-11-30,2025-Q4,mobile-web,pricing-engine,one-click reorder,inconclusive,210370,80.71,82.63,1.92,support tickets increased,ATLAS-2021,"Decision note: compare product analytics with Grafana p95, support escalation volume, and release flag history."
EXP-02454,2025-12-01,2025-Q4,ios,checkout-api,checkout button copy,running,87413,88.81,90.08,1.27,latency increased,ATLAS-1365,"Decision note: compare product analytics with Grafana p95, support escalation volume, and release flag history."
EXP-02455,2025-12-02,2025-Q4,partner-api,loyalty-service,coupon fallback,running,28642,90.11,89.18,-0.93,latency neutral,ATLAS-5445,"Decision note: compare product analytics with Grafana p95, support escalation volume, and release flag history."
EXP-02456,2025-12-03,2025-Q4,android,cart-service,one-click reorder,inconclusive,132813,80.35,81.66,1.31,latency increased,ATLAS-3257,"Decision note: compare product analytics with Grafana p95, support escalation volume, and release flag history."
EXP-02457,2025-12-05,2025-Q4,web,auth-gateway,one-click reorder,draft,203709,77.29,77.09,-0.2,no clear impact,ATLAS-5913,"Decision note: compare product analytics with Grafana p95, support escalation volume, and release flag history."
EXP-02458,2025-12-06,2025-Q4,ios,cart-service,inventory warning,lost,184627,85.18,84.12,-1.06,latency increased,ATLAS-1180,"Decision note: compare product analytics with Grafana p95, support escalation volume, and release flag history."
EXP-02459,2025-12-07,2025-Q4,web,analytics-pipeline,one-click reorder,won,40257,86.77,85.33,-1.44,no clear impact,ATLAS-5825,"Decision note: compare product analytics with Grafana p95, support escalation volume, and release flag history."
EXP-02460,2025-12-08,2025-Q4,mobile-web,checkout-api,coupon fallback,lost,41196,81.18,80.24,-0.94,conversion improved,ATLAS-2272,"Decision note: compare product analytics with Grafana p95, support escalation volume, and release flag history."
EXP-02461,2025-12-09,2025-Q4,web,search-recommendations,inventory warning,rolled back,172025,89.75,93.14,3.39,latency neutral,ATLAS-1611,"Decision note: compare product analytics with Grafana p95, support escalation volume, and release flag history."
EXP-02462,2025-12-10,2025-Q4,store-kiosk,payment-orchestrator,payment retry UX,draft,162230,90.04,93.25,3.21,support tickets increased,ATLAS-3571,"Decision note: compare product analytics with Grafana p95, support escalation volume, and release flag history."
EXP-02463,2025-12-11,2025-Q4,mobile-web,tax-service,inventory warning,won,130082,87.96,91.14,3.18,no clear impact,ATLAS-4781,"Decision note: compare product analytics with Grafana p95, support escalation volume, and release flag history."
EXP-02464,2025-12-12,2025-Q4,web,search-recommendations,tax quote cache,won,215102,81.69,82.4,0.71,conversion improved,ATLAS-4081,"Decision note: compare product analytics with Grafana p95, support escalation volume, and release flag history."
EXP-02465,2025-12-14,2025-Q4,android,search-recommendations,one-click reorder,inconclusive,221716,84.84,84.01,-0.83,support tickets increased,ATLAS-2740,"Decision note: compare product analytics with Grafana p95, support escalation volume, and release flag history."
EXP-02466,2025-12-15,2025-Q4,store-kiosk,order-ledger,coupon fallback,running,237734,72.35,79.59,7.24,latency increased,ATLAS-2210,"Decision note: compare product analytics with Grafana p95, support escalation volume, and release flag history."
EXP-02467,2025-12-16,2025-Q4,mobile-web,auth-gateway,checkout button copy,rolled back,183176,82.73,78.62,-4.11,no clear impact,ATLAS-3893,"Decision note: compare product analytics with Grafana p95, support escalation volume, and release flag history."
EXP-02468,2025-12-17,2025-Q4,store-kiosk,inventory-reservation,inventory warning,draft,109944,87.49,88.74,1.25,support tickets increased,ATLAS-5890,"Decision note: compare product analytics with Grafana p95, support escalation volume, and release flag history."
EXP-02469,2025-12-18,2025-Q4,android,checkout-api,checkout button copy,running,118042,89.41,92.18,2.78,latency increased,ATLAS-2481,"Decision note: compare product analytics with Grafana p95, support escalation volume, and release flag history."
EXP-02470,2025-12-19,2025-Q4,partner-api,inventory-reservation,payment retry UX,running,2776,81.92,79.65,-2.27,no clear impact,ATLAS-3461,"Decision note: compare product analytics with Grafana p95, support escalation volume, and release flag history."
EXP-02471,2025-12-20,2025-Q4,store-kiosk,checkout-api,address validation,draft,225534,82.16,85.05,2.89,latency neutral,ATLAS-1317,"Decision note: compare product analytics with Grafana p95, support escalation volume, and release flag history."
EXP-02472,2025-12-21,2025-Q4,mobile-web,loyalty-service,one-click reorder,inconclusive,11600,89.59,91.54,1.95,conversion improved,ATLAS-4828,"Decision note: compare product analytics with Grafana p95, support escalation volume, and release flag history."
EXP-02473,2025-12-22,2025-Q4,web,checkout-api,coupon fallback,won,34372,87.49,89.79,2.3,conversion improved,ATLAS-1456,"Decision note: compare product analytics with Grafana p95, support escalation volume, and release flag history."
EXP-02474,2025-12-24,2025-Q4,mobile-web,search-recommendations,inventory warning,rolled back,19407,78.44,76.41,-2.03,conversion improved,ATLAS-5920,"Decision note: compare product analytics with Grafana p95, support escalation volume, and release flag history."
EXP-02475,2025-12-25,2025-Q4,web,notification-service,coupon fallback,running,115797,75.59,75.4,-0.18,no clear impact,ATLAS-3378,"Decision note: compare product analytics with Grafana p95, support escalation volume, and release flag history."
EXP-02476,2025-12-26,2025-Q4,web,inventory-reservation,checkout button copy,won,110724,77.27,79.19,1.92,support tickets increased,ATLAS-3960,"Decision note: compare product analytics with Grafana p95, support escalation volume, and release flag history."
EXP-02477,2025-12-27,2025-Q4,web,checkout-api,tax quote cache,won,42238,79.45,81.74,2.29,no clear impact,ATLAS-5996,"Decision note: compare product analytics with Grafana p95, support escalation volume, and release flag history."
EXP-02478,2025-12-28,2025-Q4,mobile-web,pricing-engine,tax quote cache,won,225374,84.84,83.86,-0.98,latency neutral,ATLAS-5109,"Decision note: compare product analytics with Grafana p95, support escalation volume, and release flag history."
EXP-02479,2025-12-29,2025-Q4,partner-api,cart-service,loyalty prompt,won,194831,81.81,82.21,0.4,latency neutral,ATLAS-1241,"Decision note: compare product analytics with Grafana p95, support escalation volume, and release flag history."
EXP-02480,2025-12-30,2025-Q4,web,payment-orchestrator,tax quote cache,running,186367,77.69,82.19,4.51,conversion improved,ATLAS-1418,"Decision note: compare product analytics with Grafana p95, support escalation volume, and release flag history."
EXP-02481,2025-12-31,2025-Q4,android,search-recommendations,loyalty prompt,lost,53079,83.99,83.31,-0.68,latency increased,ATLAS-4477,"Decision note: compare product analytics with Grafana p95, support escalation volume, and release flag history."
EXP-02482,2026-01-02,2026-Q1,mobile-web,payment-orchestrator,payment retry UX,won,236206,86.36,85.48,-0.88,latency neutral,ATLAS-1254,"Decision note: compare product analytics with Grafana p95, support escalation volume, and release flag history."
EXP-02483,2026-01-03,2026-Q1,web,checkout-api,loyalty prompt,running,8278,83.76,87.03,3.27,latency neutral,ATLAS-5930,"Decision note: compare product analytics with Grafana p95, support escalation volume, and release flag history."
EXP-02484,2026-01-04,2026-Q1,web,auth-gateway,loyalty prompt,inconclusive,81543,85.95,84.95,-1.0,latency increased,ATLAS-3426,"Decision note: compare product analytics with Grafana p95, support escalation volume, and release flag history."
EXP-02485,2026-01-05,2026-Q1,ios,checkout-api,one-click reorder,draft,100526,86.66,87.99,1.32,conversion improved,ATLAS-5130,"Decision note: compare product analytics with Grafana p95, support escalation volume, and release flag history."
EXP-02486,2026-01-06,2026-Q1,mobile-web,search-recommendations,one-click reorder,draft,119922,74.25,76.71,2.46,latency neutral,ATLAS-1872,"Decision note: compare product analytics with Grafana p95, support escalation volume, and release flag history."
EXP-02487,2026-01-07,2026-Q1,partner-api,notification-service,inventory warning,draft,238126,80.32,80.57,0.25,support tickets increased,ATLAS-3039,"Decision note: compare product analytics with Grafana p95, support escalation volume, and release flag history."
EXP-02488,2026-01-08,2026-Q1,web,inventory-reservation,tax quote cache,inconclusive,192371,79.61,79.77,0.16,latency neutral,ATLAS-1789,"Decision note: compare product analytics with Grafana p95, support escalation volume, and release flag history."
EXP-02489,2026-01-09,2026-Q1,partner-api,analytics-pipeline,address validation,draft,85164,83.12,80.51,-2.61,latency neutral,ATLAS-3987,"Decision note: compare product analytics with Grafana p95, support escalation volume, and release flag history."
EXP-02490,2026-01-10,2026-Q1,store-kiosk,notification-service,tax quote cache,lost,56980,81.21,81.02,-0.19,conversion improved,ATLAS-2764,"Decision note: compare product analytics with Grafana p95, support escalation volume, and release flag history."
EXP-02491,2026-01-12,2026-Q1,store-kiosk,payment-orchestrator,address validation,running,171671,81.09,82.93,1.83,support tickets increased,ATLAS-4381,"Decision note: compare product analytics with Grafana p95, support escalation volume, and release flag history."
EXP-02492,2026-01-13,2026-Q1,mobile-web,analytics-pipeline,payment retry UX,lost,9562,78.09,77.85,-0.25,support tickets increased,ATLAS-3363,"Decision note: compare product analytics with Grafana p95, support escalation volume, and release flag history."
EXP-02493,2026-01-14,2026-Q1,ios,payment-orchestrator,tax quote cache,draft,172747,86.27,86.36,0.09,latency neutral,ATLAS-5481,"Decision note: compare product analytics with Grafana p95, support escalation volume, and release flag history."
EXP-02494,2026-01-15,2026-Q1,store-kiosk,pricing-engine,checkout button copy,inconclusive,224804,84.6,85.72,1.12,no clear impact,ATLAS-4877,"Decision note: compare product analytics with Grafana p95, support escalation volume, and release flag history."
EXP-02495,2026-01-16,2026-Q1,web,tax-service,inventory warning,rolled back,40635,85.45,89.11,3.66,latency neutral,ATLAS-2244,"Decision note: compare product analytics with Grafana p95, support escalation volume, and release flag history."
EXP-02496,2026-01-17,2026-Q1,partner-api,search-recommendations,payment retry UX,inconclusive,129725,77.15,83.85,6.7,conversion improved,ATLAS-2852,"Decision note: compare product analytics with Grafana p95, support escalation volume, and release flag history."
EXP-02497,2026-01-18,2026-Q1,ios,payment-orchestrator,inventory warning,draft,191227,74.2,75.14,0.94,no clear impact,ATLAS-6072,"Decision note: compare product analytics with Grafana p95, support escalation volume, and release flag history."
EXP-02498,2026-01-19,2026-Q1,mobile-web,payment-orchestrator,tax quote cache,lost,71318,77.75,78.19,0.44,support tickets increased,ATLAS-4830,"Decision note: compare product analytics with Grafana p95, support escalation volume, and release flag history."
EXP-02499,2026-01-21,2026-Q1,mobile-web,order-ledger,tax quote cache,draft,68350,87.89,88.28,0.39,latency neutral,ATLAS-2884,"Decision note: compare product analytics with Grafana p95, support escalation volume, and release flag history."
EXP-02500,2026-01-22,2026-Q1,store-kiosk,inventory-reservation,one-click reorder,draft,205384,90.9,91.18,0.28,conversion improved,ATLAS-2804,"Decision note: compare product analytics with Grafana p95, support escalation volume, and release flag history."
EXP-02501,2026-01-23,2026-Q1,web,cart-service,inventory warning,lost,169512,78.82,82.44,3.61,latency increased,ATLAS-5642,"Decision note: compare product analytics with Grafana p95, support escalation volume, and release flag history."
EXP-02502,2026-01-24,2026-Q1,web,order-ledger,payment retry UX,running,147330,87.83,87.87,0.04,no clear impact,ATLAS-5022,"Decision note: compare product analytics with Grafana p95, support escalation volume, and release flag history."
EXP-02503,2026-01-25,2026-Q1,ios,auth-gateway,loyalty prompt,inconclusive,92950,83.42,85.0,1.57,conversion improved,ATLAS-3316,"Decision note: compare product analytics with Grafana p95, support escalation volume, and release flag history."
EXP-02504,2026-01-26,2026-Q1,store-kiosk,payment-orchestrator,loyalty prompt,running,209475,87.56,86.36,-1.2,conversion improved,ATLAS-4066,"Decision note: compare product analytics with Grafana p95, support escalation volume, and release flag history."
EXP-02505,2026-01-27,2026-Q1,web,notification-service,address validation,won,212824,88.01,82.37,-5.64,latency neutral,ATLAS-1480,"Decision note: compare product analytics with Grafana p95, support escalation volume, and release flag history."
EXP-02506,2026-01-28,2026-Q1,android,auth-gateway,tax quote cache,draft,160788,84.2,87.94,3.74,conversion improved,ATLAS-5941,"Decision note: compare product analytics with Grafana p95, support escalation volume, and release flag history."
EXP-02507,2026-01-29,2026-Q1,partner-api,loyalty-service,payment retry UX,inconclusive,172831,87.99,86.27,-1.72,latency neutral,ATLAS-4190,"Decision note: compare product analytics with Grafana p95, support escalation volume, and release flag history."
EXP-02508,2026-01-31,2026-Q1,mobile-web,auth-gateway,coupon fallback,rolled back,95439,72.09,74.93,2.84,latency neutral,ATLAS-4074,"Decision note: compare product analytics with Grafana p95, support escalation volume, and release flag history."
EXP-02509,2026-02-01,2026-Q1,partner-api,order-ledger,payment retry UX,rolled back,174206,74.52,76.71,2.19,latency neutral,ATLAS-1888,"Decision note: compare product analytics with Grafana p95, support escalation volume, and release flag history."
EXP-02510,2026-02-02,2026-Q1,android,analytics-pipeline,checkout button copy,won,133206,81.66,81.24,-0.42,conversion improved,ATLAS-5997,"Decision note: compare product analytics with Grafana p95, support escalation volume, and release flag history."
EXP-02511,2026-02-03,2026-Q1,mobile-web,checkout-api,one-click reorder,running,47280,86.52,86.22,-0.3,conversion improved,ATLAS-3599,"Decision note: compare product analytics with Grafana p95, support escalation volume, and release flag history."
EXP-02512,2026-02-04,2026-Q1,mobile-web,analytics-pipeline,payment retry UX,running,50996,74.23,72.33,-1.9,latency neutral,ATLAS-2450,"Decision note: compare product analytics with Grafana p95, support escalation volume, and release flag history."
EXP-02513,2026-02-05,2026-Q1,ios,payment-orchestrator,tax quote cache,lost,82197,76.56,76.04,-0.52,latency increased,ATLAS-3368,"Decision note: compare product analytics with Grafana p95, support escalation volume, and release flag history."
EXP-02514,2026-02-06,2026-Q1,ios,payment-orchestrator,tax quote cache,rolled back,48537,72.87,76.37,3.49,support tickets increased,ATLAS-6173,"Decision note: compare product analytics with Grafana p95, support escalation volume, and release flag history."
EXP-02515,2026-02-07,2026-Q1,ios,payment-orchestrator,loyalty prompt,inconclusive,150339,90.65,86.5,-4.15,latency neutral,ATLAS-4322,"Decision note: compare product analytics with Grafana p95, support escalation volume, and release flag history."
EXP-02516,2026-02-09,2026-Q1,web,search-recommendations,tax quote cache,running,170758,73.97,75.98,2.01,support tickets increased,ATLAS-1995,"Decision note: compare product analytics with Grafana p95, support escalation volume, and release flag history."
EXP-02517,2026-02-10,2026-Q1,web,checkout-api,checkout button copy,running,72927,74.9,76.83,1.93,latency increased,ATLAS-6139,"Decision note: compare product analytics with Grafana p95, support escalation volume, and release flag history."
EXP-02518,2026-02-11,2026-Q1,partner-api,loyalty-service,address validation,running,220360,90.5,91.85,1.35,latency increased,ATLAS-5935,"Decision note: compare product analytics with Grafana p95, support escalation volume, and release flag history."
EXP-02519,2026-02-12,2026-Q1,web,analytics-pipeline,coupon fallback,running,63508,76.58,79.16,2.58,latency neutral,ATLAS-4188,"Decision note: compare product analytics with Grafana p95, support escalation volume, and release flag history."
EXP-02520,2026-02-13,2026-Q1,web,loyalty-service,one-click reorder,lost,44608,88.38,88.52,0.14,latency increased,ATLAS-2643,"Decision note: compare product analytics with Grafana p95, support escalation volume, and release flag history."
EXP-02521,2026-02-14,2026-Q1,partner-api,loyalty-service,tax quote cache,inconclusive,143314,85.68,84.87,-0.81,support tickets increased,ATLAS-4840,"Decision note: compare product analytics with Grafana p95, support escalation volume, and release flag history."
EXP-02522,2026-02-15,2026-Q1,web,checkout-api,one-click reorder,inconclusive,208755,74.37,76.93,2.56,no clear impact,ATLAS-5186,"Decision note: compare product analytics with Grafana p95, support escalation volume, and release flag history."
EXP-02523,2026-02-16,2026-Q1,mobile-web,analytics-pipeline,address validation,inconclusive,117843,76.31,75.86,-0.44,latency increased,ATLAS-5148,"Decision note: compare product analytics with Grafana p95, support escalation volume, and release flag history."
EXP-02524,2026-02-17,2026-Q1,android,order-ledger,payment retry UX,draft,149498,90.43,96,6.37,support tickets increased,ATLAS-5722,"Decision note: compare product analytics with Grafana p95, support escalation volume, and release flag history."
EXP-02525,2026-02-19,2026-Q1,store-kiosk,inventory-reservation,one-click reorder,won,184917,86.46,86.59,0.14,latency increased,ATLAS-3224,"Decision note: compare product analytics with Grafana p95, support escalation volume, and release flag history."
EXP-02526,2026-02-20,2026-Q1,partner-api,notification-service,address validation,draft,203793,88.44,85.02,-3.42,support tickets increased,ATLAS-2489,"Decision note: compare product analytics with Grafana p95, support escalation volume, and release flag history."
EXP-02527,2026-02-21,2026-Q1,web,notification-service,inventory warning,rolled back,147750,73.0,72.71,-0.29,support tickets increased,ATLAS-4763,"Decision note: compare product analytics with Grafana p95, support escalation volume, and release flag history."
EXP-02528,2026-02-22,2026-Q1,store-kiosk,notification-service,loyalty prompt,running,4033,78.32,81.42,3.1,no clear impact,ATLAS-2888,"Decision note: compare product analytics with Grafana p95, support escalation volume, and release flag history."
EXP-02529,2026-02-23,2026-Q1,web,auth-gateway,tax quote cache,lost,104069,78.36,76.83,-1.53,latency neutral,ATLAS-4146,"Decision note: compare product analytics with Grafana p95, support escalation volume, and release flag history."
EXP-02530,2026-02-24,2026-Q1,partner-api,analytics-pipeline,one-click reorder,draft,25620,83.11,83.53,0.41,conversion improved,ATLAS-4384,"Decision note: compare product analytics with Grafana p95, support escalation volume, and release flag history."
EXP-02531,2026-02-25,2026-Q1,web,tax-service,payment retry UX,lost,121868,72.13,71.82,-0.31,latency neutral,ATLAS-5645,"Decision note: compare product analytics with Grafana p95, support escalation volume, and release flag history."
EXP-02532,2026-02-26,2026-Q1,mobile-web,analytics-pipeline,one-click reorder,running,26047,88.98,84.81,-4.17,support tickets increased,ATLAS-1940,"Decision note: compare product analytics with Grafana p95, support escalation volume, and release flag history."
EXP-02533,2026-02-28,2026-Q1,mobile-web,checkout-api,one-click reorder,inconclusive,63316,79.9,77.99,-1.9,latency increased,ATLAS-4673,"Decision note: compare product analytics with Grafana p95, support escalation volume, and release flag history."
EXP-02534,2026-03-01,2026-Q1,web,tax-service,checkout button copy,inconclusive,190941,88.7,90.36,1.66,conversion improved,ATLAS-2834,"Decision note: compare product analytics with Grafana p95, support escalation volume, and release flag history."
EXP-02535,2026-03-02,2026-Q1,web,payment-orchestrator,one-click reorder,lost,232551,81.32,80.33,-1.0,latency increased,ATLAS-3953,"Decision note: compare product analytics with Grafana p95, support escalation volume, and release flag history."
EXP-02536,2026-03-03,2026-Q1,web,payment-orchestrator,tax quote cache,lost,185841,77.79,78.11,0.32,conversion improved,ATLAS-2692,"Decision note: compare product analytics with Grafana p95, support escalation volume, and release flag history."
EXP-02537,2026-03-04,2026-Q1,ios,tax-service,payment retry UX,running,28202,79.02,81.01,2.0,latency neutral,ATLAS-2488,"Decision note: compare product analytics with Grafana p95, support escalation volume, and release flag history."
EXP-02538,2026-03-05,2026-Q1,ios,loyalty-service,one-click reorder,rolled back,124297,87.09,84.9,-2.19,no clear impact,ATLAS-4368,"Decision note: compare product analytics with Grafana p95, support escalation volume, and release flag history."
EXP-02539,2026-03-06,2026-Q1,ios,inventory-reservation,coupon fallback,won,109194,87.8,86.74,-1.06,support tickets increased,ATLAS-1237,"Decision note: compare product analytics with Grafana p95, support escalation volume, and release flag history."
EXP-02540,2026-03-07,2026-Q1,mobile-web,notification-service,address validation,rolled back,49110,77.05,76.55,-0.51,conversion improved,ATLAS-1586,"Decision note: compare product analytics with Grafana p95, support escalation volume, and release flag history."
EXP-02541,2026-03-08,2026-Q1,partner-api,inventory-reservation,address validation,won,219989,79.05,77.26,-1.79,conversion improved,ATLAS-2899,"Decision note: compare product analytics with Grafana p95, support escalation volume, and release flag history."
EXP-02542,2026-03-10,2026-Q1,store-kiosk,tax-service,tax quote cache,won,89998,89.0,91.06,2.07,support tickets increased,ATLAS-4857,"Decision note: compare product analytics with Grafana p95, support escalation volume, and release flag history."
EXP-02543,2026-03-11,2026-Q1,store-kiosk,inventory-reservation,payment retry UX,rolled back,22127,84.33,84.97,0.64,latency neutral,ATLAS-2574,"Decision note: compare product analytics with Grafana p95, support escalation volume, and release flag history."
EXP-02544,2026-03-12,2026-Q1,web,analytics-pipeline,payment retry UX,inconclusive,42901,89.7,86.9,-2.8,no clear impact,ATLAS-6033,"Decision note: compare product analytics with Grafana p95, support escalation volume, and release flag history."
EXP-02545,2026-03-13,2026-Q1,store-kiosk,auth-gateway,inventory warning,rolled back,23850,75.89,77.25,1.36,conversion improved,ATLAS-3724,"Decision note: compare product analytics with Grafana p95, support escalation volume, and release flag history."
EXP-02546,2026-03-14,2026-Q1,ios,search-recommendations,checkout button copy,won,65414,72.62,67.88,-4.73,conversion improved,ATLAS-4365,"Decision note: compare product analytics with Grafana p95, support escalation volume, and release flag history."
EXP-02547,2026-03-15,2026-Q1,web,checkout-api,loyalty prompt,running,167754,72.55,71.06,-1.49,latency neutral,ATLAS-5363,"Decision note: compare product analytics with Grafana p95, support escalation volume, and release flag history."
EXP-02548,2026-03-16,2026-Q1,partner-api,checkout-api,payment retry UX,rolled back,61106,82.35,81.63,-0.72,support tickets increased,ATLAS-3467,"Decision note: compare product analytics with Grafana p95, support escalation volume, and release flag history."
EXP-02549,2026-03-17,2026-Q1,web,notification-service,tax quote cache,rolled back,74937,90.48,91.0,0.52,conversion improved,ATLAS-4398,"Decision note: compare product analytics with Grafana p95, support escalation volume, and release flag history."
EXP-02550,2026-03-19,2026-Q1,store-kiosk,analytics-pipeline,coupon fallback,running,15751,74.86,76.06,1.19,latency increased,ATLAS-1722,"Decision note: compare product analytics with Grafana p95, support escalation volume, and release flag history."
EXP-02551,2026-03-20,2026-Q1,web,order-ledger,one-click reorder,inconclusive,225613,83.82,82.7,-1.11,latency neutral,ATLAS-1109,"Decision note: compare product analytics with Grafana p95, support escalation volume, and release flag history."
EXP-02552,2026-03-21,2026-Q1,partner-api,auth-gateway,inventory warning,rolled back,162370,85.96,88.72,2.76,latency neutral,ATLAS-2285,"Decision note: compare product analytics with Grafana p95, support escalation volume, and release flag history."
EXP-02553,2026-03-22,2026-Q1,android,order-ledger,one-click reorder,draft,204322,88.12,92.54,4.42,conversion improved,ATLAS-5477,"Decision note: compare product analytics with Grafana p95, support escalation volume, and release flag history."
EXP-02554,2026-03-23,2026-Q1,store-kiosk,inventory-reservation,inventory warning,rolled back,196895,89.14,94.41,5.27,support tickets increased,ATLAS-3014,"Decision note: compare product analytics with Grafana p95, support escalation volume, and release flag history."
EXP-02555,2026-03-24,2026-Q1,mobile-web,order-ledger,loyalty prompt,running,156426,78.83,81.96,3.13,latency increased,ATLAS-5432,"Decision note: compare product analytics with Grafana p95, support escalation volume, and release flag history."
EXP-02556,2026-03-25,2026-Q1,ios,inventory-reservation,tax quote cache,running,77475,75.07,72.0,-3.07,support tickets increased,ATLAS-1079,"Decision note: compare product analytics with Grafana p95, support escalation volume, and release flag history."
EXP-02557,2026-03-26,2026-Q1,mobile-web,pricing-engine,checkout button copy,draft,71529,80.21,79.18,-1.04,no clear impact,ATLAS-3193,"Decision note: compare product analytics with Grafana p95, support escalation volume, and release flag history."
EXP-02558,2026-03-27,2026-Q1,store-kiosk,search-recommendations,payment retry UX,won,149228,76.49,77.25,0.76,no clear impact,ATLAS-1384,"Decision note: compare product analytics with Grafana p95, support escalation volume, and release flag history."
EXP-02559,2026-03-29,2026-Q1,partner-api,notification-service,tax quote cache,draft,158174,85.61,85.72,0.1,support tickets increased,ATLAS-5010,"Decision note: compare product analytics with Grafana p95, support escalation volume, and release flag history."
EXP-02560,2026-03-30,2026-Q1,android,notification-service,coupon fallback,inconclusive,154797,72.16,73.87,1.71,conversion improved,ATLAS-3934,"Decision note: compare product analytics with Grafana p95, support escalation volume, and release flag history."
EXP-02561,2026-03-31,2026-Q1,store-kiosk,auth-gateway,payment retry UX,lost,18562,74.58,77.46,2.88,latency neutral,ATLAS-6001,"Decision note: compare product analytics with Grafana p95, support escalation volume, and release flag history."
EXP-02562,2026-04-01,2026-Q2,web,cart-service,payment retry UX,running,221443,86.11,87.18,1.07,latency increased,ATLAS-2250,"Decision note: compare product analytics with Grafana p95, support escalation volume, and release flag history."
EXP-02563,2026-04-02,2026-Q2,store-kiosk,pricing-engine,inventory warning,won,177650,87.62,91.25,3.62,no clear impact,ATLAS-4554,"Decision note: compare product analytics with Grafana p95, support escalation volume, and release flag history."
EXP-02564,2026-04-03,2026-Q2,android,analytics-pipeline,tax quote cache,lost,239283,90.78,91.02,0.24,latency increased,ATLAS-1232,"Decision note: compare product analytics with Grafana p95, support escalation volume, and release flag history."
EXP-02565,2026-04-04,2026-Q2,store-kiosk,loyalty-service,address validation,inconclusive,77662,87.67,86.9,-0.77,conversion improved,ATLAS-1258,"Decision note: compare product analytics with Grafana p95, support escalation volume, and release flag history."
EXP-02566,2026-04-05,2026-Q2,partner-api,analytics-pipeline,one-click reorder,draft,93804,84.99,86.49,1.5,conversion improved,ATLAS-1971,"Decision note: compare product analytics with Grafana p95, support escalation volume, and release flag history."
EXP-02567,2026-04-07,2026-Q2,web,auth-gateway,payment retry UX,rolled back,89385,82.81,86.14,3.33,no clear impact,ATLAS-4590,"Decision note: compare product analytics with Grafana p95, support escalation volume, and release flag history."
EXP-02568,2026-04-08,2026-Q2,store-kiosk,order-ledger,address validation,running,50627,76.48,74.28,-2.2,latency neutral,ATLAS-2344,"Decision note: compare product analytics with Grafana p95, support escalation volume, and release flag history."
EXP-02569,2026-04-09,2026-Q2,ios,pricing-engine,loyalty prompt,running,57317,76.38,76.9,0.52,latency neutral,ATLAS-3756,"Decision note: compare product analytics with Grafana p95, support escalation volume, and release flag history."
EXP-02570,2026-04-10,2026-Q2,ios,notification-service,checkout button copy,rolled back,125659,87.11,88.76,1.65,latency neutral,ATLAS-5510,"Decision note: compare product analytics with Grafana p95, support escalation volume, and release flag history."
EXP-02571,2026-04-11,2026-Q2,partner-api,pricing-engine,loyalty prompt,running,103883,82.67,79.45,-3.22,conversion improved,ATLAS-4006,"Decision note: compare product analytics with Grafana p95, support escalation volume, and release flag history."
EXP-02572,2026-04-12,2026-Q2,partner-api,order-ledger,one-click reorder,rolled back,104891,75.45,75.72,0.27,latency neutral,ATLAS-4708,"Decision note: compare product analytics with Grafana p95, support escalation volume, and release flag history."
EXP-02573,2026-04-13,2026-Q2,store-kiosk,cart-service,inventory warning,draft,130795,75.75,75.01,-0.74,latency increased,ATLAS-4602,"Decision note: compare product analytics with Grafana p95, support escalation volume, and release flag history."
EXP-02574,2026-04-14,2026-Q2,web,cart-service,coupon fallback,won,140417,72.88,76.77,3.89,conversion improved,ATLAS-4446,"Decision note: compare product analytics with Grafana p95, support escalation volume, and release flag history."
EXP-02575,2026-04-15,2026-Q2,mobile-web,order-ledger,one-click reorder,lost,82858,79.24,76.29,-2.95,latency neutral,ATLAS-3055,"Decision note: compare product analytics with Grafana p95, support escalation volume, and release flag history."
EXP-02576,2026-04-17,2026-Q2,ios,cart-service,loyalty prompt,rolled back,147524,80.13,80.73,0.6,support tickets increased,ATLAS-2227,"Decision note: compare product analytics with Grafana p95, support escalation volume, and release flag history."
EXP-02577,2026-04-18,2026-Q2,web,inventory-reservation,payment retry UX,lost,14853,77.45,77.16,-0.28,latency increased,ATLAS-3816,"Decision note: compare product analytics with Grafana p95, support escalation volume, and release flag history."
EXP-02578,2026-04-19,2026-Q2,ios,pricing-engine,coupon fallback,won,43246,89.07,89.49,0.42,no clear impact,ATLAS-2173,"Decision note: compare product analytics with Grafana p95, support escalation volume, and release flag history."
EXP-02579,2026-04-20,2026-Q2,android,order-ledger,coupon fallback,rolled back,12426,88.32,91.37,3.06,support tickets increased,ATLAS-6113,"Decision note: compare product analytics with Grafana p95, support escalation volume, and release flag history."
EXP-02580,2026-04-21,2026-Q2,ios,cart-service,one-click reorder,inconclusive,31562,75.92,75.94,0.02,latency increased,ATLAS-4352,"Decision note: compare product analytics with Grafana p95, support escalation volume, and release flag history."
EXP-02581,2026-04-22,2026-Q2,ios,checkout-api,checkout button copy,inconclusive,197517,76.28,78.17,1.89,conversion improved,ATLAS-2341,"Decision note: compare product analytics with Grafana p95, support escalation volume, and release flag history."
EXP-02582,2026-04-23,2026-Q2,partner-api,cart-service,checkout button copy,draft,94299,85.96,85.57,-0.39,no clear impact,ATLAS-4209,"Decision note: compare product analytics with Grafana p95, support escalation volume, and release flag history."
EXP-02583,2026-04-24,2026-Q2,android,auth-gateway,address validation,inconclusive,107532,84.93,85.32,0.39,conversion improved,ATLAS-1215,"Decision note: compare product analytics with Grafana p95, support escalation volume, and release flag history."
EXP-02584,2026-04-26,2026-Q2,web,search-recommendations,one-click reorder,running,190433,87.02,86.76,-0.26,latency neutral,ATLAS-5098,"Decision note: compare product analytics with Grafana p95, support escalation volume, and release flag history."
EXP-02585,2026-04-27,2026-Q2,web,inventory-reservation,payment retry UX,inconclusive,203029,79.69,81.28,1.59,latency neutral,ATLAS-5938,"Decision note: compare product analytics with Grafana p95, support escalation volume, and release flag history."
EXP-02586,2026-04-28,2026-Q2,partner-api,search-recommendations,loyalty prompt,lost,207784,88.76,87.78,-0.98,latency increased,ATLAS-4018,"Decision note: compare product analytics with Grafana p95, support escalation volume, and release flag history."
EXP-02587,2026-04-29,2026-Q2,mobile-web,cart-service,coupon fallback,inconclusive,55461,80.07,85.39,5.32,conversion improved,ATLAS-2933,"Decision note: compare product analytics with Grafana p95, support escalation volume, and release flag history."
EXP-02588,2026-04-30,2026-Q2,ios,tax-service,one-click reorder,inconclusive,121458,80.09,81.38,1.3,latency increased,ATLAS-3614,"Decision note: compare product analytics with Grafana p95, support escalation volume, and release flag history."
EXP-02589,2026-05-01,2026-Q2,android,tax-service,coupon fallback,rolled back,157724,88.15,87.46,-0.7,support tickets increased,ATLAS-1461,"Decision note: compare product analytics with Grafana p95, support escalation volume, and release flag history."
EXP-02590,2026-05-02,2026-Q2,ios,loyalty-service,address validation,draft,113378,79.72,77.02,-2.7,latency increased,ATLAS-3229,"Decision note: compare product analytics with Grafana p95, support escalation volume, and release flag history."
EXP-02591,2026-05-03,2026-Q2,store-kiosk,tax-service,one-click reorder,inconclusive,49804,88.02,94.09,6.07,no clear impact,ATLAS-1657,"Decision note: compare product analytics with Grafana p95, support escalation volume, and release flag history."
EXP-02592,2026-05-04,2026-Q2,mobile-web,cart-service,payment retry UX,draft,206785,86.55,88.39,1.85,conversion improved,ATLAS-6110,"Decision note: compare product analytics with Grafana p95, support escalation volume, and release flag history."
EXP-02593,2026-05-06,2026-Q2,partner-api,pricing-engine,loyalty prompt,draft,143558,77.3,82.89,5.59,support tickets increased,ATLAS-4442,"Decision note: compare product analytics with Grafana p95, support escalation volume, and release flag history."
EXP-02594,2026-05-07,2026-Q2,ios,analytics-pipeline,coupon fallback,won,203408,74.53,77.7,3.17,latency neutral,ATLAS-3552,"Decision note: compare product analytics with Grafana p95, support escalation volume, and release flag history."
EXP-02595,2026-05-08,2026-Q2,mobile-web,tax-service,inventory warning,lost,224871,82.96,86.38,3.42,no clear impact,ATLAS-2765,"Decision note: compare product analytics with Grafana p95, support escalation volume, and release flag history."
EXP-02596,2026-05-09,2026-Q2,mobile-web,cart-service,one-click reorder,won,193312,77.04,75.39,-1.64,conversion improved,ATLAS-2859,"Decision note: compare product analytics with Grafana p95, support escalation volume, and release flag history."
EXP-02597,2026-05-10,2026-Q2,store-kiosk,payment-orchestrator,tax quote cache,lost,184438,85.83,86.71,0.88,latency increased,ATLAS-5669,"Decision note: compare product analytics with Grafana p95, support escalation volume, and release flag history."
EXP-02598,2026-05-11,2026-Q2,mobile-web,tax-service,loyalty prompt,running,158337,88.6,86.91,-1.69,no clear impact,ATLAS-4083,"Decision note: compare product analytics with Grafana p95, support escalation volume, and release flag history."
EXP-02599,2026-05-12,2026-Q2,android,loyalty-service,checkout button copy,inconclusive,232569,86.2,87.13,0.93,latency increased,ATLAS-2082,"Decision note: compare product analytics with Grafana p95, support escalation volume, and release flag history."
EXP-02600,2026-05-13,2026-Q2,mobile-web,inventory-reservation,payment retry UX,draft,194991,84.78,85.1,0.32,latency neutral,ATLAS-5328,"Decision note: compare product analytics with Grafana p95, support escalation volume, and release flag history."
